datetime,y_true,y_pred_pers_h1,y_pred_res_h1,y_pred_blend_h1,y_pred_pers_h3,y_pred_res_h3,y_pred_blend_h3
2023-04-01 01:00:00+09:00,0.0,,,,,,
2023-04-01 02:00:00+09:00,0.0,,,,,,
2023-04-01 03:00:00+09:00,0.0,,,,,,
2023-04-01 04:00:00+09:00,0.0,,,,,,
2023-04-01 05:00:00+09:00,0.0,,,,,,
2023-04-01 06:00:00+09:00,0.0,,,,,,
2023-04-01 07:00:00+09:00,0.015590255,,,,,,
2023-04-01 08:00:00+09:00,0.135860872,,,,,,
2023-04-01 09:00:00+09:00,0.315523525,,,,,,
2023-04-01 10:00:00+09:00,0.477369183,,,,,,
2023-04-01 11:00:00+09:00,0.586503023,,,,,,
2023-04-01 12:00:00+09:00,0.616941288,,,,,,
2023-04-01 13:00:00+09:00,0.644410566,,,,,,
2023-04-01 14:00:00+09:00,0.627334791,,,,,,
2023-04-01 15:00:00+09:00,0.570169495,,,,,,
2023-04-01 16:00:00+09:00,0.44395988,,,,,,
2023-04-01 17:00:00+09:00,0.290282013,,,,,,
2023-04-01 18:00:00+09:00,0.109876087,,,,,,
2023-04-01 19:00:00+09:00,0.017075775,,,,,,
2023-04-01 20:00:00+09:00,0.0,,,,,,
2023-04-01 21:00:00+09:00,0.0,,,,,,
2023-04-01 22:00:00+09:00,0.0,,,,,,
2023-04-01 23:00:00+09:00,0.0,,,,,,
2023-04-02 00:00:00+09:00,0.0,,,,,,
2023-04-02 01:00:00+09:00,0.0,0.0,0.00046919664600864053,0.00046919664600864053,0.0,0.0011268154485151172,0.0011268154485151172
2023-04-02 02:00:00+09:00,0.0,0.0,0.00046919664600864053,0.00046919664600864053,0.0,0.0011268154485151172,0.0011268154485151172
2023-04-02 03:00:00+09:00,0.0,0.0,0.00046919664600864053,0.00046919664600864053,0.0,0.0011268154485151172,0.0011268154485151172
2023-04-02 04:00:00+09:00,0.0,0.0,0.00046919664600864053,0.00046919664600864053,0.0,0.0011268154485151172,0.0011268154485151172
2023-04-02 05:00:00+09:00,0.0,0.0,0.00046919664600864053,0.00046919664600864053,0.0,0.0011268154485151172,0.0011268154485151172
2023-04-02 06:00:00+09:00,0.0,0.0,0.0005116335232742131,0.0005116335232742131,0.0,0.0015473495004698634,0.0015473495004698634
2023-04-02 07:00:00+09:00,0.020044761,0.0,0.02382766269147396,0.02382766269147396,0.0,0.029779013246297836,0.029779013246297836
2023-04-02 08:00:00+09:00,0.146254376,0.020044761,0.08464679330381011,0.08464679330381011,0.0,0.12196823209524155,0.12196823209524155
2023-04-02 09:00:00+09:00,0.340022791,0.146254376,0.3002008203922043,0.3002008203922043,0.0,0.2455669492483139,0.2455669492483139
2023-04-02 10:00:00+09:00,0.523397702,0.340022791,0.4811590945440445,0.4811590945440445,0.020044761,0.39111514597924807,0.39111514597924807
2023-04-02 11:00:00+09:00,0.649607318,0.523397702,0.6257033229087372,0.6257033229087372,0.146254376,0.511833206242157,0.511833206242157
2023-04-02 12:00:00+09:00,0.725332882,0.649607318,0.6829317161003762,0.6829317161003762,0.340022791,0.6311733013111267,0.6311733013111267
2023-04-02 13:00:00+09:00,0.749089901,0.725332882,0.7539845236817904,0.7539845236817904,0.523397702,0.6879799396012802,0.6879799396012802
2023-04-02 14:00:00+09:00,0.693409098,0.749089901,0.7228584593531856,0.7228584593531856,0.649607318,0.6829328523139172,0.6829328523139172
2023-04-02 15:00:00+09:00,0.610260043,0.693409098,0.5756771691746215,0.5756771691746215,0.725332882,0.632813233626873,0.632813233626873
2023-04-02 16:00:00+09:00,0.470686912,0.610260043,0.45884730265023044,0.45884730265023044,0.749089901,0.4339700980481872,0.4339700980481872
2023-04-02 17:00:00+09:00,0.294736518,0.470686912,0.38592838442307664,0.38592838442307664,0.693409098,0.4182728954262237,0.4182728954262237
2023-04-02 18:00:00+09:00,0.126209615,0.294736518,0.21529233310066986,0.21529233310066986,0.610260043,0.2877479229915314,0.2877479229915314
2023-04-02 19:00:00+09:00,0.016332502,0.126209615,0.019152036138286588,0.019152036138286588,0.470686912,0.10817602223139955,0.10817602223139955
2023-04-02 20:00:00+09:00,0.0,0.016332502,0.0,0.0,0.294736518,0.032515747879379275,0.032515747879379275
2023-04-02 21:00:00+09:00,0.0,0.0,0.0,0.0,0.126209615,0.0,0.0
2023-04-02 22:00:00+09:00,0.0,0.0,0.0,0.0,0.016332502,0.0,0.0
2023-04-02 23:00:00+09:00,0.0,0.0,0.0,0.0,0.0,0.0,0.0
2023-04-03 00:00:00+09:00,0.0,0.0,0.0,0.0,0.0,0.0,0.0
2023-04-03 01:00:00+09:00,0.0,0.0,0.0,0.0,0.0,0.0,0.0
2023-04-03 02:00:00+09:00,0.0,0.0,0.0,0.0,0.0,0.0,0.0
2023-04-03 03:00:00+09:00,0.0,0.0,0.0,0.0,0.0,0.0,0.0
2023-04-03 04:00:00+09:00,0.0,0.0,0.0,0.0,0.0,0.0,0.0
2023-04-03 05:00:00+09:00,0.0,0.0,0.0,0.0,0.0,0.0,0.0
2023-04-03 06:00:00+09:00,0.0,0.0,8.223095210269094e-05,8.223095210269094e-05,0.0,0.0,0.0
2023-04-03 07:00:00+09:00,0.02153028,0.0,0.0055780475959181786,0.0055780475959181786,0.0,0.0,0.0
2023-04-03 08:00:00+09:00,0.148482142,0.02153028,0.16174539375904085,0.16174539375904085,0.0,0.11663031578063965,0.11663031578063965
2023-04-03 09:00:00+09:00,0.344477296,0.148482142,0.22972976973513795,0.22972976973513795,0.0,0.25068965554237366,0.25068965554237366
2023-04-03 10:00:00+09:00,0.52191321,0.344477296,0.3913939894490204,0.3913939894490204,0.02153028,0.3291109000504303,0.3291109000504303
2023-04-03 11:00:00+09:00,0.647380578,0.52191321,0.6294549797429657,0.6294549797429657,0.148482142,0.5503801088617248,0.5503801088617248
2023-04-03 12:00:00+09:00,0.728302894,0.647380578,0.730067687708786,0.730067687708786,0.344477296,0.7262709142022095,0.7262709142022095
2023-04-03 13:00:00+09:00,0.757998912,0.728302894,0.7353906327188375,0.7353906327188375,0.52191321,0.7467620466603851,0.7467620466603851
2023-04-03 14:00:00+09:00,0.698606876,0.757998912,0.7323594823115464,0.7323594823115464,0.647380578,0.6847614931351452,0.6847614931351452
2023-04-03 15:00:00+09:00,0.637729321,0.698606876,0.639415280237032,0.639415280237032,0.728302894,0.6873923110105458,0.6873923110105458
2023-04-03 16:00:00+09:00,0.504837435,0.637729321,0.5237091969222031,0.5237091969222031,0.757998912,0.5518618061774369,0.5518618061774369
2023-04-03 17:00:00+09:00,0.31106902,0.504837435,0.4181195015836334,0.4181195015836334,0.698606876,0.5035751436792145,0.5035751436792145
2023-04-03 18:00:00+09:00,0.132148614,0.31106902,0.2153689795403671,0.2153689795403671,0.637729321,0.3305692415207825,0.3305692415207825
2023-04-03 19:00:00+09:00,0.014105762,0.132148614,0.037403864632762907,0.037403864632762907,0.504837435,0.18891541313415527,0.18891541313415527
2023-04-03 20:00:00+09:00,0.0,0.014105762,0.0,0.0,0.31106902,0.024873592820663426,0.024873592820663426
2023-04-03 21:00:00+09:00,0.0,0.0,0.0,0.0,0.132148614,0.0,0.0
2023-04-03 22:00:00+09:00,0.0,0.0,0.0,0.0,0.014105762,0.0,0.0
2023-04-03 23:00:00+09:00,0.0,0.0,0.0,0.0,0.0,0.0,0.0
2023-04-04 00:00:00+09:00,0.0,0.0,0.0,0.0,0.0,0.0,0.0
2023-04-04 01:00:00+09:00,0.0,0.0,0.0,0.0,0.0,0.0,0.0
2023-04-04 02:00:00+09:00,0.0,0.0,0.0,0.0,0.0,0.0,0.0
2023-04-04 03:00:00+09:00,0.0,0.0,0.0,0.0,0.0,0.0,0.0
2023-04-04 04:00:00+09:00,0.0,0.0,0.0,0.0,0.0,0.0,0.0
2023-04-04 05:00:00+09:00,0.0,0.0,0.0,0.0,0.0,0.0,0.0
2023-04-04 06:00:00+09:00,0.0,0.0,0.0,0.0,0.0,0.0,0.0
2023-04-04 07:00:00+09:00,0.027469278,0.0,0.0023231501691043377,0.0023231501691043377,0.0,0.0,0.0
2023-04-04 08:00:00+09:00,0.113588346,0.027469278,0.09299021276057053,0.09299021276057053,0.0,0.039021462202072144,0.039021462202072144
2023-04-04 09:00:00+09:00,0.245736959,0.113588346,0.2426316717818222,0.2426316717818222,0.0,0.22280646860599518,0.22280646860599518
2023-04-04 10:00:00+09:00,0.432081883,0.245736959,0.2891241075292912,0.2891241075292912,0.027469278,0.2283119416457443,0.2283119416457443
2023-04-04 11:00:00+09:00,0.479595922,0.432081883,0.5514359745846824,0.5514359745846824,0.113588346,0.4398868808701477,0.4398868808701477
2023-04-04 12:00:00+09:00,0.595412034,0.479595922,0.5698533356853218,0.5698533356853218,0.245736959,0.5696363473132935,0.5696363473132935
2023-04-04 13:00:00+09:00,0.662228587,0.595412034,0.6028253956872132,0.6028253956872132,0.432081883,0.6548214453922347,0.6548214453922347
2023-04-04 14:00:00+09:00,0.559033745,0.662228587,0.6447829929276581,0.6447829929276581,0.479595922,0.47856481554567976,0.47856481554567976
2023-04-04 15:00:00+09:00,0.484050428,0.559033745,0.47453969813310626,0.47453969813310626,0.595412034,0.2459377827297058,0.2459377827297058
2023-04-04 16:00:00+09:00,0.25464597,0.484050428,0.39954856547406004,0.39954856547406004,0.662228587,0.4292881366892929,0.4292881366892929
2023-04-04 17:00:00+09:00,0.124725122,0.25464597,0.1234295780789566,0.1234295780789566,0.559033745,0.2648619944544983,0.2648619944544983
2023-04-04 18:00:00+09:00,0.028211525,0.124725122,0.07674609496714782,0.07674609496714782,0.484050428,0.3657209104566841,0.3657209104566841
2023-04-04 19:00:00+09:00,0.001484493,0.028211525,0.0,0.0,0.25464597,0.11032454325077057,0.11032454325077057
2023-04-04 20:00:00+09:00,0.0,0.001484493,0.0,0.0,0.124725122,0.046054873610755914,0.046054873610755914
2023-04-04 21:00:00+09:00,0.0,0.0,0.004079765174537897,0.004079765174537897,0.028211525,0.0002740065672636044,0.0002740065672636044
2023-04-04 22:00:00+09:00,0.0,0.0,0.004770586732774973,0.004770586732774973,0.001484493,0.00464020317563343,0.00464020317563343
2023-04-04 23:00:00+09:00,0.0,0.0,0.004770586732774973,0.004770586732774973,0.0,0.022660119459033012,0.022660119459033012
2023-04-05 00:00:00+09:00,0.0,0.0,0.0,0.0,0.0,0.0,0.0
2023-04-05 01:00:00+09:00,0.0,0.0,0.0,0.0,0.0,0.0,0.0
2023-04-05 02:00:00+09:00,0.0,0.0,0.0,0.0,0.0,0.0,0.0
2023-04-05 03:00:00+09:00,0.0,0.0,0.0,0.0,0.0,0.0,0.0
2023-04-05 04:00:00+09:00,0.0,0.0,0.0,0.0,0.0,0.0,0.0
2023-04-05 05:00:00+09:00,0.0,0.0,0.0,0.0,0.0,0.0,0.0
2023-04-05 06:00:00+09:00,0.0,0.0,0.0,0.0,0.0,0.0,0.0
2023-04-05 07:00:00+09:00,0.0,0.0,0.032862432301044464,0.032862432301044464,0.0,0.04607651010155678,0.04607651010155678
2023-04-05 08:00:00+09:00,0.017075775,0.0,0.09840785712003708,0.09840785712003708,0.0,0.11797528713941574,0.11797528713941574
2023-04-05 09:00:00+09:00,0.05419631,0.017075775,0.11168818715467453,0.11168818715467453,0.0,0.15148182213306427,0.15148182213306427
2023-04-05 10:00:00+09:00,0.048256285,0.05419631,0.16254321183401108,0.16254321183401108,0.0,0.23364761471748352,0.23364761471748352
2023-04-05 11:00:00+09:00,0.074241071,0.048256285,0.14965198140159608,0.14965198140159608,0.017075775,0.2744183817829132,0.2744183817829132
2023-04-05 12:00:00+09:00,0.103937089,0.074241071,0.05936013254453755,0.05936013254453755,0.05419631,0.19723687763648987,0.19723687763648987
2023-04-05 13:00:00+09:00,0.068302073,0.103937089,0.11143440615768575,0.11143440615768575,0.048256285,0.08597303505555154,0.08597303505555154
2023-04-05 14:00:00+09:00,0.077210057,0.068302073,0.07397538371943045,0.07397538371943045,0.074241071,0.06455985735287285,0.06455985735287285
2023-04-05 15:00:00+09:00,0.077210057,0.077210057,0.049286798978526114,0.049286798978526114,0.103937089,0.02632220790172958,0.02632220790172958
2023-04-05 16:00:00+09:00,0.020787007,0.077210057,0.0,0.0,0.068302073,0.0,0.0
2023-04-05 17:00:00+09:00,0.022272527,0.020787007,0.0,0.0,0.077210057,0.0,0.0
2023-04-05 18:00:00+09:00,0.020787007,0.022272527,0.0,0.0,0.077210057,0.0,0.0
2023-04-05 19:00:00+09:00,0.001484493,0.020787007,0.0,0.0,0.020787007,0.0,0.0
2023-04-05 20:00:00+09:00,0.0,0.001484493,0.0,0.0,0.022272527,0.0,0.0
2023-04-05 21:00:00+09:00,0.0,0.0,0.0,0.0,0.020787007,0.0,0.0
2023-04-05 22:00:00+09:00,0.0,0.0,0.0,0.0,0.001484493,0.0,0.0
2023-04-05 23:00:00+09:00,0.0,0.0,0.0,0.0,0.0,0.0,0.0
2023-04-06 00:00:00+09:00,0.0,0.0,0.0005077158566564322,0.0005077158566564322,0.0,0.001400443841703236,0.001400443841703236
2023-04-06 01:00:00+09:00,0.0,0.0,0.0005077158566564322,0.0005077158566564322,0.0,0.001400443841703236,0.001400443841703236
2023-04-06 02:00:00+09:00,0.0,0.0,0.0005077158566564322,0.0005077158566564322,0.0,0.001400443841703236,0.001400443841703236
2023-04-06 03:00:00+09:00,0.0,0.0,0.0005077158566564322,0.0005077158566564322,0.0,0.001400443841703236,0.001400443841703236
2023-04-06 04:00:00+09:00,0.0,0.0,0.0005077158566564322,0.0005077158566564322,0.0,0.001400443841703236,0.001400443841703236
2023-04-06 05:00:00+09:00,0.0,0.0,0.0005077158566564322,0.0005077158566564322,0.0,0.001400443841703236,0.001400443841703236
2023-04-06 06:00:00+09:00,0.0,0.0,0.00031330244382843375,0.00031330244382843375,0.0,7.431963604176417e-05,7.431963604176417e-05
2023-04-06 07:00:00+09:00,0.013363516,0.0,0.024175256490707397,0.024175256490707397,0.0,0.022600846365094185,0.022600846365094185
2023-04-06 08:00:00+09:00,0.097255844,0.013363516,0.09907087501594163,0.09907087501594163,0.0,0.10611501336097717,0.10611501336097717
2023-04-06 09:00:00+09:00,0.2197532,0.097255844,0.22752352369131468,0.22752352369131468,0.0,0.251533180475235,0.251533180475235
2023-04-06 10:00:00+09:00,0.381597832,0.2197532,0.3762216808254242,0.3762216808254242,0.013363516,0.4166165944606934,0.4166165944606934
2023-04-06 11:00:00+09:00,0.582790765,0.381597832,0.535361766969902,0.535361766969902,0.097255844,0.52041058552565,0.52041058552565
2023-04-06 12:00:00+09:00,0.698606876,0.582790765,0.6568357153064156,0.6568357153064156,0.2197532,0.5776073278839111,0.5776073278839111
2023-04-06 13:00:00+09:00,0.769877935,0.698606876,0.728922413005663,0.728922413005663,0.381597832,0.655352577721817,0.655352577721817
2023-04-06 14:00:00+09:00,0.720878376,0.769877935,0.7504300327824927,0.7504300327824927,0.582790765,0.7211805312162781,0.7211805312162781
2023-04-06 15:00:00+09:00,0.625108052,0.720878376,0.6258405431438218,0.6258405431438218,0.698606876,0.6883814235172997,0.6883814235172997
2023-04-06 16:00:00+09:00,0.50929194,0.625108052,0.5042983181323547,0.5042983181323547,0.769877935,0.5992123281436539,0.5992123281436539
2023-04-06 17:00:00+09:00,0.321462523,0.50929194,0.3443257739805603,0.3443257739805603,0.720878376,0.41788114451654057,0.41788114451654057
2023-04-06 18:00:00+09:00,0.094285832,0.321462523,0.15612370874142456,0.15612370874142456,0.625108052,0.2185414321269531,0.2185414321269531
2023-04-06 19:00:00+09:00,0.01262127,0.094285832,0.009855129969341278,0.009855129969341278,0.50929194,0.2130396297239685,0.2130396297239685
2023-04-06 20:00:00+09:00,0.0,0.01262127,0.0,0.0,0.321462523,0.027305941836593628,0.027305941836593628
2023-04-06 21:00:00+09:00,0.0,0.0,0.0,0.0,0.094285832,0.0,0.0
2023-04-06 22:00:00+09:00,0.0,0.0,0.0,0.0,0.01262127,0.0,0.0
2023-04-06 23:00:00+09:00,0.0,0.0,0.0,0.0,0.0,0.0,0.0
2023-04-07 00:00:00+09:00,0.0,0.0,0.00010028106044046581,0.00010028106044046581,0.0,0.0004019767511636019,0.0004019767511636019
2023-04-07 01:00:00+09:00,0.0,0.0,0.00010028106044046581,0.00010028106044046581,0.0,0.0004019767511636019,0.0004019767511636019
2023-04-07 02:00:00+09:00,0.0,0.0,0.00010028106044046581,0.00010028106044046581,0.0,0.0004019767511636019,0.0004019767511636019
2023-04-07 03:00:00+09:00,0.0,0.0,0.00010028106044046581,0.00010028106044046581,0.0,0.0004019767511636019,0.0004019767511636019
2023-04-07 04:00:00+09:00,0.0,0.0,0.00010028106044046581,0.00010028106044046581,0.0,0.0004019767511636019,0.0004019767511636019
2023-04-07 05:00:00+09:00,0.0,0.0,0.00010028106044046581,0.00010028106044046581,0.0,0.0004019767511636019,0.0004019767511636019
2023-04-07 06:00:00+09:00,0.0,0.0,4.917444312013686e-05,4.917444312013686e-05,0.0,0.0,0.0
2023-04-07 07:00:00+09:00,0.009651257,0.0,0.01777634583413601,0.01777634583413601,0.0,0.02458486706018448,0.02458486706018448
2023-04-07 08:00:00+09:00,0.133633106,0.009651257,0.10480260690215301,0.10480260690215301,0.0,0.11054442822933197,0.11054442822933197
2023-04-07 09:00:00+09:00,0.314039032,0.133633106,0.24898408258634186,0.24898408258634186,0.0,0.20929671823978424,0.20929671823978424
2023-04-07 10:00:00+09:00,0.497413944,0.314039032,0.4271468101319618,0.4271468101319618,0.009651257,0.2949027552223511,0.2949027552223511
2023-04-07 11:00:00+09:00,0.644410566,0.497413944,0.6044369372665825,0.6044369372665825,0.133633106,0.4914134731360016,0.4914134731360016
2023-04-07 12:00:00+09:00,0.718651637,0.644410566,0.7048929599502239,0.7048929599502239,0.314039032,0.6062823934730834,0.6062823934730834
2023-04-07 13:00:00+09:00,0.738696398,0.718651637,0.7477555419625397,0.7477555419625397,0.497413944,0.6925435322463456,0.6925435322463456
2023-04-07 14:00:00+09:00,0.732757399,0.738696398,0.7075541315327863,0.7075541315327863,0.644410566,0.6602333714642677,0.6602333714642677
2023-04-07 15:00:00+09:00,0.644410566,0.732757399,0.7095210330111494,0.7095210330111494,0.718651637,0.8087028037132378,0.8087028037132378
2023-04-07 16:00:00+09:00,0.379371092,0.644410566,0.5290165399589691,0.5290165399589691,0.738696398,0.5579199062387924,0.5579199062387924
2023-04-07 17:00:00+09:00,0.184859404,0.379371092,0.24876037267684176,0.24876037267684176,0.732757399,0.3943454121721497,0.3943454121721497
2023-04-07 18:00:00+09:00,0.146996622,0.184859404,0.08530195209617997,0.08530195209617997,0.644410566,0.3164554094352875,0.3164554094352875
2023-04-07 19:00:00+09:00,0.02153028,0.146996622,0.045843173775932305,0.045843173775932305,0.379371092,0.01073415605067446,0.01073415605067446
2023-04-07 20:00:00+09:00,0.0,0.02153028,0.0,0.0,0.184859404,0.0,0.0
2023-04-07 21:00:00+09:00,0.0,0.0,0.0002893940545618534,0.0002893940545618534,0.146996622,0.037589480195304864,0.037589480195304864
2023-04-07 22:00:00+09:00,0.0,0.0,0.0008124064770527184,0.0008124064770527184,0.02153028,0.0,0.0
2023-04-07 23:00:00+09:00,0.0,0.0,0.0008124064770527184,0.0008124064770527184,0.0,0.0028157844208180904,0.0028157844208180904
2023-04-08 00:00:00+09:00,0.0,0.0,0.0,0.0,0.0,0.0,0.0
2023-04-08 01:00:00+09:00,0.0,0.0,0.0,0.0,0.0,0.0,0.0
2023-04-08 02:00:00+09:00,0.0,0.0,0.0,0.0,0.0,0.0,0.0
2023-04-08 03:00:00+09:00,0.0,0.0,0.0,0.0,0.0,0.0,0.0
2023-04-08 04:00:00+09:00,0.0,0.0,0.0,0.0,0.0,0.0,0.0
2023-04-08 05:00:00+09:00,0.0,0.0,0.0,0.0,0.0,0.0,0.0
2023-04-08 06:00:00+09:00,0.0,0.0,0.0,0.0,0.0,0.0,0.0
2023-04-08 07:00:00+09:00,0.037862782,0.0,0.023566976189613342,0.023566976189613342,0.0,0.03040374256670475,0.03040374256670475
2023-04-08 08:00:00+09:00,0.192283922,0.037862782,0.09241483417003822,0.09241483417003822,0.0,0.10248182713985443,0.10248182713985443
2023-04-08 09:00:00+09:00,0.394961348,0.192283922,0.32033526257998657,0.32033526257998657,0.0,0.20080916583538055,0.20080916583538055
2023-04-08 10:00:00+09:00,0.570911741,0.394961348,0.4913142381338577,0.4913142381338577,0.037862782,0.39569282960742186,0.39569282960742186
2023-04-08 11:00:00+09:00,0.705288121,0.570911741,0.6804923099692497,0.6804923099692497,0.192283922,0.5441068644953461,0.5441068644953461
2023-04-08 12:00:00+09:00,0.781755931,0.705288121,0.7793648554832421,0.7793648554832421,0.394961348,0.65950431508107,0.65950431508107
2023-04-08 13:00:00+09:00,0.791407188,0.781755931,0.8291368440489826,0.8291368440489826,0.570911741,0.7884363738115463,0.7884363738115463
2023-04-08 14:00:00+09:00,0.730529633,0.791407188,0.7699136655496721,0.7699136655496721,0.705288121,0.76038589094586,0.76038589094586
2023-04-08 15:00:00+09:00,0.678561089,0.730529633,0.6590937419081764,0.6590937419081764,0.781755931,0.6956424929897842,0.6956424929897842
2023-04-08 16:00:00+09:00,0.534534479,0.678561089,0.602879030069603,0.602879030069603,0.791407188,0.6377837262766723,0.6377837262766723
2023-04-08 17:00:00+09:00,0.34373505,0.534534479,0.38004818043890376,0.38004818043890376,0.730529633,0.4226730434442596,0.4226730434442596
2023-04-08 18:00:00+09:00,0.157390126,0.34373505,0.21420029882316588,0.21420029882316588,0.678561089,0.2959787225334778,0.2959787225334778
2023-04-08 19:00:00+09:00,0.025241512,0.157390126,0.05549537480886077,0.05549537480886077,0.534534479,0.21585690460386653,0.21585690460386653
2023-04-08 20:00:00+09:00,0.0,0.025241512,0.0025731428856010444,0.0025731428856010444,0.34373505,0.13434867147331236,0.13434867147331236
2023-04-08 21:00:00+09:00,0.0,0.0,0.001444439752958715,0.001444439752958715,0.157390126,0.06069713921363448,0.06069713921363448
2023-04-08 22:00:00+09:00,0.0,0.0,0.001967452932149172,0.001967452932149172,0.025241512,0.005083403676187516,0.005083403676187516
2023-04-08 23:00:00+09:00,0.0,0.0,0.001967452932149172,0.001967452932149172,0.0,0.00564777385443449,0.00564777385443449
2023-04-09 00:00:00+09:00,0.0,0.0,0.00046919664600864053,0.00046919664600864053,0.0,0.0011268154485151172,0.0011268154485151172
2023-04-09 01:00:00+09:00,0.0,0.0,0.00046919664600864053,0.00046919664600864053,0.0,0.0011268154485151172,0.0011268154485151172
2023-04-09 02:00:00+09:00,0.0,0.0,0.00046919664600864053,0.00046919664600864053,0.0,0.0011268154485151172,0.0011268154485151172
2023-04-09 03:00:00+09:00,0.0,0.0,0.00046919664600864053,0.00046919664600864053,0.0,0.0011268154485151172,0.0011268154485151172
2023-04-09 04:00:00+09:00,0.0,0.0,0.00046919664600864053,0.00046919664600864053,0.0,0.0011268154485151172,0.0011268154485151172
2023-04-09 05:00:00+09:00,0.0,0.0,0.00046919664600864053,0.00046919664600864053,0.0,0.0011268154485151172,0.0011268154485151172
2023-04-09 06:00:00+09:00,0.0,0.0,0.0005116335232742131,0.0005116335232742131,0.0,0.0015473495004698634,0.0015473495004698634
2023-04-09 07:00:00+09:00,0.039347275,0.0,0.04898516833782196,0.04898516833782196,0.0,0.053134698420763016,0.053134698420763016
2023-04-09 08:00:00+09:00,0.195996181,0.039347275,0.18906615565338136,0.18906615565338136,0.0,0.1475176066160202,0.1475176066160202
2023-04-09 09:00:00+09:00,0.400900346,0.195996181,0.2883807950503883,0.2883807950503883,0.0,0.28992336988449097,0.28992336988449097
2023-04-09 10:00:00+09:00,0.573881754,0.400900346,0.5724979906866989,0.5724979906866989,0.039347275,0.5618026692680359,0.5618026692680359
2023-04-09 11:00:00+09:00,0.700091369,0.573881754,0.6729450237939872,0.6729450237939872,0.195996181,0.6952237644083556,0.6952237644083556
2023-04-09 12:00:00+09:00,0.77433244,0.700091369,0.7734676445990029,0.7734676445990029,0.400900346,0.7401490330288849,0.7401490330288849
2023-04-09 13:00:00+09:00,0.788438203,0.77433244,0.8068020665161038,0.8068020665161038,0.573881754,0.8246815291235962,0.8246815291235962
2023-04-09 14:00:00+09:00,0.757256665,0.788438203,0.7518990954388886,0.7518990954388886,0.700091369,0.7776892255216065,0.7776892255216065
2023-04-09 15:00:00+09:00,0.674849857,0.757256665,0.6609247557011032,0.6609247557011032,0.77433244,0.668356998365345,0.668356998365345
2023-04-09 16:00:00+09:00,0.547154722,0.674849857,0.5279685895716019,0.5279685895716019,0.788438203,0.546445029043129,0.546445029043129
2023-04-09 17:00:00+09:00,0.360068578,0.547154722,0.45833280422770695,0.45833280422770695,0.757256665,0.305001684197464,0.305001684197464
2023-04-09 18:00:00+09:00,0.163330151,0.360068578,0.24974810677283094,0.24974810677283094,0.674849857,0.30232693662989807,0.30232693662989807
2023-04-09 19:00:00+09:00,0.02153028,0.163330151,0.03859518305299378,0.03859518305299378,0.547154722,0.14194714763247684,0.14194714763247684
2023-04-09 20:00:00+09:00,0.0,0.02153028,0.0,0.0,0.360068578,0.09784780787937924,0.09784780787937924
2023-04-09 21:00:00+09:00,0.0,0.0,0.0,0.0,0.163330151,0.026254205265022285,0.026254205265022285
2023-04-09 22:00:00+09:00,0.0,0.0,0.0,0.0,0.02153028,0.0,0.0
2023-04-09 23:00:00+09:00,0.0,0.0,0.0,0.0,0.0,0.0,0.0
2023-04-10 00:00:00+09:00,0.0,0.0,0.0,0.0,0.0,0.0,0.0
2023-04-10 01:00:00+09:00,0.0,0.0,0.0,0.0,0.0,0.0,0.0
2023-04-10 02:00:00+09:00,0.0,0.0,0.0,0.0,0.0,0.0,0.0
2023-04-10 03:00:00+09:00,0.0,0.0,0.0,0.0,0.0,0.0,0.0
2023-04-10 04:00:00+09:00,0.0,0.0,0.0,0.0,0.0,0.0,0.0
2023-04-10 05:00:00+09:00,0.0,0.0,0.0,0.0,0.0,0.0,0.0
2023-04-10 06:00:00+09:00,0.0,0.0,8.223095210269094e-05,8.223095210269094e-05,0.0,0.0,0.0
2023-04-10 07:00:00+09:00,0.038605028,0.0,0.03545165807008743,0.03545165807008743,0.0,0.023151326924562454,0.023151326924562454
2023-04-10 08:00:00+09:00,0.18708717,0.038605028,0.19629567226422118,0.19629567226422118,0.0,0.1625155508518219,0.1625155508518219
2023-04-10 09:00:00+09:00,0.371204328,0.18708717,0.32719708156101224,0.32719708156101224,0.0,0.3298426866531372,0.3298426866531372
2023-04-10 10:00:00+09:00,0.550866981,0.371204328,0.5187200123662261,0.5187200123662261,0.038605028,0.3728146191502838,0.3728146191502838
2023-04-10 11:00:00+09:00,0.661486341,0.550866981,0.7002166704836426,0.7002166704836426,0.18708717,0.6611378706645202,0.6611378706645202
2023-04-10 12:00:00+09:00,0.734984139,0.661486341,0.733450858235756,0.733450858235756,0.371204328,0.7430486196870116,0.7430486196870116
2023-04-10 13:00:00+09:00,0.755772172,0.734984139,0.7727779541359558,0.7727779541359558,0.550866981,0.7916736499968109,0.7916736499968109
2023-04-10 14:00:00+09:00,0.721620623,0.755772172,0.7382409260531159,0.7382409260531159,0.661486341,0.7445078476671372,0.7445078476671372
2023-04-10 15:00:00+09:00,0.635501555,0.721620623,0.6415529288128357,0.6415529288128357,0.734984139,0.6806891020582333,0.6806891020582333
2023-04-10 16:00:00+09:00,0.501868449,0.635501555,0.4922773603541184,0.4922773603541184,0.755772172,0.5417242036123963,0.5417242036123963
2023-04-10 17:00:00+09:00,0.317008018,0.501868449,0.378422610310196,0.378422610310196,0.721620623,0.42459285629544063,0.42459285629544063
2023-04-10 18:00:00+09:00,0.141057624,0.317008018,0.1863836045097046,0.1863836045097046,0.635501555,0.26202111581390386,0.26202111581390386
2023-04-10 19:00:00+09:00,0.022272527,0.141057624,0.019376313763545983,0.019376313763545983,0.501868449,0.05083923771726995,0.05083923771726995
2023-04-10 20:00:00+09:00,0.0,0.022272527,0.0,0.0,0.317008018,0.030812590820663455,0.030812590820663455
2023-04-10 21:00:00+09:00,0.0,0.0,0.0,0.0,0.141057624,0.0013220743116607592,0.0013220743116607592
2023-04-10 22:00:00+09:00,0.0,0.0,0.0,0.0,0.022272527,0.0,0.0
2023-04-10 23:00:00+09:00,0.0,0.0,0.0,0.0,0.0,0.0,0.0
2023-04-11 00:00:00+09:00,0.0,0.0,0.0,0.0,0.0,0.0,0.0
2023-04-11 01:00:00+09:00,0.0,0.0,0.0,0.0,0.0,0.0,0.0
2023-04-11 02:00:00+09:00,0.0,0.0,0.0,0.0,0.0,0.0,0.0
2023-04-11 03:00:00+09:00,0.0,0.0,0.0,0.0,0.0,0.0,0.0
2023-04-11 04:00:00+09:00,0.0,0.0,0.0,0.0,0.0,0.0,0.0
2023-04-11 05:00:00+09:00,0.0,0.0,0.0,0.0,0.0,0.0,0.0
2023-04-11 06:00:00+09:00,0.0,0.0,0.0,0.0,0.0,0.0,0.0
2023-04-11 07:00:00+09:00,0.031923784,0.0,0.03596107289195061,0.03596107289195061,0.0,0.03183469921350479,0.03183469921350479
2023-04-11 08:00:00+09:00,0.147738869,0.031923784,0.08578187046678924,0.08578187046678924,0.0,0.0,0.0
2023-04-11 09:00:00+09:00,0.30884228,0.147738869,0.30377561848215484,0.30377561848215484,0.0,0.2725605070590973,0.2725605070590973
2023-04-11 10:00:00+09:00,0.291024259,0.30884228,0.41951877722099307,0.41951877722099307,0.031923784,0.36882372019918824,0.36882372019918824
2023-04-11 11:00:00+09:00,0.569427249,0.291024259,0.38821535435217286,0.38821535435217286,0.147738869,0.38006714980654144,0.38006714980654144
2023-04-11 12:00:00+09:00,0.586503023,0.569427249,0.6596846626853218,0.6596846626853218,0.30884228,0.6327416683132935,0.6327416683132935
2023-04-11 13:00:00+09:00,0.499640683,0.586503023,0.5939163846872132,0.5939163846872132,0.291024259,0.5137638213922349,0.5137638213922349
2023-04-11 14:00:00+09:00,0.239055715,0.499640683,0.32150281435719297,0.32150281435719297,0.569427249,0.4558574231123199,0.4558574231123199
2023-04-11 15:00:00+09:00,0.098740337,0.239055715,0.15456166813310623,0.15456166813310623,0.586503023,0.23702877172970582,0.23702877172970582
2023-04-11 16:00:00+09:00,0.040832794,0.098740337,0.012362023398983,0.012362023398983,0.499640683,0.2656053698705749,0.2656053698705749
2023-04-11 17:00:00+09:00,0.002970012,0.040832794,0.0,0.0,0.239055715,0.0,0.0
2023-04-11 18:00:00+09:00,0.0,0.002970012,0.0,0.0,0.098740337,0.0,0.0
2023-04-11 19:00:00+09:00,0.0,0.0,0.0,0.0,0.040832794,0.0,0.0
2023-04-11 20:00:00+09:00,0.0,0.0,0.0,0.0,0.002970012,0.0,0.0
2023-04-11 21:00:00+09:00,0.0,0.0,0.004079765174537897,0.004079765174537897,0.0,0.0,0.0
2023-04-11 22:00:00+09:00,0.0,0.0,0.004770586732774973,0.004770586732774973,0.0,0.0031557101756334305,0.0031557101756334305
2023-04-11 23:00:00+09:00,0.0,0.0,0.004770586732774973,0.004770586732774973,0.0,0.022660119459033012,0.022660119459033012
2023-04-12 00:00:00+09:00,0.0,0.0,0.0,0.0,0.0,0.0,0.0
2023-04-12 01:00:00+09:00,0.0,0.0,0.0,0.0,0.0,0.0,0.0
2023-04-12 02:00:00+09:00,0.0,0.0,0.0,0.0,0.0,0.0,0.0
2023-04-12 03:00:00+09:00,0.0,0.0,0.0,0.0,0.0,0.0,0.0
2023-04-12 04:00:00+09:00,0.0,0.0,0.0,0.0,0.0,0.0,0.0
2023-04-12 05:00:00+09:00,0.0,0.0,0.0,0.0,0.0,0.0,0.0
2023-04-12 06:00:00+09:00,0.0,0.0,0.0,0.0,0.0,0.0,0.0
2023-04-12 07:00:00+09:00,0.037862782,0.0,0.03836110979318619,0.03836110979318619,0.0,0.03684127330780029,0.03684127330780029
2023-04-12 08:00:00+09:00,0.196738427,0.037862782,0.1288695229276962,0.1288695229276962,0.0,0.10421007871627808,0.10421007871627808
2023-04-12 09:00:00+09:00,0.395703594,0.196738427,0.31181499870295715,0.31181499870295715,0.0,0.25274738669395447,0.25274738669395447
2023-04-12 10:00:00+09:00,0.576851766,0.395703594,0.5042743038245621,0.5042743038245621,0.037862782,0.38583788704722594,0.38583788704722594
2023-04-12 11:00:00+09:00,0.698606876,0.576851766,0.6801712842681084,0.6801712842681084,0.196738427,0.4882845035361786,0.4882845035361786
2023-04-12 12:00:00+09:00,0.757256665,0.698606876,0.7686585833273659,0.7686585833273659,0.395703594,0.6416192155190887,0.6416192155190887
2023-04-12 13:00:00+09:00,0.753544406,0.757256665,0.7464769833844686,0.7464769833844686,0.576851766,0.750376175532547,0.750376175532547
2023-04-12 14:00:00+09:00,0.724590635,0.753544406,0.7382527636023579,0.7382527636023579,0.698606876,0.7676501919470559,0.7676501919470559
2023-04-12 15:00:00+09:00,0.648865071,0.724590635,0.6369902846200561,0.6369902846200561,0.757256665,0.7579425576499262,0.7579425576499262
2023-04-12 16:00:00+09:00,0.513004199,0.648865071,0.5426955417407952,0.5426955417407952,0.753544406,0.6515657910736619,0.6515657910736619
2023-04-12 17:00:00+09:00,0.334826039,0.513004199,0.406533822746872,0.406533822746872,0.724590635,0.44708180993629454,0.44708180993629454
2023-04-12 18:00:00+09:00,0.155905633,0.334826039,0.21117478780313875,0.21117478780313875,0.648865071,0.3097123176468811,0.3097123176468811
2023-04-12 19:00:00+09:00,0.025241512,0.155905633,0.08734575542555617,0.08734575542555617,0.513004199,0.1717669520097962,0.1717669520097962
2023-04-12 20:00:00+09:00,0.0,0.025241512,0.0005272879594917304,0.0005272879594917304,0.334826039,0.10868761114641573,0.10868761114641573
2023-04-12 21:00:00+09:00,0.0,0.0,0.0,0.0,0.155905633,0.035498319891555774,0.035498319891555774
2023-04-12 22:00:00+09:00,0.0,0.0,0.0,0.0,0.025241512,0.0,0.0
2023-04-12 23:00:00+09:00,0.0,0.0,0.0,0.0,0.0,0.0,0.0
2023-04-13 00:00:00+09:00,0.0,0.0,0.0005077158566564322,0.0005077158566564322,0.0,0.001400443841703236,0.001400443841703236
2023-04-13 01:00:00+09:00,0.0,0.0,0.0005077158566564322,0.0005077158566564322,0.0,0.001400443841703236,0.001400443841703236
2023-04-13 02:00:00+09:00,0.0,0.0,0.0005077158566564322,0.0005077158566564322,0.0,0.001400443841703236,0.001400443841703236
2023-04-13 03:00:00+09:00,0.0,0.0,0.0005077158566564322,0.0005077158566564322,0.0,0.001400443841703236,0.001400443841703236
2023-04-13 04:00:00+09:00,0.0,0.0,0.0005077158566564322,0.0005077158566564322,0.0,0.001400443841703236,0.001400443841703236
2023-04-13 05:00:00+09:00,0.0,0.0,0.0005077158566564322,0.0005077158566564322,0.0,0.001400443841703236,0.001400443841703236
2023-04-13 06:00:00+09:00,0.0,0.0,0.00031330244382843375,0.00031330244382843375,0.0,7.431963604176417e-05,7.431963604176417e-05
2023-04-13 07:00:00+09:00,0.046029546,0.0,0.04349842295050621,0.04349842295050621,0.0,0.05352335795760155,0.05352335795760155
2023-04-13 08:00:00+09:00,0.186344924,0.046029546,0.1950846544280014,0.1950846544280014,0.0,0.17310403287410736,0.17310403287410736
2023-04-13 09:00:00+09:00,0.34373505,0.186344924,0.3112665662438622,0.3112665662438622,0.0,0.3295915722846985,0.3295915722846985
2023-04-13 10:00:00+09:00,0.489989426,0.34373505,0.4697983372581482,0.4697983372581482,0.046029546,0.5174112698807678,0.5174112698807678
2023-04-13 11:00:00+09:00,0.610260043,0.489989426,0.6136910058687934,0.6136910058687934,0.186344924,0.5598505461485138,0.5598505461485138
2023-04-13 12:00:00+09:00,0.705288121,0.610260043,0.6938383762586289,0.6938383762586289,0.34373505,0.6124883997810364,0.6124883997810364
2023-04-13 13:00:00+09:00,0.727560648,0.705288121,0.7739779739529572,0.7739779739529572,0.489989426,0.6906646601985702,0.6906646601985702
2023-04-13 14:00:00+09:00,0.70900038,0.727560648,0.699014942398427,0.699014942398427,0.610260043,0.6542719562399559,0.6542719562399559
2023-04-13 15:00:00+09:00,0.615456795,0.70900038,0.6315670099462318,0.6315670099462318,0.705288121,0.652062518045374,0.652062518045374
2023-04-13 16:00:00+09:00,0.48702044,0.615456795,0.4629896782864761,0.4629896782864761,0.727560648,0.5117487695572357,0.5117487695572357
2023-04-13 17:00:00+09:00,0.312553513,0.48702044,0.3363774638351822,0.3363774638351822,0.70900038,0.3430134069527435,0.3430134069527435
2023-04-13 18:00:00+09:00,0.138087612,0.312553513,0.16106844241379548,0.16106844241379548,0.615456795,0.13785231640235895,0.13785231640235895
2023-04-13 19:00:00+09:00,0.015590255,0.138087612,0.0007349517016525253,0.0007349517016525253,0.48702044,0.012447870868148803,0.012447870868148803
2023-04-13 20:00:00+09:00,0.0,0.015590255,0.0,0.0,0.312553513,0.018396931836593633,0.018396931836593633
2023-04-13 21:00:00+09:00,0.0,0.0,0.0,0.0,0.138087612,0.0,0.0
2023-04-13 22:00:00+09:00,0.0,0.0,0.0,0.0,0.015590255,0.0,0.0
2023-04-13 23:00:00+09:00,0.0,0.0,0.0,0.0,0.0,0.0,0.0
2023-04-14 00:00:00+09:00,0.0,0.0,0.00010028106044046581,0.00010028106044046581,0.0,0.0004019767511636019,0.0004019767511636019
2023-04-14 01:00:00+09:00,0.0,0.0,0.00010028106044046581,0.00010028106044046581,0.0,0.0004019767511636019,0.0004019767511636019
2023-04-14 02:00:00+09:00,0.0,0.0,0.00010028106044046581,0.00010028106044046581,0.0,0.0004019767511636019,0.0004019767511636019
2023-04-14 03:00:00+09:00,0.0,0.0,0.00010028106044046581,0.00010028106044046581,0.0,0.0004019767511636019,0.0004019767511636019
2023-04-14 04:00:00+09:00,0.0,0.0,0.00010028106044046581,0.00010028106044046581,0.0,0.0004019767511636019,0.0004019767511636019
2023-04-14 05:00:00+09:00,0.0,0.0,0.00010028106044046581,0.00010028106044046581,0.0,0.0004019767511636019,0.0004019767511636019
2023-04-14 06:00:00+09:00,0.0,0.0,4.917444312013686e-05,4.917444312013686e-05,0.0,0.0,0.0
2023-04-14 07:00:00+09:00,0.028211525,0.0,0.038085028529167175,0.038085028529167175,0.0,0.0677604153752327,0.0677604153752327
2023-04-14 08:00:00+09:00,0.170011395,0.028211525,0.11440893105354309,0.11440893105354309,0.0,0.050125982612371445,0.050125982612371445
2023-04-14 09:00:00+09:00,0.151451128,0.170011395,0.2982339350209427,0.2982339350209427,0.0,0.2731485068798065,0.2731485068798065
2023-04-14 10:00:00+09:00,0.16704241,0.151451128,0.25672065692541884,0.25672065692541884,0.028211525,0.4509304373630524,0.4509304373630524
2023-04-14 11:00:00+09:00,0.104679335,0.16704241,0.24723312817398072,0.24723312817398072,0.170011395,0.5485127208457183,0.5485127208457183
2023-04-14 12:00:00+09:00,0.069786566,0.104679335,0.1651617289502239,0.1651617289502239,0.151451128,0.4436944894730835,0.4436944894730835
2023-04-14 13:00:00+09:00,0.183374911,0.069786566,0.07862318741859531,0.07862318741859531,0.16704241,0.3588737007218933,0.3588737007218933
2023-04-14 14:00:00+09:00,0.232373443,0.183374911,0.19978775401877022,0.19978775401877022,0.104679335,0.12992103034444807,0.12992103034444807
2023-04-14 15:00:00+09:00,0.230146704,0.232373443,0.19703468357769777,0.19703468357769777,0.069786566,0.059237924094811434,0.059237924094811434
2023-04-14 16:00:00+09:00,0.113588346,0.230146704,0.12484863190031434,0.12484863190031434,0.183374911,0.025792851497398378,0.025792851497398378
2023-04-14 17:00:00+09:00,0.054938557,0.113588346,0.0,0.0,0.232373443,0.0,0.0
2023-04-14 18:00:00+09:00,0.018560268,0.054938557,0.0,0.0,0.230146704,0.0,0.0
2023-04-14 19:00:00+09:00,0.002226739,0.018560268,0.0,0.0,0.113588346,0.0,0.0
2023-04-14 20:00:00+09:00,0.0,0.002226739,0.0,0.0,0.054938557,0.0,0.0
2023-04-14 21:00:00+09:00,0.0,0.0,0.0002893940545618534,0.0002893940545618534,0.018560268,0.0,0.0
2023-04-14 22:00:00+09:00,0.0,0.0,0.0008124064770527184,0.0008124064770527184,0.002226739,0.0,0.0
2023-04-14 23:00:00+09:00,0.0,0.0,0.0008124064770527184,0.0008124064770527184,0.0,0.0028157844208180904,0.0028157844208180904
2023-04-15 00:00:00+09:00,0.0,0.0,0.0,0.0,0.0,0.0,0.0
2023-04-15 01:00:00+09:00,0.0,0.0,0.0,0.0,0.0,0.0,0.0
2023-04-15 02:00:00+09:00,0.0,0.0,0.0,0.0,0.0,0.0,0.0
2023-04-15 03:00:00+09:00,0.0,0.0,0.0,0.0,0.0,0.0,0.0
2023-04-15 04:00:00+09:00,0.0,0.0,0.0,0.0,0.0,0.0,0.0
2023-04-15 05:00:00+09:00,0.0,0.0,0.0,0.0,0.0,0.0,0.0
2023-04-15 06:00:00+09:00,0.0,0.0,0.0,0.0,0.0,0.0,0.0
2023-04-15 07:00:00+09:00,0.008909011,0.0,0.03420476242899895,0.03420476242899895,0.0,0.05562320351600647,0.05562320351600647
2023-04-15 08:00:00+09:00,0.041575041,0.008909011,0.10561382185777282,0.10561382185777282,0.0,0.10865764319896698,0.10865764319896698
2023-04-15 09:00:00+09:00,0.057165296,0.041575041,0.08553115311657525,0.08553115311657525,0.0,0.08303292840719223,0.08303292840719223
2023-04-15 10:00:00+09:00,0.086861314,0.057165296,0.14683002344941712,0.14683002344941712,0.008909011,0.21358906637986755,0.21358906637986755
2023-04-15 11:00:00+09:00,0.074983317,0.086861314,0.18985904914270782,0.18985904914270782,0.041575041,0.3817174102703247,0.3817174102703247
2023-04-15 12:00:00+09:00,0.130664121,0.074983317,0.167514536124794,0.167514536124794,0.057165296,0.31067198626374815,0.31067198626374815
2023-04-15 13:00:00+09:00,0.18708717,0.130664121,0.12992503073895043,0.12992503073895043,0.086861314,0.1582593337906494,0.1582593337906494
2023-04-15 14:00:00+09:00,0.14551213,0.18708717,0.1618217408310604,0.1618217408310604,0.074983317,0.1309479470971508,0.1309479470971508
2023-04-15 15:00:00+09:00,0.135118626,0.14551213,0.0898642725127983,0.0898642725127983,0.130664121,0.0975486520807228,0.0975486520807228
2023-04-15 16:00:00+09:00,0.316265771,0.135118626,0.12205182848275994,0.12205182848275994,0.18708717,0.14037376191727638,0.14037376191727638
2023-04-15 17:00:00+09:00,0.073498825,0.316265771,0.18151179870805356,0.18151179870805356,0.14551213,0.0,0.0
2023-04-15 18:00:00+09:00,0.002970012,0.073498825,0.0,0.0,0.135118626,0.0,0.0
2023-04-15 19:00:00+09:00,0.001484493,0.002970012,0.0,0.0,0.316265771,0.13859241625508878,0.13859241625508878
2023-04-15 20:00:00+09:00,0.0,0.001484493,0.0,0.0,0.073498825,0.0,0.0
2023-04-15 21:00:00+09:00,0.0,0.0,0.001444439752958715,0.001444439752958715,0.002970012,0.0,0.0
2023-04-15 22:00:00+09:00,0.0,0.0,0.001967452932149172,0.001967452932149172,0.001484493,0.0,0.0
2023-04-15 23:00:00+09:00,0.0,0.0,0.001967452932149172,0.001967452932149172,0.0,0.00564777385443449,0.00564777385443449
2023-04-16 00:00:00+09:00,0.0,0.0,0.00046919664600864053,0.00046919664600864053,0.0,0.0011268154485151172,0.0011268154485151172
2023-04-16 01:00:00+09:00,0.0,0.0,0.00046919664600864053,0.00046919664600864053,0.0,0.0011268154485151172,0.0011268154485151172
2023-04-16 02:00:00+09:00,0.0,0.0,0.00046919664600864053,0.00046919664600864053,0.0,0.0011268154485151172,0.0011268154485151172
2023-04-16 03:00:00+09:00,0.0,0.0,0.00046919664600864053,0.00046919664600864053,0.0,0.0011268154485151172,0.0011268154485151172
2023-04-16 04:00:00+09:00,0.0,0.0,0.00046919664600864053,0.00046919664600864053,0.0,0.0011268154485151172,0.0011268154485151172
2023-04-16 05:00:00+09:00,0.0,0.0,0.00046919664600864053,0.00046919664600864053,0.0,0.0011268154485151172,0.0011268154485151172
2023-04-16 06:00:00+09:00,0.0,0.0,0.0005116335232742131,0.0005116335232742131,0.0,0.0015473495004698634,0.0015473495004698634
2023-04-16 07:00:00+09:00,0.034150523,0.0,0.027083279564976692,0.027083279564976692,0.0,0.03728817403316498,0.03728817403316498
2023-04-16 08:00:00+09:00,0.096513598,0.034150523,0.12280180012488175,0.12280180012488175,0.0,0.13337866961956024,0.13337866961956024
2023-04-16 09:00:00+09:00,0.214556449,0.096513598,0.21808397654194642,0.21808397654194642,0.0,0.2707095742225647,0.2707095742225647
2023-04-16 10:00:00+09:00,0.314781279,0.214556449,0.38352426225340275,0.38352426225340275,0.034150523,0.46076748972439574,0.46076748972439574
2023-04-16 11:00:00+09:00,0.507065201,0.314781279,0.4565662449919739,0.4565662449919739,0.096513598,0.547509669100235,0.547509669100235
2023-04-16 12:00:00+09:00,0.492959438,0.507065201,0.5202385315752277,0.5202385315752277,0.214556449,0.5154164665380707,0.5154164665380707
2023-04-16 13:00:00+09:00,0.586503023,0.492959438,0.5068904479184513,0.5068904479184513,0.314781279,0.4182274198853531,0.4182274198853531
2023-04-16 14:00:00+09:00,0.622880286,0.586503023,0.5310287230625134,0.5310287230625134,0.507065201,0.5367427615529546,0.5367427615529546
2023-04-16 15:00:00+09:00,0.231631197,0.622880286,0.38791444005750275,0.38791444005750275,0.492959438,0.359487233791626,0.359487233791626
2023-04-16 16:00:00+09:00,0.119527344,0.231631197,0.11074329909131242,0.11074329909131242,0.586503023,0.1588992417767029,0.1588992417767029
2023-04-16 17:00:00+09:00,0.183374911,0.119527344,0.01810637522901916,0.01810637522901916,0.622880286,0.3507875263907776,0.3507875263907776
2023-04-16 18:00:00+09:00,0.091315819,0.183374911,0.08139959668086624,0.08139959668086624,0.231631197,0.0,0.0
2023-04-16 19:00:00+09:00,0.027469278,0.091315819,0.015050506268733985,0.015050506268733985,0.119527344,0.0,0.0
2023-04-16 20:00:00+09:00,0.0,0.027469278,0.00025613667786407446,0.00025613667786407446,0.183374911,0.0,0.0
2023-04-16 21:00:00+09:00,0.0,0.0,0.0,0.0,0.091315819,0.0,0.0
2023-04-16 22:00:00+09:00,0.0,0.0,0.0,0.0,0.027469278,0.0,0.0
2023-04-16 23:00:00+09:00,0.0,0.0,0.0,0.0,0.0,0.0,0.0
2023-04-17 00:00:00+09:00,0.0,0.0,0.0,0.0,0.0,0.0,0.0
2023-04-17 01:00:00+09:00,0.0,0.0,0.0,0.0,0.0,0.0,0.0
2023-04-17 02:00:00+09:00,0.0,0.0,0.0,0.0,0.0,0.0,0.0
2023-04-17 03:00:00+09:00,0.0,0.0,0.0,0.0,0.0,0.0,0.0
2023-04-17 04:00:00+09:00,0.0,0.0,0.0,0.0,0.0,0.0,0.0
2023-04-17 05:00:00+09:00,0.0,0.0,0.0,0.0,0.0,0.0,0.0
2023-04-17 06:00:00+09:00,0.0,0.0,8.223095210269094e-05,8.223095210269094e-05,0.0,0.0,0.0
2023-04-17 07:00:00+09:00,0.049741805,0.0,0.012897764332592487,0.012897764332592487,0.0,0.0035402649082243443,0.0035402649082243443
2023-04-17 08:00:00+09:00,0.195996181,0.049741805,0.11482480208366394,0.11482480208366394,0.0,0.08724239468574524,0.08724239468574524
2023-04-17 09:00:00+09:00,0.381597832,0.195996181,0.31726371579242324,0.31726371579242324,0.0,0.1879347860813141,0.1879347860813141
2023-04-17 10:00:00+09:00,0.541215724,0.381597832,0.5515976996776886,0.5515976996776886,0.049741805,0.3047184054085541,0.3047184054085541
2023-04-17 11:00:00+09:00,0.636243802,0.541215724,0.6527993815627327,0.6527993815627327,0.195996181,0.6418963529951629,0.6418963529951629
2023-04-17 12:00:00+09:00,0.68524336,0.636243802,0.6691981074103851,0.6691981074103851,0.381597832,0.7294301839229889,0.7294301839229889
2023-04-17 13:00:00+09:00,0.710484873,0.68524336,0.7039608370981073,0.7039608370981073,0.541215724,0.6492060782995452,0.6492060782995452
2023-04-17 14:00:00+09:00,0.701575862,0.710484873,0.7281986041547994,0.7281986041547994,0.636243802,0.7016622465738792,0.7016622465738792
2023-04-17 15:00:00+09:00,0.614714548,0.701575862,0.6735769545084352,0.6735769545084352,0.68524336,0.6282131404152965,0.6282131404152965
2023-04-17 16:00:00+09:00,0.486277167,0.614714548,0.6224028039806109,0.6224028039806109,0.710484873,0.6602523023816089,0.6602523023816089
2023-04-17 17:00:00+09:00,0.314039032,0.486277167,0.35513648787898255,0.35513648787898255,0.701575862,0.42534636122943115,0.42534636122943115
2023-04-17 18:00:00+09:00,0.14551213,0.314039032,0.2063858239230461,0.2063858239230461,0.614714548,0.30672992766728213,0.30672992766728213
2023-04-17 19:00:00+09:00,0.027469278,0.14551213,0.0413580274957466,0.0413580274957466,0.486277167,0.0913097302095337,0.0913097302095337
2023-04-17 20:00:00+09:00,0.0,0.027469278,0.0,0.0,0.314039032,0.027843604820663448,0.027843604820663448
2023-04-17 21:00:00+09:00,0.0,0.0,0.0,0.0,0.14551213,0.005776580311660756,0.005776580311660756
2023-04-17 22:00:00+09:00,0.0,0.0,0.0,0.0,0.027469278,0.0,0.0
2023-04-17 23:00:00+09:00,0.0,0.0,0.0,0.0,0.0,0.0,0.0
2023-04-18 00:00:00+09:00,0.0,0.0,0.0,0.0,0.0,0.0,0.0
2023-04-18 01:00:00+09:00,0.0,0.0,0.0,0.0,0.0,0.0,0.0
2023-04-18 02:00:00+09:00,0.0,0.0,0.0,0.0,0.0,0.0,0.0
2023-04-18 03:00:00+09:00,0.0,0.0,0.0,0.0,0.0,0.0,0.0
2023-04-18 04:00:00+09:00,0.0,0.0,0.0,0.0,0.0,0.0,0.0
2023-04-18 05:00:00+09:00,0.0,0.0,0.0,0.0,0.0,0.0,0.0
2023-04-18 06:00:00+09:00,0.0,0.0,0.0,0.0,0.0,0.0,0.0
2023-04-18 07:00:00+09:00,0.017075775,0.0,0.027560291811823845,0.027560291811823845,0.0,0.020439038053154945,0.020439038053154945
2023-04-18 08:00:00+09:00,0.028953771,0.017075775,0.14796578678741457,0.14796578678741457,0.0,0.13280344009399414,0.13280344009399414
2023-04-18 09:00:00+09:00,0.089831326,0.028953771,0.1711496663142166,0.1711496663142166,0.0,0.2657322287559509,0.2657322287559509
2023-04-18 10:00:00+09:00,0.11061936,0.089831326,0.19012943267037963,0.19012943267037963,0.017075775,0.3284638801540375,0.3284638801540375
2023-04-18 11:00:00+09:00,0.0675588,0.11061936,0.20099707821022034,0.20099707821022034,0.028953771,0.17465206504354094,0.17465206504354094
2023-04-18 12:00:00+09:00,0.041575041,0.0675588,0.09040620656614304,0.09040620656614304,0.089831326,0.23612051068952178,0.23612051068952178
2023-04-18 13:00:00+09:00,0.092801339,0.041575041,0.04072489704118556,0.04072489704118556,0.11061936,0.1220596249924159,0.1220596249924159
2023-04-18 14:00:00+09:00,0.125467369,0.092801339,0.07535574492765808,0.07535574492765808,0.0675588,0.06652769354567975,0.06652769354567975
2023-04-18 15:00:00+09:00,0.093543585,0.125467369,0.0725801378884735,0.0725801378884735,0.041575041,0.0037437084654483796,0.0037437084654483796
2023-04-18 16:00:00+09:00,0.025984785,0.093543585,0.0306437048887825,0.0306437048887825,0.092801339,0.0,0.0
2023-04-18 17:00:00+09:00,0.010393504,0.025984785,0.0,0.0,0.125467369,0.0,0.0
2023-04-18 18:00:00+09:00,0.005196752,0.010393504,0.0,0.0,0.093543585,0.0,0.0
2023-04-18 19:00:00+09:00,0.003712259,0.005196752,0.0,0.0,0.025984785,0.0,0.0
2023-04-18 20:00:00+09:00,0.0,0.003712259,0.0,0.0,0.010393504,0.0,0.0
2023-04-18 21:00:00+09:00,0.0,0.0,0.004079765174537897,0.004079765174537897,0.005196752,0.0,0.0
2023-04-18 22:00:00+09:00,0.0,0.0,0.004770586732774973,0.004770586732774973,0.003712259,0.00686796917563343,0.00686796917563343
2023-04-18 23:00:00+09:00,0.0,0.0,0.004770586732774973,0.004770586732774973,0.0,0.022660119459033012,0.022660119459033012
2023-04-19 00:00:00+09:00,0.0,0.0,0.0,0.0,0.0,0.0,0.0
2023-04-19 01:00:00+09:00,0.0,0.0,0.0,0.0,0.0,0.0,0.0
2023-04-19 02:00:00+09:00,0.0,0.0,0.0,0.0,0.0,0.0,0.0
2023-04-19 03:00:00+09:00,0.0,0.0,0.0,0.0,0.0,0.0,0.0
2023-04-19 04:00:00+09:00,0.0,0.0,0.0,0.0,0.0,0.0,0.0
2023-04-19 05:00:00+09:00,0.0,0.0,0.0,0.0,0.0,0.0,0.0
2023-04-19 06:00:00+09:00,0.0,0.0,0.0,0.0,0.0,0.0,0.0
2023-04-19 07:00:00+09:00,0.005196752,0.0,0.017396381124854088,0.017396381124854088,0.0,0.010262359865009785,0.010262359865009785
2023-04-19 08:00:00+09:00,0.070528812,0.005196752,0.049185575890686034,0.049185575890686034,0.0,0.03829898685216904,0.03829898685216904
2023-04-19 09:00:00+09:00,0.041575041,0.070528812,0.17508694458886337,0.17508694458886337,0.0,0.1969834417104721,0.1969834417104721
2023-04-19 10:00:00+09:00,0.039347275,0.041575041,0.12915344942008591,0.12915344942008591,0.005196752,0.24464646165385437,0.24464646165385437
2023-04-19 11:00:00+09:00,0.116558358,0.039347275,0.1266658593229294,0.1266658593229294,0.070528812,0.43446869332476806,0.43446869332476806
2023-04-19 12:00:00+09:00,0.074983317,0.116558358,0.10206459641583729,0.10206459641583729,0.041575041,0.11241254616176224,0.11241254616176224
2023-04-19 13:00:00+09:00,0.075725564,0.074983317,0.06912055943640899,0.06912055943640899,0.039347275,0.14582092205801012,0.14582092205801012
2023-04-19 14:00:00+09:00,0.152193374,0.075725564,0.11995600649415397,0.11995600649415397,0.116558358,0.17706482477613258,0.17706482477613258
2023-04-19 15:00:00+09:00,0.24351022,0.152193374,0.07707599457304382,0.07707599457304382,0.074983317,0.061267538522510046,0.061267538522510046
2023-04-19 16:00:00+09:00,0.176693667,0.24351022,0.1579609846560669,0.1579609846560669,0.075725564,0.0,0.0
2023-04-19 17:00:00+09:00,0.101710349,0.176693667,0.07974861217087936,0.07974861217087936,0.152193374,0.0,0.0
2023-04-19 18:00:00+09:00,0.070528812,0.101710349,0.002412348664306646,0.002412348664306646,0.24351022,0.017806175896377563,0.017806175896377563
2023-04-19 19:00:00+09:00,0.001484493,0.070528812,0.0,0.0,0.176693667,0.0,0.0
2023-04-19 20:00:00+09:00,0.0,0.001484493,0.0,0.0,0.101710349,0.0,0.0
2023-04-19 21:00:00+09:00,0.0,0.0,0.0,0.0,0.070528812,0.0,0.0
2023-04-19 22:00:00+09:00,0.0,0.0,0.0,0.0,0.001484493,0.0,0.0
2023-04-19 23:00:00+09:00,0.0,0.0,0.0,0.0,0.0,0.0,0.0
2023-04-20 00:00:00+09:00,0.0,0.0,0.0005077158566564322,0.0005077158566564322,0.0,0.001400443841703236,0.001400443841703236
2023-04-20 01:00:00+09:00,0.0,0.0,0.0005077158566564322,0.0005077158566564322,0.0,0.001400443841703236,0.001400443841703236
2023-04-20 02:00:00+09:00,0.0,0.0,0.0005077158566564322,0.0005077158566564322,0.0,0.001400443841703236,0.001400443841703236
2023-04-20 03:00:00+09:00,0.0,0.0,0.0005077158566564322,0.0005077158566564322,0.0,0.001400443841703236,0.001400443841703236
2023-04-20 04:00:00+09:00,0.0,0.0,0.0005077158566564322,0.0005077158566564322,0.0,0.001400443841703236,0.001400443841703236
2023-04-20 05:00:00+09:00,0.0,0.0,0.0005077158566564322,0.0005077158566564322,0.0,0.001400443841703236,0.001400443841703236
2023-04-20 06:00:00+09:00,0.0,0.0,0.00031330244382843375,0.00031330244382843375,0.0,7.431963604176417e-05,7.431963604176417e-05
2023-04-20 07:00:00+09:00,0.047514039,0.0,0.021014872938394547,0.021014872938394547,0.0,0.03783339634537697,0.03783339634537697
2023-04-20 08:00:00+09:00,0.183374911,0.047514039,0.15495416047188187,0.15495416047188187,0.0,0.17084525525569916,0.17084525525569916
2023-04-20 09:00:00+09:00,0.353386307,0.183374911,0.29341950957940677,0.29341950957940677,0.0,0.30044862627983093,0.30044862627983093
2023-04-20 10:00:00+09:00,0.505580708,0.353386307,0.485599601506073,0.485599601506073,0.047514039,0.4041277644238129,0.4041277644238129
2023-04-20 11:00:00+09:00,0.603577772,0.505580708,0.6224177475898819,0.6224177475898819,0.183374911,0.4928188318507538,0.4928188318507538
2023-04-20 12:00:00+09:00,0.645152812,0.603577772,0.714677633562252,0.714677633562252,0.353386307,0.7146570923317261,0.7146570923317261
2023-04-20 13:00:00+09:00,0.684501114,0.645152812,0.7182775634486313,0.7182775634486313,0.505580708,0.7694885875909881,0.7694885875909881
2023-04-20 14:00:00+09:00,0.674849857,0.684501114,0.6587649012695923,0.6587649012695923,0.603577772,0.6434066796983928,0.6434066796983928
2023-04-20 15:00:00+09:00,0.585760777,0.674849857,0.6125993843947716,0.6125993843947716,0.645152812,0.6097809570986862,0.6097809570986862
2023-04-20 16:00:00+09:00,0.460293408,0.585760777,0.45982203364710994,0.45982203364710994,0.684501114,0.4685434574972763,0.4685434574972763
2023-04-20 17:00:00+09:00,0.305130021,0.460293408,0.36822109993649293,0.36822109993649293,0.674849857,0.37238197436679077,0.37238197436679077
2023-04-20 18:00:00+09:00,0.144769883,0.305130021,0.15324303629407499,0.15324303629407499,0.585760777,0.20742005586962886,0.20742005586962886
2023-04-20 19:00:00+09:00,0.029696018,0.144769883,0.060339180969341266,0.060339180969341266,0.460293408,0.16404109772396852,0.16404109772396852
2023-04-20 20:00:00+09:00,0.0,0.029696018,0.001363922406785966,0.001363922406785966,0.305130021,0.010973439836593601,0.010973439836593601
2023-04-20 21:00:00+09:00,0.0,0.0,0.0,0.0,0.144769883,0.0,0.0
2023-04-20 22:00:00+09:00,0.0,0.0,0.0,0.0,0.029696018,0.0,0.0
2023-04-20 23:00:00+09:00,0.0,0.0,0.0,0.0,0.0,0.0,0.0
2023-04-21 00:00:00+09:00,0.0,0.0,0.00010028106044046581,0.00010028106044046581,0.0,0.0004019767511636019,0.0004019767511636019
2023-04-21 01:00:00+09:00,0.0,0.0,0.00010028106044046581,0.00010028106044046581,0.0,0.0004019767511636019,0.0004019767511636019
2023-04-21 02:00:00+09:00,0.0,0.0,0.00010028106044046581,0.00010028106044046581,0.0,0.0004019767511636019,0.0004019767511636019
2023-04-21 03:00:00+09:00,0.0,0.0,0.00010028106044046581,0.00010028106044046581,0.0,0.0004019767511636019,0.0004019767511636019
2023-04-21 04:00:00+09:00,0.0,0.0,0.00010028106044046581,0.00010028106044046581,0.0,0.0004019767511636019,0.0004019767511636019
2023-04-21 05:00:00+09:00,0.0,0.0,0.00010028106044046581,0.00010028106044046581,0.0,0.0004019767511636019,0.0004019767511636019
2023-04-21 06:00:00+09:00,0.0,0.0,4.917444312013686e-05,4.917444312013686e-05,0.0,0.0,0.0
2023-04-21 07:00:00+09:00,0.037120535,0.0,0.04042171686887741,0.04042171686887741,0.0,0.03282979503273964,0.03282979503273964
2023-04-21 08:00:00+09:00,0.182632665,0.037120535,0.13451455436531068,0.13451455436531068,0.0,0.10235249251127243,0.10235249251127243
2023-04-21 09:00:00+09:00,0.360068578,0.182632665,0.29181611057285306,0.29181611057285306,0.0,0.19639508426189423,0.19639508426189423
2023-04-21 10:00:00+09:00,0.520428717,0.360068578,0.4846485291671066,0.4846485291671066,0.037120535,0.4131208797532654,0.4131208797532654
2023-04-21 11:00:00+09:00,0.603577772,0.520428717,0.5834557263679429,0.5834557263679429,0.182632665,0.5556013089037323,0.5556013089037323
2023-04-21 12:00:00+09:00,0.657774082,0.603577772,0.687606120326683,0.687606120326683,0.360068578,0.6608967666577605,0.6608967666577605
2023-04-21 13:00:00+09:00,0.595412034,0.657774082,0.6648828984113462,0.6648828984113462,0.520428717,0.5712304411954804,0.5712304411954804
2023-04-21 14:00:00+09:00,0.636243802,0.595412034,0.6087730335245933,0.6087730335245933,0.603577772,0.645767943778202,0.645767943778202
2023-04-21 15:00:00+09:00,0.593184268,0.636243802,0.6002608802804489,0.6002608802804489,0.657774082,0.6148872846612758,0.6148872846612758
2023-04-21 16:00:00+09:00,0.478853676,0.593184268,0.4646064395927124,0.4646064395927124,0.595412034,0.43321019729479215,0.43321019729479215
2023-04-21 17:00:00+09:00,0.306614514,0.478853676,0.34561392990625,0.34561392990625,0.636243802,0.4116031494626541,0.4116031494626541
2023-04-21 18:00:00+09:00,0.135860872,0.306614514,0.17766506553369904,0.17766506553369904,0.593184268,0.1659847254775696,0.1659847254775696
2023-04-21 19:00:00+09:00,0.025241512,0.135860872,0.012957845359584802,0.012957845359584802,0.478853676,0.041696760335327154,0.041696760335327154
2023-04-21 20:00:00+09:00,0.0,0.025241512,0.0028125114137287147,0.0028125114137287147,0.306614514,0.08482916236597443,0.08482916236597443
2023-04-21 21:00:00+09:00,0.0,0.0,0.0002893940545618534,0.0002893940545618534,0.135860872,0.026453730195304864,0.026453730195304864
2023-04-21 22:00:00+09:00,0.0,0.0,0.0008124064770527184,0.0008124064770527184,0.025241512,0.0026218640947694785,0.0026218640947694785
2023-04-21 23:00:00+09:00,0.0,0.0,0.0008124064770527184,0.0008124064770527184,0.0,0.0028157844208180904,0.0028157844208180904
2023-04-22 00:00:00+09:00,0.0,0.0,0.0,0.0,0.0,0.0,0.0
2023-04-22 01:00:00+09:00,0.0,0.0,0.0,0.0,0.0,0.0,0.0
2023-04-22 02:00:00+09:00,0.0,0.0,0.0,0.0,0.0,0.0,0.0
2023-04-22 03:00:00+09:00,0.0,0.0,0.0,0.0,0.0,0.0,0.0
2023-04-22 04:00:00+09:00,0.0,0.0,0.0,0.0,0.0,0.0,0.0
2023-04-22 05:00:00+09:00,0.0,0.0,0.0,0.0,0.0,0.0,0.0
2023-04-22 06:00:00+09:00,0.0,0.0,0.0,0.0,0.0,0.0,0.0
2023-04-22 07:00:00+09:00,0.049741805,0.0,0.04344936087727547,0.04344936087727547,0.0,0.03819770738482475,0.03819770738482475
2023-04-22 08:00:00+09:00,0.186344924,0.049741805,0.1205021370479393,0.1205021370479393,0.0,0.08028275519609451,0.08028275519609451
2023-04-22 09:00:00+09:00,0.362295318,0.186344924,0.3310919726164093,0.3310919726164093,0.0,0.28441891074180603,0.28441891074180603
2023-04-22 10:00:00+09:00,0.524883222,0.362295318,0.4283125880881958,0.4283125880881958,0.049741805,0.2870913896986771,0.2870913896986771
2023-04-22 11:00:00+09:00,0.645895059,0.524883222,0.582524661139843,0.582524661139843,0.186344924,0.527696105268692,0.527696105268692
2023-04-22 12:00:00+09:00,0.732015153,0.645895059,0.7190204139456596,0.7190204139456596,0.362295318,0.6281589451953582,0.6281589451953582
2023-04-22 13:00:00+09:00,0.732015153,0.732015153,0.6964927442165642,0.6964927442165642,0.524883222,0.5785039441448422,0.5785039441448422
2023-04-22 14:00:00+09:00,0.713454885,0.732015153,0.7216288564520507,0.7216288564520507,0.645895059,0.5760009612545814,0.5760009612545814
2023-04-22 15:00:00+09:00,0.627334791,0.713454885,0.6469393722355461,0.6469393722355461,0.732015153,0.6290477789732246,0.6290477789732246
2023-04-22 16:00:00+09:00,0.447672139,0.627334791,0.5405021260930214,0.5405021260930214,0.732015153,0.5786547861787109,0.5786547861787109
2023-04-22 17:00:00+09:00,0.307356761,0.447672139,0.3374043880811348,0.3374043880811348,0.713454885,0.5383453495442962,0.5383453495442962
2023-04-22 18:00:00+09:00,0.141799871,0.307356761,0.15670965721353147,0.15670965721353147,0.627334791,0.3420881803585205,0.3420881803585205
2023-04-22 19:00:00+09:00,0.03266603,0.141799871,0.04026165244216537,0.04026165244216537,0.447672139,0.10949389178663638,0.10949389178663638
2023-04-22 20:00:00+09:00,0.0,0.03266603,0.009997660885601042,0.009997660885601042,0.307356761,0.09797038247331236,0.09797038247331236
2023-04-22 21:00:00+09:00,0.0,0.0,0.001444439752958715,0.001444439752958715,0.141799871,0.045106884213634485,0.045106884213634485
2023-04-22 22:00:00+09:00,0.0,0.0,0.001967452932149172,0.001967452932149172,0.03266603,0.012507921676187514,0.012507921676187514
2023-04-22 23:00:00+09:00,0.0,0.0,0.001967452932149172,0.001967452932149172,0.0,0.00564777385443449,0.00564777385443449
2023-04-23 00:00:00+09:00,0.0,0.0,0.00046919664600864053,0.00046919664600864053,0.0,0.0011268154485151172,0.0011268154485151172
2023-04-23 01:00:00+09:00,0.0,0.0,0.00046919664600864053,0.00046919664600864053,0.0,0.0011268154485151172,0.0011268154485151172
2023-04-23 02:00:00+09:00,0.0,0.0,0.00046919664600864053,0.00046919664600864053,0.0,0.0011268154485151172,0.0011268154485151172
2023-04-23 03:00:00+09:00,0.0,0.0,0.00046919664600864053,0.00046919664600864053,0.0,0.0011268154485151172,0.0011268154485151172
2023-04-23 04:00:00+09:00,0.0,0.0,0.00046919664600864053,0.00046919664600864053,0.0,0.0011268154485151172,0.0011268154485151172
2023-04-23 05:00:00+09:00,0.0,0.0,0.00046919664600864053,0.00046919664600864053,0.0,0.0011268154485151172,0.0011268154485151172
2023-04-23 06:00:00+09:00,0.000742246,0.0,0.0005116335232742131,0.0005116335232742131,0.0,0.0015473495004698634,0.0015473495004698634
2023-04-23 07:00:00+09:00,0.080180069,0.000742246,0.04511475989026642,0.04511475989026642,0.0,0.0685909241437912,0.0685909241437912
2023-04-23 08:00:00+09:00,0.19822292,0.080180069,0.1841123006646576,0.1841123006646576,0.0,0.0834285169839859,0.0834285169839859
2023-04-23 09:00:00+09:00,0.379371092,0.19822292,0.347149163185997,0.347149163185997,0.000742246,0.3064736319462738,0.3064736319462738
2023-04-23 10:00:00+09:00,0.461777901,0.379371092,0.4544639664673729,0.4544639664673729,0.080180069,0.42752959349798586,0.42752959349798586
2023-04-23 11:00:00+09:00,0.478111429,0.461777901,0.5845767610730896,0.5845767610730896,0.19822292,0.5864783969515991,0.5864783969515991
2023-04-23 12:00:00+09:00,0.616199041,0.478111429,0.5640789250374831,0.5640789250374831,0.379371092,0.7514813992166443,0.7514813992166443
2023-04-23 13:00:00+09:00,0.527852208,0.616199041,0.6147141783548433,0.6147141783548433,0.461777901,0.7114890866937409,0.7114890866937409
2023-04-23 14:00:00+09:00,0.456581149,0.527852208,0.49119076935606765,0.49119076935606765,0.478111429,0.5086562818379201,0.5086562818379201
2023-04-23 15:00:00+09:00,0.275434004,0.456581149,0.3207673316181412,0.3207673316181412,0.616199041,0.40049896596967316,0.40049896596967316
2023-04-23 16:00:00+09:00,0.097255844,0.275434004,0.09405937962847138,0.09405937962847138,0.527852208,0.15832006989079284,0.15832006989079284
2023-04-23 17:00:00+09:00,0.088346833,0.097255844,0.0,0.0,0.456581149,0.04416865457899477,0.04416865457899477
2023-04-23 18:00:00+09:00,0.066816553,0.088346833,0.0,0.0,0.275434004,0.0,0.0
2023-04-23 19:00:00+09:00,0.005938998,0.066816553,0.0,0.0,0.097255844,0.0,0.0
2023-04-23 20:00:00+09:00,0.0,0.005938998,0.0,0.0,0.088346833,0.0,0.0
2023-04-23 21:00:00+09:00,0.0,0.0,0.0,0.0,0.066816553,0.0,0.0
2023-04-23 22:00:00+09:00,0.0,0.0,0.0,0.0,0.005938998,0.0,0.0
2023-04-23 23:00:00+09:00,0.0,0.0,0.0,0.0,0.0,0.0,0.0
2023-04-24 00:00:00+09:00,0.0,0.0,0.0,0.0,0.0,0.0,0.0
2023-04-24 01:00:00+09:00,0.0,0.0,0.0,0.0,0.0,0.0,0.0
2023-04-24 02:00:00+09:00,0.0,0.0,0.0,0.0,0.0,0.0,0.0
2023-04-24 03:00:00+09:00,0.0,0.0,0.0,0.0,0.0,0.0,0.0
2023-04-24 04:00:00+09:00,0.0,0.0,0.0,0.0,0.0,0.0,0.0
2023-04-24 05:00:00+09:00,0.0,0.0,0.0,0.0,0.0,0.0,0.0
2023-04-24 06:00:00+09:00,0.0,0.0,0.0015551637625321746,0.0015551637625321746,0.0,0.0,0.0
2023-04-24 07:00:00+09:00,0.015590255,0.0,0.05863245576620102,0.05863245576620102,0.0,0.06996731460094452,0.06996731460094452
2023-04-24 08:00:00+09:00,0.050484051,0.015590255,0.1732808992642212,0.1732808992642212,0.0,0.1625155508518219,0.1625155508518219
2023-04-24 09:00:00+09:00,0.101710349,0.050484051,0.20957965124738312,0.20957965124738312,0.0,0.31894737482070923,0.31894737482070923
2023-04-24 10:00:00+09:00,0.168526903,0.101710349,0.2027129080658188,0.2027129080658188,0.015590255,0.2944681689518738,0.2944681689518738
2023-04-24 11:00:00+09:00,0.291766505,0.168526903,0.2780576052333145,0.2780576052333145,0.050484051,0.3893186645616302,0.3893186645616302
2023-04-24 12:00:00+09:00,0.222722186,0.291766505,0.3008259369626689,0.3008259369626689,0.101710349,0.36320418087294004,0.36320418087294004
2023-04-24 13:00:00+09:00,0.168526903,0.222722186,0.2323364152022705,0.2323364152022705,0.168526903,0.3253853621150284,0.3253853621150284
2023-04-24 14:00:00+09:00,0.249449218,0.168526903,0.12882292291176606,0.12882292291176606,0.291766505,0.2351234548360157,0.2351234548360157
2023-04-24 15:00:00+09:00,0.247222479,0.249449218,0.24704861415614712,0.24704861415614712,0.222722186,0.275552632511507,0.275552632511507
2023-04-24 16:00:00+09:00,0.13289086,0.247222479,0.12559275658359909,0.12559275658359909,0.168526903,0.07854167392504502,0.07854167392504502
2023-04-24 17:00:00+09:00,0.180404899,0.13289086,0.1028105732140398,0.1028105732140398,0.249449218,0.06353112527233887,0.06353112527233887
2023-04-24 18:00:00+09:00,0.093543585,0.180404899,0.0317494397152176,0.0317494397152176,0.247222479,0.0,0.0
2023-04-24 19:00:00+09:00,0.029696018,0.093543585,0.0,0.0,0.13289086,0.0,0.0
2023-04-24 20:00:00+09:00,0.0,0.029696018,0.0,0.0,0.180404899,0.0,0.0
2023-04-24 21:00:00+09:00,0.0,0.0,0.0,0.0,0.093543585,0.0,0.0
2023-04-24 22:00:00+09:00,0.0,0.0,0.0,0.0,0.029696018,0.0,0.0
2023-04-24 23:00:00+09:00,0.0,0.0,0.0,0.0,0.0,0.0,0.0
2023-04-25 00:00:00+09:00,0.0,0.0,0.0,0.0,0.0,0.0,0.0
2023-04-25 01:00:00+09:00,0.0,0.0,0.0,0.0,0.0,0.0,0.0
2023-04-25 02:00:00+09:00,0.0,0.0,0.0,0.0,0.0,0.0,0.0
2023-04-25 03:00:00+09:00,0.0,0.0,0.0,0.0,0.0,0.0,0.0
2023-04-25 04:00:00+09:00,0.0,0.0,0.0,0.0,0.0,0.0,0.0
2023-04-25 05:00:00+09:00,0.0,0.0,0.0,0.0,0.0,0.0,0.0
2023-04-25 06:00:00+09:00,0.0,0.0,0.0,0.0,0.0,0.0,0.0
2023-04-25 07:00:00+09:00,0.0,0.0,0.009771130047738552,0.009771130047738552,0.0,0.004419539589434862,0.004419539589434862
2023-04-25 08:00:00+09:00,0.011879023,0.0,0.04735787957906723,0.04735787957906723,0.0,0.043409645557403564,0.043409645557403564
2023-04-25 09:00:00+09:00,0.090573573,0.011879023,0.09883502481818009,0.09883502481818009,0.0,0.19364695250988007,0.19364695250988007
2023-04-25 10:00:00+09:00,0.062362048,0.090573573,0.1833102716870766,0.1833102716870766,0.0,0.23768742382526398,0.23768742382526398
2023-04-25 11:00:00+09:00,0.077210057,0.062362048,0.11853560727824974,0.11853560727824974,0.011879023,0.31421380846142577,0.31421380846142577
2023-04-25 12:00:00+09:00,0.095770325,0.077210057,0.08580557297386598,0.08580557297386598,0.090573573,0.22778531301693727,0.22778531301693727
2023-04-25 13:00:00+09:00,0.111361606,0.095770325,0.19447423839063643,0.19447423839063643,0.062362048,0.23092149493088532,0.23092149493088532
2023-04-25 14:00:00+09:00,0.120270617,0.111361606,0.05795524078422165,0.05795524078422165,0.077210057,0.08346349600173902,0.08346349600173902
2023-04-25 15:00:00+09:00,0.13289086,0.120270617,0.07812488793505859,0.07812488793505859,0.095770325,0.0,0.0
2023-04-25 16:00:00+09:00,0.092801339,0.13289086,0.11314457134281158,0.11314457134281158,0.111361606,0.026706440327697756,0.026706440327697756
2023-04-25 17:00:00+09:00,0.049741805,0.092801339,0.0033296933467521633,0.0033296933467521633,0.120270617,0.0,0.0
2023-04-25 18:00:00+09:00,0.026727032,0.049741805,0.018974593309454918,0.018974593309454918,0.13289086,0.0,0.0
2023-04-25 19:00:00+09:00,0.000742246,0.026727032,0.0,0.0,0.092801339,0.0,0.0
2023-04-25 20:00:00+09:00,0.0,0.000742246,0.0,0.0,0.049741805,0.0,0.0
2023-04-25 21:00:00+09:00,0.0,0.0,0.004079765174537897,0.004079765174537897,0.026727032,0.0,0.0
2023-04-25 22:00:00+09:00,0.0,0.0,0.004770586732774973,0.004770586732774973,0.000742246,0.0038979561756334307,0.0038979561756334307
2023-04-25 23:00:00+09:00,0.0,0.0,0.004770586732774973,0.004770586732774973,0.0,0.022660119459033012,0.022660119459033012
2023-04-26 00:00:00+09:00,0.0,0.0,0.0,0.0,0.0,0.0,0.0
2023-04-26 01:00:00+09:00,0.0,0.0,0.0,0.0,0.0,0.0,0.0
2023-04-26 02:00:00+09:00,0.0,0.0,0.0,0.0,0.0,0.0,0.0
2023-04-26 03:00:00+09:00,0.0,0.0,0.0,0.0,0.0,0.0,0.0
2023-04-26 04:00:00+09:00,0.0,0.0,0.0,0.0,0.0,0.0,0.0
2023-04-26 05:00:00+09:00,0.0,0.0,0.0,0.0,0.0,0.0,0.0
2023-04-26 06:00:00+09:00,0.001484493,0.0,0.0,0.0,0.0,0.0,0.0
2023-04-26 07:00:00+09:00,0.075725564,0.001484493,0.02396791076430607,0.02396791076430607,0.0,0.01750962994992733,0.01750962994992733
2023-04-26 08:00:00+09:00,0.239797961,0.075725564,0.1520275112360611,0.1520275112360611,0.0,0.08434876054525375,0.08434876054525375
2023-04-26 09:00:00+09:00,0.436536389,0.239797961,0.3577748351130829,0.3577748351130829,0.001484493,0.21038211343952942,0.21038211343952942
2023-04-26 10:00:00+09:00,0.594668761,0.436536389,0.5304399156637802,0.5304399156637802,0.075725564,0.3635944511860504,0.3635944511860504
2023-04-26 11:00:00+09:00,0.693409098,0.594668761,0.6702650488465652,0.6702650488465652,0.239797961,0.5410687439475403,0.5410687439475403
2023-04-26 12:00:00+09:00,0.699349123,0.693409098,0.7330157250768642,0.7330157250768642,0.436536389,0.7345460826225891,0.7345460826225891
2023-04-26 13:00:00+09:00,0.713454885,0.699349123,0.6969003357857655,0.6969003357857655,0.594668761,0.6860075296014175,0.6860075296014175
2023-04-26 14:00:00+09:00,0.725332882,0.713454885,0.7013002341255641,0.7013002341255641,0.693409098,0.7075482063598136,0.7075482063598136
2023-04-26 15:00:00+09:00,0.668909832,0.725332882,0.7063743581304855,0.7063743581304855,0.699349123,0.6968170229278694,0.6968170229278694
2023-04-26 16:00:00+09:00,0.564230497,0.668909832,0.5748853749625511,0.5748853749625511,0.713454885,0.6095877341568565,0.6095877341568565
2023-04-26 17:00:00+09:00,0.37640108,0.564230497,0.4473388595555039,0.4473388595555039,0.725332882,0.5084730942974396,0.5084730942974396
2023-04-26 18:00:00+09:00,0.190056156,0.37640108,0.26471823285778046,0.26471823285778046,0.668909832,0.3486844143860168,0.3486844143860168
2023-04-26 19:00:00+09:00,0.0452873,0.190056156,0.13456997611175156,0.13456997611175156,0.564230497,0.3158824844334336,0.3158824844334336
2023-04-26 20:00:00+09:00,0.0,0.0452873,0.020573075959491732,0.020573075959491732,0.37640108,0.1502626521464157,0.1502626521464157
2023-04-26 21:00:00+09:00,0.0,0.0,0.0,0.0,0.190056156,0.06964884289155579,0.06964884289155579
2023-04-26 22:00:00+09:00,0.0,0.0,0.0,0.0,0.0452873,0.017654501000452044,0.017654501000452044
2023-04-26 23:00:00+09:00,0.0,0.0,0.0,0.0,0.0,0.0,0.0
2023-04-27 00:00:00+09:00,0.0,0.0,0.0005077158566564322,0.0005077158566564322,0.0,0.001400443841703236,0.001400443841703236
2023-04-27 01:00:00+09:00,0.0,0.0,0.0005077158566564322,0.0005077158566564322,0.0,0.001400443841703236,0.001400443841703236
2023-04-27 02:00:00+09:00,0.0,0.0,0.0005077158566564322,0.0005077158566564322,0.0,0.001400443841703236,0.001400443841703236
2023-04-27 03:00:00+09:00,0.0,0.0,0.0005077158566564322,0.0005077158566564322,0.0,0.001400443841703236,0.001400443841703236
2023-04-27 04:00:00+09:00,0.0,0.0,0.0005077158566564322,0.0005077158566564322,0.0,0.001400443841703236,0.001400443841703236
2023-04-27 05:00:00+09:00,0.0,0.0,0.0005077158566564322,0.0005077158566564322,0.0,0.001400443841703236,0.001400443841703236
2023-04-27 06:00:00+09:00,0.001484493,0.0,0.005223016254603863,0.005223016254603863,0.0,0.012324200011789799,0.012324200011789799
2023-04-27 07:00:00+09:00,0.075725564,0.001484493,0.08465358821818161,0.08465358821818161,0.0,0.11959072202444077,0.11959072202444077
2023-04-27 08:00:00+09:00,0.236827949,0.075725564,0.19327881300150299,0.19327881300150299,0.0,0.13790588080883026,0.13790588080883026
2023-04-27 09:00:00+09:00,0.423915119,0.236827949,0.40787554712355045,0.40787554712355045,0.001484493,0.4119327163524322,0.4119327163524322
2023-04-27 10:00:00+09:00,0.564972743,0.423915119,0.522327968009037,0.522327968009037,0.075725564,0.43310532831846615,0.43310532831846615
2023-04-27 11:00:00+09:00,0.512261952,0.564972743,0.6768268640889816,0.6768268640889816,0.236827949,0.5406331214433899,0.5406331214433899
2023-04-27 12:00:00+09:00,0.584275257,0.512261952,0.6032101164630432,0.6032101164630432,0.423915119,0.7447097311692658,0.7447097311692658
2023-04-27 13:00:00+09:00,0.510034186,0.584275257,0.6037041229840823,0.6037041229840823,0.564972743,0.5946599744065695,0.5946599744065695
2023-04-27 14:00:00+09:00,0.756514419,0.510034186,0.51195934547856,0.51195934547856,0.512261952,0.596230375306942,0.596230375306942
2023-04-27 15:00:00+09:00,0.672622091,0.756514419,0.6904966050194207,0.6904966050194207,0.584275257,0.6534744763460465,0.6534744763460465
2023-04-27 16:00:00+09:00,0.527109961,0.672622091,0.5754710052656327,0.5754710052656327,0.510034186,0.38817599898017496,0.38817599898017496
2023-04-27 17:00:00+09:00,0.340765037,0.527109961,0.34762735196641537,0.34762735196641537,0.756514419,0.36109747378096013,0.36109747378096013
2023-04-27 18:00:00+09:00,0.186344924,0.340765037,0.14907089656573486,0.14907089656573486,0.672622091,0.1282573406147156,0.1282573406147156
2023-04-27 19:00:00+09:00,0.046029546,0.186344924,0.1030534678966751,0.1030534678966751,0.527109961,0.10596446224740597,0.10596446224740597
2023-04-27 20:00:00+09:00,0.0,0.046029546,0.017697450406785963,0.017697450406785963,0.340765037,0.04660845583659362,0.04660845583659362
2023-04-27 21:00:00+09:00,0.0,0.0,0.0,0.0,0.186344924,0.037010329392646785,0.037010329392646785
2023-04-27 22:00:00+09:00,0.0,0.0,0.0,0.0,0.046029546,0.008042447902198789,0.008042447902198789
2023-04-27 23:00:00+09:00,0.0,0.0,0.0,0.0,0.0,0.0,0.0
2023-04-28 00:00:00+09:00,0.0,0.0,0.00010028106044046581,0.00010028106044046581,0.0,0.0004019767511636019,0.0004019767511636019
2023-04-28 01:00:00+09:00,0.0,0.0,0.00010028106044046581,0.00010028106044046581,0.0,0.0004019767511636019,0.0004019767511636019
2023-04-28 02:00:00+09:00,0.0,0.0,0.00010028106044046581,0.00010028106044046581,0.0,0.0004019767511636019,0.0004019767511636019
2023-04-28 03:00:00+09:00,0.0,0.0,0.00010028106044046581,0.00010028106044046581,0.0,0.0004019767511636019,0.0004019767511636019
2023-04-28 04:00:00+09:00,0.0,0.0,0.00010028106044046581,0.00010028106044046581,0.0,0.0004019767511636019,0.0004019767511636019
2023-04-28 05:00:00+09:00,0.0,0.0,0.00010028106044046581,0.00010028106044046581,0.0,0.0004019767511636019,0.0004019767511636019
2023-04-28 06:00:00+09:00,0.001484493,0.0,0.004946541041135788,0.004946541041135788,0.0,0.015169670805335045,0.015169670805335045
2023-04-28 07:00:00+09:00,0.074983317,0.001484493,0.08369842378565598,0.08369842378565598,0.0,0.1240927055478096,0.1240927055478096
2023-04-28 08:00:00+09:00,0.245736959,0.074983317,0.1984136137786789,0.1984136137786789,0.0,0.1283176690340042,0.1283176690340042
2023-04-28 09:00:00+09:00,0.43282413,0.245736959,0.36505408825434116,0.36505408825434116,0.001484493,0.33223597167202756,0.33223597167202756
2023-04-28 10:00:00+09:00,0.553836993,0.43282413,0.5861584644926834,0.5861584644926834,0.074983317,0.5663228813234253,0.5663228813234253
2023-04-28 11:00:00+09:00,0.70751486,0.553836993,0.646051927527874,0.646051927527874,0.245736959,0.6734962487415161,0.6734962487415161
2023-04-28 12:00:00+09:00,0.78546819,0.70751486,0.7532101611453151,0.7532101611453151,0.43282413,0.6524104725731659,0.6524104725731659
2023-04-28 13:00:00+09:00,0.77433244,0.78546819,0.7767263194775009,0.7767263194775009,0.553836993,0.7575008636922531,0.7575008636922531
2023-04-28 14:00:00+09:00,0.762453417,0.77433244,0.6883660540990257,0.6883660540990257,0.70751486,0.743231136615858,0.743231136615858
2023-04-28 15:00:00+09:00,0.685985607,0.762453417,0.6869206975070877,0.6869206975070877,0.78546819,0.7379169343268299,0.7379169343268299
2023-04-28 16:00:00+09:00,0.542700217,0.685985607,0.5567014784532852,0.5567014784532852,0.77433244,0.6119571537784958,0.6119571537784958
2023-04-28 17:00:00+09:00,0.328144795,0.542700217,0.382954300275795,0.382954300275795,0.762453417,0.38739983242434695,0.38739983242434695
2023-04-28 18:00:00+09:00,0.088346833,0.328144795,0.1525216612214279,0.1525216612214279,0.685985607,0.183924478383667,0.183924478383667
2023-04-28 19:00:00+09:00,0.027469278,0.088346833,0.0,0.0,0.542700217,0.16956909083461003,0.16956909083461003
2023-04-28 20:00:00+09:00,0.0,0.027469278,0.005040277413728714,0.005040277413728714,0.328144795,0.10635944336597442,0.10635944336597442
2023-04-28 21:00:00+09:00,0.0,0.0,0.0002893940545618534,0.0002893940545618534,0.088346833,0.0,0.0
2023-04-28 22:00:00+09:00,0.0,0.0,0.0008124064770527184,0.0008124064770527184,0.027469278,0.004849630094769478,0.004849630094769478
2023-04-28 23:00:00+09:00,0.0,0.0,0.0008124064770527184,0.0008124064770527184,0.0,0.0028157844208180904,0.0028157844208180904
2023-04-29 00:00:00+09:00,0.0,0.0,0.0,0.0,0.0,0.0,0.0
2023-04-29 01:00:00+09:00,0.0,0.0,0.0,0.0,0.0,0.0,0.0
2023-04-29 02:00:00+09:00,0.0,0.0,0.0,0.0,0.0,0.0,0.0
2023-04-29 03:00:00+09:00,0.0,0.0,0.0,0.0,0.0,0.0,0.0
2023-04-29 04:00:00+09:00,0.0,0.0,0.0,0.0,0.0,0.0,0.0
2023-04-29 05:00:00+09:00,0.0,0.0,0.0,0.0,0.0,0.0,0.0
2023-04-29 06:00:00+09:00,0.0,0.0,0.004881409928202629,0.004881409928202629,0.0,0.017664320766925812,0.017664320766925812
2023-04-29 07:00:00+09:00,0.0,0.0,0.07556834071874619,0.07556834071874619,0.0,0.11484354734420776,0.11484354734420776
2023-04-29 08:00:00+09:00,0.008166764,0.0,0.08883663266897202,0.08883663266897202,0.0,0.07107087969779968,0.07107087969779968
2023-04-29 09:00:00+09:00,0.033408277,0.008166764,0.1494752355604782,0.1494752355604782,0.0,0.33562901616096497,0.33562901616096497
2023-04-29 10:00:00+09:00,0.046029546,0.033408277,0.1804358887324829,0.1804358887324829,0.0,0.4485340118408203,0.4485340118408203
2023-04-29 11:00:00+09:00,0.085376821,0.046029546,0.1122921935095749,0.1122921935095749,0.008166764,0.29349050305181884,0.29349050305181884
2023-04-29 12:00:00+09:00,0.155905633,0.085376821,0.18285589619340514,0.18285589619340514,0.033408277,0.24937296685080718,0.24937296685080718
2023-04-29 13:00:00+09:00,0.301417763,0.155905633,0.2423693898593025,0.2423693898593025,0.046029546,0.23605968866490937,0.23605968866490937
2023-04-29 14:00:00+09:00,0.089831326,0.301417763,0.23918948194907952,0.23918948194907952,0.085376821,0.10388885020079232,0.10388885020079232
2023-04-29 15:00:00+09:00,0.061619801,0.089831326,0.05333463459422684,0.05333463459422684,0.155905633,0.04984535160408782,0.04984535160408782
2023-04-29 16:00:00+09:00,0.01113575,0.061619801,0.0031637712570438403,0.0031637712570438403,0.301417763,0.12048397458123017,0.12048397458123017
2023-04-29 17:00:00+09:00,0.02153028,0.01113575,0.0,0.0,0.089831326,0.0,0.0
2023-04-29 18:00:00+09:00,0.002970012,0.02153028,0.0,0.0,0.061619801,0.0,0.0
2023-04-29 19:00:00+09:00,0.002970012,0.002970012,0.0,0.0,0.01113575,0.0,0.0
2023-04-29 20:00:00+09:00,0.0,0.002970012,0.0,0.0,0.02153028,0.0,0.0
2023-04-29 21:00:00+09:00,0.0,0.0,0.001444439752958715,0.001444439752958715,0.002970012,0.0,0.0
2023-04-29 22:00:00+09:00,0.0,0.0,0.001967452932149172,0.001967452932149172,0.002970012,0.0,0.0
2023-04-29 23:00:00+09:00,0.0,0.0,0.001967452932149172,0.001967452932149172,0.0,0.00564777385443449,0.00564777385443449
2023-04-30 00:00:00+09:00,0.0,0.0,0.00046919664600864053,0.00046919664600864053,0.0,0.0011268154485151172,0.0011268154485151172
2023-04-30 01:00:00+09:00,0.0,0.0,0.00046919664600864053,0.00046919664600864053,0.0,0.0011268154485151172,0.0011268154485151172
2023-04-30 02:00:00+09:00,0.0,0.0,0.00046919664600864053,0.00046919664600864053,0.0,0.0011268154485151172,0.0011268154485151172
2023-04-30 03:00:00+09:00,0.0,0.0,0.00046919664600864053,0.00046919664600864053,0.0,0.0011268154485151172,0.0011268154485151172
2023-04-30 04:00:00+09:00,0.0,0.0,0.00046919664600864053,0.00046919664600864053,0.0,0.0011268154485151172,0.0011268154485151172
2023-04-30 05:00:00+09:00,0.0,0.0,0.00046919664600864053,0.00046919664600864053,0.0,0.0011268154485151172,0.0011268154485151172
2023-04-30 06:00:00+09:00,0.001484493,0.0,0.0005116335232742131,0.0005116335232742131,0.0,0.0015473495004698634,0.0015473495004698634
2023-04-30 07:00:00+09:00,0.087604587,0.001484493,0.028682977167456627,0.028682977167456627,0.0,0.025518236681818962,0.025518236681818962
2023-04-30 08:00:00+09:00,0.257615982,0.087604587,0.1991291614585991,0.1991291614585991,0.0,0.14802975952625275,0.14802975952625275
2023-04-30 09:00:00+09:00,0.45286889,0.257615982,0.40510709435141756,0.40510709435141756,0.001484493,0.2563493346996002,0.2563493346996002
2023-04-30 10:00:00+09:00,0.602835525,0.45286889,0.6008858196264648,0.6008858196264648,0.087604587,0.5274938391858215,0.5274938391858215
2023-04-30 11:00:00+09:00,0.698606876,0.602835525,0.7310463676094056,0.7310463676094056,0.257615982,0.673566190902359,0.673566190902359
2023-04-30 12:00:00+09:00,0.753544406,0.698606876,0.7640352820001374,0.7640352820001374,0.45286889,0.6902671269899749,0.6902671269899749
2023-04-30 13:00:00+09:00,0.789180449,0.753544406,0.8042814517053185,0.8042814517053185,0.602835525,0.9211185762523652,0.9211185762523652
2023-04-30 14:00:00+09:00,0.76542343,0.789180449,0.7697184279322614,0.7697184279322614,0.698606876,0.8025559385262261,0.8025559385262261
2023-04-30 15:00:00+09:00,0.679303335,0.76542343,0.6726836020690727,0.6726836020690727,0.753544406,0.6410174378784714,0.6410174378784714
2023-04-30 16:00:00+09:00,0.538988984,0.679303335,0.5711501184591865,0.5711501184591865,0.789180449,0.6161991271883239,0.6161991271883239
2023-04-30 17:00:00+09:00,0.368976562,0.538988984,0.4151909787171211,0.4151909787171211,0.76542343,0.45449964502876283,0.45449964502876283
2023-04-30 18:00:00+09:00,0.187829417,0.368976562,0.26700124768086625,0.26700124768086625,0.679303335,0.3421565759667968,0.3421565759667968
2023-04-30 19:00:00+09:00,0.044544027,0.187829417,0.09291595668572616,0.09291595668572616,0.538988984,0.15266475714376826,0.15266475714376826
2023-04-30 20:00:00+09:00,0.0,0.044544027,0.017330885677864075,0.017330885677864075,0.368976562,0.10675579187937928,0.10675579187937928
2023-04-30 21:00:00+09:00,0.0,0.0,0.0,0.0,0.187829417,0.050753471265022276,0.050753471265022276
2023-04-30 22:00:00+09:00,0.0,0.0,0.0,0.0,0.044544027,0.011385415493776321,0.011385415493776321
2023-04-30 23:00:00+09:00,0.0,0.0,0.0,0.0,0.0,0.0,0.0
2023-05-01 00:00:00+09:00,0.0,0.0,0.0003005281905643642,0.0003005281905643642,0.0,0.0009897334966808558,0.0009897334966808558
2023-05-01 01:00:00+09:00,0.0,0.0,0.0003005281905643642,0.0003005281905643642,0.0,0.0009897334966808558,0.0009897334966808558
2023-05-01 02:00:00+09:00,0.0,0.0,0.0003005281905643642,0.0003005281905643642,0.0,0.0009897334966808558,0.0009897334966808558
2023-05-01 03:00:00+09:00,0.0,0.0,0.0003005281905643642,0.0003005281905643642,0.0,0.0009897334966808558,0.0009897334966808558
2023-05-01 04:00:00+09:00,0.0,0.0,0.0003005281905643642,0.0003005281905643642,0.0,0.0009897334966808558,0.0009897334966808558
2023-05-01 05:00:00+09:00,0.0,0.0,0.0003005281905643642,0.0003005281905643642,0.0,0.0009897334966808558,0.0009897334966808558
2023-05-01 06:00:00+09:00,0.002970012,0.0,0.002847538096830249,0.002847538096830249,0.0,0.0071531240828335285,0.0071531240828335285
2023-05-01 07:00:00+09:00,0.07795333,0.002970012,0.09775413023511123,0.09775413023511123,0.0,0.10382873564958572,0.10382873564958572
2023-05-01 08:00:00+09:00,0.248706972,0.07795333,0.23501036198909758,0.23501036198909758,0.0,0.29686012864112854,0.29686012864112854
2023-05-01 09:00:00+09:00,0.442475387,0.248706972,0.4497374200791092,0.4497374200791092,0.002970012,0.3876128812340851,0.3876128812340851
2023-05-01 10:00:00+09:00,0.60729003,0.442475387,0.5897596861352081,0.5897596861352081,0.07795333,0.522348842342453,0.522348842342453
2023-05-01 11:00:00+09:00,0.706030367,0.60729003,0.6906150658700753,0.6906150658700753,0.248706972,0.6384403163164826,0.6384403163164826
2023-05-01 12:00:00+09:00,0.766165676,0.706030367,0.7597685102950497,0.7597685102950497,0.442475387,0.7529918040265198,0.7529918040265198
2023-05-01 13:00:00+09:00,0.772846921,0.766165676,0.7780238077365169,0.7780238077365169,0.60729003,0.7487657968972016,0.7487657968972016
2023-05-01 14:00:00+09:00,0.738696398,0.772846921,0.7349326001734695,0.7349326001734695,0.706030367,0.7165026497672958,0.7165026497672958
2023-05-01 15:00:00+09:00,0.595412034,0.738696398,0.6525753976504783,0.6525753976504783,0.766165676,0.6195060186408767,0.6195060186408767
2023-05-01 16:00:00+09:00,0.403870358,0.595412034,0.4663087757478561,0.4663087757478561,0.772846921,0.6170937257142028,0.6170937257142028
2023-05-01 17:00:00+09:00,0.374916587,0.403870358,0.3081128959157066,0.3081128959157066,0.738696398,0.43737313316273496,0.43737313316273496
2023-05-01 18:00:00+09:00,0.186344924,0.374916587,0.22199967873583987,0.22199967873583987,0.595412034,0.20613251944883726,0.20613251944883726
2023-05-01 19:00:00+09:00,0.048256285,0.186344924,0.11752815785715484,0.11752815785715484,0.403870358,0.14621807528515623,0.14621807528515623
2023-05-01 20:00:00+09:00,0.0,0.048256285,0.01361455346957207,0.01361455346957207,0.374916587,0.164387498026001,0.164387498026001
2023-05-01 21:00:00+09:00,0.0,0.0,0.0,0.0,0.186344924,0.03172084930250549,0.03172084930250549
2023-05-01 22:00:00+09:00,0.0,0.0,0.0008916195947676897,0.0008916195947676897,0.048256285,0.0032044234456157714,0.0032044234456157714
2023-05-01 23:00:00+09:00,0.0,0.0,0.0008916195947676897,0.0008916195947676897,0.0,0.0007781413733027875,0.0007781413733027875
2023-05-02 00:00:00+09:00,0.0,0.0,0.0008215833804570138,0.0008215833804570138,0.0,0.00166406633798033,0.00166406633798033
2023-05-02 01:00:00+09:00,0.0,0.0,0.0008215833804570138,0.0008215833804570138,0.0,0.00166406633798033,0.00166406633798033
2023-05-02 02:00:00+09:00,0.0,0.0,0.0008215833804570138,0.0008215833804570138,0.0,0.00166406633798033,0.00166406633798033
2023-05-02 03:00:00+09:00,0.0,0.0,0.0008215833804570138,0.0008215833804570138,0.0,0.00166406633798033,0.00166406633798033
2023-05-02 04:00:00+09:00,0.0,0.0,0.0008215833804570138,0.0008215833804570138,0.0,0.00166406633798033,0.00166406633798033
2023-05-02 05:00:00+09:00,0.0,0.0,0.0008215833804570138,0.0008215833804570138,0.0,0.00166406633798033,0.00166406633798033
2023-05-02 06:00:00+09:00,0.006681245,0.0,0.004408195614814758,0.004408195614814758,0.0,0.0,0.0
2023-05-02 07:00:00+09:00,0.107649348,0.006681245,0.08314026537620545,0.08314026537620545,0.0,0.06938614696264267,0.06938614696264267
2023-05-02 08:00:00+09:00,0.235343456,0.107649348,0.22596077553362656,0.22596077553362656,0.0,0.16831578314304352,0.16831578314304352
2023-05-02 09:00:00+09:00,0.385310091,0.235343456,0.41056048843255616,0.41056048843255616,0.006681245,0.42190889659606934,0.42190889659606934
2023-05-02 10:00:00+09:00,0.525625468,0.385310091,0.5111523642353211,0.5111523642353211,0.107649348,0.5693626322540741,0.5693626322540741
2023-05-02 11:00:00+09:00,0.688955619,0.525625468,0.6481168277106933,0.6481168277106933,0.235343456,0.7046822902857361,0.7046822902857361
2023-05-02 12:00:00+09:00,0.754286653,0.688955619,0.7640051310882988,0.7640051310882988,0.385310091,0.7570910527519379,0.7570910527519379
2023-05-02 13:00:00+09:00,0.769877935,0.754286653,0.7695888863979606,0.7695888863979606,0.525625468,0.749192402466362,0.749192402466362
2023-05-02 14:00:00+09:00,0.746120915,0.769877935,0.7112730948107815,0.7112730948107815,0.688955619,0.7445907918737354,0.7445907918737354
2023-05-02 15:00:00+09:00,0.546412475,0.746120915,0.6526456998629951,0.6526456998629951,0.754286653,0.6287866296349792,0.6287866296349792
2023-05-02 16:00:00+09:00,0.47662591,0.546412475,0.44380043406305314,0.44380043406305314,0.769877935,0.5092111175733185,0.5092111175733185
2023-05-02 17:00:00+09:00,0.337053805,0.47662591,0.3183677252093887,0.3183677252093887,0.746120915,0.3673887999697113,0.3673887999697113
2023-05-02 18:00:00+09:00,0.158875645,0.337053805,0.1757712805334854,0.1757712805334854,0.546412475,0.08785224665222169,0.08785224665222169
2023-05-02 19:00:00+09:00,0.038605028,0.158875645,0.04400359918500901,0.04400359918500901,0.47662591,0.11822631020942687,0.11822631020942687
2023-05-02 20:00:00+09:00,0.0,0.038605028,0.007952206936004638,0.007952206936004638,0.337053805,0.1379297071759033,0.1379297071759033
2023-05-02 21:00:00+09:00,0.0,0.0,0.0,0.0,0.158875645,0.0,0.0
2023-05-02 22:00:00+09:00,0.0,0.0,0.0,0.0,0.038605028,0.0,0.0
2023-05-02 23:00:00+09:00,0.0,0.0,0.0,0.0,0.0,0.0,0.0
2023-05-03 00:00:00+09:00,0.0,0.0,0.0009949903469532728,0.0009949903469532728,0.0,0.0023204819299280643,0.0023204819299280643
2023-05-03 01:00:00+09:00,0.0,0.0,0.0009949903469532728,0.0009949903469532728,0.0,0.0023204819299280643,0.0023204819299280643
2023-05-03 02:00:00+09:00,0.0,0.0,0.0009949903469532728,0.0009949903469532728,0.0,0.0023204819299280643,0.0023204819299280643
2023-05-03 03:00:00+09:00,0.0,0.0,0.0009949903469532728,0.0009949903469532728,0.0,0.0023204819299280643,0.0023204819299280643
2023-05-03 04:00:00+09:00,0.0,0.0,0.0009949903469532728,0.0009949903469532728,0.0,0.0023204819299280643,0.0023204819299280643
2023-05-03 05:00:00+09:00,0.0,0.0,0.0009949903469532728,0.0009949903469532728,0.0,0.0023204819299280643,0.0023204819299280643
2023-05-03 06:00:00+09:00,0.003712259,0.0,0.004969037137925625,0.004969037137925625,0.0,0.006814437918365002,0.006814437918365002
2023-05-03 07:00:00+09:00,0.061619801,0.003712259,0.06922656274383926,0.06922656274383926,0.0,0.0672537162899971,0.0672537162899971
2023-05-03 08:00:00+09:00,0.115816112,0.061619801,0.18947207696759796,0.18947207696759796,0.0,0.20416975021362305,0.20416975021362305
2023-05-03 09:00:00+09:00,0.223465459,0.115816112,0.26483273072863767,0.26483273072863767,0.003712259,0.31285934871977233,0.31285934871977233
2023-05-03 10:00:00+09:00,0.403128112,0.223465459,0.28257389883292583,0.28257389883292583,0.061619801,0.32006163664186094,0.32006163664186094
2023-05-03 11:00:00+09:00,0.501868449,0.403128112,0.49104114089585493,0.49104114089585493,0.115816112,0.5163797990861053,0.5163797990861053
2023-05-03 12:00:00+09:00,0.450642151,0.501868449,0.5783731265341034,0.5783731265341034,0.223465459,0.5031123324741211,0.5031123324741211
2023-05-03 13:00:00+09:00,0.456581149,0.450642151,0.45352680276708995,0.45352680276708995,0.403128112,0.5271945468006248,0.5271945468006248
2023-05-03 14:00:00+09:00,0.734241892,0.456581149,0.3692747910798302,0.3692747910798302,0.501868449,0.5812854914342156,0.5812854914342156
2023-05-03 15:00:00+09:00,0.346705062,0.734241892,0.671240967114727,0.671240967114727,0.450642151,0.4283268164713154,0.4283268164713154
2023-05-03 16:00:00+09:00,0.135860872,0.346705062,0.24026234975262833,0.24026234975262833,0.456581149,0.19790372599966433,0.19790372599966433
2023-05-03 17:00:00+09:00,0.094285832,0.135860872,0.027100895076534265,0.027100895076534265,0.734241892,0.40343387832240296,0.40343387832240296
2023-05-03 18:00:00+09:00,0.051968544,0.094285832,0.0,0.0,0.346705062,0.0,0.0
2023-05-03 19:00:00+09:00,0.016332502,0.051968544,0.0,0.0,0.135860872,0.0,0.0
2023-05-03 20:00:00+09:00,0.0,0.016332502,0.0,0.0,0.094285832,0.0,0.0
2023-05-03 21:00:00+09:00,0.0,0.0,0.0,0.0,0.051968544,0.0,0.0
2023-05-03 22:00:00+09:00,0.0,0.0,0.0,0.0,0.016332502,0.0,0.0
2023-05-03 23:00:00+09:00,0.0,0.0,0.0,0.0,0.0,0.0,0.0
2023-05-04 00:00:00+09:00,0.0,0.0,0.0,0.0,0.0,0.00029550757608376443,0.00029550757608376443
2023-05-04 01:00:00+09:00,0.0,0.0,0.0,0.0,0.0,0.00029550757608376443,0.00029550757608376443
2023-05-04 02:00:00+09:00,0.0,0.0,0.0,0.0,0.0,0.00029550757608376443,0.00029550757608376443
2023-05-04 03:00:00+09:00,0.0,0.0,0.0,0.0,0.0,0.00029550757608376443,0.00029550757608376443
2023-05-04 04:00:00+09:00,0.0,0.0,0.0,0.0,0.0,0.00029550757608376443,0.00029550757608376443
2023-05-04 05:00:00+09:00,0.0,0.0,0.0,0.0,0.0,0.00029550757608376443,0.00029550757608376443
2023-05-04 06:00:00+09:00,0.0,0.0,0.003701305715367198,0.003701305715367198,0.0,0.016474982723593712,0.016474982723593712
2023-05-04 07:00:00+09:00,0.026727032,0.0,0.05490078404545784,0.05490078404545784,0.0,0.062213972210884094,0.062213972210884094
2023-05-04 08:00:00+09:00,0.095770325,0.026727032,0.11843445532935333,0.11843445532935333,0.0,0.12270880490541458,0.12270880490541458
2023-05-04 09:00:00+09:00,0.152936647,0.095770325,0.15372600727767943,0.15372600727767943,0.0,0.16936181485652924,0.16936181485652924
2023-05-04 10:00:00+09:00,0.204905192,0.152936647,0.22695275610892487,0.22695275610892487,0.026727032,0.2652245276512451,0.2652245276512451
2023-05-04 11:00:00+09:00,0.401642592,0.204905192,0.28484197948607637,0.28484197948607637,0.095770325,0.40242602997512816,0.40242602997512816
2023-05-04 12:00:00+09:00,0.513746445,0.401642592,0.4627352220287247,0.4627352220287247,0.152936647,0.40867067343203733,0.40867067343203733
2023-05-04 13:00:00+09:00,0.397188087,0.513746445,0.5254556508062553,0.5254556508062553,0.204905192,0.35299887750777437,0.35299887750777437
2023-05-04 14:00:00+09:00,0.333341546,0.397188087,0.3658972242907162,0.3658972242907162,0.401642592,0.42772258383237555,0.42772258383237555
2023-05-04 15:00:00+09:00,0.280630755,0.333341546,0.3042290412048063,0.3042290412048063,0.513746445,0.3935072393415642,0.3935072393415642
2023-05-04 16:00:00+09:00,0.121012864,0.280630755,0.21632921951282502,0.21632921951282502,0.397188087,0.303303983999836,0.303303983999836
2023-05-04 17:00:00+09:00,0.02153028,0.121012864,0.020360325760044096,0.020360325760044096,0.333341546,0.14925665372705077,0.14925665372705077
2023-05-04 18:00:00+09:00,0.002970012,0.02153028,0.0,0.0,0.280630755,0.0,0.0
2023-05-04 19:00:00+09:00,0.0,0.002970012,0.0,0.0,0.121012864,0.0,0.0
2023-05-04 20:00:00+09:00,0.0,0.0,0.0,0.0,0.02153028,0.0,0.0
2023-05-04 21:00:00+09:00,0.0,0.0,0.0,0.0,0.002970012,0.0,0.0
2023-05-04 22:00:00+09:00,0.0,0.0,0.0023845445830374956,0.0023845445830374956,0.0,0.0,0.0
2023-05-04 23:00:00+09:00,0.0,0.0,0.0023845445830374956,0.0023845445830374956,0.0,0.007513903081417084,0.007513903081417084
2023-05-05 00:00:00+09:00,0.0,0.0,0.0,0.0,0.0,0.0,0.0
2023-05-05 01:00:00+09:00,0.0,0.0,0.0,0.0,0.0,0.0,0.0
2023-05-05 02:00:00+09:00,0.0,0.0,0.0,0.0,0.0,0.0,0.0
2023-05-05 03:00:00+09:00,0.0,0.0,0.0,0.0,0.0,0.0,0.0
2023-05-05 04:00:00+09:00,0.0,0.0,0.0,0.0,0.0,0.0,0.0
2023-05-05 05:00:00+09:00,0.0,0.0,0.0,0.0,0.0,0.0,0.0
2023-05-05 06:00:00+09:00,0.0,0.0,3.9482263673562557e-05,3.9482263673562557e-05,0.0,0.0,0.0
2023-05-05 07:00:00+09:00,0.0,0.0,0.03817280754446983,0.03817280754446983,0.0,0.04145538806915283,0.04145538806915283
2023-05-05 08:00:00+09:00,0.031181537,0.0,0.07949256151914597,0.07949256151914597,0.0,0.11017955094575882,0.11017955094575882
2023-05-05 09:00:00+09:00,0.07646781,0.031181537,0.09316402712231826,0.09316402712231826,0.0,0.11835405975580215,0.11835405975580215
2023-05-05 10:00:00+09:00,0.111361606,0.07646781,0.20719216557842254,0.20719216557842254,0.0,0.31409895420074463,0.31409895420074463
2023-05-05 11:00:00+09:00,0.057165296,0.111361606,0.15010238620453453,0.15010238620453453,0.031181537,0.22998339721327973,0.22998339721327973
2023-05-05 12:00:00+09:00,0.054938557,0.057165296,0.11637416593408204,0.11637416593408204,0.07646781,0.3358641246209717,0.3358641246209717
2023-05-05 13:00:00+09:00,0.04380178,0.054938557,0.056713498105395554,0.056713498105395554,0.111361606,0.1642882991116581,0.1642882991116581
2023-05-05 14:00:00+09:00,0.052710791,0.04380178,0.06580487559702873,0.06580487559702873,0.057165296,0.08799404762363053,0.08799404762363053
2023-05-05 15:00:00+09:00,0.047514039,0.052710791,0.0748242911629591,0.0748242911629591,0.054938557,0.12091018483145904,0.12091018483145904
2023-05-05 16:00:00+09:00,0.043059534,0.047514039,0.0,0.0,0.04380178,0.0,0.0
2023-05-05 17:00:00+09:00,0.029696018,0.043059534,0.0,0.0,0.052710791,0.0,0.0
2023-05-05 18:00:00+09:00,0.007424518,0.029696018,0.0,0.0,0.047514039,0.0,0.0
2023-05-05 19:00:00+09:00,0.0,0.007424518,0.0,0.0,0.043059534,0.0,0.0
2023-05-05 20:00:00+09:00,0.0,0.0,0.0,0.0,0.029696018,0.0,0.0
2023-05-05 21:00:00+09:00,0.0,0.0,0.0,0.0,0.007424518,0.0,0.0
2023-05-05 22:00:00+09:00,0.0,0.0,0.0011237792205065489,0.0011237792205065489,0.0,0.0,0.0
2023-05-05 23:00:00+09:00,0.0,0.0,0.0011237792205065489,0.0011237792205065489,0.0,0.008007477037608624,0.008007477037608624
2023-05-06 00:00:00+09:00,0.0,0.0,0.0,0.0,0.0,0.0,0.0
2023-05-06 01:00:00+09:00,0.0,0.0,0.0,0.0,0.0,0.0,0.0
2023-05-06 02:00:00+09:00,0.0,0.0,0.0,0.0,0.0,0.0,0.0
2023-05-06 03:00:00+09:00,0.0,0.0,0.0,0.0,0.0,0.0,0.0
2023-05-06 04:00:00+09:00,0.0,0.0,0.0,0.0,0.0,0.0,0.0
2023-05-06 05:00:00+09:00,0.0,0.0,0.0,0.0,0.0,0.0,0.0
2023-05-06 06:00:00+09:00,0.0,0.0,0.0,0.0,0.0,0.0,0.0
2023-05-06 07:00:00+09:00,0.0,0.0,0.015054868534207344,0.015054868534207344,0.0,0.01427796296775341,0.01427796296775341
2023-05-06 08:00:00+09:00,0.008166764,0.0,0.06918301433324814,0.06918301433324814,0.0,0.1122913509607315,0.1122913509607315
2023-05-06 09:00:00+09:00,0.018560268,0.008166764,0.07638026408249282,0.07638026408249282,0.0,0.16460499167442322,0.16460499167442322
2023-05-06 10:00:00+09:00,0.030438264,0.018560268,0.09429649265133667,0.09429649265133667,0.0,0.15182781219482422,0.15182781219482422
2023-05-06 11:00:00+09:00,0.043059534,0.030438264,0.0403664671878829,0.0403664671878829,0.008166764,0.06044293201857948,0.06044293201857948
2023-05-06 12:00:00+09:00,0.054938557,0.043059534,0.06337797881825828,0.06337797881825828,0.018560268,0.06406509505235482,0.06406509505235482
2023-05-06 13:00:00+09:00,0.060135309,0.054938557,0.05159186679041755,0.05159186679041755,0.030438264,0.11274049161631011,0.11274049161631011
2023-05-06 14:00:00+09:00,0.097255844,0.060135309,0.08338496868728065,0.08338496868728065,0.043059534,0.08753928409679794,0.08753928409679794
2023-05-06 15:00:00+09:00,0.075725564,0.097255844,0.08565129277409934,0.08565129277409934,0.054938557,0.023498783261615752,0.023498783261615752
2023-05-06 16:00:00+09:00,0.077210057,0.075725564,0.06608616487382793,0.06608616487382793,0.060135309,0.06854521424739027,0.06854521424739027
2023-05-06 17:00:00+09:00,0.083892328,0.077210057,0.01731695927150917,0.01731695927150917,0.097255844,0.0,0.0
2023-05-06 18:00:00+09:00,0.024499266,0.083892328,0.019689155077865603,0.019689155077865603,0.075725564,0.0,0.0
2023-05-06 19:00:00+09:00,0.001484493,0.024499266,0.0,0.0,0.077210057,0.0,0.0
2023-05-06 20:00:00+09:00,0.0,0.001484493,0.0,0.0,0.083892328,0.0,0.0
2023-05-06 21:00:00+09:00,0.0,0.0,0.0,0.0,0.024499266,0.0,0.0
2023-05-06 22:00:00+09:00,0.0,0.0,0.0,0.0,0.001484493,0.0,0.0
2023-05-06 23:00:00+09:00,0.0,0.0,0.0,0.0,0.0,0.00029428282869048417,0.00029428282869048417
2023-05-07 00:00:00+09:00,0.0,0.0,0.0,0.0,0.0,0.0,0.0
2023-05-07 01:00:00+09:00,0.0,0.0,0.0,0.0,0.0,0.0,0.0
2023-05-07 02:00:00+09:00,0.0,0.0,0.0,0.0,0.0,0.0,0.0
2023-05-07 03:00:00+09:00,0.0,0.0,0.0,0.0,0.0,0.0,0.0
2023-05-07 04:00:00+09:00,0.0,0.0,0.0,0.0,0.0,0.0,0.0
2023-05-07 05:00:00+09:00,0.0,0.0,0.0,0.0,0.0,0.0,0.0
2023-05-07 06:00:00+09:00,0.0,0.0,0.0003758794046007097,0.0003758794046007097,0.0,0.0,0.0
2023-05-07 07:00:00+09:00,0.026727032,0.0,0.018310774117708206,0.018310774117708206,0.0,0.015124427154660225,0.015124427154660225
2023-05-07 08:00:00+09:00,0.06533206,0.026727032,0.09294690572636795,0.09294690572636795,0.0,0.083744578063488,0.083744578063488
2023-05-07 09:00:00+09:00,0.066816553,0.06533206,0.11779367669492721,0.11779367669492721,0.0,0.10830623656511307,0.10830623656511307
2023-05-07 10:00:00+09:00,0.080180069,0.066816553,0.1568615953359871,0.1568615953359871,0.026727032,0.19959449403899385,0.19959449403899385
2023-05-07 11:00:00+09:00,0.084634575,0.080180069,0.12787003213214304,0.12787003213214304,0.06533206,0.35504630698829653,0.35504630698829653
2023-05-07 12:00:00+09:00,0.080180069,0.084634575,0.10965023835558892,0.10965023835558892,0.066816553,0.15190735411980438,0.15190735411980438
2023-05-07 13:00:00+09:00,0.080180069,0.080180069,0.10227817253815556,0.10227817253815556,0.080180069,0.2563779107634964,0.2563779107634964
2023-05-07 14:00:00+09:00,0.116558358,0.080180069,0.07251196358027483,0.07251196358027483,0.084634575,0.22228732978363036,0.22228732978363036
2023-05-07 15:00:00+09:00,0.091315819,0.116558358,0.0751285738510685,0.0751285738510685,0.080180069,0.04014210546063805,0.04014210546063805
2023-05-07 16:00:00+09:00,0.069786566,0.091315819,0.0,0.0,0.080180069,0.0,0.0
2023-05-07 17:00:00+09:00,0.069786566,0.069786566,0.006055782239452356,0.006055782239452356,0.116558358,0.0,0.0
2023-05-07 18:00:00+09:00,0.080180069,0.069786566,0.0,0.0,0.091315819,0.0,0.0
2023-05-07 19:00:00+09:00,0.011879023,0.080180069,0.019891218781942374,0.019891218781942374,0.069786566,0.0,0.0
2023-05-07 20:00:00+09:00,0.0,0.011879023,0.0,0.0,0.069786566,0.0,0.0
2023-05-07 21:00:00+09:00,0.0,0.0,0.0,0.0,0.080180069,0.0,0.0
2023-05-07 22:00:00+09:00,0.0,0.0,0.0020912555046379566,0.0020912555046379566,0.011879023,0.0,0.0
2023-05-07 23:00:00+09:00,0.0,0.0,0.0020912555046379566,0.0020912555046379566,0.0,0.00402058195322752,0.00402058195322752
2023-05-08 00:00:00+09:00,0.0,0.0,0.0003005281905643642,0.0003005281905643642,0.0,0.0009897334966808558,0.0009897334966808558
2023-05-08 01:00:00+09:00,0.0,0.0,0.0003005281905643642,0.0003005281905643642,0.0,0.0009897334966808558,0.0009897334966808558
2023-05-08 02:00:00+09:00,0.0,0.0,0.0003005281905643642,0.0003005281905643642,0.0,0.0009897334966808558,0.0009897334966808558
2023-05-08 03:00:00+09:00,0.0,0.0,0.0003005281905643642,0.0003005281905643642,0.0,0.0009897334966808558,0.0009897334966808558
2023-05-08 04:00:00+09:00,0.0,0.0,0.0003005281905643642,0.0003005281905643642,0.0,0.0009897334966808558,0.0009897334966808558
2023-05-08 05:00:00+09:00,0.0,0.0,0.0003005281905643642,0.0003005281905643642,0.0,0.0009897334966808558,0.0009897334966808558
2023-05-08 06:00:00+09:00,0.005196752,0.0,0.00158044439740479,0.00158044439740479,0.0,0.0019404442282393575,0.0019404442282393575
2023-05-08 07:00:00+09:00,0.112103853,0.005196752,0.06781876270785522,0.06781876270785522,0.0,0.05704499036073685,0.05704499036073685
2023-05-08 08:00:00+09:00,0.282115248,0.112103853,0.2069939333923607,0.2069939333923607,0.0,0.1584603488445282,0.1584603488445282
2023-05-08 09:00:00+09:00,0.478853676,0.282115248,0.3699285359734039,0.3699285359734039,0.005196752,0.2100319433690567,0.2100319433690567
2023-05-08 10:00:00+09:00,0.620653546,0.478853676,0.6030599805501708,0.6030599805501708,0.112103853,0.5032520923741608,0.5032520923741608
2023-05-08 11:00:00+09:00,0.680046609,0.620653546,0.711413896227356,0.711413896227356,0.282115248,0.5820319624298553,0.5820319624298553
2023-05-08 12:00:00+09:00,0.704545875,0.680046609,0.7624776795065727,0.7624776795065727,0.478853676,0.7854775222924957,0.7854775222924957
2023-05-08 13:00:00+09:00,0.712712639,0.704545875,0.7470402428081035,0.7470402428081035,0.620653546,0.8018559874539337,0.8018559874539337
2023-05-08 14:00:00+09:00,0.701575862,0.712712639,0.6910565597822085,0.6910565597822085,0.680046609,0.6421297288990345,0.6421297288990345
2023-05-08 15:00:00+09:00,0.506322954,0.701575862,0.6469547354972477,0.6469547354972477,0.704545875,0.6850689844360351,0.6850689844360351
2023-05-08 16:00:00+09:00,0.482565935,0.506322954,0.44187485814190297,0.44187485814190297,0.712712639,0.5734211290140763,0.5734211290140763
2023-05-08 17:00:00+09:00,0.383825598,0.482565935,0.40543751721006394,0.40543751721006394,0.701575862,0.4870297626948471,0.4870297626948471
2023-05-08 18:00:00+09:00,0.209359697,0.383825598,0.25609458768219756,0.25609458768219756,0.506322954,0.2690951713929215,0.2690951713929215
2023-05-08 19:00:00+09:00,0.069044319,0.209359697,0.12032794852635575,0.12032794852635575,0.482565935,0.17097258125167847,0.17097258125167847
2023-05-08 20:00:00+09:00,0.0,0.069044319,0.034402587469572074,0.034402587469572074,0.383825598,0.17329650902600097,0.17329650902600097
2023-05-08 21:00:00+09:00,0.0,0.0,0.0,0.0,0.209359697,0.054735622302505504,0.054735622302505504
2023-05-08 22:00:00+09:00,0.0,0.0,0.0008916195947676897,0.0008916195947676897,0.069044319,0.023992457445615775,0.023992457445615775
2023-05-08 23:00:00+09:00,0.0,0.0,0.0008916195947676897,0.0008916195947676897,0.0,0.0007781413733027875,0.0007781413733027875
2023-05-09 00:00:00+09:00,0.0,0.0,0.0008215833804570138,0.0008215833804570138,0.0,0.00166406633798033,0.00166406633798033
2023-05-09 01:00:00+09:00,0.0,0.0,0.0008215833804570138,0.0008215833804570138,0.0,0.00166406633798033,0.00166406633798033
2023-05-09 02:00:00+09:00,0.0,0.0,0.0008215833804570138,0.0008215833804570138,0.0,0.00166406633798033,0.00166406633798033
2023-05-09 03:00:00+09:00,0.0,0.0,0.0008215833804570138,0.0008215833804570138,0.0,0.00166406633798033,0.00166406633798033
2023-05-09 04:00:00+09:00,0.0,0.0,0.0008215833804570138,0.0008215833804570138,0.0,0.00166406633798033,0.00166406633798033
2023-05-09 05:00:00+09:00,0.0,0.0,0.0008215833804570138,0.0008215833804570138,0.0,0.00166406633798033,0.00166406633798033
2023-05-09 06:00:00+09:00,0.005938998,0.0,0.006377402227371931,0.006377402227371931,0.0,0.026960154995322227,0.026960154995322227
2023-05-09 07:00:00+09:00,0.105421582,0.005938998,0.08004420115170288,0.08004420115170288,0.0,0.0898209884762764,0.0898209884762764
2023-05-09 08:00:00+09:00,0.276918497,0.105421582,0.23107888712142183,0.23107888712142183,0.0,0.12923546135425568,0.12923546135425568
2023-05-09 09:00:00+09:00,0.46326342,0.276918497,0.4262833856680603,0.4262833856680603,0.005938998,0.36603220416722104,0.36603220416722104
2023-05-09 10:00:00+09:00,0.60729003,0.46326342,0.5311835460209083,0.5311835460209083,0.105421582,0.39683429314349367,0.39683429314349367
2023-05-09 11:00:00+09:00,0.698606876,0.60729003,0.7225067769263077,0.7225067769263077,0.276918497,0.7011090480425568,0.7011090480425568
2023-05-09 12:00:00+09:00,0.749089901,0.698606876,0.7559251052282582,0.7559251052282582,0.46326342,0.8143028296374512,0.8143028296374512
2023-05-09 13:00:00+09:00,0.723106142,0.749089901,0.739116270690895,0.739116270690895,0.60729003,0.7009531860325623,0.7009531860325623
2023-05-09 14:00:00+09:00,0.724590635,0.723106142,0.6831550261533661,0.6831550261533661,0.698606876,0.7293931686274538,0.7293931686274538
2023-05-09 15:00:00+09:00,0.641440554,0.724590635,0.6448512059433555,0.6448512059433555,0.749089901,0.7043921357390651,0.7043921357390651
2023-05-09 16:00:00+09:00,0.499640683,0.641440554,0.584530899710516,0.584530899710516,0.723106142,0.5121180227554245,0.5121180227554245
2023-05-09 17:00:00+09:00,0.247964725,0.499640683,0.36791476077309415,0.36791476077309415,0.724590635,0.3322929498536682,0.3322929498536682
2023-05-09 18:00:00+09:00,0.192283922,0.247964725,0.09856694946918487,0.09856694946918487,0.641440554,0.28554899845228576,0.28554899845228576
2023-05-09 19:00:00+09:00,0.053453037,0.192283922,0.10153666989333343,0.10153666989333343,0.499640683,0.14725352293721006,0.14725352293721006
2023-05-09 20:00:00+09:00,0.0,0.053453037,0.02280021593600464,0.02280021593600464,0.247964725,0.04884062717590332,0.04884062717590332
2023-05-09 21:00:00+09:00,0.0,0.0,0.0,0.0,0.192283922,0.029129036827156063,0.029129036827156063
2023-05-09 22:00:00+09:00,0.0,0.0,0.0,0.0,0.053453037,0.0,0.0
2023-05-09 23:00:00+09:00,0.0,0.0,0.0,0.0,0.0,0.0,0.0
2023-05-10 00:00:00+09:00,0.0,0.0,0.0009949903469532728,0.0009949903469532728,0.0,0.0023204819299280643,0.0023204819299280643
2023-05-10 01:00:00+09:00,0.0,0.0,0.0009949903469532728,0.0009949903469532728,0.0,0.0023204819299280643,0.0023204819299280643
2023-05-10 02:00:00+09:00,0.0,0.0,0.0009949903469532728,0.0009949903469532728,0.0,0.0023204819299280643,0.0023204819299280643
2023-05-10 03:00:00+09:00,0.0,0.0,0.0009949903469532728,0.0009949903469532728,0.0,0.0023204819299280643,0.0023204819299280643
2023-05-10 04:00:00+09:00,0.0,0.0,0.0009949903469532728,0.0009949903469532728,0.0,0.0023204819299280643,0.0023204819299280643
2023-05-10 05:00:00+09:00,0.0,0.0,0.0009949903469532728,0.0009949903469532728,0.0,0.0023204819299280643,0.0023204819299280643
2023-05-10 06:00:00+09:00,0.006681245,0.0,0.004795858636498451,0.004795858636498451,0.0,0.02747003175318241,0.02747003175318241
2023-05-10 07:00:00+09:00,0.092801339,0.006681245,0.06996579113685608,0.06996579113685608,0.0,0.07156427949666977,0.07156427949666977
2023-05-10 08:00:00+09:00,0.226434445,0.092801339,0.2288920348580017,0.2288920348580017,0.0,0.2153903692960739,0.2153903692960739
2023-05-10 09:00:00+09:00,0.412037123,0.226434445,0.35083000174791334,0.35083000174791334,0.006681245,0.3397795969554138,0.3397795969554138
2023-05-10 10:00:00+09:00,0.573881754,0.412037123,0.5522646792286376,0.5522646792286376,0.092801339,0.5342789357597961,0.5342789357597961
2023-05-10 11:00:00+09:00,0.658516328,0.573881754,0.6543317002246894,0.6543317002246894,0.226434445,0.6394186373713684,0.6394186373713684
2023-05-10 12:00:00+09:00,0.723106142,0.658516328,0.74284868981736,0.74284868981736,0.412037123,0.7990141101234893,0.7990141101234893
2023-05-10 13:00:00+09:00,0.754286653,0.723106142,0.6957108209437532,0.6957108209437532,0.573881754,0.6589899596760788,0.6589899596760788
2023-05-10 14:00:00+09:00,0.6874701,0.754286653,0.7196405442534713,0.7196405442534713,0.658516328,0.699945318662098,0.699945318662098
2023-05-10 15:00:00+09:00,0.56571499,0.6874701,0.5612166143203735,0.5612166143203735,0.723106142,0.588046412781517,0.588046412781517
2023-05-10 16:00:00+09:00,0.461777901,0.56571499,0.4536373291413689,0.4536373291413689,0.754286653,0.6408928470789222,0.6408928470789222
2023-05-10 17:00:00+09:00,0.301417763,0.461777901,0.3357725345554123,0.3357725345554123,0.6874701,0.413662008121109,0.413662008121109
2023-05-10 18:00:00+09:00,0.148482142,0.301417763,0.24368326238321114,0.24368326238321114,0.56571499,0.2038197268049622,0.2038197268049622
2023-05-10 19:00:00+09:00,0.041575041,0.148482142,0.033630436270038616,0.033630436270038616,0.461777901,0.042825435942626944,0.042825435942626944
2023-05-10 20:00:00+09:00,0.0,0.041575041,0.014294738281718254,0.014294738281718254,0.301417763,0.0917813876919632,0.0917813876919632
2023-05-10 21:00:00+09:00,0.0,0.0,0.0,0.0,0.148482142,0.0,0.0
2023-05-10 22:00:00+09:00,0.0,0.0,0.0,0.0,0.041575041,0.0,0.0
2023-05-10 23:00:00+09:00,0.0,0.0,0.0,0.0,0.0,0.0,0.0
2023-05-11 00:00:00+09:00,0.0,0.0,0.0,0.0,0.0,0.00029550757608376443,0.00029550757608376443
2023-05-11 01:00:00+09:00,0.0,0.0,0.0,0.0,0.0,0.00029550757608376443,0.00029550757608376443
2023-05-11 02:00:00+09:00,0.0,0.0,0.0,0.0,0.0,0.00029550757608376443,0.00029550757608376443
2023-05-11 03:00:00+09:00,0.0,0.0,0.0,0.0,0.0,0.00029550757608376443,0.00029550757608376443
2023-05-11 04:00:00+09:00,0.0,0.0,0.0,0.0,0.0,0.00029550757608376443,0.00029550757608376443
2023-05-11 05:00:00+09:00,0.0,0.0,0.0,0.0,0.0,0.00029550757608376443,0.00029550757608376443
2023-05-11 06:00:00+09:00,0.003712259,0.0,0.0025313962250947952,0.0025313962250947952,0.0,0.0022459891624748707,0.0022459891624748707
2023-05-11 07:00:00+09:00,0.096513598,0.003712259,0.042570017045196536,0.042570017045196536,0.0,0.040817633271217346,0.040817633271217346
2023-05-11 08:00:00+09:00,0.259100475,0.096513598,0.1891278985490303,0.1891278985490303,0.0,0.17761947214603424,0.17761947214603424
2023-05-11 09:00:00+09:00,0.439505374,0.259100475,0.3550699806080818,0.3550699806080818,0.003712259,0.3042461795265045,0.3042461795265045
2023-05-11 10:00:00+09:00,0.585760777,0.439505374,0.5319957713937035,0.5319957713937035,0.096513598,0.32153448346752933,0.32153448346752933
2023-05-11 11:00:00+09:00,0.677818843,0.585760777,0.6827849718962211,0.6827849718962211,0.259100475,0.6493590554462433,0.6493590554462433
2023-05-11 12:00:00+09:00,0.732015153,0.677818843,0.7157260038185768,0.7157260038185768,0.439505374,0.6918607409452667,0.6918607409452667
2023-05-11 13:00:00+09:00,0.763195664,0.732015153,0.7596383053603201,0.7596383053603201,0.585760777,0.6599024507437248,0.6599024507437248
2023-05-11 14:00:00+09:00,0.718651637,0.763195664,0.8026077824945107,0.8026077824945107,0.677818843,0.7379994213808231,0.7379994213808231
2023-05-11 15:00:00+09:00,0.634017062,0.718651637,0.6859947624923344,0.6859947624923344,0.732015153,0.6833009511026172,0.6833009511026172
2023-05-11 16:00:00+09:00,0.506322954,0.634017062,0.5254366589700813,0.5254366589700813,0.763195664,0.6099482032770768,0.6099482032770768
2023-05-11 17:00:00+09:00,0.356356319,0.506322954,0.42417514711714177,0.42417514711714177,0.718651637,0.5170812751473541,0.5170812751473541
2023-05-11 18:00:00+09:00,0.184117158,0.356356319,0.2570499144093933,0.2570499144093933,0.634017062,0.30856556873675534,0.30856556873675534
2023-05-11 19:00:00+09:00,0.05642305,0.184117158,0.0996926995558815,0.0996926995558815,0.506322954,0.33790228158331304,0.33790228158331304
2023-05-11 20:00:00+09:00,0.002226739,0.05642305,0.035810184313583376,0.035810184313583376,0.356356319,0.17849126081632993,0.17849126081632993
2023-05-11 21:00:00+09:00,0.0,0.002226739,0.002131461586506978,0.002131461586506978,0.184117158,0.05148008937073517,0.05148008937073517
2023-05-11 22:00:00+09:00,0.0,0.0,0.0023845445830374956,0.0023845445830374956,0.05642305,0.02225267200045586,0.02225267200045586
2023-05-11 23:00:00+09:00,0.0,0.0,0.0023845445830374956,0.0023845445830374956,0.002226739,0.009740642081417084,0.009740642081417084
2023-05-12 00:00:00+09:00,0.0,0.0,0.0,0.0,0.0,0.0,0.0
2023-05-12 01:00:00+09:00,0.0,0.0,0.0,0.0,0.0,0.0,0.0
2023-05-12 02:00:00+09:00,0.0,0.0,0.0,0.0,0.0,0.0,0.0
2023-05-12 03:00:00+09:00,0.0,0.0,0.0,0.0,0.0,0.0,0.0
2023-05-12 04:00:00+09:00,0.0,0.0,0.0,0.0,0.0,0.0,0.0
2023-05-12 05:00:00+09:00,0.0,0.0,0.0,0.0,0.0,0.0,0.0
2023-05-12 06:00:00+09:00,0.005196752,0.0,0.004282780922949314,0.004282780922949314,0.0,0.010435829870402813,0.010435829870402813
2023-05-12 07:00:00+09:00,0.107649348,0.005196752,0.05635408495679092,0.05635408495679092,0.0,0.04627861827611923,0.04627861827611923
2023-05-12 08:00:00+09:00,0.249449218,0.107649348,0.2413601794037323,0.2413601794037323,0.0,0.1984988898038864,0.1984988898038864
2023-05-12 09:00:00+09:00,0.30884228,0.249449218,0.411683971370285,0.411683971370285,0.005196752,0.3255730289699097,0.3255730289699097
2023-05-12 10:00:00+09:00,0.530079974,0.30884228,0.45396473357036593,0.45396473357036593,0.107649348,0.46025859496922306,0.46025859496922306
2023-05-12 11:00:00+09:00,0.627334791,0.530079974,0.5751819444341888,0.5751819444341888,0.249449218,0.47839118012291715,0.47839118012291715
2023-05-12 12:00:00+09:00,0.591699775,0.627334791,0.6814222324145947,0.6814222324145947,0.30884228,0.512142696469574,0.512142696469574
2023-05-12 13:00:00+09:00,0.592442022,0.591699775,0.5630738340959788,0.5630738340959788,0.530079974,0.5837173295660247,0.5837173295660247
2023-05-12 14:00:00+09:00,0.578336259,0.592442022,0.5628159915250988,0.5628159915250988,0.627334791,0.612196193772367,0.612196193772367
2023-05-12 15:00:00+09:00,0.562746004,0.578336259,0.5171922572180595,0.5171922572180595,0.591699775,0.4556990225509644,0.4556990225509644
2023-05-12 16:00:00+09:00,0.44395988,0.562746004,0.48461809082298657,0.48461809082298657,0.592442022,0.44887140515868373,0.44887140515868373
2023-05-12 17:00:00+09:00,0.250191465,0.44395988,0.34478842032516477,0.34478842032516477,0.578336259,0.2598348163291778,0.2598348163291778
2023-05-12 18:00:00+09:00,0.141799871,0.250191465,0.11049632726081848,0.11049632726081848,0.562746004,0.22351677788763424,0.22351677788763424
2023-05-12 19:00:00+09:00,0.029696018,0.141799871,0.016451750072189325,0.016451750072189325,0.44395988,0.0418243588265228,0.0418243588265228
2023-05-12 20:00:00+09:00,0.000742246,0.029696018,0.0,0.0,0.250191465,0.03123654423126221,0.03123654423126221
2023-05-12 21:00:00+09:00,0.0,0.000742246,0.0,0.0,0.141799871,0.017075028392024988,0.017075028392024988
2023-05-12 22:00:00+09:00,0.0,0.0,0.0011237792205065489,0.0011237792205065489,0.029696018,0.0,0.0
2023-05-12 23:00:00+09:00,0.0,0.0,0.0011237792205065489,0.0011237792205065489,0.000742246,0.008749723037608624,0.008749723037608624
2023-05-13 00:00:00+09:00,0.0,0.0,0.0,0.0,0.0,0.0,0.0
2023-05-13 01:00:00+09:00,0.0,0.0,0.0,0.0,0.0,0.0,0.0
2023-05-13 02:00:00+09:00,0.0,0.0,0.0,0.0,0.0,0.0,0.0
2023-05-13 03:00:00+09:00,0.0,0.0,0.0,0.0,0.0,0.0,0.0
2023-05-13 04:00:00+09:00,0.0,0.0,0.0,0.0,0.0,0.0,0.0
2023-05-13 05:00:00+09:00,0.0,0.0,0.0,0.0,0.0,0.0,0.0
2023-05-13 06:00:00+09:00,0.0,0.0,0.00538574019446969,0.00538574019446969,0.0,0.010389757342636585,0.010389757342636585
2023-05-13 07:00:00+09:00,0.000742246,0.0,0.06298062205314636,0.06298062205314636,0.0,0.05592036992311478,0.05592036992311478
2023-05-13 08:00:00+09:00,0.022272527,0.000742246,0.08141070285243607,0.08141070285243607,0.0,0.1019187718629837,0.1019187718629837
2023-05-13 09:00:00+09:00,0.0675588,0.022272527,0.10985087581544113,0.10985087581544113,0.0,0.19193324446678162,0.19193324446678162
2023-05-13 10:00:00+09:00,0.046771793,0.0675588,0.10972455622558594,0.10972455622558594,0.000742246,0.14979097673101044,0.14979097673101044
2023-05-13 11:00:00+09:00,0.072755551,0.046771793,0.12384917431284714,0.12384917431284714,0.022272527,0.3190380034652252,0.3190380034652252
2023-05-13 12:00:00+09:00,0.099482583,0.072755551,0.11750203560745812,0.11750203560745812,0.0675588,0.22694206716423035,0.22694206716423035
2023-05-13 13:00:00+09:00,0.069044319,0.099482583,0.09047256794446278,0.09047256794446278,0.046771793,0.1287350042979889,0.1287350042979889
2023-05-13 14:00:00+09:00,0.092059092,0.069044319,0.08072439862405682,0.08072439862405682,0.072755551,0.10150440972006416,0.10150440972006416
2023-05-13 15:00:00+09:00,0.144027637,0.092059092,0.07002401851104927,0.07002401851104927,0.099482583,0.07681522716456222,0.07681522716456222
2023-05-13 16:00:00+09:00,0.18931391,0.144027637,0.09495211919656943,0.09495211919656943,0.069044319,0.0,0.0
2023-05-13 17:00:00+09:00,0.152936647,0.18931391,0.08849120049921036,0.08849120049921036,0.092059092,0.0,0.0
2023-05-13 18:00:00+09:00,0.071271059,0.152936647,0.03521494037120057,0.03521494037120057,0.144027637,0.0,0.0
2023-05-13 19:00:00+09:00,0.04380178,0.071271059,0.0,0.0,0.18931391,0.0,0.0
2023-05-13 20:00:00+09:00,0.000742246,0.04380178,0.002800352081327437,0.002800352081327437,0.152936647,0.0,0.0
2023-05-13 21:00:00+09:00,0.0,0.000742246,0.0,0.0,0.071271059,0.0,0.0
2023-05-13 22:00:00+09:00,0.0,0.0,0.0,0.0,0.04380178,0.0,0.0
2023-05-13 23:00:00+09:00,0.0,0.0,0.0,0.0,0.000742246,0.0010365288286904842,0.0010365288286904842
2023-05-14 00:00:00+09:00,0.0,0.0,0.0,0.0,0.0,0.0,0.0
2023-05-14 01:00:00+09:00,0.0,0.0,0.0,0.0,0.0,0.0,0.0
2023-05-14 02:00:00+09:00,0.0,0.0,0.0,0.0,0.0,0.0,0.0
2023-05-14 03:00:00+09:00,0.0,0.0,0.0,0.0,0.0,0.0,0.0
2023-05-14 04:00:00+09:00,0.0,0.0,0.0,0.0,0.0,0.0,0.0
2023-05-14 05:00:00+09:00,0.0,0.0,0.0,0.0,0.0,0.0,0.0
2023-05-14 06:00:00+09:00,0.004454505,0.0,0.0003758794046007097,0.0003758794046007097,0.0,0.0,0.0
2023-05-14 07:00:00+09:00,0.057165296,0.004454505,0.03094068758535862,0.03094068758535862,0.0,0.02667364291846752,0.02667364291846752
2023-05-14 08:00:00+09:00,0.123981849,0.057165296,0.11164826266145325,0.11164826266145325,0.0,0.07503564655780792,0.07503564655780792
2023-05-14 09:00:00+09:00,0.320720277,0.123981849,0.20848050032570267,0.20848050032570267,0.004454505,0.25161967829216003,0.25161967829216003
2023-05-14 10:00:00+09:00,0.570911741,0.320720277,0.4213384457116623,0.4213384457116623,0.057165296,0.35083621851777647,0.35083621851777647
2023-05-14 11:00:00+09:00,0.662970834,0.570911741,0.6596186367090378,0.6596186367090378,0.123981849,0.40749876265242,0.40749876265242
2023-05-14 12:00:00+09:00,0.72904514,0.662970834,0.7340923776458588,0.7340923776458588,0.320720277,0.650907716918518,0.650907716918518
2023-05-14 13:00:00+09:00,0.76542343,0.72904514,0.7579025220143938,0.7579025220143938,0.570911741,0.7563216445263061,0.7563216445263061
2023-05-14 14:00:00+09:00,0.738696398,0.76542343,0.7449890001309443,0.7449890001309443,0.662970834,0.7065042486022797,0.7065042486022797
2023-05-14 15:00:00+09:00,0.671879844,0.738696398,0.6838320733706932,0.6838320733706932,0.72904514,0.6936394184845829,0.6936394184845829
2023-05-14 16:00:00+09:00,0.553836993,0.671879844,0.5877212371727409,0.5877212371727409,0.76542343,0.581017775331192,0.581017775331192
2023-05-14 17:00:00+09:00,0.379371092,0.553836993,0.4459316721768074,0.4459316721768074,0.738696398,0.5148702876369934,0.5148702876369934
2023-05-14 18:00:00+09:00,0.158875645,0.379371092,0.2615330892586632,0.2615330892586632,0.671879844,0.40926359706129456,0.40926359706129456
2023-05-14 19:00:00+09:00,0.050484051,0.158875645,0.10320717175628663,0.10320717175628663,0.553836993,0.41610325040528107,0.41610325040528107
2023-05-14 20:00:00+09:00,0.000742246,0.050484051,0.01266168523919678,0.01266168523919678,0.379371092,0.11506368247508242,0.11506368247508242
2023-05-14 21:00:00+09:00,0.0,0.000742246,0.0007159519279141249,0.0007159519279141249,0.158875645,0.0352417015018654,0.0352417015018654
2023-05-14 22:00:00+09:00,0.0,0.0,0.0020912555046379566,0.0020912555046379566,0.050484051,0.011175774972558977,0.011175774972558977
2023-05-14 23:00:00+09:00,0.0,0.0,0.0020912555046379566,0.0020912555046379566,0.000742246,0.00476282795322752,0.00476282795322752
2023-05-15 00:00:00+09:00,0.0,0.0,0.0003005281905643642,0.0003005281905643642,0.0,0.0009897334966808558,0.0009897334966808558
2023-05-15 01:00:00+09:00,0.0,0.0,0.0003005281905643642,0.0003005281905643642,0.0,0.0009897334966808558,0.0009897334966808558
2023-05-15 02:00:00+09:00,0.0,0.0,0.0003005281905643642,0.0003005281905643642,0.0,0.0009897334966808558,0.0009897334966808558
2023-05-15 03:00:00+09:00,0.0,0.0,0.0003005281905643642,0.0003005281905643642,0.0,0.0009897334966808558,0.0009897334966808558
2023-05-15 04:00:00+09:00,0.0,0.0,0.0003005281905643642,0.0003005281905643642,0.0,0.0009897334966808558,0.0009897334966808558
2023-05-15 05:00:00+09:00,0.0,0.0,0.0003005281905643642,0.0003005281905643642,0.0,0.0009897334966808558,0.0009897334966808558
2023-05-15 06:00:00+09:00,0.006681245,0.0,0.003484108252450824,0.003484108252450824,0.0,0.015114089474081993,0.015114089474081993
2023-05-15 07:00:00+09:00,0.104679335,0.006681245,0.0642434732922268,0.0642434732922268,0.0,0.0822918713092804,0.0822918713092804
2023-05-15 08:00:00+09:00,0.269493979,0.104679335,0.30057558798976897,0.30057558798976897,0.0,0.19978967308998108,0.19978967308998108
2023-05-15 09:00:00+09:00,0.422430626,0.269493979,0.4258451578845062,0.4258451578845062,0.006681245,0.23797073605739594,0.23797073605739594
2023-05-15 10:00:00+09:00,0.562003757,0.422430626,0.5375713621030578,0.5375713621030578,0.104679335,0.417419094683609,0.417419094683609
2023-05-15 11:00:00+09:00,0.605805538,0.562003757,0.6286866768598862,0.6286866768598862,0.269493979,0.5596088288058318,0.5596088288058318
2023-05-15 12:00:00+09:00,0.662228587,0.605805538,0.6522016407562619,0.6522016407562619,0.422430626,0.7274707470784911,0.7274707470784911
2023-05-15 13:00:00+09:00,0.684501114,0.662228587,0.6740867187365169,0.6740867187365169,0.562003757,0.7034795238972016,0.7034795238972016
2023-05-15 14:00:00+09:00,0.686727853,0.684501114,0.6587591978501454,0.6587591978501454,0.605805538,0.6296498378379469,0.6296498378379469
2023-05-15 15:00:00+09:00,0.646638332,0.686727853,0.6082528098223954,0.6082528098223954,0.662228587,0.579271661965477,0.579271661965477
2023-05-15 16:00:00+09:00,0.535276725,0.646638332,0.5388917234446831,0.5388917234446831,0.684501114,0.46201576541773226,0.46201576541773226
2023-05-15 17:00:00+09:00,0.380113339,0.535276725,0.48008486912236215,0.48008486912236215,0.686727853,0.3909874274132996,0.3909874274132996
2023-05-15 18:00:00+09:00,0.205647438,0.380113339,0.2585652227928772,0.2585652227928772,0.646638332,0.3538862746860809,0.3538862746860809
2023-05-15 19:00:00+09:00,0.060877555,0.205647438,0.1052298091156845,0.1052298091156845,0.535276725,0.20666338414535523,0.20666338414535523
2023-05-15 20:00:00+09:00,0.000742246,0.060877555,0.00882006524723053,0.00882006524723053,0.380113339,0.05586022692228698,0.05586022692228698
2023-05-15 21:00:00+09:00,0.0,0.000742246,0.0,0.0,0.205647438,0.05102336330250548,0.05102336330250548
2023-05-15 22:00:00+09:00,0.0,0.0,0.0008916195947676897,0.0008916195947676897,0.060877555,0.01582569344561577,0.01582569344561577
2023-05-15 23:00:00+09:00,0.0,0.0,0.0008916195947676897,0.0008916195947676897,0.000742246,0.0015203873733027876,0.0015203873733027876
2023-05-16 00:00:00+09:00,0.0,0.0,0.0008215833804570138,0.0008215833804570138,0.0,0.00166406633798033,0.00166406633798033
2023-05-16 01:00:00+09:00,0.0,0.0,0.0008215833804570138,0.0008215833804570138,0.0,0.00166406633798033,0.00166406633798033
2023-05-16 02:00:00+09:00,0.0,0.0,0.0008215833804570138,0.0008215833804570138,0.0,0.00166406633798033,0.00166406633798033
2023-05-16 03:00:00+09:00,0.0,0.0,0.0008215833804570138,0.0008215833804570138,0.0,0.00166406633798033,0.00166406633798033
2023-05-16 04:00:00+09:00,0.0,0.0,0.0008215833804570138,0.0008215833804570138,0.0,0.00166406633798033,0.00166406633798033
2023-05-16 05:00:00+09:00,0.0,0.0,0.0008215833804570138,0.0008215833804570138,0.0,0.00166406633798033,0.00166406633798033
2023-05-16 06:00:00+09:00,0.008166764,0.0,0.004736886825412512,0.004736886825412512,0.0,0.0076332008466124535,0.0076332008466124535
2023-05-16 07:00:00+09:00,0.089831326,0.008166764,0.07188465080553436,0.07188465080553436,0.0,0.07820805162191391,0.07820805162191391
2023-05-16 08:00:00+09:00,0.253161477,0.089831326,0.2041966280262718,0.2041966280262718,0.0,0.0992269515991211,0.0992269515991211
2023-05-16 09:00:00+09:00,0.374174341,0.253161477,0.3932054658238907,0.3932054658238907,0.008166764,0.38469854376608276,0.38469854376608276
2023-05-16 10:00:00+09:00,0.540473477,0.374174341,0.42319426629630663,0.42319426629630663,0.089831326,0.4824495947282562,0.4824495947282562
2023-05-16 11:00:00+09:00,0.672622091,0.540473477,0.5920377122402211,0.5920377122402211,0.253161477,0.6401556898658295,0.6401556898658295
2023-05-16 12:00:00+09:00,0.727560648,0.672622091,0.7230200645076428,0.7230200645076428,0.374174341,0.5127517128357086,0.5127517128357086
2023-05-16 13:00:00+09:00,0.740924164,0.727560648,0.7538310450074653,0.7538310450074653,0.540473477,0.722297892922165,0.722297892922165
2023-05-16 14:00:00+09:00,0.734241892,0.740924164,0.7270859780712381,0.7270859780712381,0.672622091,0.7265324730919991,0.7265324730919991
2023-05-16 15:00:00+09:00,0.666683093,0.734241892,0.6256349500019951,0.6256349500019951,0.727560648,0.6271163683888893,0.6271163683888893
2023-05-16 16:00:00+09:00,0.541215724,0.666683093,0.5850371274238281,0.5850371274238281,0.740924164,0.6173401393918648,0.6173401393918648
2023-05-16 17:00:00+09:00,0.382340078,0.541215724,0.4086847665395965,0.4086847665395965,0.734241892,0.348441053529541,0.348441053529541
2023-05-16 18:00:00+09:00,0.198965167,0.382340078,0.25660448217766574,0.25660448217766574,0.666683093,0.310812697101181,0.310812697101181
2023-05-16 19:00:00+09:00,0.058649789,0.198965167,0.09020115186185074,0.09020115186185074,0.541215724,0.11953661466505427,0.11953661466505427
2023-05-16 20:00:00+09:00,0.001484493,0.058649789,0.009658462757314683,0.009658462757314683,0.382340078,0.05956271732228091,0.05956271732228091
2023-05-16 21:00:00+09:00,0.0,0.001484493,0.0,0.0,0.198965167,0.035810281827156065,0.035810281827156065
2023-05-16 22:00:00+09:00,0.0,0.0,0.0,0.0,0.058649789,0.0,0.0
2023-05-16 23:00:00+09:00,0.0,0.0,0.0,0.0,0.001484493,0.0,0.0
2023-05-17 00:00:00+09:00,0.0,0.0,0.0009949903469532728,0.0009949903469532728,0.0,0.0023204819299280643,0.0023204819299280643
2023-05-17 01:00:00+09:00,0.0,0.0,0.0009949903469532728,0.0009949903469532728,0.0,0.0023204819299280643,0.0023204819299280643
2023-05-17 02:00:00+09:00,0.0,0.0,0.0009949903469532728,0.0009949903469532728,0.0,0.0023204819299280643,0.0023204819299280643
2023-05-17 03:00:00+09:00,0.0,0.0,0.0009949903469532728,0.0009949903469532728,0.0,0.0023204819299280643,0.0023204819299280643
2023-05-17 04:00:00+09:00,0.0,0.0,0.0009949903469532728,0.0009949903469532728,0.0,0.0023204819299280643,0.0023204819299280643
2023-05-17 05:00:00+09:00,0.0,0.0,0.0009949903469532728,0.0009949903469532728,0.0,0.0023204819299280643,0.0023204819299280643
2023-05-17 06:00:00+09:00,0.011879023,0.0,0.00806957297027111,0.00806957297027111,0.0,0.013435411266982555,0.013435411266982555
2023-05-17 07:00:00+09:00,0.113588346,0.011879023,0.07313131524562645,0.07313131524562645,0.0,0.06433385610580444,0.06433385610580444
2023-05-17 08:00:00+09:00,0.276918497,0.113588346,0.2392512539580307,0.2392512539580307,0.0,0.22132231295108795,0.22132231295108795
2023-05-17 09:00:00+09:00,0.433566376,0.276918497,0.4390430562832565,0.4390430562832565,0.011879023,0.3252018055164795,0.3252018055164795
2023-05-17 10:00:00+09:00,0.600608786,0.433566376,0.5723047995858916,0.5723047995858916,0.113588346,0.5246863195851288,0.5246863195851288
2023-05-17 11:00:00+09:00,0.694152371,0.600608786,0.6719661032688484,0.6719661032688484,0.276918497,0.632776286516449,0.632776286516449
2023-05-17 12:00:00+09:00,0.750575421,0.694152371,0.8032341161477051,0.8032341161477051,0.433566376,0.7629082644277343,0.7629082644277343
2023-05-17 13:00:00+09:00,0.76393791,0.750575421,0.7776975087766609,0.7776975087766609,0.600608786,0.7981860687863693,0.7981860687863693
2023-05-17 14:00:00+09:00,0.743893149,0.76393791,0.8528651119267082,0.8528651119267082,0.694152371,0.8158535370337449,0.8158535370337449
2023-05-17 15:00:00+09:00,0.657774082,0.743893149,0.6474339688833466,0.6474339688833466,0.750575421,0.6634188346509895,0.6634188346509895
2023-05-17 16:00:00+09:00,0.533792233,0.657774082,0.5839992152402229,0.5839992152402229,0.76393791,0.5398656920587158,0.5398656920587158
2023-05-17 17:00:00+09:00,0.377885573,0.533792233,0.4440552721716957,0.4440552721716957,0.743893149,0.3464332247789612,0.3464332247789612
2023-05-17 18:00:00+09:00,0.177435913,0.377885573,0.23312207350163267,0.23312207350163267,0.657774082,0.23828702288363646,0.23828702288363646
2023-05-17 19:00:00+09:00,0.051968544,0.177435913,0.057820246431720734,0.057820246431720734,0.533792233,0.09468859983464051,0.09468859983464051
2023-05-17 20:00:00+09:00,0.000742246,0.051968544,0.00017771052679443206,0.00017771052679443206,0.377885573,0.034943782180831884,0.034943782180831884
2023-05-17 21:00:00+09:00,0.0,0.000742246,0.0,0.0,0.177435913,0.02114420464981842,0.02114420464981842
2023-05-17 22:00:00+09:00,0.0,0.0,0.0,0.0,0.051968544,0.0,0.0
2023-05-17 23:00:00+09:00,0.0,0.0,0.0,0.0,0.000742246,0.0,0.0
2023-05-18 00:00:00+09:00,0.0,0.0,0.0,0.0,0.0,0.00029550757608376443,0.00029550757608376443
2023-05-18 01:00:00+09:00,0.0,0.0,0.0,0.0,0.0,0.00029550757608376443,0.00029550757608376443
2023-05-18 02:00:00+09:00,0.0,0.0,0.0,0.0,0.0,0.00029550757608376443,0.00029550757608376443
2023-05-18 03:00:00+09:00,0.0,0.0,0.0,0.0,0.0,0.00029550757608376443,0.00029550757608376443
2023-05-18 04:00:00+09:00,0.0,0.0,0.0,0.0,0.0,0.00029550757608376443,0.00029550757608376443
2023-05-18 05:00:00+09:00,0.0,0.0,0.0,0.0,0.0,0.00029550757608376443,0.00029550757608376443
2023-05-18 06:00:00+09:00,0.0,0.0,0.0,0.0,0.0,0.002742542652413249,0.002742542652413249
2023-05-18 07:00:00+09:00,0.007424518,0.0,0.06548640877008438,0.06548640877008438,0.0,0.06889109313488007,0.06889109313488007
2023-05-18 08:00:00+09:00,0.033408277,0.007424518,0.1410624380220108,0.1410624380220108,0.0,0.20023152232170105,0.20023152232170105
2023-05-18 09:00:00+09:00,0.061619801,0.033408277,0.17466894563536833,0.17466894563536833,0.0,0.3431876301765442,0.3431876301765442
2023-05-18 10:00:00+09:00,0.069044319,0.061619801,0.1894930876048813,0.1894930876048813,0.007424518,0.4558930839408569,0.4558930839408569
2023-05-18 11:00:00+09:00,0.136603119,0.069044319,0.12166530733918572,0.12166530733918572,0.033408277,0.27348411854605864,0.27348411854605864
2023-05-18 12:00:00+09:00,0.178920406,0.136603119,0.20818322352985763,0.20818322352985763,0.061619801,0.35630868144357297,0.35630868144357297
2023-05-18 13:00:00+09:00,0.218267681,0.178920406,0.2065435583603201,0.2065435583603201,0.069044319,0.14318599274372484,0.14318599274372484
2023-05-18 14:00:00+09:00,0.106164855,0.218267681,0.14131016462779616,0.14131016462779616,0.136603119,0.13731038748207414,0.13731038748207414
2023-05-18 15:00:00+09:00,0.115072839,0.106164855,0.02887204759977341,0.02887204759977341,0.178920406,0.11449230750022507,0.11449230750022507
2023-05-18 16:00:00+09:00,0.090573573,0.115072839,0.042570464350952145,0.042570464350952145,0.218267681,0.13713948607183074,0.13713948607183074
2023-05-18 17:00:00+09:00,0.086861314,0.090573573,0.0,0.0,0.106164855,0.0,0.0
2023-05-18 18:00:00+09:00,0.038605028,0.086861314,0.0,0.0,0.115072839,0.0,0.0
2023-05-18 19:00:00+09:00,0.001484493,0.038605028,0.0,0.0,0.090573573,0.0,0.0
2023-05-18 20:00:00+09:00,0.0,0.001484493,0.0,0.0,0.086861314,0.0,0.0
2023-05-18 21:00:00+09:00,0.0,0.0,0.0,0.0,0.038605028,0.0,0.0
2023-05-18 22:00:00+09:00,0.0,0.0,0.0023845445830374956,0.0023845445830374956,0.001484493,0.0,0.0
2023-05-18 23:00:00+09:00,0.0,0.0,0.0023845445830374956,0.0023845445830374956,0.0,0.007513903081417084,0.007513903081417084
2023-05-19 00:00:00+09:00,0.0,0.0,0.0,0.0,0.0,0.0,0.0
2023-05-19 01:00:00+09:00,0.0,0.0,0.0,0.0,0.0,0.0,0.0
2023-05-19 02:00:00+09:00,0.0,0.0,0.0,0.0,0.0,0.0,0.0
2023-05-19 03:00:00+09:00,0.0,0.0,0.0,0.0,0.0,0.0,0.0
2023-05-19 04:00:00+09:00,0.0,0.0,0.0,0.0,0.0,0.0,0.0
2023-05-19 05:00:00+09:00,0.0,0.0,0.0,0.0,0.0,0.0,0.0
2023-05-19 06:00:00+09:00,0.0,0.0,3.9482263673562557e-05,3.9482263673562557e-05,0.0,0.0,0.0
2023-05-19 07:00:00+09:00,0.011879023,0.0,0.021766498684883118,0.021766498684883118,0.0,0.021731100976467133,0.021731100976467133
2023-05-19 08:00:00+09:00,0.035636043,0.011879023,0.07191755233645249,0.07191755233645249,0.0,0.09347106516361237,0.09347106516361237
2023-05-19 09:00:00+09:00,0.086119067,0.035636043,0.13966792618014146,0.13966792618014146,0.0,0.20610304176807404,0.20610304176807404
2023-05-19 10:00:00+09:00,0.102452596,0.086119067,0.183633375989048,0.183633375989048,0.011879023,0.3303570708477478,0.3303570708477478
2023-05-19 11:00:00+09:00,0.282857495,0.102452596,0.13134012306348897,0.13134012306348897,0.035636043,0.22387181763626862,0.22387181763626862
2023-05-19 12:00:00+09:00,0.284341988,0.282857495,0.33203042169415475,0.33203042169415475,0.086119067,0.2629434578882141,0.2629434578882141
2023-05-19 13:00:00+09:00,0.19822292,0.284341988,0.30018468837710666,0.30018468837710666,0.102452596,0.2577835072787247,0.2577835072787247
2023-05-19 14:00:00+09:00,0.300675516,0.19822292,0.23092254221384048,0.23092254221384048,0.282857495,0.34516945724689485,0.34516945724689485
2023-05-19 15:00:00+09:00,0.233116716,0.300675516,0.29012602565994594,0.29012602565994594,0.284341988,0.22812674272331046,0.22812674272331046
2023-05-19 16:00:00+09:00,0.288796493,0.233116716,0.2169812823112402,0.2169812823112402,0.19822292,0.16694734960739135,0.16694734960739135
2023-05-19 17:00:00+09:00,0.357840812,0.288796493,0.24004713926336096,0.24004713926336096,0.300675516,0.1422015176918182,0.1422015176918182
2023-05-19 18:00:00+09:00,0.220495447,0.357840812,0.29906825924154473,0.29906825924154473,0.233116716,0.1246003209079895,0.1246003209079895
2023-05-19 19:00:00+09:00,0.073498825,0.220495447,0.16107061081144525,0.16107061081144525,0.288796493,0.1579838182391815,0.1579838182391815
2023-05-19 20:00:00+09:00,0.001484493,0.073498825,0.04928660059101582,0.04928660059101582,0.357840812,0.19893220642443848,0.19893220642443848
2023-05-19 21:00:00+09:00,0.0,0.001484493,0.0004236565172069072,0.0004236565172069072,0.220495447,0.095770604392025,0.095770604392025
2023-05-19 22:00:00+09:00,0.0,0.0,0.0011237792205065489,0.0011237792205065489,0.073498825,0.037958389536809925,0.037958389536809925
2023-05-19 23:00:00+09:00,0.0,0.0,0.0011237792205065489,0.0011237792205065489,0.001484493,0.009491970037608623,0.009491970037608623
2023-05-20 00:00:00+09:00,0.0,0.0,0.0,0.0,0.0,0.0,0.0
2023-05-20 01:00:00+09:00,0.0,0.0,0.0,0.0,0.0,0.0,0.0
2023-05-20 02:00:00+09:00,0.0,0.0,0.0,0.0,0.0,0.0,0.0
2023-05-20 03:00:00+09:00,0.0,0.0,0.0,0.0,0.0,0.0,0.0
2023-05-20 04:00:00+09:00,0.0,0.0,0.0,0.0,0.0,0.0,0.0
2023-05-20 05:00:00+09:00,0.0,0.0,0.0,0.0,0.0,0.0,0.0
2023-05-20 06:00:00+09:00,0.010393504,0.0,0.0,0.0,0.0,0.0,0.0
2023-05-20 07:00:00+09:00,0.112103853,0.010393504,0.025841386935404775,0.025841386935404775,0.0,0.021438486874103546,0.021438486874103546
2023-05-20 08:00:00+09:00,0.280630755,0.112103853,0.1596691157646923,0.1596691157646923,0.0,0.031245799735188484,0.031245799735188484
2023-05-20 09:00:00+09:00,0.464005667,0.280630755,0.3680238525794792,0.3680238525794792,0.010393504,0.2089728153708496,0.2089728153708496
2023-05-20 10:00:00+09:00,0.588729763,0.464005667,0.5511278018643303,0.5511278018643303,0.112103853,0.34540030695278934,0.34540030695278934
2023-05-20 11:00:00+09:00,0.675592103,0.588729763,0.6565676644134407,0.6565676644134407,0.280630755,0.5180480952786255,0.5180480952786255
2023-05-20 12:00:00+09:00,0.74166641,0.675592103,0.7324955099776536,0.7324955099776536,0.464005667,0.6933688849498673,0.6933688849498673
2023-05-20 13:00:00+09:00,0.745378669,0.74166641,0.7419066631827101,0.7419066631827101,0.588729763,0.7063645809578781,0.7063645809578781
2023-05-20 14:00:00+09:00,0.732015153,0.745378669,0.7881269935730401,0.7881269935730401,0.675592103,0.8593532675460129,0.8593532675460129
2023-05-20 15:00:00+09:00,0.67633435,0.732015153,0.6768531627746849,0.6768531627746849,0.74166641,0.6790178305217361,0.6790178305217361
2023-05-20 16:00:00+09:00,0.550866981,0.67633435,0.6191083962124347,0.6191083962124347,0.745378669,0.695082503950924,0.695082503950924
2023-05-20 17:00:00+09:00,0.382340078,0.550866981,0.48586699828534696,0.48586699828534696,0.732015153,0.48436801655018613,0.48436801655018613
2023-05-20 18:00:00+09:00,0.218267681,0.382340078,0.2646597965993195,0.2646597965993195,0.67633435,0.3805605160099029,0.3805605160099029
2023-05-20 19:00:00+09:00,0.06533206,0.218267681,0.09976148783898925,0.09976148783898925,0.550866981,0.187468965500885,0.187468965500885
2023-05-20 20:00:00+09:00,0.002226739,0.06533206,0.015287083825168607,0.015287083825168607,0.382340078,0.09365576947109988,0.09365576947109988
2023-05-20 21:00:00+09:00,0.0,0.002226739,0.0,0.0,0.218267681,0.08626035034394836,0.08626035034394836
2023-05-20 22:00:00+09:00,0.0,0.0,0.0,0.0,0.06533206,0.020351500501928327,0.020351500501928327
2023-05-20 23:00:00+09:00,0.0,0.0,0.0,0.0,0.002226739,0.0025210218286904843,0.0025210218286904843
2023-05-21 00:00:00+09:00,0.0,0.0,0.0,0.0,0.0,0.0,0.0
2023-05-21 01:00:00+09:00,0.0,0.0,0.0,0.0,0.0,0.0,0.0
2023-05-21 02:00:00+09:00,0.0,0.0,0.0,0.0,0.0,0.0,0.0
2023-05-21 03:00:00+09:00,0.0,0.0,0.0,0.0,0.0,0.0,0.0
2023-05-21 04:00:00+09:00,0.0,0.0,0.0,0.0,0.0,0.0,0.0
2023-05-21 05:00:00+09:00,0.0,0.0,0.0,0.0,0.0,0.0,0.0
2023-05-21 06:00:00+09:00,0.009651257,0.0,0.011175684630870819,0.011175684630870819,0.0,0.010522187687456608,0.010522187687456608
2023-05-21 07:00:00+09:00,0.095770325,0.009651257,0.08145312806132507,0.08145312806132507,0.0,0.10911230742931366,0.10911230742931366
2023-05-21 08:00:00+09:00,0.249449218,0.095770325,0.20245959931106566,0.20245959931106566,0.0,0.18145033717155457,0.18145033717155457
2023-05-21 09:00:00+09:00,0.382340078,0.249449218,0.38918125101429746,0.38918125101429746,0.009651257,0.34406988163951113,0.34406988163951113
2023-05-21 10:00:00+09:00,0.53082222,0.382340078,0.4978990673460274,0.4978990673460274,0.095770325,0.4356613116809845,0.4356613116809845
2023-05-21 11:00:00+09:00,0.651091811,0.53082222,0.5983197565400314,0.5983197565400314,0.249449218,0.5361662752280884,0.5361662752280884
2023-05-21 12:00:00+09:00,0.705288121,0.651091811,0.7156341492520676,0.7156341492520676,0.382340078,0.693134938124588,0.693134938124588
2023-05-21 13:00:00+09:00,0.726818401,0.705288121,0.6934702931792222,0.6934702931792222,0.53082222,0.7217586065852356,0.7217586065852356
2023-05-21 14:00:00+09:00,0.685985607,0.726818401,0.7126632934496769,0.7126632934496769,0.651091811,0.7323951616274224,0.7323951616274224
2023-05-21 15:00:00+09:00,0.625850298,0.685985607,0.6404678233879871,0.6404678233879871,0.705288121,0.6352796642929993,0.6352796642929993
2023-05-21 16:00:00+09:00,0.523397702,0.625850298,0.5303102662092667,0.5303102662092667,0.726818401,0.5061896476955184,0.5061896476955184
2023-05-21 17:00:00+09:00,0.379371092,0.523397702,0.4222779527519722,0.4222779527519722,0.685985607,0.3797855199295349,0.3797855199295349
2023-05-21 18:00:00+09:00,0.198965167,0.379371092,0.30545601276396944,0.30545601276396944,0.625850298,0.4028272410160523,0.4028272410160523
2023-05-21 19:00:00+09:00,0.058649789,0.198965167,0.12475093205184173,0.12475093205184173,0.523397702,0.3463359952186127,0.3463359952186127
2023-05-21 20:00:00+09:00,0.001484493,0.058649789,0.01533074250265503,0.01533074250265503,0.379371092,0.1328699740552826,0.1328699740552826
2023-05-21 21:00:00+09:00,0.0,0.001484493,0.0014581989279141248,0.0014581989279141248,0.198965167,0.07533122350186539,0.07533122350186539
2023-05-21 22:00:00+09:00,0.0,0.0,0.0020912555046379566,0.0020912555046379566,0.058649789,0.019341512972558976,0.019341512972558976
2023-05-21 23:00:00+09:00,0.0,0.0,0.0020912555046379566,0.0020912555046379566,0.001484493,0.00550507495322752,0.00550507495322752
2023-05-22 00:00:00+09:00,0.0,0.0,0.0003005281905643642,0.0003005281905643642,0.0,0.0009897334966808558,0.0009897334966808558
2023-05-22 01:00:00+09:00,0.0,0.0,0.0003005281905643642,0.0003005281905643642,0.0,0.0009897334966808558,0.0009897334966808558
2023-05-22 02:00:00+09:00,0.0,0.0,0.0003005281905643642,0.0003005281905643642,0.0,0.0009897334966808558,0.0009897334966808558
2023-05-22 03:00:00+09:00,0.0,0.0,0.0003005281905643642,0.0003005281905643642,0.0,0.0009897334966808558,0.0009897334966808558
2023-05-22 04:00:00+09:00,0.0,0.0,0.0003005281905643642,0.0003005281905643642,0.0,0.0009897334966808558,0.0009897334966808558
2023-05-22 05:00:00+09:00,0.0,0.0,0.0003005281905643642,0.0003005281905643642,0.0,0.0009897334966808558,0.0009897334966808558
2023-05-22 06:00:00+09:00,0.008909011,0.0,0.013466240838170052,0.013466240838170052,0.0,0.02369842305779457,0.02369842305779457
2023-05-22 07:00:00+09:00,0.080180069,0.008909011,0.06466058056911086,0.06466058056911086,0.0,0.07327330112457275,0.07327330112457275
2023-05-22 08:00:00+09:00,0.201935179,0.080180069,0.21623515108274843,0.21623515108274843,0.0,0.21516135334968567,0.21516135334968567
2023-05-22 09:00:00+09:00,0.213813176,0.201935179,0.3581144878912964,0.3581144878912964,0.008909011,0.361549311989151,0.361549311989151
2023-05-22 10:00:00+09:00,0.291024259,0.213813176,0.3926701150773773,0.3926701150773773,0.080180069,0.588773270637268,0.588773270637268
2023-05-22 11:00:00+09:00,0.264297227,0.291024259,0.35194470238583947,0.35194470238583947,0.201935179,0.5455542872000733,0.5455542872000733
2023-05-22 12:00:00+09:00,0.150708881,0.264297227,0.2725298382315059,0.2725298382315059,0.213813176,0.4801712833284149,0.4801712833284149
2023-05-22 13:00:00+09:00,0.118785098,0.150708881,0.14408258002059435,0.14408258002059435,0.291024259,0.439907452731308,0.439907452731308
2023-05-22 14:00:00+09:00,0.107649348,0.118785098,0.092847952424119,0.092847952424119,0.264297227,0.2500574249747415,0.2500574249747415
2023-05-22 15:00:00+09:00,0.196738427,0.107649348,0.07907205007405091,0.07907205007405091,0.150708881,0.09616258812876319,0.09616258812876319
2023-05-22 16:00:00+09:00,0.090573573,0.196738427,0.08805919946904373,0.08805919946904373,0.118785098,0.0,0.0
2023-05-22 17:00:00+09:00,0.117300605,0.090573573,0.03538171712236214,0.03538171712236214,0.107649348,0.0,0.0
2023-05-22 18:00:00+09:00,0.058649789,0.117300605,0.0,0.0,0.196738427,0.0,0.0
2023-05-22 19:00:00+09:00,0.023014773,0.058649789,0.0,0.0,0.090573573,0.0,0.0
2023-05-22 20:00:00+09:00,0.0,0.023014773,0.0,0.0,0.117300605,0.0,0.0
2023-05-22 21:00:00+09:00,0.0,0.0,0.0,0.0,0.058649789,0.0,0.0
2023-05-22 22:00:00+09:00,0.0,0.0,0.0008916195947676897,0.0008916195947676897,0.023014773,0.0,0.0
2023-05-22 23:00:00+09:00,0.0,0.0,0.0008916195947676897,0.0008916195947676897,0.0,0.0007781413733027875,0.0007781413733027875
2023-05-23 00:00:00+09:00,0.0,0.0,0.0008215833804570138,0.0008215833804570138,0.0,0.00166406633798033,0.00166406633798033
2023-05-23 01:00:00+09:00,0.0,0.0,0.0008215833804570138,0.0008215833804570138,0.0,0.00166406633798033,0.00166406633798033
2023-05-23 02:00:00+09:00,0.0,0.0,0.0008215833804570138,0.0008215833804570138,0.0,0.00166406633798033,0.00166406633798033
2023-05-23 03:00:00+09:00,0.0,0.0,0.0008215833804570138,0.0008215833804570138,0.0,0.00166406633798033,0.00166406633798033
2023-05-23 04:00:00+09:00,0.0,0.0,0.0008215833804570138,0.0008215833804570138,0.0,0.00166406633798033,0.00166406633798033
2023-05-23 05:00:00+09:00,0.0,0.0,0.0008215833804570138,0.0008215833804570138,0.0,0.00166406633798033,0.00166406633798033
2023-05-23 06:00:00+09:00,0.010393504,0.0,0.00834219716489315,0.00834219716489315,0.0,0.021518738940358162,0.021518738940358162
2023-05-23 07:00:00+09:00,0.105421582,0.010393504,0.08325795451431656,0.08325795451431656,0.0,0.09259612113237381,0.09259612113237381
2023-05-23 08:00:00+09:00,0.265039474,0.105421582,0.26419840170596315,0.26419840170596315,0.0,0.31463292241096497,0.31463292241096497
2023-05-23 09:00:00+09:00,0.451384397,0.265039474,0.38984801643040085,0.38984801643040085,0.010393504,0.24797450373201751,0.24797450373201751
2023-05-23 10:00:00+09:00,0.610260043,0.451384397,0.5763303877412529,0.5763303877412529,0.105421582,0.46552790118907167,0.46552790118907167
2023-05-23 11:00:00+09:00,0.715681625,0.610260043,0.6678235639679604,0.6678235639679604,0.265039474,0.5241155924692382,0.5241155924692382
2023-05-23 12:00:00+09:00,0.762453417,0.715681625,0.7822660705361366,0.7822660705361366,0.451384397,0.6460103856026382,0.6460103856026382
2023-05-23 13:00:00+09:00,0.730529633,0.762453417,0.7442391949562474,0.7442391949562474,0.610260043,0.7570250366676026,0.7570250366676026
2023-05-23 14:00:00+09:00,0.752059914,0.730529633,0.6883963873828487,0.6883963873828487,0.715681625,0.7743779881212711,0.7743779881212711
2023-05-23 15:00:00+09:00,0.651835084,0.752059914,0.7379968946945324,0.7379968946945324,0.762453417,0.7279366838602467,0.7279366838602467
2023-05-23 16:00:00+09:00,0.550866981,0.651835084,0.6240839437035408,0.6240839437035408,0.730529633,0.6691002628053264,0.6691002628053264
2023-05-23 17:00:00+09:00,0.393476855,0.550866981,0.41366489693551634,0.41366489693551634,0.752059914,0.47354368103262334,0.47354368103262334
2023-05-23 18:00:00+09:00,0.216040942,0.393476855,0.2912912256917763,0.2912912256917763,0.651835084,0.35716238621748353,0.35716238621748353
2023-05-23 19:00:00+09:00,0.069044319,0.216040942,0.10830123268231584,0.10830123268231584,0.550866981,0.16251464650064085,0.16251464650064085
2023-05-23 20:00:00+09:00,0.002970012,0.069044319,0.038391497936004645,0.038391497936004645,0.393476855,0.19435275717590333,0.19435275717590333
2023-05-23 21:00:00+09:00,0.0,0.002970012,0.0,0.0,0.216040942,0.05288605682715608,0.05288605682715608
2023-05-23 22:00:00+09:00,0.0,0.0,0.0,0.0,0.069044319,0.006867715176099784,0.006867715176099784
2023-05-23 23:00:00+09:00,0.0,0.0,0.0,0.0,0.002970012,0.0,0.0
2023-05-24 00:00:00+09:00,0.0,0.0,0.0009949903469532728,0.0009949903469532728,0.0,0.0023204819299280643,0.0023204819299280643
2023-05-24 01:00:00+09:00,0.0,0.0,0.0009949903469532728,0.0009949903469532728,0.0,0.0023204819299280643,0.0023204819299280643
2023-05-24 02:00:00+09:00,0.0,0.0,0.0009949903469532728,0.0009949903469532728,0.0,0.0023204819299280643,0.0023204819299280643
2023-05-24 03:00:00+09:00,0.0,0.0,0.0009949903469532728,0.0009949903469532728,0.0,0.0023204819299280643,0.0023204819299280643
2023-05-24 04:00:00+09:00,0.0,0.0,0.0009949903469532728,0.0009949903469532728,0.0,0.0023204819299280643,0.0023204819299280643
2023-05-24 05:00:00+09:00,0.0,0.0,0.0009949903469532728,0.0009949903469532728,0.0,0.0023204819299280643,0.0023204819299280643
2023-05-24 06:00:00+09:00,0.013363516,0.0,0.012576358392834663,0.012576358392834663,0.0,0.00833576638251543,0.00833576638251543
2023-05-24 07:00:00+09:00,0.124725122,0.013363516,0.07664806213685608,0.07664806213685608,0.0,0.07156427949666977,0.07156427949666977
2023-05-24 08:00:00+09:00,0.280630755,0.124725122,0.19044248386742782,0.19044248386742782,0.0,0.05632175877690315,0.05632175877690315
2023-05-24 09:00:00+09:00,0.317008018,0.280630755,0.42360718803871156,0.42360718803871156,0.013363516,0.38184184398957827,0.38184184398957827
2023-05-24 10:00:00+09:00,0.551609227,0.317008018,0.4572355742286377,0.4572355742286377,0.124725122,0.5662027187597961,0.5662027187597961
2023-05-24 11:00:00+09:00,0.642183827,0.551609227,0.6565373703224678,0.6565373703224678,0.280630755,0.6955600853489685,0.6955600853489685
2023-05-24 12:00:00+09:00,0.764681183,0.642183827,0.7186885045341034,0.7186885045341034,0.317008018,0.5966548914741211,0.5966548914741211
2023-05-24 13:00:00+09:00,0.659258575,0.764681183,0.8036525027946548,0.8036525027946548,0.551609227,0.7534826039655228,0.7534826039655228
2023-05-24 14:00:00+09:00,0.67633435,0.659258575,0.5719522170798301,0.5719522170798301,0.642183827,0.7216008694342155,0.7216008694342155
2023-05-24 15:00:00+09:00,0.410551603,0.67633435,0.5356514142852783,0.5356514142852783,0.764681183,0.604024894733818,0.604024894733818
2023-05-24 16:00:00+09:00,0.207131931,0.410551603,0.28708801702721404,0.28708801702721404,0.659258575,0.3880811937229156,0.3880811937229156
2023-05-24 17:00:00+09:00,0.239797961,0.207131931,0.10626314710879897,0.10626314710879897,0.67633435,0.3661276387077331,0.3661276387077331
2023-05-24 18:00:00+09:00,0.144027637,0.239797961,0.0958802067075119,0.0958802067075119,0.410551603,0.0,0.0
2023-05-24 19:00:00+09:00,0.05419631,0.144027637,0.06448391979447554,0.06448391979447554,0.207131931,0.0,0.0
2023-05-24 20:00:00+09:00,0.004454505,0.05419631,0.005101092861471174,0.005101092861471174,0.239797961,0.0,0.0
2023-05-24 21:00:00+09:00,0.0,0.004454505,0.0008799862803119422,0.0008799862803119422,0.144027637,0.0,0.0
2023-05-24 22:00:00+09:00,0.0,0.0,0.0,0.0,0.05419631,0.001077831493196485,0.001077831493196485
2023-05-24 23:00:00+09:00,0.0,0.0,0.0,0.0,0.004454505,0.0,0.0
2023-05-25 00:00:00+09:00,0.0,0.0,0.0,0.0,0.0,0.00029550757608376443,0.00029550757608376443
2023-05-25 01:00:00+09:00,0.0,0.0,0.0,0.0,0.0,0.00029550757608376443,0.00029550757608376443
2023-05-25 02:00:00+09:00,0.0,0.0,0.0,0.0,0.0,0.00029550757608376443,0.00029550757608376443
2023-05-25 03:00:00+09:00,0.0,0.0,0.0,0.0,0.0,0.00029550757608376443,0.00029550757608376443
2023-05-25 04:00:00+09:00,0.0,0.0,0.0,0.0,0.0,0.00029550757608376443,0.00029550757608376443
2023-05-25 05:00:00+09:00,0.0,0.0,0.0,0.0,0.0,0.00029550757608376443,0.00029550757608376443
2023-05-25 06:00:00+09:00,0.0,0.0,0.003670228412374854,0.003670228412374854,0.0,0.00858373660594225,0.00858373660594225
2023-05-25 07:00:00+09:00,0.038605028,0.0,0.0756915733218193,0.0756915733218193,0.0,0.10461064428091049,0.10461064428091049
2023-05-25 08:00:00+09:00,0.198965167,0.038605028,0.1722429480220108,0.1722429480220108,0.0,0.20023152232170105,0.20023152232170105
2023-05-25 09:00:00+09:00,0.348189555,0.198965167,0.325003301098053,0.325003301098053,0.0,0.23473572731018066,0.23473572731018066
2023-05-25 10:00:00+09:00,0.602093279,0.348189555,0.492791913341217,0.492791913341217,0.038605028,0.4214664634133606,0.4214664634133606
2023-05-25 11:00:00+09:00,0.683757841,0.602093279,0.68858671152182,0.68858671152182,0.198965167,0.4955163945695801,0.4955163945695801
2023-05-25 12:00:00+09:00,0.772104674,0.683757841,0.7500470572799836,0.7500470572799836,0.348189555,0.5335626824604798,0.5335626824604798
2023-05-25 13:00:00+09:00,0.797347213,0.772104674,0.7869448000375977,0.7869448000375977,0.602093279,0.785533368225769,0.785533368225769
2023-05-25 14:00:00+09:00,0.772846921,0.797347213,0.8008089243415152,0.8008089243415152,0.683757841,0.7300371521801148,0.7300371521801148
2023-05-25 15:00:00+09:00,0.705288121,0.772846921,0.722616511049982,0.722616511049982,0.772104674,0.6254929089729538,0.6254929089729538
2023-05-25 16:00:00+09:00,0.587987516,0.705288121,0.6430635093600235,0.6430635093600235,0.797347213,0.6879899528324013,0.6879899528324013
2023-05-25 17:00:00+09:00,0.424657365,0.587987516,0.4654400459668312,0.4654400459668312,0.772846921,0.5052592890591583,0.5052592890591583
2023-05-25 18:00:00+09:00,0.180404899,0.424657365,0.3347525947449112,0.3347525947449112,0.705288121,0.3791686086804352,0.3791686086804352
2023-05-25 19:00:00+09:00,0.055680803,0.180404899,0.07595595466978455,0.07595595466978455,0.587987516,0.21654394633981322,0.21654394633981322
2023-05-25 20:00:00+09:00,0.000742246,0.055680803,0.012352160154846192,0.012352160154846192,0.424657365,0.1925784402248764,0.1925784402248764
2023-05-25 21:00:00+09:00,0.0,0.000742246,0.0006469685865069777,0.0006469685865069777,0.180404899,0.047767830370735176,0.047767830370735176
2023-05-25 22:00:00+09:00,0.0,0.0,0.0023845445830374956,0.0023845445830374956,0.055680803,0.021510425000455857,0.021510425000455857
2023-05-25 23:00:00+09:00,0.0,0.0,0.0023845445830374956,0.0023845445830374956,0.000742246,0.008256149081417084,0.008256149081417084
2023-05-26 00:00:00+09:00,0.0,0.0,0.0,0.0,0.0,0.0,0.0
2023-05-26 01:00:00+09:00,0.0,0.0,0.0,0.0,0.0,0.0,0.0
2023-05-26 02:00:00+09:00,0.0,0.0,0.0,0.0,0.0,0.0,0.0
2023-05-26 03:00:00+09:00,0.0,0.0,0.0,0.0,0.0,0.0,0.0
2023-05-26 04:00:00+09:00,0.0,0.0,0.0,0.0,0.0,0.0,0.0
2023-05-26 05:00:00+09:00,0.0,0.0,0.0,0.0,0.0,0.0,0.0
2023-05-26 06:00:00+09:00,0.0,0.0,3.9482263673562557e-05,3.9482263673562557e-05,0.0,0.0,0.0
2023-05-26 07:00:00+09:00,0.063104294,0.0,0.05514940246939659,0.05514940246939659,0.0,0.06208505481481552,0.06208505481481552
2023-05-26 08:00:00+09:00,0.187829417,0.063104294,0.187102094052166,0.187102094052166,0.0,0.1667819619178772,0.1667819619178772
2023-05-26 09:00:00+09:00,0.385310091,0.187829417,0.3085918769337578,0.3085918769337578,0.0,0.2419845312833786,0.2419845312833786
2023-05-26 10:00:00+09:00,0.464747913,0.385310091,0.48548153780023195,0.48548153780023195,0.063104294,0.4351271612027588,0.4351271612027588
2023-05-26 11:00:00+09:00,0.53082222,0.464747913,0.4840825459033375,0.4840825459033375,0.187829417,0.36012987495440674,0.36012987495440674
2023-05-26 12:00:00+09:00,0.564230497,0.53082222,0.5499197437637758,0.5499197437637758,0.385310091,0.5233798547796402,0.5233798547796402
2023-05-26 13:00:00+09:00,0.517458704,0.564230497,0.5356045560959788,0.5356045560959788,0.464747913,0.5183852685660248,0.5183852685660248
2023-05-26 14:00:00+09:00,0.378628846,0.517458704,0.38155813205767064,0.38155813205767064,0.53082222,0.4448120619380188,0.4448120619380188
2023-05-26 15:00:00+09:00,0.164072397,0.378628846,0.202003326009079,0.202003326009079,0.564230497,0.21881895792224126,0.21881895792224126
2023-05-26 16:00:00+09:00,0.077210057,0.164072397,0.10713850224654389,0.10713850224654389,0.517458704,0.2279099493079224,0.2279099493079224
2023-05-26 17:00:00+09:00,0.055680803,0.077210057,0.026295896092731474,0.026295896092731474,0.378628846,0.17835670311288454,0.17835670311288454
2023-05-26 18:00:00+09:00,0.034150523,0.055680803,0.0,0.0,0.164072397,0.0,0.0
2023-05-26 19:00:00+09:00,0.008166764,0.034150523,0.0,0.0,0.077210057,0.0,0.0
2023-05-26 20:00:00+09:00,0.0,0.008166764,0.0,0.0,0.055680803,0.0,0.0
2023-05-26 21:00:00+09:00,0.0,0.0,0.0,0.0,0.034150523,0.0,0.0
2023-05-26 22:00:00+09:00,0.0,0.0,0.0011237792205065489,0.0011237792205065489,0.008166764,0.0,0.0
2023-05-26 23:00:00+09:00,0.0,0.0,0.0011237792205065489,0.0011237792205065489,0.0,0.008007477037608624,0.008007477037608624
2023-05-27 00:00:00+09:00,0.0,0.0,0.0,0.0,0.0,0.0,0.0
2023-05-27 01:00:00+09:00,0.0,0.0,0.0,0.0,0.0,0.0,0.0
2023-05-27 02:00:00+09:00,0.0,0.0,0.0,0.0,0.0,0.0,0.0
2023-05-27 03:00:00+09:00,0.0,0.0,0.0,0.0,0.0,0.0,0.0
2023-05-27 04:00:00+09:00,0.0,0.0,0.0,0.0,0.0,0.0,0.0
2023-05-27 05:00:00+09:00,0.0,0.0,0.0,0.0,0.0,0.0,0.0
2023-05-27 06:00:00+09:00,0.002226739,0.0,0.0,0.0,0.0,0.0,0.0
2023-05-27 07:00:00+09:00,0.017075775,0.002226739,0.046484960983909605,0.046484960983909605,0.0,0.046687450259923935,0.046687450259923935
2023-05-27 08:00:00+09:00,0.055680803,0.017075775,0.06580220330014229,0.06580220330014229,0.0,0.053115107119083405,0.053115107119083405
2023-05-27 09:00:00+09:00,0.209359697,0.055680803,0.18685271495487976,0.18685271495487976,0.002226739,0.25225466377607725,0.25225466377607725
2023-05-27 10:00:00+09:00,0.413521615,0.209359697,0.3421268676676483,0.3421268676676483,0.017075775,0.349025694462204,0.349025694462204
2023-05-27 11:00:00+09:00,0.475141417,0.413521615,0.5405973765566254,0.5405973765566254,0.055680803,0.4765593921532898,0.4765593921532898
2023-05-27 12:00:00+09:00,0.697863603,0.475141417,0.5599806939694328,0.5599806939694328,0.209359697,0.4875559722342224,0.4875559722342224
2023-05-27 13:00:00+09:00,0.564230497,0.697863603,0.691302023817256,0.691302023817256,0.413521615,0.44212067420922757,0.44212067420922757
2023-05-27 14:00:00+09:00,0.725332882,0.564230497,0.604329145518324,0.604329145518324,0.475141417,0.5526783873769684,0.5526783873769684
2023-05-27 15:00:00+09:00,0.52191321,0.725332882,0.6853495796451874,0.6853495796451874,0.697863603,0.6611646804850846,0.6611646804850846
2023-05-27 16:00:00+09:00,0.518943197,0.52191321,0.44227487787147524,0.44227487787147524,0.564230497,0.4766173763249131,0.4766173763249131
2023-05-27 17:00:00+09:00,0.264297227,0.518943197,0.39792539076802447,0.39792539076802447,0.725332882,0.5060078759918518,0.5060078759918518
2023-05-27 18:00:00+09:00,0.199707413,0.264297227,0.19798124078393176,0.19798124078393176,0.52191321,0.29838330491920473,0.29838330491920473
2023-05-27 19:00:00+09:00,0.051968544,0.199707413,0.11705631194723892,0.11705631194723892,0.518943197,0.34036926077601626,0.34036926077601626
2023-05-27 20:00:00+09:00,0.002226739,0.051968544,0.023415257432669638,0.023415257432669638,0.264297227,0.08255026731372073,0.08255026731372073
2023-05-27 21:00:00+09:00,0.0,0.002226739,0.0,0.0,0.199707413,0.06770008234394836,0.06770008234394836
2023-05-27 22:00:00+09:00,0.0,0.0,0.0,0.0,0.051968544,0.006987984501928328,0.006987984501928328
2023-05-27 23:00:00+09:00,0.0,0.0,0.0,0.0,0.002226739,0.0025210218286904843,0.0025210218286904843
2023-05-28 00:00:00+09:00,0.0,0.0,0.0,0.0,0.0,0.0,0.0
2023-05-28 01:00:00+09:00,0.0,0.0,0.0,0.0,0.0,0.0,0.0
2023-05-28 02:00:00+09:00,0.0,0.0,0.0,0.0,0.0,0.0,0.0
2023-05-28 03:00:00+09:00,0.0,0.0,0.0,0.0,0.0,0.0,0.0
2023-05-28 04:00:00+09:00,0.0,0.0,0.0,0.0,0.0,0.0,0.0
2023-05-28 05:00:00+09:00,0.0,0.0,0.0,0.0,0.0,0.0,0.0
2023-05-28 06:00:00+09:00,0.0,0.0,0.0018052066443488002,0.0018052066443488002,0.0,0.0,0.0
2023-05-28 07:00:00+09:00,0.002970012,0.0,0.022612033411860466,0.022612033411860466,0.0,0.012967700138688087,0.012967700138688087
2023-05-28 08:00:00+09:00,0.020787007,0.002970012,0.04470728906074715,0.04470728906074715,0.0,0.02858736552298069,0.02858736552298069
2023-05-28 09:00:00+09:00,0.040832794,0.020787007,0.0784097563584156,0.0784097563584156,0.0,0.23529787361621857,0.23529787361621857
2023-05-28 10:00:00+09:00,0.063104294,0.040832794,0.12138626604208375,0.12138626604208375,0.002970012,0.17966622309962463,0.17966622309962463
2023-05-28 11:00:00+09:00,0.085376821,0.063104294,0.11313078155908013,0.11313078155908013,0.020787007,0.22126874962046814,0.22126874962046814
2023-05-28 12:00:00+09:00,0.15442114,0.085376821,0.14103130577864265,0.14103130577864265,0.040832794,0.4251840475095215,0.4251840475095215
2023-05-28 13:00:00+09:00,0.112846099,0.15442114,0.17820862171031476,0.17820862171031476,0.063104294,0.24392551904711152,0.24392551904711152
2023-05-28 14:00:00+09:00,0.111361606,0.112846099,0.098690991449677,0.098690991449677,0.085376821,0.16668017162742232,0.16668017162742232
2023-05-28 15:00:00+09:00,0.101710349,0.111361606,0.08074649977498627,0.08074649977498627,0.15442114,0.07182476346172334,0.07182476346172334
2023-05-28 16:00:00+09:00,0.060135309,0.101710349,0.0,0.0,0.112846099,0.0,0.0
2023-05-28 17:00:00+09:00,0.035636043,0.060135309,0.0,0.0,0.111361606,0.0,0.0
2023-05-28 18:00:00+09:00,0.01262127,0.035636043,0.0,0.0,0.101710349,0.0,0.0
2023-05-28 19:00:00+09:00,0.001484493,0.01262127,0.0,0.0,0.060135309,0.0,0.0
2023-05-28 20:00:00+09:00,0.0,0.001484493,0.0,0.0,0.035636043,0.0,0.0
2023-05-28 21:00:00+09:00,0.0,0.0,0.0,0.0,0.01262127,0.0,0.0
2023-05-28 22:00:00+09:00,0.0,0.0,0.0020912555046379566,0.0020912555046379566,0.001484493,0.0,0.0
2023-05-28 23:00:00+09:00,0.0,0.0,0.0020912555046379566,0.0020912555046379566,0.0,0.00402058195322752,0.00402058195322752
2023-05-29 00:00:00+09:00,0.0,0.0,0.0003005281905643642,0.0003005281905643642,0.0,0.0009897334966808558,0.0009897334966808558
2023-05-29 01:00:00+09:00,0.0,0.0,0.0003005281905643642,0.0003005281905643642,0.0,0.0009897334966808558,0.0009897334966808558
2023-05-29 02:00:00+09:00,0.0,0.0,0.0003005281905643642,0.0003005281905643642,0.0,0.0009897334966808558,0.0009897334966808558
2023-05-29 03:00:00+09:00,0.0,0.0,0.0003005281905643642,0.0003005281905643642,0.0,0.0009897334966808558,0.0009897334966808558
2023-05-29 04:00:00+09:00,0.0,0.0,0.0003005281905643642,0.0003005281905643642,0.0,0.0009897334966808558,0.0009897334966808558
2023-05-29 05:00:00+09:00,0.0,0.0,0.0003005281905643642,0.0003005281905643642,0.0,0.0009897334966808558,0.0009897334966808558
2023-05-29 06:00:00+09:00,0.0,0.0,0.00158044439740479,0.00158044439740479,0.0,0.0019404442282393575,0.0019404442282393575
2023-05-29 07:00:00+09:00,0.0,0.0,0.03461132198572159,0.03461132198572159,0.0,0.04332905262708664,0.04332905262708664
2023-05-29 08:00:00+09:00,0.008909011,0.0,0.05555326119065285,0.05555326119065285,0.0,0.07230424135923386,0.07230424135923386
2023-05-29 09:00:00+09:00,0.047514039,0.008909011,0.07166508745511627,0.07166508745511627,0.0,0.2111131101846695,0.2111131101846695
2023-05-29 10:00:00+09:00,0.050484051,0.047514039,0.1301738572320595,0.1301738572320595,0.0,0.26202481985092163,0.26202481985092163
2023-05-29 11:00:00+09:00,0.055680803,0.050484051,0.14861932862889862,0.14861932862889862,0.008909011,0.31211074601968386,0.31211074601968386
2023-05-29 12:00:00+09:00,0.028953771,0.055680803,0.062105632829484225,0.062105632829484225,0.047514039,0.21617628904196168,0.21617628904196168
2023-05-29 13:00:00+09:00,0.019302514,0.028953771,0.028892462093120724,0.028892462093120724,0.050484051,0.12548113335263825,0.12548113335263825
2023-05-29 14:00:00+09:00,0.025984785,0.019302514,0.0,0.0,0.055680803,0.03846053311136055,0.03846053311136055
2023-05-29 15:00:00+09:00,0.047514039,0.025984785,0.0,0.0,0.028953771,0.0,0.0
2023-05-29 16:00:00+09:00,0.029696018,0.047514039,0.05114544127273107,0.05114544127273107,0.019302514,0.05806532929664993,0.05806532929664993
2023-05-29 17:00:00+09:00,0.040832794,0.029696018,0.0,0.0,0.025984785,0.0,0.0
2023-05-29 18:00:00+09:00,0.002970012,0.040832794,0.0,0.0,0.047514039,0.0,0.0
2023-05-29 19:00:00+09:00,0.008166764,0.002970012,0.0,0.0,0.029696018,0.0,0.0
2023-05-29 20:00:00+09:00,0.0,0.008166764,0.0,0.0,0.040832794,0.0,0.0
2023-05-29 21:00:00+09:00,0.0,0.0,0.0,0.0,0.002970012,0.0,0.0
2023-05-29 22:00:00+09:00,0.0,0.0,0.0008916195947676897,0.0008916195947676897,0.008166764,0.0,0.0
2023-05-29 23:00:00+09:00,0.0,0.0,0.0008916195947676897,0.0008916195947676897,0.0,0.0007781413733027875,0.0007781413733027875
2023-05-30 00:00:00+09:00,0.0,0.0,0.0008215833804570138,0.0008215833804570138,0.0,0.00166406633798033,0.00166406633798033
2023-05-30 01:00:00+09:00,0.0,0.0,0.0008215833804570138,0.0008215833804570138,0.0,0.00166406633798033,0.00166406633798033
2023-05-30 02:00:00+09:00,0.0,0.0,0.0008215833804570138,0.0008215833804570138,0.0,0.00166406633798033,0.00166406633798033
2023-05-30 03:00:00+09:00,0.0,0.0,0.0008215833804570138,0.0008215833804570138,0.0,0.00166406633798033,0.00166406633798033
2023-05-30 04:00:00+09:00,0.0,0.0,0.0008215833804570138,0.0008215833804570138,0.0,0.00166406633798033,0.00166406633798033
2023-05-30 05:00:00+09:00,0.0,0.0,0.0008215833804570138,0.0008215833804570138,0.0,0.00166406633798033,0.00166406633798033
2023-05-30 06:00:00+09:00,0.002970012,0.0,0.0021747713908553123,0.0021747713908553123,0.0,0.0027867977041751146,0.0027867977041751146
2023-05-30 07:00:00+09:00,0.040090548,0.002970012,0.032625824308192254,0.032625824308192254,0.0,0.02088315226137638,0.02088315226137638
2023-05-30 08:00:00+09:00,0.118042851,0.040090548,0.12123095442976761,0.12123095442976761,0.0,0.1194261759519577,0.1194261759519577
2023-05-30 09:00:00+09:00,0.117300605,0.118042851,0.15707733681695557,0.15707733681695557,0.002970012,0.17042246656695556,0.17042246656695556
2023-05-30 10:00:00+09:00,0.077210057,0.117300605,0.21002277505491257,0.21002277505491257,0.040090548,0.30239577790226746,0.30239577790226746
2023-05-30 11:00:00+09:00,0.15664788,0.077210057,0.13208828441270065,0.13208828441270065,0.118042851,0.20572103014485932,0.20572103014485932
2023-05-30 12:00:00+09:00,0.126951862,0.15664788,0.1489350184769678,0.1489350184769678,0.117300605,0.17292004224751473,0.17292004224751473
2023-05-30 13:00:00+09:00,0.217525435,0.126951862,0.16863706322766495,0.16863706322766495,0.077210057,0.1972102405823059,0.1972102405823059
2023-05-30 14:00:00+09:00,0.108391594,0.217525435,0.20750173585796117,0.20750173585796117,0.15664788,0.19777376241696357,0.19777376241696357
2023-05-30 15:00:00+09:00,0.262812734,0.108391594,0.09916491885467195,0.09916491885467195,0.126951862,0.1378158376217599,0.1378158376217599
2023-05-30 16:00:00+09:00,0.406840371,0.262812734,0.25795922183951997,0.25795922183951997,0.217525435,0.20693854460799455,0.20693854460799455
2023-05-30 17:00:00+09:00,0.15442114,0.406840371,0.2658193279377899,0.2658193279377899,0.108391594,0.03606356293692016,0.03606356293692016
2023-05-30 18:00:00+09:00,0.074241071,0.15442114,0.08324701015628816,0.08324701015628816,0.262812734,0.025122940890106193,0.025122940890106193
2023-05-30 19:00:00+09:00,0.022272527,0.074241071,0.0,0.0,0.406840371,0.1590334493987045,0.1590334493987045
2023-05-30 20:00:00+09:00,0.000742246,0.022272527,0.0,0.0,0.15442114,0.0,0.0
2023-05-30 21:00:00+09:00,0.0,0.000742246,0.0,0.0,0.074241071,0.0,0.0
2023-05-30 22:00:00+09:00,0.0,0.0,0.0,0.0,0.022272527,0.0,0.0
2023-05-30 23:00:00+09:00,0.0,0.0,0.0,0.0,0.000742246,0.0,0.0
2023-05-31 00:00:00+09:00,0.0,0.0,0.0009949903469532728,0.0009949903469532728,0.0,0.0023204819299280643,0.0023204819299280643
2023-05-31 01:00:00+09:00,0.0,0.0,0.0009949903469532728,0.0009949903469532728,0.0,0.0023204819299280643,0.0023204819299280643
2023-05-31 02:00:00+09:00,0.0,0.0,0.0009949903469532728,0.0009949903469532728,0.0,0.0023204819299280643,0.0023204819299280643
2023-05-31 03:00:00+09:00,0.0,0.0,0.0009949903469532728,0.0009949903469532728,0.0,0.0023204819299280643,0.0023204819299280643
2023-05-31 04:00:00+09:00,0.0,0.0,0.0009949903469532728,0.0009949903469532728,0.0,0.0023204819299280643,0.0023204819299280643
2023-05-31 05:00:00+09:00,0.0,0.0,0.0009949903469532728,0.0009949903469532728,0.0,0.0023204819299280643,0.0023204819299280643
2023-05-31 06:00:00+09:00,0.000742246,0.0,0.00472355168312788,0.00472355168312788,0.0,0.0,0.0
2023-05-31 07:00:00+09:00,0.06533206,0.000742246,0.04301602074308014,0.04301602074308014,0.0,0.07356319576501846,0.07356319576501846
2023-05-31 08:00:00+09:00,0.159617892,0.06533206,0.1437285591569519,0.1437285591569519,0.0,0.1409524530172348,0.1409524530172348
2023-05-31 09:00:00+09:00,0.27617625,0.159617892,0.26744502643040846,0.26744502643040846,0.000742246,0.2222877336422882,0.2222877336422882
2023-05-31 10:00:00+09:00,0.469944665,0.27617625,0.39265112431764604,0.39265112431764604,0.06533206,0.38677481307655337,0.38677481307655337
2023-05-31 11:00:00+09:00,0.711227119,0.469944665,0.5346270294638061,0.5346270294638061,0.159617892,0.42707206914118956,0.42707206914118956
2023-05-31 12:00:00+09:00,0.760226678,0.711227119,0.7777362019133988,0.7777362019133988,0.27617625,0.5798783064079285,0.5798783064079285
2023-05-31 13:00:00+09:00,0.757998912,0.760226678,0.7684975945289998,0.7684975945289998,0.469944665,0.6677605749817276,0.6677605749817276
2023-05-31 14:00:00+09:00,0.748347655,0.757998912,0.7553206725147511,0.7553206725147511,0.711227119,0.7848122790766182,0.7848122790766182
2023-05-31 15:00:00+09:00,0.67633435,0.748347655,0.6606537998335648,0.6606537998335648,0.760226678,0.7768199461411505,0.7768199461411505
2023-05-31 16:00:00+09:00,0.567200509,0.67633435,0.6178810099166393,0.6178810099166393,0.757998912,0.5251055195563431,0.5251055195563431
2023-05-31 17:00:00+09:00,0.423915119,0.567200509,0.437028897094902,0.437028897094902,0.748347655,0.4517789930718231,0.4517789930718231
2023-05-31 18:00:00+09:00,0.233858963,0.423915119,0.31047900123171235,0.31047900123171235,0.67633435,0.3478493975502014,0.3478493975502014
2023-05-31 19:00:00+09:00,0.066816553,0.233858963,0.12135953222435761,0.12135953222435761,0.567200509,0.18765198915022274,0.18765198915022274
2023-05-31 20:00:00+09:00,0.003712259,0.066816553,0.021613657001045228,0.021613657001045228,0.423915119,0.08626818759016419,0.08626818759016419
2023-05-31 21:00:00+09:00,0.0,0.003712259,0.00013774028031194197,0.00013774028031194197,0.233858963,0.07756725464981842,0.07756725464981842
2023-05-31 22:00:00+09:00,0.0,0.0,0.0,0.0,0.066816553,0.013698074493196488,0.013698074493196488
2023-05-31 23:00:00+09:00,0.0,0.0,0.0,0.0,0.003712259,0.0,0.0
2023-06-01 00:00:00+09:00,0.0,0.0,0.0,0.0,0.0,0.0007822185289114714,0.0007822185289114714
2023-06-01 01:00:00+09:00,0.0,0.0,0.0,0.0,0.0,0.0007822185289114714,0.0007822185289114714
2023-06-01 02:00:00+09:00,0.0,0.0,0.0,0.0,0.0,0.0007822185289114714,0.0007822185289114714
2023-06-01 03:00:00+09:00,0.0,0.0,0.0,0.0,0.0,0.0007822185289114714,0.0007822185289114714
2023-06-01 04:00:00+09:00,0.0,0.0,0.0,0.0,0.0,0.0007822185289114714,0.0007822185289114714
2023-06-01 05:00:00+09:00,0.0,0.0,0.0,0.0,0.0,0.0007822185289114714,0.0007822185289114714
2023-06-01 06:00:00+09:00,0.003712259,0.0,0.0025302439462393522,0.0025302439462393522,0.0,0.0,0.0
2023-06-01 07:00:00+09:00,0.048998532,0.003712259,0.06363782263344192,0.06363782263344192,0.0,0.07681404054164886,0.07681404054164886
2023-06-01 08:00:00+09:00,0.068302073,0.048998532,0.13521371513884733,0.13521371513884733,0.0,0.09955113381147385,0.09955113381147385
2023-06-01 09:00:00+09:00,0.066816553,0.068302073,0.21875705611519625,0.21875705611519625,0.003712259,0.3388405067378845,0.3388405067378845
2023-06-01 10:00:00+09:00,0.282115248,0.066816553,0.21313831162789154,0.21313831162789154,0.048998532,0.42455446452182005,0.42455446452182005
2023-06-01 11:00:00+09:00,0.116558358,0.282115248,0.23152250141439246,0.23152250141439246,0.068302073,0.2531011034231644,0.2531011034231644
2023-06-01 12:00:00+09:00,0.092059092,0.116558358,0.12200493171938229,0.12200493171938229,0.066816553,0.03339915302732277,0.03339915302732277
2023-06-01 13:00:00+09:00,0.106907101,0.092059092,0.13173329211758805,0.13173329211758805,0.282115248,0.18948194101986693,0.18948194101986693
2023-06-01 14:00:00+09:00,0.135118626,0.106907101,0.001794041717697148,0.001794041717697148,0.116558358,0.0,0.0
2023-06-01 15:00:00+09:00,0.131406367,0.135118626,0.12321480823458528,0.12321480823458528,0.092059092,0.12321012221264076,0.12321012221264076
2023-06-01 16:00:00+09:00,0.127694108,0.131406367,0.1202281901499195,0.1202281901499195,0.106907101,0.017191515887428288,0.017191515887428288
2023-06-01 17:00:00+09:00,0.087604587,0.127694108,0.0330046046878891,0.0330046046878891,0.135118626,0.0,0.0
2023-06-01 18:00:00+09:00,0.059393062,0.087604587,0.0,0.0,0.131406367,0.0,0.0
2023-06-01 19:00:00+09:00,0.013363516,0.059393062,0.0,0.0,0.127694108,0.0,0.0
2023-06-01 20:00:00+09:00,0.0,0.013363516,0.0,0.0,0.087604587,0.0,0.0
2023-06-01 21:00:00+09:00,0.0,0.0,0.0,0.0,0.059393062,0.0,0.0
2023-06-01 22:00:00+09:00,0.0,0.0,0.0019680303521454334,0.0019680303521454334,0.013363516,0.0,0.0
2023-06-01 23:00:00+09:00,0.0,0.0,0.0019680303521454334,0.0019680303521454334,0.0,0.0,0.0
2023-06-02 00:00:00+09:00,0.0,0.0,0.0007453499129042029,0.0007453499129042029,0.0,0.002956035314127803,0.002956035314127803
2023-06-02 01:00:00+09:00,0.0,0.0,0.0007453499129042029,0.0007453499129042029,0.0,0.002956035314127803,0.002956035314127803
2023-06-02 02:00:00+09:00,0.0,0.0,0.0007453499129042029,0.0007453499129042029,0.0,0.002956035314127803,0.002956035314127803
2023-06-02 03:00:00+09:00,0.0,0.0,0.0007453499129042029,0.0007453499129042029,0.0,0.002956035314127803,0.002956035314127803
2023-06-02 04:00:00+09:00,0.0,0.0,0.0007453499129042029,0.0007453499129042029,0.0,0.002956035314127803,0.002956035314127803
2023-06-02 05:00:00+09:00,0.0,0.0,0.0007453499129042029,0.0007453499129042029,0.0,0.002956035314127803,0.002956035314127803
2023-06-02 06:00:00+09:00,0.007424518,0.0,0.0064065661281347275,0.0064065661281347275,0.0,0.023890454322099686,0.023890454322099686
2023-06-02 07:00:00+09:00,0.095770325,0.007424518,0.07107824785601426,0.07107824785601426,0.0,0.07693924754858017,0.07693924754858017
2023-06-02 08:00:00+09:00,0.256130463,0.095770325,0.18119323574991225,0.18119323574991225,0.0,0.20118708908557892,0.20118708908557892
2023-06-02 09:00:00+09:00,0.438020881,0.256130463,0.3651868463713531,0.3651868463713531,0.007424518,0.2343219364989929,0.2343219364989929
2023-06-02 10:00:00+09:00,0.58724527,0.438020881,0.5786501278309402,0.5786501278309402,0.095770325,0.42872833781929015,0.42872833781929015
2023-06-02 11:00:00+09:00,0.697863603,0.58724527,0.6712685519318772,0.6712685519318772,0.256130463,0.5198434354025726,0.5198434354025726
2023-06-02 12:00:00+09:00,0.737954151,0.697863603,0.7301719840508252,0.7301719840508252,0.438020881,0.6640893777041015,0.6640893777041015
2023-06-02 13:00:00+09:00,0.724590635,0.737954151,0.7422788935928711,0.7422788935928711,0.58724527,0.7533013814549637,0.7533013814549637
2023-06-02 14:00:00+09:00,0.691182359,0.724590635,0.7016914841516113,0.7016914841516113,0.697863603,0.7214472480010539,0.7214472480010539
2023-06-02 15:00:00+09:00,0.605063291,0.691182359,0.6700276051361885,0.6700276051361885,0.737954151,0.7187285238160858,0.7187285238160858
2023-06-02 16:00:00+09:00,0.491474945,0.605063291,0.5820716337429199,0.5820716337429199,0.724590635,0.621765343545208,0.621765343545208
2023-06-02 17:00:00+09:00,0.371946575,0.491474945,0.41253193830568313,0.41253193830568313,0.691182359,0.44560344411924746,0.44560344411924746
2023-06-02 18:00:00+09:00,0.190056156,0.371946575,0.26226188416690827,0.26226188416690827,0.605063291,0.263867618249527,0.263867618249527
2023-06-02 19:00:00+09:00,0.070528812,0.190056156,0.11083767153869248,0.11083767153869248,0.491474945,0.24437162642795562,0.24437162642795562
2023-06-02 20:00:00+09:00,0.002226739,0.070528812,0.03472194004937362,0.03472194004937362,0.371946575,0.16023077244968414,0.16023077244968414
2023-06-02 21:00:00+09:00,0.0,0.002226739,0.0,0.0,0.190056156,0.0,0.0
2023-06-02 22:00:00+09:00,0.0,0.0,0.0,0.0,0.070528812,0.0,0.0
2023-06-02 23:00:00+09:00,0.0,0.0,0.0,0.0,0.002226739,0.0,0.0
2023-06-03 00:00:00+09:00,0.0,0.0,0.0008180087897926569,0.0008180087897926569,0.0,0.0030532090459018946,0.0030532090459018946
2023-06-03 01:00:00+09:00,0.0,0.0,0.0008180087897926569,0.0008180087897926569,0.0,0.0030532090459018946,0.0030532090459018946
2023-06-03 02:00:00+09:00,0.0,0.0,0.0008180087897926569,0.0008180087897926569,0.0,0.0030532090459018946,0.0030532090459018946
2023-06-03 03:00:00+09:00,0.0,0.0,0.0008180087897926569,0.0008180087897926569,0.0,0.0030532090459018946,0.0030532090459018946
2023-06-03 04:00:00+09:00,0.0,0.0,0.0008180087897926569,0.0008180087897926569,0.0,0.0030532090459018946,0.0030532090459018946
2023-06-03 05:00:00+09:00,0.0,0.0,0.0008180087897926569,0.0008180087897926569,0.0,0.0030532090459018946,0.0030532090459018946
2023-06-03 06:00:00+09:00,0.014105762,0.0,0.007276790216565132,0.007276790216565132,0.0,0.017568208277225494,0.017568208277225494
2023-06-03 07:00:00+09:00,0.122497356,0.014105762,0.07200305035225105,0.07200305035225105,0.0,0.0740339532494545,0.0740339532494545
2023-06-03 08:00:00+09:00,0.282115248,0.122497356,0.2521657854939041,0.2521657854939041,0.0,0.23399965465068817,0.23399965465068817
2023-06-03 09:00:00+09:00,0.451384397,0.282115248,0.4460084261053543,0.4460084261053543,0.014105762,0.3867286095570679,0.3867286095570679
2023-06-03 10:00:00+09:00,0.579078506,0.451384397,0.6331932263075561,0.6331932263075561,0.122497356,0.5039033055925903,0.5039033055925903
2023-06-03 11:00:00+09:00,0.572397261,0.579078506,0.5559073419045982,0.5559073419045982,0.282115248,0.5662182243221741,0.5662182243221741
2023-06-03 12:00:00+09:00,0.74166641,0.572397261,0.6661178014043198,0.6661178014043198,0.451384397,0.7266135232149811,0.7266135232149811
2023-06-03 13:00:00+09:00,0.744635396,0.74166641,0.7350698745557404,0.7350698745557404,0.579078506,0.7703387097191391,0.7703387097191391
2023-06-03 14:00:00+09:00,0.6874701,0.744635396,0.7291680121012053,0.7291680121012053,0.572397261,0.6847871682408676,0.6847871682408676
2023-06-03 15:00:00+09:00,0.67633435,0.6874701,0.5933179623628616,0.5933179623628616,0.74166641,0.6564616895028687,0.6564616895028687
2023-06-03 16:00:00+09:00,0.547154722,0.67633435,0.627425706575489,0.627425706575489,0.744635396,0.6718791279159507,0.6718791279159507
2023-06-03 17:00:00+09:00,0.414263862,0.547154722,0.42064530887686924,0.42064530887686924,0.6874701,0.4385597325111389,0.4385597325111389
2023-06-03 18:00:00+09:00,0.236085702,0.414263862,0.24462272487689207,0.24462272487689207,0.67633435,0.2634908245903015,0.2634908245903015
2023-06-03 19:00:00+09:00,0.085376821,0.236085702,0.1253238658288498,0.1253238658288498,0.547154722,0.19083428123080448,0.19083428123080448
2023-06-03 20:00:00+09:00,0.005196752,0.085376821,0.028116587091108328,0.028116587091108328,0.414263862,0.1378140326600189,0.1378140326600189
2023-06-03 21:00:00+09:00,0.0,0.005196752,0.0,0.0,0.236085702,0.038091559229232796,0.038091559229232796
2023-06-03 22:00:00+09:00,0.0,0.0,0.0,0.0,0.085376821,0.0022790129369697626,0.0022790129369697626
2023-06-03 23:00:00+09:00,0.0,0.0,0.0,0.0,0.005196752,0.0,0.0
2023-06-04 00:00:00+09:00,0.0,0.0,4.054290002386551e-06,4.054290002386551e-06,0.0,0.0,0.0
2023-06-04 01:00:00+09:00,0.0,0.0,4.054290002386551e-06,4.054290002386551e-06,0.0,0.0,0.0
2023-06-04 02:00:00+09:00,0.0,0.0,4.054290002386551e-06,4.054290002386551e-06,0.0,0.0,0.0
2023-06-04 03:00:00+09:00,0.0,0.0,4.054290002386551e-06,4.054290002386551e-06,0.0,0.0,0.0
2023-06-04 04:00:00+09:00,0.0,0.0,4.054290002386551e-06,4.054290002386551e-06,0.0,0.0,0.0
2023-06-04 05:00:00+09:00,0.0,0.0,4.054290002386551e-06,4.054290002386551e-06,0.0,0.0,0.0
2023-06-04 06:00:00+09:00,0.013363516,0.0,0.00899589341133833,0.00899589341133833,0.0,0.013204122893512249,0.013204122893512249
2023-06-04 07:00:00+09:00,0.115816112,0.013363516,0.07770927813359833,0.07770927813359833,0.0,0.08110127598047256,0.08110127598047256
2023-06-04 08:00:00+09:00,0.247222479,0.115816112,0.22803948386336517,0.22803948386336517,0.0,0.148659810423851,0.148659810423851
2023-06-04 09:00:00+09:00,0.345962816,0.247222479,0.3341890680932083,0.3341890680932083,0.013363516,0.33634332385369875,0.33634332385369875
2023-06-04 10:00:00+09:00,0.475883663,0.345962816,0.49650762331487275,0.49650762331487275,0.115816112,0.5127540485444183,0.5127540485444183
2023-06-04 11:00:00+09:00,0.596896527,0.475883663,0.5891607257737046,0.5891607257737046,0.247222479,0.5630846578024902,0.5630846578024902
2023-06-04 12:00:00+09:00,0.669652078,0.596896527,0.681452748961975,0.681452748961975,0.345962816,0.6604923541546021,0.6604923541546021
2023-06-04 13:00:00+09:00,0.690440112,0.669652078,0.6516887710216551,0.6516887710216551,0.475883663,0.5699773135794526,0.5699773135794526
2023-06-04 14:00:00+09:00,0.608032277,0.690440112,0.6858419619702215,0.6858419619702215,0.596896527,0.7236565627532501,0.7236565627532501
2023-06-04 15:00:00+09:00,0.527852208,0.608032277,0.563796991628458,0.563796991628458,0.669652078,0.6568901079493671,0.6568901079493671
2023-06-04 16:00:00+09:00,0.392734608,0.527852208,0.4392605802233772,0.4392605802233772,0.690440112,0.5234207745843048,0.5234207745843048
2023-06-04 17:00:00+09:00,0.348189555,0.392734608,0.27692798370667265,0.27692798370667265,0.608032277,0.33653842486148067,0.33653842486148067
2023-06-04 18:00:00+09:00,0.226434445,0.348189555,0.20172556478851317,0.20172556478851317,0.527852208,0.1476685410554962,0.1476685410554962
2023-06-04 19:00:00+09:00,0.069786566,0.226434445,0.10588490775854112,0.10588490775854112,0.392734608,0.0,0.0
2023-06-04 20:00:00+09:00,0.002226739,0.069786566,0.009719426434055323,0.009719426434055323,0.348189555,0.06192489702575682,0.06192489702575682
2023-06-04 21:00:00+09:00,0.0,0.002226739,0.0,0.0,0.226434445,0.05424209497005464,0.05424209497005464
2023-06-04 22:00:00+09:00,0.0,0.0,0.0,0.0,0.069786566,0.003455253939643854,0.003455253939643854
2023-06-04 23:00:00+09:00,0.0,0.0,0.0,0.0,0.002226739,0.0,0.0
2023-06-05 00:00:00+09:00,0.0,0.0,0.0,0.0,0.0,0.0,0.0
2023-06-05 01:00:00+09:00,0.0,0.0,0.0,0.0,0.0,0.0,0.0
2023-06-05 02:00:00+09:00,0.0,0.0,0.0,0.0,0.0,0.0,0.0
2023-06-05 03:00:00+09:00,0.0,0.0,0.0,0.0,0.0,0.0,0.0
2023-06-05 04:00:00+09:00,0.0,0.0,0.0,0.0,0.0,0.0,0.0
2023-06-05 05:00:00+09:00,0.0,0.0,0.0,0.0,0.0,0.0,0.0
2023-06-05 06:00:00+09:00,0.001484493,0.0,0.007155572529882193,0.007155572529882193,0.0,0.008281092159450054,0.008281092159450054
2023-06-05 07:00:00+09:00,0.080922316,0.001484493,0.06585224924752045,0.06585224924752045,0.0,0.07549646496772766,0.07549646496772766
2023-06-05 08:00:00+09:00,0.247222479,0.080922316,0.19799442140771484,0.19799442140771484,0.0,0.1814379096031189,0.1814379096031189
2023-06-05 09:00:00+09:00,0.195253935,0.247222479,0.3473329651497879,0.3473329651497879,0.001484493,0.2596951222247772,0.2596951222247772
2023-06-05 10:00:00+09:00,0.236827949,0.195253935,0.31015564157634734,0.31015564157634734,0.080922316,0.3949787422866974,0.3949787422866974
2023-06-05 11:00:00+09:00,0.358583059,0.236827949,0.3216961640244713,0.3216961640244713,0.247222479,0.5750521081828155,0.5750521081828155
2023-06-05 12:00:00+09:00,0.336311559,0.358583059,0.33498376032911203,0.33498376032911203,0.195253935,0.3613102848735428,0.3613102848735428
2023-06-05 13:00:00+09:00,0.355614073,0.336311559,0.3283754920521226,0.3283754920521226,0.236827949,0.36224112839758305,0.36224112839758305
2023-06-05 14:00:00+09:00,0.466232406,0.355614073,0.3817123876727085,0.3817123876727085,0.358583059,0.46076907573841475,0.46076907573841475
2023-06-05 15:00:00+09:00,0.429854117,0.466232406,0.42073005626569365,0.42073005626569365,0.336311559,0.3716525424206104,0.3716525424206104
2023-06-05 16:00:00+09:00,0.307356761,0.429854117,0.33041243221749494,0.33041243221749494,0.355614073,0.2723189735627632,0.2723189735627632
2023-06-05 17:00:00+09:00,0.262812734,0.307356761,0.21103919406875227,0.21103919406875227,0.466232406,0.21530388484368895,0.21530388484368895
2023-06-05 18:00:00+09:00,0.195996181,0.262812734,0.16509096359423064,0.16509096359423064,0.429854117,0.10953690823306272,0.10953690823306272
2023-06-05 19:00:00+09:00,0.072013305,0.195996181,0.0930308111794052,0.0930308111794052,0.307356761,0.0,0.0
2023-06-05 20:00:00+09:00,0.005938998,0.072013305,0.016792894772224426,0.016792894772224426,0.262812734,0.025077015511306755,0.025077015511306755
2023-06-05 21:00:00+09:00,0.0,0.005938998,0.0001450134862701893,0.0001450134862701893,0.195996181,0.02752573870492553,0.02752573870492553
2023-06-05 22:00:00+09:00,0.0,0.0,0.0007027894607745111,0.0007027894607745111,0.072013305,0.006670535973243713,0.006670535973243713
2023-06-05 23:00:00+09:00,0.0,0.0,0.0007027894607745111,0.0007027894607745111,0.005938998,0.0,0.0
2023-06-06 00:00:00+09:00,0.0,0.0,0.0002598570426926017,0.0002598570426926017,0.0,0.0,0.0
2023-06-06 01:00:00+09:00,0.0,0.0,0.0002598570426926017,0.0002598570426926017,0.0,0.0,0.0
2023-06-06 02:00:00+09:00,0.0,0.0,0.0002598570426926017,0.0002598570426926017,0.0,0.0,0.0
2023-06-06 03:00:00+09:00,0.0,0.0,0.0002598570426926017,0.0002598570426926017,0.0,0.0,0.0
2023-06-06 04:00:00+09:00,0.0,0.0,0.0002598570426926017,0.0002598570426926017,0.0,0.0,0.0
2023-06-06 05:00:00+09:00,0.0,0.0,0.0002598570426926017,0.0002598570426926017,0.0,0.0,0.0
2023-06-06 06:00:00+09:00,0.004454505,0.0,0.00311616575345397,0.00311616575345397,0.0,0.0,0.0
2023-06-06 07:00:00+09:00,0.028211525,0.004454505,0.06428607583392143,0.06428607583392143,0.0,0.07971945405006409,0.07971945405006409
2023-06-06 08:00:00+09:00,0.129921874,0.028211525,0.12725432804908754,0.12725432804908754,0.0,0.12030965089797974,0.12030965089797974
2023-06-06 09:00:00+09:00,0.338538298,0.129921874,0.30566229481832885,0.30566229481832885,0.004454505,0.28610254481781006,0.28610254481781006
2023-06-06 10:00:00+09:00,0.472171405,0.338538298,0.4905292481075745,0.4905292481075745,0.028211525,0.33793454459991457,0.33793454459991457
2023-06-06 11:00:00+09:00,0.625108052,0.472171405,0.5412135437553215,0.5412135437553215,0.129921874,0.47460450787680053,0.47460450787680053
2023-06-06 12:00:00+09:00,0.588729763,0.625108052,0.6263874755954061,0.6263874755954061,0.338538298,0.5709760725389939,0.5709760725389939
2023-06-06 13:00:00+09:00,0.716423871,0.588729763,0.6037323452222233,0.6037323452222233,0.472171405,0.6431350499813843,0.6431350499813843
2023-06-06 14:00:00+09:00,0.747605408,0.716423871,0.5966385100080452,0.5966385100080452,0.625108052,0.5740726589705486,0.5740726589705486
2023-06-06 15:00:00+09:00,0.680046609,0.747605408,0.6248010568490104,0.6248010568490104,0.588729763,0.4852867737102394,0.4852867737102394
2023-06-06 16:00:00+09:00,0.559775991,0.680046609,0.6077976285970536,0.6077976285970536,0.716423871,0.5122948903634034,0.5122948903634034
2023-06-06 17:00:00+09:00,0.408324864,0.559775991,0.39340053275949094,0.39340053275949094,0.747605408,0.4617079444398956,0.4617079444398956
2023-06-06 18:00:00+09:00,0.235343456,0.408324864,0.38802351453892137,0.38802351453892137,0.680046609,0.35308044250372317,0.35308044250372317
2023-06-06 19:00:00+09:00,0.083892328,0.235343456,0.1283144426642952,0.1283144426642952,0.559775991,0.2591480441463623,0.2591480441463623
2023-06-06 20:00:00+09:00,0.005938998,0.083892328,0.020399843609264376,0.020399843609264376,0.408324864,0.20424376079431916,0.20424376079431916
2023-06-06 21:00:00+09:00,0.0,0.005938998,0.0,0.0,0.235343456,0.08515110585084534,0.08515110585084534
2023-06-06 22:00:00+09:00,0.0,0.0,0.0,0.0,0.083892328,0.023411450242927553,0.023411450242927553
2023-06-06 23:00:00+09:00,0.0,0.0,0.0,0.0,0.005938998,0.0,0.0
2023-06-07 00:00:00+09:00,0.0,0.0,0.0,0.0,0.0,0.0,0.0
2023-06-07 01:00:00+09:00,0.0,0.0,0.0,0.0,0.0,0.0,0.0
2023-06-07 02:00:00+09:00,0.0,0.0,0.0,0.0,0.0,0.0,0.0
2023-06-07 03:00:00+09:00,0.0,0.0,0.0,0.0,0.0,0.0,0.0
2023-06-07 04:00:00+09:00,0.0,0.0,0.0,0.0,0.0,0.0,0.0
2023-06-07 05:00:00+09:00,0.0,0.0,0.0,0.0,0.0,0.0,0.0
2023-06-07 06:00:00+09:00,0.018560268,0.0,0.0026559222023934126,0.0026559222023934126,0.0,0.01673508621752262,0.01673508621752262
2023-06-07 07:00:00+09:00,0.099482583,0.018560268,0.058212216958635335,0.058212216958635335,0.0,0.05248367786407471,0.05248367786407471
2023-06-07 08:00:00+09:00,0.192283922,0.099482583,0.17632121045761873,0.17632121045761873,0.0,0.15149050951004028,0.15149050951004028
2023-06-07 09:00:00+09:00,0.400900346,0.192283922,0.2626377876234741,0.2626377876234741,0.018560268,0.25608425588928985,0.25608425588928985
2023-06-07 10:00:00+09:00,0.546412475,0.400900346,0.47629617597560503,0.47629617597560503,0.099482583,0.31268124480419923,0.31268124480419923
2023-06-07 11:00:00+09:00,0.627334791,0.546412475,0.6773381303649902,0.6773381303649902,0.192283922,0.6015723283720703,0.6015723283720703
2023-06-07 12:00:00+09:00,0.627334791,0.627334791,0.6576833191765461,0.6576833191765461,0.400900346,0.6331664293597183,0.6331664293597183
2023-06-07 13:00:00+09:00,0.656289589,0.627334791,0.6525874647749577,0.6525874647749577,0.546412475,0.6992286961179733,0.6992286961179733
2023-06-07 14:00:00+09:00,0.53082222,0.656289589,0.5747907351377144,0.5747907351377144,0.627334791,0.5785640652729187,0.5785640652729187
2023-06-07 15:00:00+09:00,0.461035655,0.53082222,0.4463885600888443,0.4463885600888443,0.627334791,0.5164880033088837,0.5164880033088837
2023-06-07 16:00:00+09:00,0.498898436,0.461035655,0.38559244678237914,0.38559244678237914,0.656289589,0.46187099475885773,0.46187099475885773
2023-06-07 17:00:00+09:00,0.347447309,0.498898436,0.417644154896389,0.417644154896389,0.53082222,0.19508880630371095,0.19508880630371095
2023-06-07 18:00:00+09:00,0.215298695,0.347447309,0.19104336510370634,0.19104336510370634,0.461035655,0.08120967552879332,0.08120967552879332
2023-06-07 19:00:00+09:00,0.064589814,0.215298695,0.09884302827913286,0.09884302827913286,0.498898436,0.07054003017152405,0.07054003017152405
2023-06-07 20:00:00+09:00,0.002226739,0.064589814,0.0007022998260154678,0.0007022998260154678,0.347447309,0.116643789512619,0.116643789512619
2023-06-07 21:00:00+09:00,0.0,0.002226739,0.0,0.0,0.215298695,0.056280357273406995,0.056280357273406995
2023-06-07 22:00:00+09:00,0.0,0.0,0.0005433284677565098,0.0005433284677565098,0.064589814,0.008913957230915065,0.008913957230915065
2023-06-07 23:00:00+09:00,0.0,0.0,0.0005433284677565098,0.0005433284677565098,0.002226739,0.0,0.0
2023-06-08 00:00:00+09:00,0.0,0.0,0.0,0.0,0.0,0.0007822185289114714,0.0007822185289114714
2023-06-08 01:00:00+09:00,0.0,0.0,0.0,0.0,0.0,0.0007822185289114714,0.0007822185289114714
2023-06-08 02:00:00+09:00,0.0,0.0,0.0,0.0,0.0,0.0007822185289114714,0.0007822185289114714
2023-06-08 03:00:00+09:00,0.0,0.0,0.0,0.0,0.0,0.0007822185289114714,0.0007822185289114714
2023-06-08 04:00:00+09:00,0.0,0.0,0.0,0.0,0.0,0.0007822185289114714,0.0007822185289114714
2023-06-08 05:00:00+09:00,0.0,0.0,0.0,0.0,0.0,0.0007822185289114714,0.0007822185289114714
2023-06-08 06:00:00+09:00,0.000742246,0.0,0.008674821816384792,0.008674821816384792,0.0,0.0,0.0
2023-06-08 07:00:00+09:00,0.048998532,0.000742246,0.030029342112966536,0.030029342112966536,0.0,0.06685531139373779,0.06685531139373779
2023-06-08 08:00:00+09:00,0.174465901,0.048998532,0.19134124845545958,0.19134124845545958,0.0,0.1860828995704651,0.1860828995704651
2023-06-08 09:00:00+09:00,0.192283922,0.174465901,0.30270003412435154,0.30270003412435154,0.000742246,0.3599119079987488,0.3599119079987488
2023-06-08 10:00:00+09:00,0.236827949,0.192283922,0.3377377028895111,0.3377377028895111,0.048998532,0.4067909690765686,0.4067909690765686
2023-06-08 11:00:00+09:00,0.515974211,0.236827949,0.30154718638718037,0.30154718638718037,0.174465901,0.4986931446618805,0.4986931446618805
2023-06-08 12:00:00+09:00,0.500382929,0.515974211,0.5562736861930236,0.5562736861930236,0.192283922,0.4816598828268738,0.4816598828268738
2023-06-08 13:00:00+09:00,0.571655015,0.500382929,0.5707478363839188,0.5707478363839188,0.236827949,0.43926648230612186,0.43926648230612186
2023-06-08 14:00:00+09:00,0.613972302,0.571655015,0.5652604624674166,0.5652604624674166,0.515974211,0.5880696945414886,0.5880696945414886
2023-06-08 15:00:00+09:00,0.587987516,0.613972302,0.5561678218049545,0.5561678218049545,0.500382929,0.5067695098770061,0.5067695098770061
2023-06-08 16:00:00+09:00,0.559033745,0.587987516,0.5084767676136169,0.5084767676136169,0.571655015,0.525010200687542,0.525010200687542
2023-06-08 17:00:00+09:00,0.4001581,0.559033745,0.4759943122359467,0.4759943122359467,0.613972302,0.38673406414218137,0.38673406414218137
2023-06-08 18:00:00+09:00,0.234601209,0.4001581,0.2795522363692284,0.2795522363692284,0.587987516,0.2701624072334442,0.2701624072334442
2023-06-08 19:00:00+09:00,0.081664562,0.234601209,0.15568388445700074,0.15568388445700074,0.559033745,0.3583349818679047,0.3583349818679047
2023-06-08 20:00:00+09:00,0.005938998,0.081664562,0.03685278795477104,0.03685278795477104,0.4001581,0.17340957390365602,0.17340957390365602
2023-06-08 21:00:00+09:00,0.0,0.005938998,0.0019112993453185559,0.0019112993453185559,0.234601209,0.0761764739307251,0.0761764739307251
2023-06-08 22:00:00+09:00,0.0,0.0,0.0019680303521454334,0.0019680303521454334,0.081664562,0.03015216789957237,0.03015216789957237
2023-06-08 23:00:00+09:00,0.0,0.0,0.0019680303521454334,0.0019680303521454334,0.005938998,0.005485432526564553,0.005485432526564553
2023-06-09 00:00:00+09:00,0.0,0.0,0.0007453499129042029,0.0007453499129042029,0.0,0.002956035314127803,0.002956035314127803
2023-06-09 01:00:00+09:00,0.0,0.0,0.0007453499129042029,0.0007453499129042029,0.0,0.002956035314127803,0.002956035314127803
2023-06-09 02:00:00+09:00,0.0,0.0,0.0007453499129042029,0.0007453499129042029,0.0,0.002956035314127803,0.002956035314127803
2023-06-09 03:00:00+09:00,0.0,0.0,0.0007453499129042029,0.0007453499129042029,0.0,0.002956035314127803,0.002956035314127803
2023-06-09 04:00:00+09:00,0.0,0.0,0.0007453499129042029,0.0007453499129042029,0.0,0.002956035314127803,0.002956035314127803
2023-06-09 05:00:00+09:00,0.0,0.0,0.0007453499129042029,0.0007453499129042029,0.0,0.002956035314127803,0.002956035314127803
2023-06-09 06:00:00+09:00,0.011879023,0.0,0.0048638926818966866,0.0048638926818966866,0.0,0.007284499239176512,0.007284499239176512
2023-06-09 07:00:00+09:00,0.10913384,0.011879023,0.07553275285601425,0.07553275285601425,0.0,0.07693924754858017,0.07693924754858017
2023-06-09 08:00:00+09:00,0.262812734,0.10913384,0.20996113160785673,0.20996113160785673,0.0,0.1648024320602417,0.1648024320602417
2023-06-09 09:00:00+09:00,0.419460614,0.262812734,0.4140319529693451,0.4140319529693451,0.011879023,0.22940164415478514,0.22940164415478514
2023-06-09 10:00:00+09:00,0.561260484,0.419460614,0.5372620045882835,0.5372620045882835,0.10913384,0.38116666713890074,0.38116666713890074
2023-06-09 11:00:00+09:00,0.681531101,0.561260484,0.6652504651148643,0.6652504651148643,0.262812734,0.6624707285087432,0.6624707285087432
2023-06-09 12:00:00+09:00,0.735726385,0.681531101,0.7165176603016148,0.7165176603016148,0.419460614,0.6746745899063721,0.6746745899063721
2023-06-09 13:00:00+09:00,0.755029926,0.735726385,0.7389505245674646,0.7389505245674646,0.561260484,0.6542939095099296,0.6542939095099296
2023-06-09 14:00:00+09:00,0.728302894,0.755029926,0.8121317419389495,0.8121317419389495,0.681531101,0.8038387591954956,0.8038387591954956
2023-06-09 15:00:00+09:00,0.658516328,0.728302894,0.6831095608212414,0.6831095608212414,0.735726385,0.6825191551771259,0.6825191551771259
2023-06-09 16:00:00+09:00,0.552351474,0.658516328,0.5731972112883835,0.5731972112883835,0.755029926,0.5181485953906784,0.5181485953906784
2023-06-09 17:00:00+09:00,0.39793136,0.552351474,0.43202163947918315,0.43202163947918315,0.728302894,0.4346258322038117,0.4346258322038117
2023-06-09 18:00:00+09:00,0.217525435,0.39793136,0.24202055513225557,0.24202055513225557,0.658516328,0.2810518249501496,0.2810518249501496
2023-06-09 19:00:00+09:00,0.080180069,0.217525435,0.1386948426657295,0.1386948426657295,0.552351474,0.32991515023805995,0.32991515023805995
2023-06-09 20:00:00+09:00,0.005196752,0.080180069,0.007443366140598304,0.007443366140598304,0.39793136,0.08614086388908387,0.08614086388908387
2023-06-09 21:00:00+09:00,0.0,0.005196752,0.0,0.0,0.217525435,0.024571177869377125,0.024571177869377125
2023-06-09 22:00:00+09:00,0.0,0.0,0.0,0.0,0.080180069,0.0019036508505287236,0.0019036508505287236
2023-06-09 23:00:00+09:00,0.0,0.0,0.0,0.0,0.005196752,0.0,0.0
2023-06-10 00:00:00+09:00,0.0,0.0,0.0008180087897926569,0.0008180087897926569,0.0,0.0030532090459018946,0.0030532090459018946
2023-06-10 01:00:00+09:00,0.0,0.0,0.0008180087897926569,0.0008180087897926569,0.0,0.0030532090459018946,0.0030532090459018946
2023-06-10 02:00:00+09:00,0.0,0.0,0.0008180087897926569,0.0008180087897926569,0.0,0.0030532090459018946,0.0030532090459018946
2023-06-10 03:00:00+09:00,0.0,0.0,0.0008180087897926569,0.0008180087897926569,0.0,0.0030532090459018946,0.0030532090459018946
2023-06-10 04:00:00+09:00,0.0,0.0,0.0008180087897926569,0.0008180087897926569,0.0,0.0030532090459018946,0.0030532090459018946
2023-06-10 05:00:00+09:00,0.0,0.0,0.0008180087897926569,0.0008180087897926569,0.0,0.0030532090459018946,0.0030532090459018946
2023-06-10 06:00:00+09:00,0.014105762,0.0,0.006954891607165337,0.006954891607165337,0.0,0.018869031220674515,0.018869031220674515
2023-06-10 07:00:00+09:00,0.108391594,0.014105762,0.09052122628203582,0.09052122628203582,0.0,0.08086951822042465,0.08086951822042465
2023-06-10 08:00:00+09:00,0.259842722,0.108391594,0.21163475871815107,0.21163475871815107,0.0,0.2132914513349533,0.2132914513349533
2023-06-10 09:00:00+09:00,0.405354851,0.259842722,0.3886175288571091,0.3886175288571091,0.014105762,0.34479850029460146,0.34479850029460146
2023-06-10 10:00:00+09:00,0.51077746,0.405354851,0.5317302281781922,0.5317302281781922,0.108391594,0.4824365487767639,0.4824365487767639
2023-06-10 11:00:00+09:00,0.670395351,0.51077746,0.5156461583063817,0.5156461583063817,0.259842722,0.5512054844511719,0.5512054844511719
2023-06-10 12:00:00+09:00,0.65257733,0.670395351,0.7641158914043198,0.7641158914043198,0.405354851,0.6805839772149811,0.6805839772149811
2023-06-10 13:00:00+09:00,0.716423871,0.65257733,0.6976586474247741,0.6976586474247741,0.51077746,0.5292027923823214,0.5292027923823214
2023-06-10 14:00:00+09:00,0.709742626,0.716423871,0.7086071921556077,0.7086071921556077,0.670395351,0.7367433076574097,0.7367433076574097
2023-06-10 15:00:00+09:00,0.622880286,0.709742626,0.643970666277958,0.643970666277958,0.65257733,0.5993529526658821,0.5993529526658821
2023-06-10 16:00:00+09:00,0.518943197,0.622880286,0.5139710441448555,0.5139710441448555,0.716423871,0.4413046855523072,0.4413046855523072
2023-06-10 17:00:00+09:00,0.385310091,0.518943197,0.3968036313533516,0.3968036313533516,0.709742626,0.40019096975381474,0.40019096975381474
2023-06-10 18:00:00+09:00,0.245736959,0.385310091,0.2832598312906418,0.2832598312906418,0.622880286,0.3354965508200989,0.3354965508200989
2023-06-10 19:00:00+09:00,0.073498825,0.245736959,0.1306755566791382,0.1306755566791382,0.518943197,0.1965020065188141,0.1965020065188141
2023-06-10 20:00:00+09:00,0.001484493,0.073498825,0.004909480379295353,0.004909480379295353,0.385310091,0.06113664053002932,0.06113664053002932
2023-06-10 21:00:00+09:00,0.0,0.001484493,0.0,0.0,0.245736959,0.04774281622923279,0.04774281622923279
2023-06-10 22:00:00+09:00,0.0,0.0,0.0,0.0,0.073498825,0.0,0.0
2023-06-10 23:00:00+09:00,0.0,0.0,0.0,0.0,0.001484493,0.0,0.0
2023-06-11 00:00:00+09:00,0.0,0.0,4.054290002386551e-06,4.054290002386551e-06,0.0,0.0,0.0
2023-06-11 01:00:00+09:00,0.0,0.0,4.054290002386551e-06,4.054290002386551e-06,0.0,0.0,0.0
2023-06-11 02:00:00+09:00,0.0,0.0,4.054290002386551e-06,4.054290002386551e-06,0.0,0.0,0.0
2023-06-11 03:00:00+09:00,0.0,0.0,4.054290002386551e-06,4.054290002386551e-06,0.0,0.0,0.0
2023-06-11 04:00:00+09:00,0.0,0.0,4.054290002386551e-06,4.054290002386551e-06,0.0,0.0,0.0
2023-06-11 05:00:00+09:00,0.0,0.0,4.054290002386551e-06,4.054290002386551e-06,0.0,0.0,0.0
2023-06-11 06:00:00+09:00,0.0,0.0,0.00899589341133833,0.00899589341133833,0.0,0.013204122893512249,0.013204122893512249
2023-06-11 07:00:00+09:00,0.024499266,0.0,0.07863016426563263,0.07863016426563263,0.0,0.08977841585874557,0.08977841585874557
2023-06-11 08:00:00+09:00,0.075725564,0.024499266,0.12692770972987746,0.12692770972987746,0.0,0.19926759600639343,0.19926759600639343
2023-06-11 09:00:00+09:00,0.148482142,0.075725564,0.18281858527361297,0.18281858527361297,0.0,0.284313827753067,0.284313827753067
2023-06-11 10:00:00+09:00,0.221237693,0.148482142,0.26396122386912535,0.26396122386912535,0.024499266,0.39786529407044985,0.39786529407044985
2023-06-11 11:00:00+09:00,0.257615982,0.221237693,0.22887289060221244,0.22887289060221244,0.075725564,0.3700730886429443,0.3700730886429443
2023-06-11 12:00:00+09:00,0.41129385,0.257615982,0.37809710055983736,0.37809710055983736,0.148482142,0.438426731138031,0.438426731138031
2023-06-11 13:00:00+09:00,0.562003757,0.41129385,0.46924592992196085,0.46924592992196085,0.221237693,0.4614013917924576,0.4614013917924576
2023-06-11 14:00:00+09:00,0.511519706,0.562003757,0.5531869010404058,0.5531869010404058,0.257615982,0.3402453348079987,0.3402453348079987
2023-06-11 15:00:00+09:00,0.602835525,0.511519706,0.5079249654732493,0.5079249654732493,0.41129385,0.45765505423674585,0.45765505423674585
2023-06-11 16:00:00+09:00,0.446929892,0.602835525,0.49489602836360935,0.49489602836360935,0.562003757,0.3757765992880173,0.3757765992880173
2023-06-11 17:00:00+09:00,0.31106902,0.446929892,0.3247241726482315,0.3247241726482315,0.511519706,0.21564075921884152,0.21564075921884152
2023-06-11 18:00:00+09:00,0.081664562,0.31106902,0.1683636688857269,0.1683636688857269,0.602835525,0.22741847130050663,0.22741847130050663
2023-06-11 19:00:00+09:00,0.064589814,0.081664562,0.0,0.0,0.446929892,0.04921721428279113,0.04921721428279113
2023-06-11 20:00:00+09:00,0.008909011,0.064589814,0.011025742344726558,0.011025742344726558,0.31106902,0.005272098746795628,0.005272098746795628
2023-06-11 21:00:00+09:00,0.0,0.008909011,0.0029210054512844082,0.0029210054512844082,0.081664562,0.0,0.0
2023-06-11 22:00:00+09:00,0.0,0.0,0.0,0.0,0.064589814,0.0,0.0
2023-06-11 23:00:00+09:00,0.0,0.0,0.0,0.0,0.008909011,0.0,0.0
2023-06-12 00:00:00+09:00,0.0,0.0,0.0,0.0,0.0,0.0,0.0
2023-06-12 01:00:00+09:00,0.0,0.0,0.0,0.0,0.0,0.0,0.0
2023-06-12 02:00:00+09:00,0.0,0.0,0.0,0.0,0.0,0.0,0.0
2023-06-12 03:00:00+09:00,0.0,0.0,0.0,0.0,0.0,0.0,0.0
2023-06-12 04:00:00+09:00,0.0,0.0,0.0,0.0,0.0,0.0,0.0
2023-06-12 05:00:00+09:00,0.0,0.0,0.0,0.0,0.0,0.0,0.0
2023-06-12 06:00:00+09:00,0.000742246,0.0,0.0005418569198809564,0.0005418569198809564,0.0,0.0,0.0
2023-06-12 07:00:00+09:00,0.034150523,0.000742246,0.04659261607927895,0.04659261607927895,0.0,0.03607277572154999,0.03607277572154999
2023-06-12 08:00:00+09:00,0.089831326,0.034150523,0.09321786170506287,0.09321786170506287,0.0,0.07896779477596283,0.07896779477596283
2023-06-12 09:00:00+09:00,0.284341988,0.089831326,0.17738084106853103,0.17738084106853103,0.000742246,0.17418788799447632,0.17418788799447632
2023-06-12 10:00:00+09:00,0.492217192,0.284341988,0.3969869509664421,0.3969869509664421,0.034150523,0.2967680216362457,0.2967680216362457
2023-06-12 11:00:00+09:00,0.613229029,0.492217192,0.5783972232995911,0.5783972232995911,0.089831326,0.4577129518907318,0.4577129518907318
2023-06-12 12:00:00+09:00,0.661486341,0.613229029,0.6426891573967495,0.6426891573967495,0.284341988,0.5514260799017792,0.5514260799017792
2023-06-12 13:00:00+09:00,0.709742626,0.661486341,0.7061115860346947,0.7061115860346947,0.492217192,0.6853093444763108,0.6853093444763108
2023-06-12 14:00:00+09:00,0.698606876,0.709742626,0.6791901903336773,0.6791901903336773,0.613229029,0.6549129636289635,0.6549129636289635
2023-06-12 15:00:00+09:00,0.642926073,0.698606876,0.6536615204952488,0.6536615204952488,0.661486341,0.5938693791035805,0.5938693791035805
2023-06-12 16:00:00+09:00,0.502610695,0.642926073,0.5159084557743531,0.5159084557743531,0.709742626,0.5474634820705185,0.5474634820705185
2023-06-12 17:00:00+09:00,0.29844775,0.502610695,0.3350730504944992,0.3350730504944992,0.698606876,0.313885984285904,0.313885984285904
2023-06-12 18:00:00+09:00,0.219010954,0.29844775,0.21590539017105104,0.21590539017105104,0.642926073,0.3885768710823517,0.3885768710823517
2023-06-12 19:00:00+09:00,0.072755551,0.219010954,0.11801538357878114,0.11801538357878114,0.502610695,0.2811572071269226,0.2811572071269226
2023-06-12 20:00:00+09:00,0.005196752,0.072755551,0.0,0.0,0.29844775,0.020142487672805798,0.020142487672805798
2023-06-12 21:00:00+09:00,0.0,0.005196752,0.0,0.0,0.219010954,0.050540511704925545,0.050540511704925545
2023-06-12 22:00:00+09:00,0.0,0.0,0.0007027894607745111,0.0007027894607745111,0.072755551,0.007412781973243715,0.007412781973243715
2023-06-12 23:00:00+09:00,0.0,0.0,0.0007027894607745111,0.0007027894607745111,0.005196752,0.0,0.0
2023-06-13 00:00:00+09:00,0.0,0.0,0.0002598570426926017,0.0002598570426926017,0.0,0.0,0.0
2023-06-13 01:00:00+09:00,0.0,0.0,0.0002598570426926017,0.0002598570426926017,0.0,0.0,0.0
2023-06-13 02:00:00+09:00,0.0,0.0,0.0002598570426926017,0.0002598570426926017,0.0,0.0,0.0
2023-06-13 03:00:00+09:00,0.0,0.0,0.0002598570426926017,0.0002598570426926017,0.0,0.0,0.0
2023-06-13 04:00:00+09:00,0.0,0.0,0.0002598570426926017,0.0002598570426926017,0.0,0.0,0.0
2023-06-13 05:00:00+09:00,0.0,0.0,0.0002598570426926017,0.0002598570426926017,0.0,0.0,0.0
2023-06-13 06:00:00+09:00,0.0,0.0,0.0029016355983912945,0.0029016355983912945,0.0,0.0,0.0
2023-06-13 07:00:00+09:00,0.077210057,0.0,0.034648358821868896,0.034648358821868896,0.0,0.028737952932715416,0.028737952932715416
2023-06-13 08:00:00+09:00,0.157390126,0.077210057,0.1481936680472679,0.1481936680472679,0.0,0.11153203994035721,0.11153203994035721
2023-06-13 09:00:00+09:00,0.305872268,0.157390126,0.2775254705649147,0.2775254705649147,0.0,0.2592790126800537,0.2592790126800537
2023-06-13 10:00:00+09:00,0.359325305,0.305872268,0.4373577301887207,0.4373577301887207,0.077210057,0.4754284205234833,0.4754284205234833
2023-06-13 11:00:00+09:00,0.56348825,0.359325305,0.4439676854759979,0.4439676854759979,0.157390126,0.4381467783551941,0.4381467783551941
2023-06-13 12:00:00+09:00,0.591699775,0.56348825,0.6166253922111988,0.6166253922111988,0.305872268,0.4034311165598564,0.4034311165598564
2023-06-13 13:00:00+09:00,0.672622091,0.591699775,0.6203581780836821,0.6203581780836821,0.359325305,0.5135128203779984,0.5135128203779984
2023-06-13 14:00:00+09:00,0.657031835,0.672622091,0.651453289066473,0.651453289066473,0.56348825,0.6289891725010872,0.6289891725010872
2023-06-13 15:00:00+09:00,0.524139949,0.657031835,0.5593262919587707,0.5593262919587707,0.591699775,0.5599175539509297,0.5599175539509297
2023-06-13 16:00:00+09:00,0.533792233,0.524139949,0.45174665085089116,0.45174665085089116,0.672622091,0.47767045242063144,0.47767045242063144
2023-06-13 17:00:00+09:00,0.293250998,0.533792233,0.34123851908226777,0.34123851908226777,0.657031835,0.3603095122975921,0.3603095122975921
2023-06-13 18:00:00+09:00,0.183374911,0.293250998,0.21966246281037138,0.21966246281037138,0.524139949,0.1489421807886353,0.1489421807886353
2023-06-13 19:00:00+09:00,0.07795333,0.183374911,0.07993973736928559,0.07993973736928559,0.533792233,0.1900337691404419,0.1900337691404419
2023-06-13 20:00:00+09:00,0.009651257,0.07795333,0.022491349597530366,0.022491349597530366,0.293250998,0.0819138339556198,0.0819138339556198
2023-06-13 21:00:00+09:00,0.0,0.009651257,0.0037098809099502562,0.0037098809099502562,0.183374911,0.03318256085084534,0.03318256085084534
2023-06-13 22:00:00+09:00,0.0,0.0,0.0,0.0,0.07795333,0.017472452242927553,0.017472452242927553
2023-06-13 23:00:00+09:00,0.0,0.0,0.0,0.0,0.009651257,0.0014315995341844558,0.0014315995341844558
2023-06-14 00:00:00+09:00,0.0,0.0,0.0,0.0,0.0,0.0,0.0
2023-06-14 01:00:00+09:00,0.0,0.0,0.0,0.0,0.0,0.0,0.0
2023-06-14 02:00:00+09:00,0.0,0.0,0.0,0.0,0.0,0.0,0.0
2023-06-14 03:00:00+09:00,0.0,0.0,0.0,0.0,0.0,0.0,0.0
2023-06-14 04:00:00+09:00,0.0,0.0,0.0,0.0,0.0,0.0,0.0
2023-06-14 05:00:00+09:00,0.0,0.0,0.0,0.0,0.0,0.0,0.0
2023-06-14 06:00:00+09:00,0.011879023,0.0,0.0012152709532529116,0.0012152709532529116,0.0,0.0,0.0
2023-06-14 07:00:00+09:00,0.069044319,0.011879023,0.06584150327682305,0.06584150327682305,0.0,0.053928669542074203,0.053928669542074203
2023-06-14 08:00:00+09:00,0.129178601,0.069044319,0.13542654832815554,0.13542654832815554,0.0,0.13245709240436554,0.13245709240436554
2023-06-14 09:00:00+09:00,0.172981408,0.129178601,0.27711949000089264,0.27711949000089264,0.011879023,0.33627470938801574,0.33627470938801574
2023-06-14 10:00:00+09:00,0.296221011,0.172981408,0.27371589517594147,0.27371589517594147,0.069044319,0.3206050666234436,0.3206050666234436
2023-06-14 11:00:00+09:00,0.306614514,0.296221011,0.3721019780805931,0.3721019780805931,0.129178601,0.4227085287305603,0.4227085287305603
2023-06-14 12:00:00+09:00,0.473656924,0.306614514,0.3369630421765461,0.3369630421765461,0.172981408,0.4052474913597183,0.4052474913597183
2023-06-14 13:00:00+09:00,0.588729763,0.473656924,0.48818105135670803,0.48818105135670803,0.296221011,0.4180415874889717,0.4180415874889717
2023-06-14 14:00:00+09:00,0.679303335,0.588729763,0.676436470417965,0.676436470417965,0.306614514,0.44948656440454865,0.44948656440454865
2023-06-14 15:00:00+09:00,0.628820311,0.679303335,0.6166241261849021,0.6166241261849021,0.473656924,0.5125319152381171,0.5125319152381171
2023-06-14 16:00:00+09:00,0.521170963,0.628820311,0.5484042053123818,0.5484042053123818,0.588729763,0.5250547617363815,0.5250547617363815
2023-06-14 17:00:00+09:00,0.36377981,0.521170963,0.4164634686219101,0.4164634686219101,0.679303335,0.43448504989238734,0.43448504989238734
2023-06-14 18:00:00+09:00,0.144769883,0.36377981,0.20500518076473234,0.20500518076473234,0.628820311,0.2521542717715607,0.2521542717715607
2023-06-14 19:00:00+09:00,0.041575041,0.144769883,0.022753639363391864,0.022753639363391864,0.521170963,0.10653017873638915,0.10653017873638915
2023-06-14 20:00:00+09:00,0.002226739,0.041575041,0.0,0.0,0.36377981,0.07556819610649107,0.07556819610649107
2023-06-14 21:00:00+09:00,0.0,0.002226739,0.0,0.0,0.144769883,0.0,0.0
2023-06-14 22:00:00+09:00,0.0,0.0,0.0005433284677565098,0.0005433284677565098,0.041575041,0.0,0.0
2023-06-14 23:00:00+09:00,0.0,0.0,0.0005433284677565098,0.0005433284677565098,0.002226739,0.0,0.0
2023-06-15 00:00:00+09:00,0.0,0.0,0.0,0.0,0.0,0.0007822185289114714,0.0007822185289114714
2023-06-15 01:00:00+09:00,0.0,0.0,0.0,0.0,0.0,0.0007822185289114714,0.0007822185289114714
2023-06-15 02:00:00+09:00,0.0,0.0,0.0,0.0,0.0,0.0007822185289114714,0.0007822185289114714
2023-06-15 03:00:00+09:00,0.0,0.0,0.0,0.0,0.0,0.0007822185289114714,0.0007822185289114714
2023-06-15 04:00:00+09:00,0.0,0.0,0.0,0.0,0.0,0.0007822185289114714,0.0007822185289114714
2023-06-15 05:00:00+09:00,0.0,0.0,0.0,0.0,0.0,0.0007822185289114714,0.0007822185289114714
2023-06-15 06:00:00+09:00,0.010393504,0.0,0.004680187441408634,0.004680187441408634,0.0,0.01085987314581871,0.01085987314581871
2023-06-15 07:00:00+09:00,0.095028078,0.010393504,0.07309384266167068,0.07309384266167068,0.0,0.08280495554208755,0.08280495554208755
2023-06-15 08:00:00+09:00,0.193026169,0.095028078,0.18045666609232713,0.18045666609232713,0.0,0.14749564230442047,0.14749564230442047
2023-06-15 09:00:00+09:00,0.416491628,0.193026169,0.29994273072275546,0.29994273072275546,0.010393504,0.2183616049054184,0.2183616049054184
2023-06-15 10:00:00+09:00,0.566457236,0.416491628,0.5636225792853622,0.5636225792853622,0.095028078,0.3925270194215088,0.3925270194215088
2023-06-15 11:00:00+09:00,0.668167585,0.566457236,0.6597478704532966,0.6597478704532966,0.193026169,0.5836772758344116,0.5836772758344116
2023-06-15 12:00:00+09:00,0.692666851,0.668167585,0.6990525363530731,0.6990525363530731,0.416491628,0.5973017367808608,0.5973017367808608
2023-06-15 13:00:00+09:00,0.673364337,0.692666851,0.6974455951872061,0.6974455951872061,0.566457236,0.7032728584489212,0.7032728584489212
2023-06-15 14:00:00+09:00,0.723106142,0.673364337,0.6713322663464869,0.6713322663464869,0.668167585,0.6878706155862426,0.6878706155862426
2023-06-15 15:00:00+09:00,0.647380578,0.723106142,0.6771412751233978,0.6771412751233978,0.692666851,0.6464877240518818,0.6464877240518818
2023-06-15 16:00:00+09:00,0.547154722,0.647380578,0.5838568607754021,0.5838568607754021,0.673364337,0.5229549961415405,0.5229549961415405
2023-06-15 17:00:00+09:00,0.366007576,0.547154722,0.3793927107104035,0.3793927107104035,0.723106142,0.4603953322923584,0.4603953322923584
2023-06-15 18:00:00+09:00,0.232373443,0.366007576,0.27725453884532547,0.27725453884532547,0.647380578,0.338608639914444,0.338608639914444
2023-06-15 19:00:00+09:00,0.106907101,0.232373443,0.14662760918585588,0.14662760918585588,0.547154722,0.3682481918581696,0.3682481918581696
2023-06-15 20:00:00+09:00,0.025984785,0.106907101,0.062095326954771046,0.062095326954771046,0.366007576,0.139259049903656,0.139259049903656
2023-06-15 21:00:00+09:00,0.0,0.025984785,0.021957086345318556,0.021957086345318556,0.232373443,0.07394870793072511,0.07394870793072511
2023-06-15 22:00:00+09:00,0.0,0.0,0.0019680303521454334,0.0019680303521454334,0.106907101,0.05539470689957238,0.05539470689957238
2023-06-15 23:00:00+09:00,0.0,0.0,0.0019680303521454334,0.0019680303521454334,0.025984785,0.025531219526564553,0.025531219526564553
2023-06-16 00:00:00+09:00,0.0,0.0,0.0007453499129042029,0.0007453499129042029,0.0,0.002956035314127803,0.002956035314127803
2023-06-16 01:00:00+09:00,0.0,0.0,0.0007453499129042029,0.0007453499129042029,0.0,0.002956035314127803,0.002956035314127803
2023-06-16 02:00:00+09:00,0.0,0.0,0.0007453499129042029,0.0007453499129042029,0.0,0.002956035314127803,0.002956035314127803
2023-06-16 03:00:00+09:00,0.0,0.0,0.0007453499129042029,0.0007453499129042029,0.0,0.002956035314127803,0.002956035314127803
2023-06-16 04:00:00+09:00,0.0,0.0,0.0007453499129042029,0.0007453499129042029,0.0,0.002956035314127803,0.002956035314127803
2023-06-16 05:00:00+09:00,0.0,0.0,0.0007453499129042029,0.0007453499129042029,0.0,0.002956035314127803,0.002956035314127803
2023-06-16 06:00:00+09:00,0.010393504,0.0,0.009322265163064003,0.009322265163064003,0.0,0.013244781643152237,0.013244781643152237
2023-06-16 07:00:00+09:00,0.103194842,0.010393504,0.0750924460056343,0.0750924460056343,0.0,0.08471141755580902,0.08471141755580902
2023-06-16 08:00:00+09:00,0.244994713,0.103194842,0.24993509974002076,0.24993509974002076,0.0,0.21164901554584503,0.21164901554584503
2023-06-16 09:00:00+09:00,0.426142885,0.244994713,0.3397956248437767,0.3397956248437767,0.010393504,0.3626486993792572,0.3626486993792572
2023-06-16 10:00:00+09:00,0.570169495,0.426142885,0.5945347981755829,0.5945347981755829,0.103194842,0.49103541101931764,0.49103541101931764
2023-06-16 11:00:00+09:00,0.648122825,0.570169495,0.5600249632731629,0.5600249632731629,0.244994713,0.5121607612883453,0.5121607612883453
2023-06-16 12:00:00+09:00,0.682273348,0.648122825,0.6613605360421657,0.6613605360421657,0.426142885,0.6103918539588546,0.6103918539588546
2023-06-16 13:00:00+09:00,0.715681625,0.682273348,0.6858073832915227,0.6858073832915227,0.570169495,0.7188996985093308,0.7188996985093308
2023-06-16 14:00:00+09:00,0.729787387,0.715681625,0.6918450197491646,0.6918450197491646,0.648122825,0.6980141143235683,0.6980141143235683
2023-06-16 15:00:00+09:00,0.660000821,0.729787387,0.6684766151472683,0.6684766151472683,0.682273348,0.6241283650958042,0.6241283650958042
2023-06-16 16:00:00+09:00,0.549382488,0.660000821,0.566317809170147,0.566317809170147,0.715681625,0.5195759659919739,0.5195759659919739
2023-06-16 17:00:00+09:00,0.394961348,0.549382488,0.3749001126166229,0.3749001126166229,0.729787387,0.4388750270470734,0.4388750270470734
2023-06-16 18:00:00+09:00,0.234601209,0.394961348,0.23020864111466216,0.23020864111466216,0.660000821,0.2535282274540863,0.2535282274540863
2023-06-16 19:00:00+09:00,0.089831326,0.234601209,0.12174151285017396,0.12174151285017396,0.549382488,0.1513908605452423,0.1513908605452423
2023-06-16 20:00:00+09:00,0.005938998,0.089831326,0.0009237638037452728,0.0009237638037452728,0.394961348,0.04997553509754943,0.04997553509754943
2023-06-16 21:00:00+09:00,0.0,0.005938998,0.0,0.0,0.234601209,0.04164695186937714,0.04164695186937714
2023-06-16 22:00:00+09:00,0.0,0.0,0.0,0.0,0.089831326,0.01155490785052872,0.01155490785052872
2023-06-16 23:00:00+09:00,0.0,0.0,0.0,0.0,0.005938998,0.0,0.0
2023-06-17 00:00:00+09:00,0.0,0.0,0.0008180087897926569,0.0008180087897926569,0.0,0.0030532090459018946,0.0030532090459018946
2023-06-17 01:00:00+09:00,0.0,0.0,0.0008180087897926569,0.0008180087897926569,0.0,0.0030532090459018946,0.0030532090459018946
2023-06-17 02:00:00+09:00,0.0,0.0,0.0008180087897926569,0.0008180087897926569,0.0,0.0030532090459018946,0.0030532090459018946
2023-06-17 03:00:00+09:00,0.0,0.0,0.0008180087897926569,0.0008180087897926569,0.0,0.0030532090459018946,0.0030532090459018946
2023-06-17 04:00:00+09:00,0.0,0.0,0.0008180087897926569,0.0008180087897926569,0.0,0.0030532090459018946,0.0030532090459018946
2023-06-17 05:00:00+09:00,0.0,0.0,0.0008180087897926569,0.0008180087897926569,0.0,0.0030532090459018946,0.0030532090459018946
2023-06-17 06:00:00+09:00,0.011879023,0.0,0.010786556638777256,0.010786556638777256,0.0,0.02001035585999489,0.02001035585999489
2023-06-17 07:00:00+09:00,0.138830885,0.011879023,0.07915007679104615,0.07915007679104615,0.0,0.08202189207077026,0.08202189207077026
2023-06-17 08:00:00+09:00,0.237571222,0.138830885,0.22145312995410918,0.22145312995410918,0.0,0.12695355713367462,0.12695355713367462
2023-06-17 09:00:00+09:00,0.43059739,0.237571222,0.3645677987860413,0.3645677987860413,0.011879023,0.2561915477955322,0.2561915477955322
2023-06-17 10:00:00+09:00,0.556805979,0.43059739,0.5660622519890213,0.5660622519890213,0.138830885,0.4667332318494415,0.4667332318494415
2023-06-17 11:00:00+09:00,0.671879844,0.556805979,0.6527099120482482,0.6527099120482482,0.237571222,0.5870422546194763,0.5870422546194763
2023-06-17 12:00:00+09:00,0.708258133,0.671879844,0.7132172372242394,0.7132172372242394,0.43059739,0.7130557847658539,0.7130557847658539
2023-06-17 13:00:00+09:00,0.722363896,0.708258133,0.7016615975557403,0.7016615975557403,0.556805979,0.748066182719139,0.748066182719139
2023-06-17 14:00:00+09:00,0.712712639,0.722363896,0.7145472171556077,0.7145472171556077,0.671879844,0.7382278006574097,0.7382278006574097
2023-06-17 15:00:00+09:00,0.43282413,0.712712639,0.6527977371473923,0.6527977371473923,0.708258133,0.6534903716205196,0.6534903716205196
2023-06-17 16:00:00+09:00,0.449157658,0.43282413,0.3239148881448555,0.3239148881448555,0.722363896,0.4472447105523071,0.4472447105523071
2023-06-17 17:00:00+09:00,0.322948043,0.449157658,0.32875141777516176,0.32875141777516176,0.712712639,0.41201125922399906,0.41201125922399906
2023-06-17 18:00:00+09:00,0.161102385,0.322948043,0.1622650518529587,0.1622650518529587,0.43282413,0.05202787631881711,0.05202787631881711
2023-06-17 19:00:00+09:00,0.04380178,0.161102385,0.03926450826288222,0.03926450826288222,0.449157658,0.044513466734893814,0.044513466734893814
2023-06-17 20:00:00+09:00,0.002970012,0.04380178,0.0,0.0,0.322948043,0.0,0.0
2023-06-17 21:00:00+09:00,0.0,0.002970012,0.0,0.0,0.161102385,0.0,0.0
2023-06-17 22:00:00+09:00,0.0,0.0,0.0,0.0,0.04380178,0.0,0.0
2023-06-17 23:00:00+09:00,0.0,0.0,0.0,0.0,0.002970012,0.0,0.0
2023-06-18 00:00:00+09:00,0.0,0.0,4.054290002386551e-06,4.054290002386551e-06,0.0,0.0,0.0
2023-06-18 01:00:00+09:00,0.0,0.0,4.054290002386551e-06,4.054290002386551e-06,0.0,0.0,0.0
2023-06-18 02:00:00+09:00,0.0,0.0,4.054290002386551e-06,4.054290002386551e-06,0.0,0.0,0.0
2023-06-18 03:00:00+09:00,0.0,0.0,4.054290002386551e-06,4.054290002386551e-06,0.0,0.0,0.0
2023-06-18 04:00:00+09:00,0.0,0.0,4.054290002386551e-06,4.054290002386551e-06,0.0,0.0,0.0
2023-06-18 05:00:00+09:00,0.0,0.0,4.054290002386551e-06,4.054290002386551e-06,0.0,0.0,0.0
2023-06-18 06:00:00+09:00,0.007424518,0.0,0.005844065919518471,0.005844065919518471,0.0,0.0148179205134511,0.0148179205134511
2023-06-18 07:00:00+09:00,0.095770325,0.007424518,0.07445709360729981,0.07445709360729981,0.0,0.0706169530749321,0.0706169530749321
2023-06-18 08:00:00+09:00,0.234601209,0.095770325,0.1957432510802269,0.1957432510802269,0.0,0.17138326168060303,0.17138326168060303
2023-06-18 09:00:00+09:00,0.340022791,0.234601209,0.3600411508830872,0.3600411508830872,0.007424518,0.33006204618107604,0.33006204618107604
2023-06-18 10:00:00+09:00,0.513004199,0.340022791,0.47831446287213897,0.47831446287213897,0.095770325,0.47778999381752013,0.47778999381752013
2023-06-18 11:00:00+09:00,0.552351474,0.513004199,0.5206393966022125,0.5206393966022125,0.234601209,0.5289487336429444,0.5289487336429444
2023-06-18 12:00:00+09:00,0.544927983,0.552351474,0.6018511086533298,0.6018511086533298,0.340022791,0.620908040376297,0.620908040376297
2023-06-18 13:00:00+09:00,0.688212346,0.544927983,0.6028800629219608,0.6028800629219608,0.513004199,0.7531678977924576,0.7531678977924576
2023-06-18 14:00:00+09:00,0.689697866,0.688212346,0.6793954900404058,0.6793954900404058,0.552351474,0.6349808268079986,0.6349808268079986
2023-06-18 15:00:00+09:00,0.619169054,0.689697866,0.6055762662065659,0.6055762662065659,0.544927983,0.4516168296477394,0.4516168296477394
2023-06-18 16:00:00+09:00,0.529337727,0.619169054,0.46740334984503173,0.46740334984503173,0.688212346,0.4156861116116486,0.4156861116116486
2023-06-18 17:00:00+09:00,0.395703594,0.529337727,0.44655396090913013,0.44655396090913013,0.689697866,0.42330655888444524,0.42330655888444524
2023-06-18 18:00:00+09:00,0.240540208,0.395703594,0.2827386434980812,0.2827386434980812,0.619169054,0.3246257579012909,0.3246257579012909
2023-06-18 19:00:00+09:00,0.085376821,0.240540208,0.17022518225317765,0.17022518225317765,0.529337727,0.3351076920526047,0.3351076920526047
2023-06-18 20:00:00+09:00,0.005938998,0.085376821,0.03222433804335213,0.03222433804335213,0.395703594,0.08221961072172546,0.08221961072172546
2023-06-18 21:00:00+09:00,0.0,0.005938998,0.0,0.0,0.240540208,0.06834785797005463,0.06834785797005463
2023-06-18 22:00:00+09:00,0.0,0.0,0.0,0.0,0.085376821,0.019045508939643865,0.019045508939643865
2023-06-18 23:00:00+09:00,0.0,0.0,0.0,0.0,0.005938998,0.0,0.0
2023-06-19 00:00:00+09:00,0.0,0.0,0.0,0.0,0.0,0.0,0.0
2023-06-19 01:00:00+09:00,0.0,0.0,0.0,0.0,0.0,0.0,0.0
2023-06-19 02:00:00+09:00,0.0,0.0,0.0,0.0,0.0,0.0,0.0
2023-06-19 03:00:00+09:00,0.0,0.0,0.0,0.0,0.0,0.0,0.0
2023-06-19 04:00:00+09:00,0.0,0.0,0.0,0.0,0.0,0.0,0.0
2023-06-19 05:00:00+09:00,0.0,0.0,0.0,0.0,0.0,0.0,0.0
2023-06-19 06:00:00+09:00,0.011879023,0.0,0.0055318367667496204,0.0055318367667496204,0.0,0.014186600223183632,0.014186600223183632
2023-06-19 07:00:00+09:00,0.106164855,0.011879023,0.05576953647970963,0.05576953647970963,0.0,0.06512510776519775,0.06512510776519775
2023-06-19 08:00:00+09:00,0.262070488,0.106164855,0.2495586993660736,0.2495586993660736,0.0,0.22611959278583527,0.22611959278583527
2023-06-19 09:00:00+09:00,0.427627378,0.262070488,0.288651473635519,0.288651473635519,0.011879023,0.2609094491445999,0.2609094491445999
2023-06-19 10:00:00+09:00,0.559033745,0.427627378,0.5020492457282333,0.5020492457282333,0.106164855,0.4280419471230316,0.4280419471230316
2023-06-19 11:00:00+09:00,0.654061823,0.559033745,0.6823892752023888,0.6823892752023888,0.262070488,0.6260886600256805,0.6260886600256805
2023-06-19 12:00:00+09:00,0.685985607,0.654061823,0.7155175868764382,0.7155175868764382,0.427627378,0.7133353583943634,0.7133353583943634
2023-06-19 13:00:00+09:00,0.680788855,0.685985607,0.6854415460470386,0.6854415460470386,0.559033745,0.6931864852400971,0.6931864852400971
2023-06-19 14:00:00+09:00,0.681531101,0.680788855,0.6571172018782901,0.6571172018782901,0.654061823,0.6922177661552887,0.6922177661552887
2023-06-19 15:00:00+09:00,0.573139507,0.681531101,0.6924996250313411,0.6924996250313411,0.685985607,0.7403171033579178,0.7403171033579178
2023-06-19 16:00:00+09:00,0.426142885,0.573139507,0.4733018089576073,0.4733018089576073,0.680788855,0.5805956078009414,0.5805956078009414
2023-06-19 17:00:00+09:00,0.305130021,0.426142885,0.30031448474575045,0.30031448474575045,0.681531101,0.4594462211248169,0.4594462211248169
2023-06-19 18:00:00+09:00,0.212328683,0.305130021,0.19237773987063977,0.19237773987063977,0.573139507,0.2351966683311768,0.2351966683311768
2023-06-19 19:00:00+09:00,0.0675588,0.212328683,0.10037368850031661,0.10037368850031661,0.426142885,0.08280293515373233,0.08280293515373233
2023-06-19 20:00:00+09:00,0.01113575,0.0675588,0.0025241720855712912,0.0025241720855712912,0.305130021,0.07163763167867276,0.07163763167867276
2023-06-19 21:00:00+09:00,0.0,0.01113575,0.005341765486270189,0.005341765486270189,0.212328683,0.04385824070492553,0.04385824070492553
2023-06-19 22:00:00+09:00,0.0,0.0,0.0007027894607745111,0.0007027894607745111,0.0675588,0.0022160309732437156,0.0022160309732437156
2023-06-19 23:00:00+09:00,0.0,0.0,0.0007027894607745111,0.0007027894607745111,0.01113575,0.0009422251178026197,0.0009422251178026197
2023-06-20 00:00:00+09:00,0.0,0.0,0.0002598570426926017,0.0002598570426926017,0.0,0.0,0.0
2023-06-20 01:00:00+09:00,0.0,0.0,0.0002598570426926017,0.0002598570426926017,0.0,0.0,0.0
2023-06-20 02:00:00+09:00,0.0,0.0,0.0002598570426926017,0.0002598570426926017,0.0,0.0,0.0
2023-06-20 03:00:00+09:00,0.0,0.0,0.0002598570426926017,0.0002598570426926017,0.0,0.0,0.0
2023-06-20 04:00:00+09:00,0.0,0.0,0.0002598570426926017,0.0002598570426926017,0.0,0.0,0.0
2023-06-20 05:00:00+09:00,0.0,0.0,0.0002598570426926017,0.0002598570426926017,0.0,0.0,0.0
2023-06-20 06:00:00+09:00,0.01113575,0.0,0.0065825870260596275,0.0065825870260596275,0.0,0.007791876792907715,0.007791876792907715
2023-06-20 07:00:00+09:00,0.115816112,0.01113575,0.05882755715084076,0.05882755715084076,0.0,0.07791971415281296,0.07791971415281296
2023-06-20 08:00:00+09:00,0.291024259,0.115816112,0.22125927670623016,0.22125927670623016,0.0,0.17432455718517303,0.17432455718517303
2023-06-20 09:00:00+09:00,0.471429158,0.291024259,0.4117781880189743,0.4117781880189743,0.01113575,0.24281158346366882,0.24281158346366882
2023-06-20 10:00:00+09:00,0.582048518,0.471429158,0.5782168693819123,0.5782168693819123,0.115816112,0.4638770775380249,0.4638770775380249
2023-06-20 11:00:00+09:00,0.692666851,0.582048518,0.7104485904554062,0.7104485904554062,0.291024259,0.6572516175796357,0.6572516175796357
2023-06-20 12:00:00+09:00,0.653319577,0.692666851,0.7327117808322201,0.7327117808322201,0.471429158,0.7164572812595444,0.7164572812595444
2023-06-20 13:00:00+09:00,0.693409098,0.653319577,0.6937946921800155,0.6937946921800155,0.582048518,0.7348369782546692,0.7348369782546692
2023-06-20 14:00:00+09:00,0.585017504,0.693409098,0.6780157281688551,0.6780157281688551,0.692666851,0.7179363574991713,0.7179363574991713
2023-06-20 15:00:00+09:00,0.490731672,0.585017504,0.5594981869839944,0.5594981869839944,0.653319577,0.6638309874226231,0.6638309874226231
2023-06-20 16:00:00+09:00,0.182632665,0.490731672,0.411304563831398,0.411304563831398,0.693409098,0.5100059487528305,0.5100059487528305
2023-06-20 17:00:00+09:00,0.059393062,0.182632665,0.0016302120304489132,0.0016302120304489132,0.585017504,0.28727695515089413,0.28727695515089413
2023-06-20 18:00:00+09:00,0.10022483,0.059393062,0.0,0.0,0.490731672,0.14381669516474915,0.14381669516474915
2023-06-20 19:00:00+09:00,0.053453037,0.10022483,0.005525558976726533,0.005525558976726533,0.182632665,0.0,0.0
2023-06-20 20:00:00+09:00,0.002226739,0.053453037,0.0,0.0,0.059393062,0.0,0.0
2023-06-20 21:00:00+09:00,0.0,0.002226739,0.0,0.0,0.10022483,0.0,0.0
2023-06-20 22:00:00+09:00,0.0,0.0,0.0,0.0,0.053453037,0.0,0.0
2023-06-20 23:00:00+09:00,0.0,0.0,0.0,0.0,0.002226739,0.0,0.0
2023-06-21 00:00:00+09:00,0.0,0.0,0.0,0.0,0.0,0.0,0.0
2023-06-21 01:00:00+09:00,0.0,0.0,0.0,0.0,0.0,0.0,0.0
2023-06-21 02:00:00+09:00,0.0,0.0,0.0,0.0,0.0,0.0,0.0
2023-06-21 03:00:00+09:00,0.0,0.0,0.0,0.0,0.0,0.0,0.0
2023-06-21 04:00:00+09:00,0.0,0.0,0.0,0.0,0.0,0.0,0.0
2023-06-21 05:00:00+09:00,0.0,0.0,0.0,0.0,0.0,0.0,0.0
2023-06-21 06:00:00+09:00,0.0,0.0,0.00897989235818386,0.00897989235818386,0.0,0.003633870743215084,0.003633870743215084
2023-06-21 07:00:00+09:00,0.003712259,0.0,0.05982067435979843,0.05982067435979843,0.0,0.06739785522222519,0.06739785522222519
2023-06-21 08:00:00+09:00,0.014105762,0.003712259,0.042045529698785784,0.042045529698785784,0.0,0.07978030294179916,0.07978030294179916
2023-06-21 09:00:00+09:00,0.028211525,0.014105762,0.08626500015965652,0.08626500015965652,0.0,0.22354300320148468,0.22354300320148468
2023-06-21 10:00:00+09:00,0.071271059,0.028211525,0.19312403193798067,0.19312403193798067,0.003712259,0.42010416812246704,0.42010416812246704
2023-06-21 11:00:00+09:00,0.043059534,0.071271059,0.07060187660536879,0.07060187660536879,0.014105762,0.262566352839386,0.262566352839386
2023-06-21 12:00:00+09:00,0.12175511,0.043059534,0.1297687427864876,0.1297687427864876,0.028211525,0.26075533620204927,0.26075533620204927
2023-06-21 13:00:00+09:00,0.2420247,0.12175511,0.1601428109153366,0.1601428109153366,0.071271059,0.24886311300943756,0.24886311300943756
2023-06-21 14:00:00+09:00,0.433566376,0.2420247,0.3099749561688423,0.3099749561688423,0.043059534,0.19937341527803804,0.19937341527803804
2023-06-21 15:00:00+09:00,0.24351022,0.433566376,0.39714995342428777,0.39714995342428777,0.12175511,0.20219861147247314,0.20219861147247314
2023-06-21 16:00:00+09:00,0.066074307,0.24351022,0.14940092320129394,0.14940092320129394,0.2420247,0.15021775926561357,0.15021775926561357
2023-06-21 17:00:00+09:00,0.048256285,0.066074307,0.0,0.0,0.433566376,0.23247502687509153,0.23247502687509153
2023-06-21 18:00:00+09:00,0.031923784,0.048256285,0.0,0.0,0.24351022,0.0,0.0
2023-06-21 19:00:00+09:00,0.017818021,0.031923784,0.0,0.0,0.066074307,0.0,0.0
2023-06-21 20:00:00+09:00,0.002226739,0.017818021,0.0,0.0,0.048256285,0.0,0.0
2023-06-21 21:00:00+09:00,0.0,0.002226739,0.0,0.0,0.031923784,0.0,0.0
2023-06-21 22:00:00+09:00,0.0,0.0,0.0005433284677565098,0.0005433284677565098,0.017818021,0.0,0.0
2023-06-21 23:00:00+09:00,0.0,0.0,0.0005433284677565098,0.0005433284677565098,0.002226739,0.0,0.0
2023-06-22 00:00:00+09:00,0.0,0.0,0.0,0.0,0.0,0.0007822185289114714,0.0007822185289114714
2023-06-22 01:00:00+09:00,0.0,0.0,0.0,0.0,0.0,0.0007822185289114714,0.0007822185289114714
2023-06-22 02:00:00+09:00,0.0,0.0,0.0,0.0,0.0,0.0007822185289114714,0.0007822185289114714
2023-06-22 03:00:00+09:00,0.0,0.0,0.0,0.0,0.0,0.0007822185289114714,0.0007822185289114714
2023-06-22 04:00:00+09:00,0.0,0.0,0.0,0.0,0.0,0.0007822185289114714,0.0007822185289114714
2023-06-22 05:00:00+09:00,0.0,0.0,0.0,0.0,0.0,0.0007822185289114714,0.0007822185289114714
2023-06-22 06:00:00+09:00,0.0,0.0,0.0011733014835044742,0.0011733014835044742,0.0,0.0020159007981419563,0.0020159007981419563
2023-06-22 07:00:00+09:00,0.0452873,0.0,0.030447816476225853,0.030447816476225853,0.0,0.05297194421291351,0.05297194421291351
2023-06-22 08:00:00+09:00,0.120270617,0.0452873,0.10443002740483284,0.10443002740483284,0.0,0.09530535340309143,0.09530535340309143
2023-06-22 09:00:00+09:00,0.417233874,0.120270617,0.24311774193419647,0.24311774193419647,0.0,0.22985336184501648,0.22985336184501648
2023-06-22 10:00:00+09:00,0.429854117,0.417233874,0.5254354299077263,0.5254354299077263,0.0452873,0.37291472042541507,0.37291472042541507
2023-06-22 11:00:00+09:00,0.59838102,0.429854117,0.47401146929849813,0.47401146929849813,0.120270617,0.4211506020940704,0.4211506020940704
2023-06-22 12:00:00+09:00,0.551609227,0.59838102,0.5878783202374173,0.5878783202374173,0.417233874,0.6007843957313767,0.6007843957313767
2023-06-22 13:00:00+09:00,0.573881754,0.551609227,0.5636986461786647,0.5636986461786647,0.429854117,0.5938238721727295,0.5938238721727295
2023-06-22 14:00:00+09:00,0.33111378,0.573881754,0.5368020807395496,0.5368020807395496,0.59838102,0.5907337105477047,0.5907337105477047
2023-06-22 15:00:00+09:00,0.505580708,0.33111378,0.2855801042995739,0.2855801042995739,0.551609227,0.5100730187578221,0.5100730187578221
2023-06-22 16:00:00+09:00,0.453611137,0.505580708,0.46430983355933,0.46430983355933,0.573881754,0.4906816047618904,0.4906816047618904
2023-06-22 17:00:00+09:00,0.3325993,0.453611137,0.3527599290284271,0.3527599290284271,0.33111378,0.2354618255875397,0.2354618255875397
2023-06-22 18:00:00+09:00,0.184117158,0.3325993,0.2470594449370384,0.2470594449370384,0.505580708,0.3130076970785217,0.3130076970785217
2023-06-22 19:00:00+09:00,0.028953771,0.184117158,0.10340987617207337,0.10340987617207337,0.453611137,0.16490945371714782,0.16490945371714782
2023-06-22 20:00:00+09:00,0.005938998,0.028953771,0.0,0.0,0.3325993,0.10585077390365599,0.10585077390365599
2023-06-22 21:00:00+09:00,0.0,0.005938998,0.0019112993453185559,0.0019112993453185559,0.184117158,0.0256924229307251,0.0256924229307251
2023-06-22 22:00:00+09:00,0.0,0.0,0.0019680303521454334,0.0019680303521454334,0.028953771,0.0,0.0
2023-06-22 23:00:00+09:00,0.0,0.0,0.0019680303521454334,0.0019680303521454334,0.005938998,0.005485432526564553,0.005485432526564553
2023-06-23 00:00:00+09:00,0.0,0.0,0.0007453499129042029,0.0007453499129042029,0.0,0.002956035314127803,0.002956035314127803
2023-06-23 01:00:00+09:00,0.0,0.0,0.0007453499129042029,0.0007453499129042029,0.0,0.002956035314127803,0.002956035314127803
2023-06-23 02:00:00+09:00,0.0,0.0,0.0007453499129042029,0.0007453499129042029,0.0,0.002956035314127803,0.002956035314127803
2023-06-23 03:00:00+09:00,0.0,0.0,0.0007453499129042029,0.0007453499129042029,0.0,0.002956035314127803,0.002956035314127803
2023-06-23 04:00:00+09:00,0.0,0.0,0.0007453499129042029,0.0007453499129042029,0.0,0.002956035314127803,0.002956035314127803
2023-06-23 05:00:00+09:00,0.0,0.0,0.0007453499129042029,0.0007453499129042029,0.0,0.002956035314127803,0.002956035314127803
2023-06-23 06:00:00+09:00,0.011879023,0.0,0.002223698887974024,0.002223698887974024,0.0,0.004231676459312439,0.004231676459312439
2023-06-23 07:00:00+09:00,0.115816112,0.011879023,0.0864802336537819,0.0864802336537819,0.0,0.0780198723077774,0.0780198723077774
2023-06-23 08:00:00+09:00,0.273206238,0.115816112,0.18480024798537445,0.18480024798537445,0.0,0.14835192263126373,0.14835192263126373
2023-06-23 09:00:00+09:00,0.434308623,0.273206238,0.3680071498437767,0.3680071498437767,0.011879023,0.3641342183792572,0.3641342183792572
2023-06-23 10:00:00+09:00,0.464747913,0.434308623,0.5638101445873718,0.5638101445873718,0.115816112,0.3906515495362396,0.3906515495362396
2023-06-23 11:00:00+09:00,0.670395351,0.464747913,0.519285969254387,0.519285969254387,0.273206238,0.619586590973938,0.619586590973938
2023-06-23 12:00:00+09:00,0.714197132,0.670395351,0.7429143329931984,0.7429143329931984,0.434308623,0.6216107951839904,0.6216107951839904
2023-06-23 13:00:00+09:00,0.719393883,0.714197132,0.7687428139236279,0.7687428139236279,0.464747913,0.6563225908249741,0.6563225908249741
2023-06-23 14:00:00+09:00,0.559775991,0.719393883,0.7412731406342821,0.7412731406342821,0.670395351,0.7502698888851891,0.7502698888851891
2023-06-23 15:00:00+09:00,0.544927983,0.559775991,0.4893594659937057,0.4893594659937057,0.714197132,0.7051584778439708,0.7051584778439708
2023-06-23 16:00:00+09:00,0.484792674,0.544927983,0.4342515751859741,0.4342515751859741,0.719393883,0.5353846290212707,0.5353846290212707
2023-06-23 17:00:00+09:00,0.401642592,0.484792674,0.3894409481832733,0.3894409481832733,0.559775991,0.31469662264710996,0.31469662264710996
2023-06-23 18:00:00+09:00,0.222722186,0.401642592,0.24076017861270144,0.24076017861270144,0.544927983,0.16911205501766968,0.16911205501766968
2023-06-23 19:00:00+09:00,0.109876087,0.222722186,0.09184905722821807,0.09184905722821807,0.484792674,0.09122338336203001,0.09122338336203001
2023-06-23 20:00:00+09:00,0.005938998,0.109876087,0.037139384140598294,0.037139384140598294,0.401642592,0.08985209588908388,0.08985209588908388
2023-06-23 21:00:00+09:00,0.0,0.005938998,0.0,0.0,0.222722186,0.029767928869377125,0.029767928869377125
2023-06-23 22:00:00+09:00,0.0,0.0,0.0,0.0,0.109876087,0.031599668850528714,0.031599668850528714
2023-06-23 23:00:00+09:00,0.0,0.0,0.0,0.0,0.005938998,0.0,0.0
2023-06-24 00:00:00+09:00,0.0,0.0,0.0008180087897926569,0.0008180087897926569,0.0,0.0030532090459018946,0.0030532090459018946
2023-06-24 01:00:00+09:00,0.0,0.0,0.0008180087897926569,0.0008180087897926569,0.0,0.0030532090459018946,0.0030532090459018946
2023-06-24 02:00:00+09:00,0.0,0.0,0.0008180087897926569,0.0008180087897926569,0.0,0.0030532090459018946,0.0030532090459018946
2023-06-24 03:00:00+09:00,0.0,0.0,0.0008180087897926569,0.0008180087897926569,0.0,0.0030532090459018946,0.0030532090459018946
2023-06-24 04:00:00+09:00,0.0,0.0,0.0008180087897926569,0.0008180087897926569,0.0,0.0030532090459018946,0.0030532090459018946
2023-06-24 05:00:00+09:00,0.0,0.0,0.0008180087897926569,0.0008180087897926569,0.0,0.0030532090459018946,0.0030532090459018946
2023-06-24 06:00:00+09:00,0.004454505,0.0,0.006954891607165337,0.006954891607165337,0.0,0.018869031220674515,0.018869031220674515
2023-06-24 07:00:00+09:00,0.063104294,0.004454505,0.08004574135292053,0.08004574135292053,0.0,0.08202912658452988,0.08202912658452988
2023-06-24 08:00:00+09:00,0.118785098,0.063104294,0.1631065604666176,0.1631065604666176,0.0,0.08913737535476685,0.08913737535476685
2023-06-24 09:00:00+09:00,0.241282454,0.118785098,0.26320750991864017,0.26320750991864017,0.004454505,0.356295507702713,0.356295507702713
2023-06-24 10:00:00+09:00,0.460293408,0.241282454,0.3549997790317574,0.3549997790317574,0.063104294,0.43938692635092164,0.43938692635092164
2023-06-24 11:00:00+09:00,0.608032277,0.460293408,0.45962565250796844,0.45962565250796844,0.118785098,0.4035497454838257,0.4035497454838257
2023-06-24 12:00:00+09:00,0.665940846,0.608032277,0.6141217450209457,0.6141217450209457,0.241282454,0.5092906563143769,0.5092906563143769
2023-06-24 13:00:00+09:00,0.557549252,0.665940846,0.6593443105557404,0.6593443105557404,0.460293408,0.6515536117191392,0.6515536117191392
2023-06-24 14:00:00+09:00,0.604321045,0.557549252,0.537920244794633,0.537920244794633,0.608032277,0.5883198270172376,0.5883198270172376
2023-06-24 15:00:00+09:00,0.625108052,0.604321045,0.56699024619524,0.56699024619524,0.665940846,0.6164440127649746,0.6164440127649746
2023-06-24 16:00:00+09:00,0.44173314,0.625108052,0.5602018795456428,0.5602018795456428,0.557549252,0.46780161448970037,0.46780161448970037
2023-06-24 17:00:00+09:00,0.339280545,0.44173314,0.32093676502336504,0.32093676502336504,0.604321045,0.29561082752410883,0.29561082752410883
2023-06-24 18:00:00+09:00,0.181148172,0.339280545,0.1891774081029129,0.1891774081029129,0.625108052,0.2845274097766418,0.2845274097766418
2023-06-24 19:00:00+09:00,0.066816553,0.181148172,0.06342172680194091,0.06342172680194091,0.44173314,0.03373797560562136,0.03373797560562136
2023-06-24 20:00:00+09:00,0.005938998,0.066816553,0.0,0.0,0.339280545,0.013360887054367054,0.013360887054367054
2023-06-24 21:00:00+09:00,0.0,0.005938998,0.0,0.0,0.181148172,0.0,0.0
2023-06-24 22:00:00+09:00,0.0,0.0,0.0,0.0,0.066816553,0.0,0.0
2023-06-24 23:00:00+09:00,0.0,0.0,0.0,0.0,0.005938998,0.0,0.0
2023-06-25 00:00:00+09:00,0.0,0.0,4.054290002386551e-06,4.054290002386551e-06,0.0,0.0,0.0
2023-06-25 01:00:00+09:00,0.0,0.0,4.054290002386551e-06,4.054290002386551e-06,0.0,0.0,0.0
2023-06-25 02:00:00+09:00,0.0,0.0,4.054290002386551e-06,4.054290002386551e-06,0.0,0.0,0.0
2023-06-25 03:00:00+09:00,0.0,0.0,4.054290002386551e-06,4.054290002386551e-06,0.0,0.0,0.0
2023-06-25 04:00:00+09:00,0.0,0.0,4.054290002386551e-06,4.054290002386551e-06,0.0,0.0,0.0
2023-06-25 05:00:00+09:00,0.0,0.0,4.054290002386551e-06,4.054290002386551e-06,0.0,0.0,0.0
2023-06-25 06:00:00+09:00,0.006681245,0.0,0.002945591462776065,0.002945591462776065,0.0,0.008821793831884861,0.008821793831884861
2023-06-25 07:00:00+09:00,0.083892328,0.006681245,0.07004407438718796,0.07004407438718796,0.0,0.08287441730499268,0.08287441730499268
2023-06-25 08:00:00+09:00,0.14551213,0.083892328,0.16691962376826097,0.16691962376826097,0.0,0.13805224001407623,0.13805224001407623
2023-06-25 09:00:00+09:00,0.218267681,0.14551213,0.2469823024052429,0.2469823024052429,0.006681245,0.23632497730934143,0.23632497730934143
2023-06-25 10:00:00+09:00,0.361553071,0.218267681,0.348755540249115,0.348755540249115,0.083892328,0.4154004578351288,0.4154004578351288
2023-06-25 11:00:00+09:00,0.45286889,0.361553071,0.46575421647014237,0.46575421647014237,0.14551213,0.5205104610699463,0.5205104610699463
2023-06-25 12:00:00+09:00,0.55457924,0.45286889,0.5771475694900894,0.5771475694900894,0.218267681,0.5566204506132659,0.5566204506132659
2023-06-25 13:00:00+09:00,0.45435441,0.55457924,0.5647651308310533,0.5647651308310533,0.361553071,0.49013590619744873,0.49013590619744873
2023-06-25 14:00:00+09:00,0.399415853,0.45435441,0.48915879515543936,0.48915879515543936,0.45286889,0.4716456867581749,0.4716456867581749
2023-06-25 15:00:00+09:00,0.316265771,0.399415853,0.3958211124732493,0.3958211124732493,0.55457924,0.6009404442367459,0.6009404442367459
2023-06-25 16:00:00+09:00,0.152193374,0.316265771,0.2189819904252014,0.2189819904252014,0.45435441,0.2709139035417175,0.2709139035417175
2023-06-25 17:00:00+09:00,0.133633106,0.152193374,0.040218560955928795,0.040218560955928795,0.399415853,0.09035790202648925,0.09035790202648925
2023-06-25 18:00:00+09:00,0.035636043,0.133633106,0.0,0.0,0.316265771,0.0,0.0
2023-06-25 19:00:00+09:00,0.004454505,0.035636043,0.0,0.0,0.152193374,0.0,0.0
2023-06-25 20:00:00+09:00,0.0,0.004454505,0.0,0.0,0.133633106,0.0,0.0
2023-06-25 21:00:00+09:00,0.0,0.0,0.0,0.0,0.035636043,0.0,0.0
2023-06-25 22:00:00+09:00,0.0,0.0,0.0,0.0,0.004454505,0.0,0.0
2023-06-25 23:00:00+09:00,0.0,0.0,0.0,0.0,0.0,0.0,0.0
2023-06-26 00:00:00+09:00,0.0,0.0,0.0,0.0,0.0,0.0,0.0
2023-06-26 01:00:00+09:00,0.0,0.0,0.0,0.0,0.0,0.0,0.0
2023-06-26 02:00:00+09:00,0.0,0.0,0.0,0.0,0.0,0.0,0.0
2023-06-26 03:00:00+09:00,0.0,0.0,0.0,0.0,0.0,0.0,0.0
2023-06-26 04:00:00+09:00,0.0,0.0,0.0,0.0,0.0,0.0,0.0
2023-06-26 05:00:00+09:00,0.0,0.0,0.0,0.0,0.0,0.0,0.0
2023-06-26 06:00:00+09:00,0.0,0.0,0.004340550396591425,0.004340550396591425,0.0,0.01601436920464039,0.01601436920464039
2023-06-26 07:00:00+09:00,0.004454505,0.0,0.06517249345779419,0.06517249345779419,0.0,0.08148999512195587,0.08148999512195587
2023-06-26 08:00:00+09:00,0.047514039,0.004454505,0.1812227185105133,0.1812227185105133,0.0,0.1650647670030594,0.1650647670030594
2023-06-26 09:00:00+09:00,0.04380178,0.047514039,0.13602435859056855,0.13602435859056855,0.0,0.2161060869693756,0.2161060869693756
2023-06-26 10:00:00+09:00,0.116558358,0.04380178,0.16668487633731843,0.16668487633731843,0.004454505,0.33558801964271545,0.33558801964271545
2023-06-26 11:00:00+09:00,0.164072397,0.116558358,0.23515389852352905,0.23515389852352905,0.047514039,0.37490041824194337,0.37490041824194337
2023-06-26 12:00:00+09:00,0.188571663,0.164072397,0.194791528231308,0.194791528231308,0.04380178,0.26783942724731447,0.26783942724731447
2023-06-26 13:00:00+09:00,0.193026169,0.188571663,0.20906489285112667,0.20906489285112667,0.116558358,0.2540410309297638,0.2540410309297638
2023-06-26 14:00:00+09:00,0.181890419,0.193026169,0.18755376923996234,0.18755376923996234,0.164072397,0.23696130777041627,0.23696130777041627
2023-06-26 15:00:00+09:00,0.167784656,0.181890419,0.18340736337954575,0.18340736337954575,0.188571663,0.07435993234099197,0.07435993234099197
2023-06-26 16:00:00+09:00,0.201935179,0.167784656,0.08920525253997422,0.08920525253997422,0.193026169,0.14719640722665214,0.14719640722665214
2023-06-26 17:00:00+09:00,0.071271059,0.201935179,0.10461374319086456,0.10461374319086456,0.181890419,0.048305904739707944,0.048305904739707944
2023-06-26 18:00:00+09:00,0.048998532,0.071271059,0.01757850208233261,0.01757850208233261,0.167784656,0.0,0.0
2023-06-26 19:00:00+09:00,0.048256285,0.048998532,0.0,0.0,0.201935179,0.03187771833429717,0.03187771833429717
2023-06-26 20:00:00+09:00,0.002970012,0.048256285,0.013020790624771121,0.013020790624771121,0.071271059,0.0,0.0
2023-06-26 21:00:00+09:00,0.0,0.002970012,0.0,0.0,0.048998532,0.0,0.0
2023-06-26 22:00:00+09:00,0.0,0.0,0.0007027894607745111,0.0007027894607745111,0.048256285,0.0,0.0
2023-06-26 23:00:00+09:00,0.0,0.0,0.0007027894607745111,0.0007027894607745111,0.002970012,0.0,0.0
2023-06-27 00:00:00+09:00,0.0,0.0,0.0002598570426926017,0.0002598570426926017,0.0,0.0,0.0
2023-06-27 01:00:00+09:00,0.0,0.0,0.0002598570426926017,0.0002598570426926017,0.0,0.0,0.0
2023-06-27 02:00:00+09:00,0.0,0.0,0.0002598570426926017,0.0002598570426926017,0.0,0.0,0.0
2023-06-27 03:00:00+09:00,0.0,0.0,0.0002598570426926017,0.0002598570426926017,0.0,0.0,0.0
2023-06-27 04:00:00+09:00,0.0,0.0,0.0002598570426926017,0.0002598570426926017,0.0,0.0,0.0
2023-06-27 05:00:00+09:00,0.0,0.0,0.0002598570426926017,0.0002598570426926017,0.0,0.0,0.0
2023-06-27 06:00:00+09:00,0.0,0.0,0.0017653988907113671,0.0017653988907113671,0.0,0.0,0.0
2023-06-27 07:00:00+09:00,0.003712259,0.0,0.024738924577832222,0.024738924577832222,0.0,0.03930658847093582,0.03930658847093582
2023-06-27 08:00:00+09:00,0.092059092,0.003712259,0.04400713718479538,0.04400713718479538,0.0,0.06110444292426109,0.06110444292426109
2023-06-27 09:00:00+09:00,0.168526903,0.092059092,0.18516380466508103,0.18516380466508103,0.0,0.23208847641944885,0.23208847641944885
2023-06-27 10:00:00+09:00,0.290282013,0.168526903,0.279813401606205,0.279813401606205,0.003712259,0.303577445214447,0.303577445214447
2023-06-27 11:00:00+09:00,0.152193374,0.290282013,0.39362535822485734,0.39362535822485734,0.092059092,0.42354847617434693,0.42354847617434693
2023-06-27 12:00:00+09:00,0.300675516,0.152193374,0.19783899839918517,0.19783899839918517,0.168526903,0.3626843096877365,0.3626843096877365
2023-06-27 13:00:00+09:00,0.576851766,0.300675516,0.4336514221336517,0.4336514221336517,0.290282013,0.4925106187472229,0.4925106187472229
2023-06-27 14:00:00+09:00,0.396445841,0.576851766,0.5121454926230583,0.5121454926230583,0.152193374,0.3159972494463196,0.3159972494463196
2023-06-27 15:00:00+09:00,0.175950394,0.396445841,0.40529603365115263,0.40529603365115263,0.300675516,0.3813055725600395,0.3813055725600395
2023-06-27 16:00:00+09:00,0.391991335,0.175950394,0.15447206328350926,0.15447206328350926,0.576851766,0.5460217254259262,0.5460217254259262
2023-06-27 17:00:00+09:00,0.091315819,0.391991335,0.2277863798989868,0.2277863798989868,0.396445841,0.14868220727197268,0.14868220727197268
2023-06-27 18:00:00+09:00,0.030438264,0.091315819,0.0037399363267364566,0.0037399363267364566,0.175950394,0.0,0.0
2023-06-27 19:00:00+09:00,0.003712259,0.030438264,0.0,0.0,0.391991335,0.07445223912139892,0.07445223912139892
2023-06-27 20:00:00+09:00,0.000742246,0.003712259,0.0,0.0,0.091315819,0.0,0.0
2023-06-27 21:00:00+09:00,0.0,0.000742246,0.0,0.0,0.030438264,0.0,0.0
2023-06-27 22:00:00+09:00,0.0,0.0,0.0,0.0,0.003712259,0.0,0.0
2023-06-27 23:00:00+09:00,0.0,0.0,0.0,0.0,0.000742246,0.0,0.0
2023-06-28 00:00:00+09:00,0.0,0.0,0.0,0.0,0.0,0.0,0.0
2023-06-28 01:00:00+09:00,0.0,0.0,0.0,0.0,0.0,0.0,0.0
2023-06-28 02:00:00+09:00,0.0,0.0,0.0,0.0,0.0,0.0,0.0
2023-06-28 03:00:00+09:00,0.0,0.0,0.0,0.0,0.0,0.0,0.0
2023-06-28 04:00:00+09:00,0.0,0.0,0.0,0.0,0.0,0.0,0.0
2023-06-28 05:00:00+09:00,0.0,0.0,0.0,0.0,0.0,0.0,0.0
2023-06-28 06:00:00+09:00,0.0,0.0,0.0012152709532529116,0.0012152709532529116,0.0,0.0,0.0
2023-06-28 07:00:00+09:00,0.0,0.0,0.02371159754693508,0.02371159754693508,0.0,0.05060173198580742,0.05060173198580742
2023-06-28 08:00:00+09:00,0.046029546,0.0,0.03950980305671692,0.03950980305671692,0.0,0.06601733714342117,0.06601733714342117
2023-06-28 09:00:00+09:00,0.181890419,0.046029546,0.170217179395195,0.170217179395195,0.0,0.21496787667274475,0.21496787667274475
2023-06-28 10:00:00+09:00,0.212328683,0.181890419,0.2528480126198235,0.2528480126198235,0.0,0.28807565569877625,0.28807565569877625
2023-06-28 11:00:00+09:00,0.39793136,0.212328683,0.27407931850472256,0.27407931850472256,0.046029546,0.31298626277589414,0.31298626277589414
2023-06-28 12:00:00+09:00,0.423915119,0.39793136,0.5306652116712189,0.5306652116712189,0.181890419,0.5617140738900605,0.5617140738900605
2023-06-28 13:00:00+09:00,0.541215724,0.423915119,0.5132656256633225,0.5132656256633225,0.212328683,0.4690290795377807,0.4690290795377807
2023-06-28 14:00:00+09:00,0.583533011,0.541215724,0.5782414550569286,0.5782414550569286,0.39793136,0.49869452446065904,0.49869452446065904
2023-06-28 15:00:00+09:00,0.593926515,0.583533011,0.4693006049798355,0.4693006049798355,0.423915119,0.4822656634228649,0.4822656634228649
2023-06-28 16:00:00+09:00,0.579820752,0.593926515,0.5165837216545487,0.5165837216545487,0.541215724,0.45660789186622996,0.45660789186622996
2023-06-28 17:00:00+09:00,0.289539766,0.579820752,0.4796759410254021,0.4796759410254021,0.583533011,0.3634932260917053,0.3634932260917053
2023-06-28 18:00:00+09:00,0.122497356,0.289539766,0.19357197402545545,0.19357197402545545,0.593926515,0.3515139180590058,0.3515139180590058
2023-06-28 19:00:00+09:00,0.053453037,0.122497356,0.0605023526275692,0.0605023526275692,0.579820752,0.3615039436570664,0.3615039436570664
2023-06-28 20:00:00+09:00,0.003712259,0.053453037,0.009563562876283647,0.009563562876283647,0.289539766,0.0,0.0
2023-06-28 21:00:00+09:00,0.0,0.003712259,0.0,0.0,0.122497356,0.0,0.0
2023-06-28 22:00:00+09:00,0.0,0.0,0.0005433284677565098,0.0005433284677565098,0.053453037,0.0,0.0
2023-06-28 23:00:00+09:00,0.0,0.0,0.0005433284677565098,0.0005433284677565098,0.003712259,0.0007822960613485573,0.0007822960613485573
2023-06-29 00:00:00+09:00,0.0,0.0,0.0,0.0,0.0,0.0007822185289114714,0.0007822185289114714
2023-06-29 01:00:00+09:00,0.0,0.0,0.0,0.0,0.0,0.0007822185289114714,0.0007822185289114714
2023-06-29 02:00:00+09:00,0.0,0.0,0.0,0.0,0.0,0.0007822185289114714,0.0007822185289114714
2023-06-29 03:00:00+09:00,0.0,0.0,0.0,0.0,0.0,0.0007822185289114714,0.0007822185289114714
2023-06-29 04:00:00+09:00,0.0,0.0,0.0,0.0,0.0,0.0007822185289114714,0.0007822185289114714
2023-06-29 05:00:00+09:00,0.0,0.0,0.0,0.0,0.0,0.0007822185289114714,0.0007822185289114714
2023-06-29 06:00:00+09:00,0.0,0.0,0.0011733014835044742,0.0011733014835044742,0.0,0.0020159007981419563,0.0020159007981419563
2023-06-29 07:00:00+09:00,0.03266603,0.0,0.024257687851786613,0.024257687851786613,0.0,0.02245260588824749,0.02245260588824749
2023-06-29 08:00:00+09:00,0.05642305,0.03266603,0.08586468047931671,0.08586468047931671,0.0,0.10292907059192657,0.10292907059192657
2023-06-29 09:00:00+09:00,0.136603119,0.05642305,0.1469706712501526,0.1469706712501526,0.0,0.21266235411167145,0.21266235411167145
2023-06-29 10:00:00+09:00,0.3325993,0.136603119,0.2475899776063385,0.2475899776063385,0.03266603,0.3132200265629578,0.3132200265629578
2023-06-29 11:00:00+09:00,0.158875645,0.3325993,0.3627820173680067,0.3627820173680067,0.05642305,0.32189149840049747,0.32189149840049747
2023-06-29 12:00:00+09:00,0.185601651,0.158875645,0.18189175319995404,0.18189175319995404,0.136603119,0.3452292700848999,0.3452292700848999
2023-06-29 13:00:00+09:00,0.13289086,0.185601651,0.22639359094402886,0.22639359094402886,0.3325993,0.4584091483085632,0.4584091483085632
2023-06-29 14:00:00+09:00,0.063104294,0.13289086,0.15387948826824188,0.15387948826824188,0.158875645,0.22133830641533853,0.22133830641533853
2023-06-29 15:00:00+09:00,0.069786566,0.063104294,0.023500561473697668,0.023500561473697668,0.185601651,0.15992036953768826,0.15992036953768826
2023-06-29 16:00:00+09:00,0.09799809,0.069786566,0.06448816383959388,0.06448816383959388,0.13289086,0.09151463062439918,0.09151463062439918
2023-06-29 17:00:00+09:00,0.069044319,0.09799809,0.0,0.0,0.063104294,0.0,0.0
2023-06-29 18:00:00+09:00,0.008909011,0.069044319,0.0,0.0,0.069786566,0.0,0.0
2023-06-29 19:00:00+09:00,0.000742246,0.008909011,0.0,0.0,0.09799809,0.0,0.0
2023-06-29 20:00:00+09:00,0.0,0.000742246,0.0,0.0,0.069044319,0.0,0.0
2023-06-29 21:00:00+09:00,0.0,0.0,0.0,0.0,0.008909011,0.0,0.0
2023-06-29 22:00:00+09:00,0.0,0.0,0.0019680303521454334,0.0019680303521454334,0.000742246,0.0,0.0
2023-06-29 23:00:00+09:00,0.0,0.0,0.0019680303521454334,0.0019680303521454334,0.0,0.0,0.0
2023-06-30 00:00:00+09:00,0.0,0.0,0.0007453499129042029,0.0007453499129042029,0.0,0.002956035314127803,0.002956035314127803
2023-06-30 01:00:00+09:00,0.0,0.0,0.0007453499129042029,0.0007453499129042029,0.0,0.002956035314127803,0.002956035314127803
2023-06-30 02:00:00+09:00,0.0,0.0,0.0007453499129042029,0.0007453499129042029,0.0,0.002956035314127803,0.002956035314127803
2023-06-30 03:00:00+09:00,0.0,0.0,0.0007453499129042029,0.0007453499129042029,0.0,0.002956035314127803,0.002956035314127803
2023-06-30 04:00:00+09:00,0.0,0.0,0.0007453499129042029,0.0007453499129042029,0.0,0.002956035314127803,0.002956035314127803
2023-06-30 05:00:00+09:00,0.0,0.0,0.0007453499129042029,0.0007453499129042029,0.0,0.002956035314127803,0.002956035314127803
2023-06-30 06:00:00+09:00,0.0,0.0,0.002223698887974024,0.002223698887974024,0.0,0.004231676459312439,0.004231676459312439
2023-06-30 07:00:00+09:00,0.0,0.0,0.05485066771507263,0.05485066771507263,0.0,0.056128498166799545,0.056128498166799545
2023-06-30 08:00:00+09:00,0.014848009,0.0,0.04903757944703102,0.04903757944703102,0.0,0.08059295266866684,0.08059295266866684
2023-06-30 09:00:00+09:00,0.0452873,0.014848009,0.1103508176900711,0.1103508176900711,0.0,0.18944233655929565,0.18944233655929565
2023-06-30 10:00:00+09:00,0.093543585,0.0452873,0.177638191828537,0.177638191828537,0.0,0.28340744972229004,0.28340744972229004
2023-06-30 11:00:00+09:00,0.053453037,0.093543585,0.13063053375240324,0.13063053375240324,0.014848009,0.20607097471731567,0.20607097471731567
2023-06-30 12:00:00+09:00,0.079437823,0.053453037,0.08389807254701806,0.08389807254701806,0.0452873,0.224866796383667,0.224866796383667
2023-06-30 13:00:00+09:00,0.249449218,0.079437823,0.12626748621706774,0.12626748621706774,0.093543585,0.23527162855621336,0.23527162855621336
2023-06-30 14:00:00+09:00,0.187829417,0.249449218,0.2391323692451172,0.2391323692451172,0.053453037,0.12933825836211396,0.12933825836211396
2023-06-30 15:00:00+09:00,0.106907101,0.187829417,0.15768324659246635,0.15768324659246635,0.079437823,0.016973332467124944,0.016973332467124944
2023-06-30 16:00:00+09:00,0.103937089,0.106907101,0.0,0.0,0.249449218,0.17065225758654404,0.17065225758654404
2023-06-30 17:00:00+09:00,0.11061936,0.103937089,0.026659607444061276,0.026659607444061276,0.187829417,0.0,0.0
2023-06-30 18:00:00+09:00,0.085376821,0.11061936,0.02134856709848404,0.02134856709848404,0.106907101,0.0,0.0
2023-06-30 19:00:00+09:00,0.019302514,0.085376821,0.034448727507015234,0.034448727507015234,0.103937089,0.0,0.0
2023-06-30 20:00:00+09:00,0.000742246,0.019302514,0.0,0.0,0.11061936,0.0,0.0
2023-06-30 21:00:00+09:00,0.0,0.000742246,0.0,0.0,0.085376821,0.0,0.0
2023-06-30 22:00:00+09:00,0.0,0.0,0.0,0.0,0.019302514,0.0,0.0
2023-06-30 23:00:00+09:00,0.0,0.0,0.0,0.0,0.000742246,0.0,0.0
2023-07-01 00:00:00+09:00,0.0,0.0,0.0,0.0,0.0,0.0,0.0
2023-07-01 01:00:00+09:00,0.0,0.0,0.0,0.0,0.0,0.0,0.0
2023-07-01 02:00:00+09:00,0.0,0.0,0.0,0.0,0.0,0.0,0.0
2023-07-01 03:00:00+09:00,0.0,0.0,0.0,0.0,0.0,0.0,0.0
2023-07-01 04:00:00+09:00,0.0,0.0,0.0,0.0,0.0,0.0,0.0
2023-07-01 05:00:00+09:00,0.0,0.0,0.0,0.0,0.0,0.0,0.0
2023-07-01 06:00:00+09:00,0.0,0.0,0.0,0.0,0.0,0.0,0.0
2023-07-01 07:00:00+09:00,0.02375702,0.0,0.016287799924612045,0.016287799924612045,0.0,0.01588866487145424,0.01588866487145424
2023-07-01 08:00:00+09:00,0.038605028,0.02375702,0.07567968777157784,0.07567968777157784,0.0,0.08767329901456833,0.08767329901456833
2023-07-01 09:00:00+09:00,0.087604587,0.038605028,0.131719426419857,0.131719426419857,0.0,0.1536845862865448,0.1536845862865448
2023-07-01 10:00:00+09:00,0.166299137,0.087604587,0.14000675178705407,0.14000675178705407,0.02375702,0.19104325211383819,0.19104325211383819
2023-07-01 11:00:00+09:00,0.266524993,0.166299137,0.20306399715319826,0.20306399715319826,0.038605028,0.12785554787171172,0.12785554787171172
2023-07-01 12:00:00+09:00,0.505580708,0.266524993,0.38261957478281783,0.38261957478281783,0.087604587,0.2921544956380005,0.2921544956380005
2023-07-01 13:00:00+09:00,0.417233874,0.505580708,0.4645990129440384,0.4645990129440384,0.166299137,0.26507567119971465,0.26507567119971465
2023-07-01 14:00:00+09:00,0.547154722,0.417233874,0.3852504462966194,0.3852504462966194,0.266524993,0.32400006440040396,0.32400006440040396
2023-07-01 15:00:00+09:00,0.591699775,0.547154722,0.517558586979744,0.517558586979744,0.505580708,0.5092898170343892,0.5092898170343892
2023-07-01 16:00:00+09:00,0.389764596,0.591699775,0.5429745164410115,0.5429745164410115,0.417233874,0.3674875021943321,0.3674875021943321
2023-07-01 17:00:00+09:00,0.3325993,0.389764596,0.3220448831465683,0.3220448831465683,0.547154722,0.397672471786377,0.397672471786377
2023-07-01 18:00:00+09:00,0.190799429,0.3325993,0.2535146950214386,0.2535146950214386,0.591699775,0.2978635091976166,0.2978635091976166
2023-07-01 19:00:00+09:00,0.057165296,0.190799429,0.09983183342276,0.09983183342276,0.389764596,0.1402103195336304,0.1402103195336304
2023-07-01 20:00:00+09:00,0.004454505,0.057165296,0.0180400583860836,0.0180400583860836,0.3325993,0.09656915352039336,0.09656915352039336
2023-07-01 21:00:00+09:00,0.0,0.004454505,0.002192905474190712,0.002192905474190712,0.190799429,0.0613988180762329,0.0613988180762329
2023-07-01 22:00:00+09:00,0.0,0.0,0.0018171524861827493,0.0018171524861827493,0.057165296,0.005314865332599637,0.005314865332599637
2023-07-01 23:00:00+09:00,0.0,0.0,0.0018171524861827493,0.0018171524861827493,0.004454505,0.004478601287233988,0.004478601287233988
2023-07-02 00:00:00+09:00,0.0,0.0,0.0,0.0,0.0,0.0,0.0
2023-07-02 01:00:00+09:00,0.0,0.0,0.0,0.0,0.0,0.0,0.0
2023-07-02 02:00:00+09:00,0.0,0.0,0.0,0.0,0.0,0.0,0.0
2023-07-02 03:00:00+09:00,0.0,0.0,0.0,0.0,0.0,0.0,0.0
2023-07-02 04:00:00+09:00,0.0,0.0,0.0,0.0,0.0,0.0,0.0
2023-07-02 05:00:00+09:00,0.0,0.0,0.0,0.0,0.0,0.0,0.0
2023-07-02 06:00:00+09:00,0.002226739,0.0,0.0,0.0,0.0,0.0,0.0
2023-07-02 07:00:00+09:00,0.05642305,0.002226739,0.038926652442134856,0.038926652442134856,0.0,0.05163360759615898,0.05163360759615898
2023-07-02 08:00:00+09:00,0.135118626,0.05642305,0.1446896014945984,0.1446896014945984,0.0,0.11043567210435867,0.11043567210435867
2023-07-02 09:00:00+09:00,0.22197994,0.135118626,0.2102032526746521,0.2102032526746521,0.002226739,0.1352335203396454,0.1352335203396454
2023-07-02 10:00:00+09:00,0.37640108,0.22197994,0.3638405889896774,0.3638405889896774,0.05642305,0.33453957421951297,0.33453957421951297
2023-07-02 11:00:00+09:00,0.517458704,0.37640108,0.37489907496587366,0.37489907496587366,0.135118626,0.3132243230357895,0.3132243230357895
2023-07-02 12:00:00+09:00,0.635501555,0.517458704,0.6010808690242806,0.6010808690242806,0.22197994,0.5354502440122986,0.5354502440122986
2023-07-02 13:00:00+09:00,0.626592545,0.635501555,0.5886051681083966,0.5886051681083966,0.37640108,0.49426974188049316,0.49426974188049316
2023-07-02 14:00:00+09:00,0.570169495,0.626592545,0.6159939693036508,0.6159939693036508,0.517458704,0.5588800168387928,0.5588800168387928
2023-07-02 15:00:00+09:00,0.625850298,0.570169495,0.5297431922987652,0.5297431922987652,0.635501555,0.5866243679267693,0.5866243679267693
2023-07-02 16:00:00+09:00,0.461777901,0.625850298,0.5036257212287407,0.5036257212287407,0.626592545,0.46371808477966303,0.46371808477966303
2023-07-02 17:00:00+09:00,0.36526533,0.461777901,0.3559046366276512,0.3559046366276512,0.570169495,0.3459668322936249,0.3459668322936249
2023-07-02 18:00:00+09:00,0.227176692,0.36526533,0.24239952646024704,0.24239952646024704,0.625850298,0.2840992291695099,0.2840992291695099
2023-07-02 19:00:00+09:00,0.091315819,0.227176692,0.14090682905015184,0.14090682905015184,0.461777901,0.12155074412248229,0.12155074412248229
2023-07-02 20:00:00+09:00,0.005938998,0.091315819,0.042883893524402625,0.042883893524402625,0.36526533,0.17030132345684051,0.17030132345684051
2023-07-02 21:00:00+09:00,0.0,0.005938998,0.004944490543801665,0.004944490543801665,0.227176692,0.09825457226332857,0.09825457226332857
2023-07-02 22:00:00+09:00,0.0,0.0,0.0030171775724738836,0.0030171775724738836,0.091315819,0.042879389648431784,0.042879389648431784
2023-07-02 23:00:00+09:00,0.0,0.0,0.0030171775724738836,0.0030171775724738836,0.005938998,0.007149809547935009,0.007149809547935009
2023-07-03 00:00:00+09:00,0.0,0.0,0.0009045859333127737,0.0009045859333127737,0.0,0.0018028090707957745,0.0018028090707957745
2023-07-03 01:00:00+09:00,0.0,0.0,0.0009045859333127737,0.0009045859333127737,0.0,0.0018028090707957745,0.0018028090707957745
2023-07-03 02:00:00+09:00,0.0,0.0,0.0009045859333127737,0.0009045859333127737,0.0,0.0018028090707957745,0.0018028090707957745
2023-07-03 03:00:00+09:00,0.0,0.0,0.0009045859333127737,0.0009045859333127737,0.0,0.0018028090707957745,0.0018028090707957745
2023-07-03 04:00:00+09:00,0.0,0.0,0.0009045859333127737,0.0009045859333127737,0.0,0.0018028090707957745,0.0018028090707957745
2023-07-03 05:00:00+09:00,0.0,0.0,0.0009045859333127737,0.0009045859333127737,0.0,0.0018028090707957745,0.0018028090707957745
2023-07-03 06:00:00+09:00,0.015590255,0.0,0.003829261986538768,0.003829261986538768,0.0,0.026672979816794395,0.026672979816794395
2023-07-03 07:00:00+09:00,0.094285832,0.015590255,0.0371185865628767,0.0371185865628767,0.0,0.027522031217813492,0.027522031217813492
2023-07-03 08:00:00+09:00,0.102452596,0.094285832,0.20442339147351457,0.20442339147351457,0.0,0.14517930150032043,0.14517930150032043
2023-07-03 09:00:00+09:00,0.216783188,0.102452596,0.19320761161164857,0.19320761161164857,0.015590255,0.21401063058555603,0.21401063058555603
2023-07-03 10:00:00+09:00,0.523397702,0.216783188,0.4416782331612472,0.4416782331612472,0.094285832,0.4912737470390625,0.4912737470390625
2023-07-03 11:00:00+09:00,0.495186178,0.523397702,0.5590066455517788,0.5590066455517788,0.102452596,0.4267367322953186,0.4267367322953186
2023-07-03 12:00:00+09:00,0.374174341,0.495186178,0.4823202146080403,0.4823202146080403,0.216783188,0.420950554027832,0.420950554027832
2023-07-03 13:00:00+09:00,0.438020881,0.374174341,0.4561332384118233,0.4561332384118233,0.523397702,0.7287819117520828,0.7287819117520828
2023-07-03 14:00:00+09:00,0.399415853,0.438020881,0.3490230699209747,0.3490230699209747,0.495186178,0.36155746689560697,0.36155746689560697
2023-07-03 15:00:00+09:00,0.335568286,0.399415853,0.3963627857479601,0.3963627857479601,0.374174341,0.3416967162856255,0.3416967162856255
2023-07-03 16:00:00+09:00,0.398673607,0.335568286,0.17087296348641967,0.17087296348641967,0.438020881,0.18815627295060727,0.18815627295060727
2023-07-03 17:00:00+09:00,0.314039032,0.398673607,0.25597615350115965,0.25597615350115965,0.399415853,0.11261588571102904,0.11261588571102904
2023-07-03 18:00:00+09:00,0.157390126,0.314039032,0.2099759979423828,0.2099759979423828,0.335568286,0.0,0.0
2023-07-03 19:00:00+09:00,0.041575041,0.157390126,0.06074539662416076,0.06074539662416076,0.398673607,0.11099310029376219,0.11099310029376219
2023-07-03 20:00:00+09:00,0.002226739,0.041575041,0.0,0.0,0.314039032,0.06786593331664276,0.06786593331664276
2023-07-03 21:00:00+09:00,0.0,0.002226739,0.0,0.0,0.157390126,0.012083568583084098,0.012083568583084098
2023-07-03 22:00:00+09:00,0.0,0.0,0.0,0.0,0.041575041,0.0,0.0
2023-07-03 23:00:00+09:00,0.0,0.0,0.0,0.0,0.002226739,0.0,0.0
2023-07-04 00:00:00+09:00,0.0,0.0,0.0,0.0,0.0,0.0,0.0
2023-07-04 01:00:00+09:00,0.0,0.0,0.0,0.0,0.0,0.0,0.0
2023-07-04 02:00:00+09:00,0.0,0.0,0.0,0.0,0.0,0.0,0.0
2023-07-04 03:00:00+09:00,0.0,0.0,0.0,0.0,0.0,0.0,0.0
2023-07-04 04:00:00+09:00,0.0,0.0,0.0,0.0,0.0,0.0,0.0
2023-07-04 05:00:00+09:00,0.0,0.0,0.0,0.0,0.0,0.0,0.0
2023-07-04 06:00:00+09:00,0.0,0.0,0.0037892956752330065,0.0037892956752330065,0.0,0.006546088960021734,0.006546088960021734
2023-07-04 07:00:00+09:00,0.048256285,0.0,0.042616210877895355,0.042616210877895355,0.0,0.08446438610553741,0.08446438610553741
2023-07-04 08:00:00+09:00,0.170753642,0.048256285,0.10272942807093621,0.10272942807093621,0.0,0.12986662983894348,0.12986662983894348
2023-07-04 09:00:00+09:00,0.226434445,0.170753642,0.2676409101260109,0.2676409101260109,0.0,0.18262606859207153,0.18262606859207153
2023-07-04 10:00:00+09:00,0.383825598,0.226434445,0.29327795467407225,0.29327795467407225,0.048256285,0.34141937594429017,0.34141937594429017
2023-07-04 11:00:00+09:00,0.532306713,0.383825598,0.42913776793927955,0.42913776793927955,0.170753642,0.5223606666696472,0.5223606666696472
2023-07-04 12:00:00+09:00,0.39793136,0.532306713,0.5271650682613854,0.5271650682613854,0.226434445,0.4660993870261383,0.4660993870261383
2023-07-04 13:00:00+09:00,0.257615982,0.39793136,0.33332528948150636,0.33332528948150636,0.383825598,0.3229550735041599,0.3229550735041599
2023-07-04 14:00:00+09:00,0.183374911,0.257615982,0.14649115354216768,0.14649115354216768,0.532306713,0.4224773467928772,0.4224773467928772
2023-07-04 15:00:00+09:00,0.109876087,0.183374911,0.16756466348932839,0.16756466348932839,0.39793136,0.2195382344659424,0.2195382344659424
2023-07-04 16:00:00+09:00,0.111361606,0.109876087,0.04015482037268829,0.04015482037268829,0.257615982,0.10736110657847597,0.10736110657847597
2023-07-04 17:00:00+09:00,0.074983317,0.111361606,0.056214323220783236,0.056214323220783236,0.183374911,0.0,0.0
2023-07-04 18:00:00+09:00,0.053453037,0.074983317,0.022608343106834405,0.022608343106834405,0.109876087,0.0,0.0
2023-07-04 19:00:00+09:00,0.022272527,0.053453037,0.0064523345294590015,0.0064523345294590015,0.111361606,0.06891606184654808,0.06891606184654808
2023-07-04 20:00:00+09:00,0.000742246,0.022272527,0.0,0.0,0.074983317,0.0,0.0
2023-07-04 21:00:00+09:00,0.0,0.000742246,4.1784496416062125e-05,4.1784496416062125e-05,0.053453037,0.0,0.0
2023-07-04 22:00:00+09:00,0.0,0.0,0.0035624441225081682,0.0035624441225081682,0.022272527,0.0,0.0
2023-07-04 23:00:00+09:00,0.0,0.0,0.0035624441225081682,0.0035624441225081682,0.000742246,0.017119221923776625,0.017119221923776625
2023-07-05 00:00:00+09:00,0.0,0.0,0.0,0.0,0.0,0.0,0.0
2023-07-05 01:00:00+09:00,0.0,0.0,0.0,0.0,0.0,0.0,0.0
2023-07-05 02:00:00+09:00,0.0,0.0,0.0,0.0,0.0,0.0,0.0
2023-07-05 03:00:00+09:00,0.0,0.0,0.0,0.0,0.0,0.0,0.0
2023-07-05 04:00:00+09:00,0.0,0.0,0.0,0.0,0.0,0.0,0.0
2023-07-05 05:00:00+09:00,0.0,0.0,0.0,0.0,0.0,0.0,0.0
2023-07-05 06:00:00+09:00,0.0,0.0,0.0,0.0,0.0,0.0,0.0
2023-07-05 07:00:00+09:00,0.0,0.0,0.04257533699274063,0.04257533699274063,0.0,0.04854835569858551,0.04854835569858551
2023-07-05 08:00:00+09:00,0.099482583,0.0,0.07533696293830872,0.07533696293830872,0.0,0.12349455058574677,0.12349455058574677
2023-07-05 09:00:00+09:00,0.083892328,0.099482583,0.17186605383330156,0.17186605383330156,0.0,0.16339384019374847,0.16339384019374847
2023-07-05 10:00:00+09:00,0.071271059,0.083892328,0.19327760235064317,0.19327760235064317,0.0,0.22915230691432953,0.22915230691432953
2023-07-05 11:00:00+09:00,0.39793136,0.071271059,0.21394303151319885,0.21394303151319885,0.099482583,0.48132185836010744,0.48132185836010744
2023-07-05 12:00:00+09:00,0.559033745,0.39793136,0.46060640394054414,0.46060640394054414,0.083892328,0.33988554522984316,0.33988554522984316
2023-07-05 13:00:00+09:00,0.751317667,0.559033745,0.5736004188972068,0.5736004188972068,0.071271059,0.23494365521620178,0.23494365521620178
2023-07-05 14:00:00+09:00,0.753544406,0.751317667,0.7480262964200272,0.7480262964200272,0.39793136,0.5487112331327058,0.5487112331327058
2023-07-05 15:00:00+09:00,0.671137598,0.753544406,0.7060199016364632,0.7060199016364632,0.559033745,0.5352654168697548,0.5352654168697548
2023-07-05 16:00:00+09:00,0.564972743,0.671137598,0.6241887254933814,0.6241887254933814,0.751317667,0.6629926731511994,0.6629926731511994
2023-07-05 17:00:00+09:00,0.423172873,0.564972743,0.49142672827383804,0.49142672827383804,0.753544406,0.5977485784920273,0.5977485784920273
2023-07-05 18:00:00+09:00,0.250933711,0.423172873,0.32970690403351594,0.32970690403351594,0.671137598,0.38519349380535883,0.38519349380535883
2023-07-05 19:00:00+09:00,0.095028078,0.250933711,0.15870011276773072,0.15870011276773072,0.564972743,0.2528586234702759,0.2528586234702759
2023-07-05 20:00:00+09:00,0.009651257,0.095028078,0.047447921524694445,0.047447921524694445,0.423172873,0.10852653954396058,0.10852653954396058
2023-07-05 21:00:00+09:00,0.0,0.009651257,0.001605944051475048,0.001605944051475048,0.250933711,0.08712740666440583,0.08712740666440583
2023-07-05 22:00:00+09:00,0.0,0.0,0.0,0.0,0.095028078,0.025688497166088106,0.025688497166088106
2023-07-05 23:00:00+09:00,0.0,0.0,0.0,0.0,0.009651257,0.0,0.0
2023-07-06 00:00:00+09:00,0.0,0.0,0.0003972541308030486,0.0003972541308030486,0.0,0.0006314393249340355,0.0006314393249340355
2023-07-06 01:00:00+09:00,0.0,0.0,0.0003972541308030486,0.0003972541308030486,0.0,0.0006314393249340355,0.0006314393249340355
2023-07-06 02:00:00+09:00,0.0,0.0,0.0003972541308030486,0.0003972541308030486,0.0,0.0006314393249340355,0.0006314393249340355
2023-07-06 03:00:00+09:00,0.0,0.0,0.0003972541308030486,0.0003972541308030486,0.0,0.0006314393249340355,0.0006314393249340355
2023-07-06 04:00:00+09:00,0.0,0.0,0.0003972541308030486,0.0003972541308030486,0.0,0.0006314393249340355,0.0006314393249340355
2023-07-06 05:00:00+09:00,0.0,0.0,0.0003972541308030486,0.0003972541308030486,0.0,0.0006314393249340355,0.0006314393249340355
2023-07-06 06:00:00+09:00,0.016332502,0.0,0.001019920571707189,0.001019920571707189,0.0,0.00021070193906780332,0.00021070193906780332
2023-07-06 07:00:00+09:00,0.070528812,0.016332502,0.03339384355392647,0.03339384355392647,0.0,0.017540961503982544,0.017540961503982544
2023-07-06 08:00:00+09:00,0.127694108,0.070528812,0.10845405910297584,0.10845405910297584,0.0,0.10011602193117142,0.10011602193117142
2023-07-06 09:00:00+09:00,0.197480674,0.127694108,0.21382302086611557,0.21382302086611557,0.016332502,0.18977049969878387,0.18977049969878387
2023-07-06 10:00:00+09:00,0.269493979,0.197480674,0.28407571008942034,0.28407571008942034,0.070528812,0.3354429968087311,0.3354429968087311
2023-07-06 11:00:00+09:00,0.351159568,0.269493979,0.3025834975470581,0.3025834975470581,0.127694108,0.35881967138310245,0.35881967138310245
2023-07-06 12:00:00+09:00,0.446929892,0.351159568,0.3688328853429966,0.3688328853429966,0.197480674,0.3777225866033783,0.3777225866033783
2023-07-06 13:00:00+09:00,0.566457236,0.446929892,0.48688215151075553,0.48688215151075553,0.269493979,0.5262734709013976,0.5262734709013976
2023-07-06 14:00:00+09:00,0.57610952,0.566457236,0.5718009544542417,0.5718009544542417,0.351159568,0.5206172122241668,0.5206172122241668
2023-07-06 15:00:00+09:00,0.682273348,0.57610952,0.541394083601017,0.541394083601017,0.446929892,0.46390096231941413,0.46390096231941413
2023-07-06 16:00:00+09:00,0.594668761,0.682273348,0.6093597832583885,0.6093597832583885,0.566457236,0.49834131617158506,0.49834131617158506
2023-07-06 17:00:00+09:00,0.394961348,0.594668761,0.4970749617665634,0.4970749617665634,0.57610952,0.438581860464592,0.438581860464592
2023-07-06 18:00:00+09:00,0.251676984,0.394961348,0.25544834715409087,0.25544834715409087,0.682273348,0.4386012453102569,0.4386012453102569
2023-07-06 19:00:00+09:00,0.07646781,0.251676984,0.13459584103802108,0.13459584103802108,0.594668761,0.3031194956153259,0.3031194956153259
2023-07-06 20:00:00+09:00,0.006681245,0.07646781,0.01562812718254089,0.01562812718254089,0.394961348,0.11127131265682982,0.11127131265682982
2023-07-06 21:00:00+09:00,0.0,0.006681245,0.0,0.0,0.251676984,0.08702310161569976,0.08702310161569976
2023-07-06 22:00:00+09:00,0.0,0.0,0.0,0.0,0.07646781,0.010670384193477628,0.010670384193477628
2023-07-06 23:00:00+09:00,0.0,0.0,0.0,0.0,0.006681245,0.0,0.0
2023-07-07 00:00:00+09:00,0.0,0.0,0.0,0.0,0.0,0.0,0.0
2023-07-07 01:00:00+09:00,0.0,0.0,0.0,0.0,0.0,0.0,0.0
2023-07-07 02:00:00+09:00,0.0,0.0,0.0,0.0,0.0,0.0,0.0
2023-07-07 03:00:00+09:00,0.0,0.0,0.0,0.0,0.0,0.0,0.0
2023-07-07 04:00:00+09:00,0.0,0.0,0.0,0.0,0.0,0.0,0.0
2023-07-07 05:00:00+09:00,0.0,0.0,0.0,0.0,0.0,0.0,0.0
2023-07-07 06:00:00+09:00,0.000742246,0.0,0.002979548880830407,0.002979548880830407,0.0,0.0104471854865551,0.0104471854865551
2023-07-07 07:00:00+09:00,0.054938557,0.000742246,0.06153632008833504,0.06153632008833504,0.0,0.059800561517477036,0.059800561517477036
2023-07-07 08:00:00+09:00,0.068302073,0.054938557,0.13771280124886703,0.13771280124886703,0.0,0.10636887699365616,0.10636887699365616
2023-07-07 09:00:00+09:00,0.13437638,0.068302073,0.1752679352145653,0.1752679352145653,0.000742246,0.18011063763303375,0.18011063763303375
2023-07-07 10:00:00+09:00,0.149224388,0.13437638,0.2241598026489067,0.2241598026489067,0.054938557,0.29354137405856323,0.29354137405856323
2023-07-07 11:00:00+09:00,0.099482583,0.149224388,0.19784285366200258,0.19784285366200258,0.068302073,0.36467511248402407,0.36467511248402407
2023-07-07 12:00:00+09:00,0.116558358,0.099482583,0.17423384089642335,0.17423384089642335,0.13437638,0.3941440911625671,0.3941440911625671
2023-07-07 13:00:00+09:00,0.117300605,0.116558358,0.1574519052369194,0.1574519052369194,0.149224388,0.29963267087601475,0.29963267087601475
2023-07-07 14:00:00+09:00,0.123981849,0.117300605,0.1314681205609846,0.1314681205609846,0.099482583,0.1563075428145485,0.1563075428145485
2023-07-07 15:00:00+09:00,0.03489277,0.123981849,0.14324750070288086,0.14324750070288086,0.116558358,0.07105016701050568,0.07105016701050568
2023-07-07 16:00:00+09:00,0.043059534,0.03489277,0.009027341850299832,0.009027341850299832,0.117300605,0.0,0.0
2023-07-07 17:00:00+09:00,0.002226739,0.043059534,0.0,0.0,0.123981849,0.0,0.0
2023-07-07 18:00:00+09:00,0.000742246,0.002226739,0.0,0.0,0.03489277,0.0,0.0
2023-07-07 19:00:00+09:00,0.0,0.000742246,0.0,0.0,0.043059534,0.0,0.0
2023-07-07 20:00:00+09:00,0.0,0.0,0.0,0.0,0.002226739,0.0,0.0
2023-07-07 21:00:00+09:00,0.0,0.0,0.0,0.0,0.000742246,0.0,0.0
2023-07-07 22:00:00+09:00,0.0,0.0,0.0021505129989236593,0.0021505129989236593,0.0,0.0,0.0
2023-07-07 23:00:00+09:00,0.0,0.0,0.0021505129989236593,0.0021505129989236593,0.0,0.0008294414728879929,0.0008294414728879929
2023-07-08 00:00:00+09:00,0.0,0.0,0.0,0.0,0.0,0.0,0.0
2023-07-08 01:00:00+09:00,0.0,0.0,0.0,0.0,0.0,0.0,0.0
2023-07-08 02:00:00+09:00,0.0,0.0,0.0,0.0,0.0,0.0,0.0
2023-07-08 03:00:00+09:00,0.0,0.0,0.0,0.0,0.0,0.0,0.0
2023-07-08 04:00:00+09:00,0.0,0.0,0.0,0.0,0.0,0.0,0.0
2023-07-08 05:00:00+09:00,0.0,0.0,0.0,0.0,0.0,0.0,0.0
2023-07-08 06:00:00+09:00,0.0,0.0,0.003486641449853778,0.003486641449853778,0.0,0.00924688670784235,0.00924688670784235
2023-07-08 07:00:00+09:00,0.004454505,0.0,0.027051610872149467,0.027051610872149467,0.0,0.029410624876618385,0.029410624876618385
2023-07-08 08:00:00+09:00,0.052710791,0.004454505,0.06964384422052383,0.06964384422052383,0.0,0.12090826779603958,0.12090826779603958
2023-07-08 09:00:00+09:00,0.060877555,0.052710791,0.12211913324224091,0.12211913324224091,0.0,0.10932543128728867,0.10932543128728867
2023-07-08 10:00:00+09:00,0.041575041,0.060877555,0.10348090245049477,0.10348090245049477,0.004454505,0.12616986438978195,0.12616986438978195
2023-07-08 11:00:00+09:00,0.041575041,0.041575041,0.07147034849619008,0.07147034849619008,0.052710791,0.2647298917852554,0.2647298917852554
2023-07-08 12:00:00+09:00,0.094285832,0.041575041,0.13144124704991914,0.13144124704991914,0.060877555,0.22446424602191925,0.22446424602191925
2023-07-08 13:00:00+09:00,0.086861314,0.094285832,0.06116565431378555,0.06116565431378555,0.041575041,0.10228434610759354,0.10228434610759354
2023-07-08 14:00:00+09:00,0.094285832,0.086861314,0.11266980481277847,0.11266980481277847,0.041575041,0.05382595151310301,0.05382595151310301
2023-07-08 15:00:00+09:00,0.048998532,0.094285832,0.06285567323587608,0.06285567323587608,0.094285832,0.0,0.0
2023-07-08 16:00:00+09:00,0.0675588,0.048998532,0.03130965784471702,0.03130965784471702,0.086861314,0.022538231433738704,0.022538231433738704
2023-07-08 17:00:00+09:00,0.03266603,0.0675588,0.01419535757904053,0.01419535757904053,0.094285832,0.01279646272681427,0.01279646272681427
2023-07-08 18:00:00+09:00,0.022272527,0.03266603,0.0,0.0,0.048998532,0.0,0.0
2023-07-08 19:00:00+09:00,0.022272527,0.022272527,0.0,0.0,0.0675588,0.0,0.0
2023-07-08 20:00:00+09:00,0.001484493,0.022272527,0.0,0.0,0.03266603,0.0,0.0
2023-07-08 21:00:00+09:00,0.0,0.001484493,0.0,0.0,0.022272527,0.0,0.0
2023-07-08 22:00:00+09:00,0.0,0.0,0.0018171524861827493,0.0018171524861827493,0.022272527,0.0,0.0
2023-07-08 23:00:00+09:00,0.0,0.0,0.0018171524861827493,0.0018171524861827493,0.001484493,0.0015085892872339877,0.0015085892872339877
2023-07-09 00:00:00+09:00,0.0,0.0,0.0,0.0,0.0,0.0,0.0
2023-07-09 01:00:00+09:00,0.0,0.0,0.0,0.0,0.0,0.0,0.0
2023-07-09 02:00:00+09:00,0.0,0.0,0.0,0.0,0.0,0.0,0.0
2023-07-09 03:00:00+09:00,0.0,0.0,0.0,0.0,0.0,0.0,0.0
2023-07-09 04:00:00+09:00,0.0,0.0,0.0,0.0,0.0,0.0,0.0
2023-07-09 05:00:00+09:00,0.0,0.0,0.0,0.0,0.0,0.0,0.0
2023-07-09 06:00:00+09:00,0.001484493,0.0,0.0,0.0,0.0,0.0,0.0
2023-07-09 07:00:00+09:00,0.036378289,0.001484493,0.022278594059436798,0.022278594059436798,0.0,0.031087564304471016,0.031087564304471016
2023-07-09 08:00:00+09:00,0.139573131,0.036378289,0.10711937619825745,0.10711937619825745,0.0,0.08599844574928284,0.08599844574928284
2023-07-09 09:00:00+09:00,0.161844631,0.139573131,0.24130036333699798,0.24130036333699798,0.001484493,0.17329449413487244,0.17329449413487244
2023-07-09 10:00:00+09:00,0.357840812,0.161844631,0.24631763742728804,0.24631763742728804,0.036378289,0.28551496042391206,0.28551496042391206
2023-07-09 11:00:00+09:00,0.380113339,0.357840812,0.3925886807763214,0.3925886807763214,0.139573131,0.3569917867531357,0.3569917867531357
2023-07-09 12:00:00+09:00,0.440990894,0.380113339,0.491386732034935,0.491386732034935,0.161844631,0.48961206273599245,0.48961206273599245
2023-07-09 13:00:00+09:00,0.40906711,0.440990894,0.43145647634840634,0.43145647634840634,0.357840812,0.47407979348536683,0.47407979348536683
2023-07-09 14:00:00+09:00,0.227918938,0.40906711,0.39303232247923375,0.39303232247923375,0.380113339,0.4847920368840828,0.4847920368840828
2023-07-09 15:00:00+09:00,0.093543585,0.227918938,0.21302358267108248,0.21302358267108248,0.440990894,0.421104778434104,0.421104778434104
2023-07-09 16:00:00+09:00,0.118042851,0.093543585,0.06112032717224121,0.06112032717224121,0.40906711,0.3412418149689293,0.3412418149689293
2023-07-09 17:00:00+09:00,0.077210057,0.118042851,0.07789390733735657,0.07789390733735657,0.227918938,0.0884220751116638,0.0884220751116638
2023-07-09 18:00:00+09:00,0.07795333,0.077210057,0.014024000088054656,0.014024000088054656,0.093543585,0.0,0.0
2023-07-09 19:00:00+09:00,0.016332502,0.07795333,0.0,0.0,0.118042851,0.0,0.0
2023-07-09 20:00:00+09:00,0.000742246,0.016332502,0.0,0.0,0.077210057,0.0,0.0
2023-07-09 21:00:00+09:00,0.0,0.000742246,0.0,0.0,0.07795333,0.0,0.0
2023-07-09 22:00:00+09:00,0.0,0.0,0.0030171775724738836,0.0030171775724738836,0.016332502,0.0,0.0
2023-07-09 23:00:00+09:00,0.0,0.0,0.0030171775724738836,0.0030171775724738836,0.000742246,0.001953057547935009,0.001953057547935009
2023-07-10 00:00:00+09:00,0.0,0.0,0.0009045859333127737,0.0009045859333127737,0.0,0.0018028090707957745,0.0018028090707957745
2023-07-10 01:00:00+09:00,0.0,0.0,0.0009045859333127737,0.0009045859333127737,0.0,0.0018028090707957745,0.0018028090707957745
2023-07-10 02:00:00+09:00,0.0,0.0,0.0009045859333127737,0.0009045859333127737,0.0,0.0018028090707957745,0.0018028090707957745
2023-07-10 03:00:00+09:00,0.0,0.0,0.0009045859333127737,0.0009045859333127737,0.0,0.0018028090707957745,0.0018028090707957745
2023-07-10 04:00:00+09:00,0.0,0.0,0.0009045859333127737,0.0009045859333127737,0.0,0.0018028090707957745,0.0018028090707957745
2023-07-10 05:00:00+09:00,0.0,0.0,0.0009045859333127737,0.0009045859333127737,0.0,0.0018028090707957745,0.0018028090707957745
2023-07-10 06:00:00+09:00,0.001484493,0.0,0.003728836076334119,0.003728836076334119,0.0,0.007874025031924248,0.007874025031924248
2023-07-10 07:00:00+09:00,0.063104294,0.001484493,0.042484348846166614,0.042484348846166614,0.0,0.03135692700743675,0.03135692700743675
2023-07-10 08:00:00+09:00,0.202677426,0.063104294,0.1691235972026291,0.1691235972026291,0.0,0.15453951060771942,0.15453951060771942
2023-07-10 09:00:00+09:00,0.231631197,0.202677426,0.26606716688430404,0.26606716688430404,0.001484493,0.1768457537717514,0.1768457537717514
2023-07-10 10:00:00+09:00,0.279145236,0.231631197,0.39059136059329225,0.39059136059329225,0.063104294,0.41872792666944886,0.41872792666944886
2023-07-10 11:00:00+09:00,0.601351032,0.279145236,0.37837405024427034,0.37837405024427034,0.202677426,0.579326299090744,0.579326299090744
2023-07-10 12:00:00+09:00,0.669652078,0.601351032,0.6459274235777206,0.6459274235777206,0.231631197,0.5178868546728821,0.5178868546728821
2023-07-10 13:00:00+09:00,0.599123266,0.669652078,0.6993914020034581,0.6993914020034581,0.279145236,0.41036659000772097,0.41036659000772097
2023-07-10 14:00:00+09:00,0.394219101,0.599123266,0.530686941403595,0.530686941403595,0.601351032,0.6786803174428291,0.6786803174428291
2023-07-10 15:00:00+09:00,0.530079974,0.394219101,0.33160077832954027,0.33160077832954027,0.669652078,0.6229037564965992,0.6229037564965992
2023-07-10 16:00:00+09:00,0.516716458,0.530079974,0.5061273464454641,0.5061273464454641,0.599123266,0.474860068816391,0.474860068816391
2023-07-10 17:00:00+09:00,0.195996181,0.516716458,0.3701659516466217,0.3701659516466217,0.394219101,0.13220021181123354,0.13220021181123354
2023-07-10 18:00:00+09:00,0.149224388,0.195996181,0.08820269339156722,0.08820269339156722,0.530079974,0.16748241907789607,0.16748241907789607
2023-07-10 19:00:00+09:00,0.081664562,0.149224388,0.08699965715073396,0.08699965715073396,0.516716458,0.29530180255299376,0.29530180255299376
2023-07-10 20:00:00+09:00,0.003712259,0.081664562,0.029979366583787914,0.029979366583787914,0.195996181,0.0,0.0
2023-07-10 21:00:00+09:00,0.0,0.003712259,0.0,0.0,0.149224388,0.00391783058308412,0.00391783058308412
2023-07-10 22:00:00+09:00,0.0,0.0,0.0,0.0,0.081664562,0.022401124013626095,0.022401124013626095
2023-07-10 23:00:00+09:00,0.0,0.0,0.0,0.0,0.003712259,0.0,0.0
2023-07-11 00:00:00+09:00,0.0,0.0,0.0,0.0,0.0,0.0,0.0
2023-07-11 01:00:00+09:00,0.0,0.0,0.0,0.0,0.0,0.0,0.0
2023-07-11 02:00:00+09:00,0.0,0.0,0.0,0.0,0.0,0.0,0.0
2023-07-11 03:00:00+09:00,0.0,0.0,0.0,0.0,0.0,0.0,0.0
2023-07-11 04:00:00+09:00,0.0,0.0,0.0,0.0,0.0,0.0,0.0
2023-07-11 05:00:00+09:00,0.0,0.0,0.0,0.0,0.0,0.0,0.0
2023-07-11 06:00:00+09:00,0.0,0.0,0.0013300621649250388,0.0013300621649250388,0.0,0.0,0.0
2023-07-11 07:00:00+09:00,0.03266603,0.0,0.04479169100522995,0.04479169100522995,0.0,0.04682529717683792,0.04682529717683792
2023-07-11 08:00:00+09:00,0.130664121,0.03266603,0.1680618996126938,0.1680618996126938,0.0,0.2700272798538208,0.2700272798538208
2023-07-11 09:00:00+09:00,0.36526533,0.130664121,0.2372465092818222,0.2372465092818222,0.0,0.20595026016235352,0.20595026016235352
2023-07-11 10:00:00+09:00,0.409809357,0.36526533,0.5302115433646011,0.5302115433646011,0.03266603,0.4390441203816223,0.4390441203816223
2023-07-11 11:00:00+09:00,0.08908908,0.409809357,0.427956682143218,0.427956682143218,0.130664121,0.39887331017655947,0.39887331017655947
2023-07-11 12:00:00+09:00,0.195996181,0.08908908,0.08064482850738049,0.08064482850738049,0.36526533,0.4259866119159031,0.4259866119159031
2023-07-11 13:00:00+09:00,0.260584968,0.195996181,0.11851532094550704,0.11851532094550704,0.409809357,0.4221468702679939,0.4221468702679939
2023-07-11 14:00:00+09:00,0.070528812,0.260584968,0.15721188005739972,0.15721188005739972,0.08908908,0.0,0.0
2023-07-11 15:00:00+09:00,0.02153028,0.070528812,0.03239707205578041,0.03239707205578041,0.195996181,0.08898711286855315,0.08898711286855315
2023-07-11 16:00:00+09:00,0.011879023,0.02153028,0.0,0.0,0.260584968,0.0,0.0
2023-07-11 17:00:00+09:00,0.014848009,0.011879023,0.0,0.0,0.070528812,0.0,0.0
2023-07-11 18:00:00+09:00,0.024499266,0.014848009,0.0,0.0,0.02153028,0.0,0.0
2023-07-11 19:00:00+09:00,0.008166764,0.024499266,0.006497467459646224,0.006497467459646224,0.011879023,0.0,0.0
2023-07-11 20:00:00+09:00,0.0,0.008166764,0.0,0.0,0.014848009,0.0,0.0
2023-07-11 21:00:00+09:00,0.0,0.0,0.0,0.0,0.024499266,0.0,0.0
2023-07-11 22:00:00+09:00,0.0,0.0,0.0035624441225081682,0.0035624441225081682,0.008166764,0.0,0.0
2023-07-11 23:00:00+09:00,0.0,0.0,0.0035624441225081682,0.0035624441225081682,0.0,0.016376975923776627,0.016376975923776627
2023-07-12 00:00:00+09:00,0.0,0.0,0.0,0.0,0.0,0.0,0.0
2023-07-12 01:00:00+09:00,0.0,0.0,0.0,0.0,0.0,0.0,0.0
2023-07-12 02:00:00+09:00,0.0,0.0,0.0,0.0,0.0,0.0,0.0
2023-07-12 03:00:00+09:00,0.0,0.0,0.0,0.0,0.0,0.0,0.0
2023-07-12 04:00:00+09:00,0.0,0.0,0.0,0.0,0.0,0.0,0.0
2023-07-12 05:00:00+09:00,0.0,0.0,0.0,0.0,0.0,0.0,0.0
2023-07-12 06:00:00+09:00,0.0,0.0,0.0,0.0,0.0,0.0,0.0
2023-07-12 07:00:00+09:00,0.0,0.0,0.03336931765079498,0.03336931765079498,0.0,0.0218809824436903,0.0218809824436903
2023-07-12 08:00:00+09:00,0.0,0.0,0.07300600409507751,0.07300600409507751,0.0,0.10749875754117966,0.10749875754117966
2023-07-12 09:00:00+09:00,0.002970012,0.0,0.07182113081216812,0.07182113081216812,0.0,0.1798934042453766,0.1798934042453766
2023-07-12 10:00:00+09:00,0.058649789,0.002970012,0.07832659976760101,0.07832659976760101,0.0,0.19044853746891022,0.19044853746891022
2023-07-12 11:00:00+09:00,0.229404458,0.058649789,0.14826139380976106,0.14826139380976106,0.0,0.24352554976940155,0.24352554976940155
2023-07-12 12:00:00+09:00,0.294736518,0.229404458,0.3081823747294502,0.3081823747294502,0.002970012,0.2527293433455582,0.2527293433455582
2023-07-12 13:00:00+09:00,0.144769883,0.294736518,0.2774248909547262,0.2774248909547262,0.058649789,0.23113408258005524,0.23113408258005524
2023-07-12 14:00:00+09:00,0.268751732,0.144769883,0.1526630970022516,0.1526630970022516,0.229404458,0.317293048991497,0.317293048991497
2023-07-12 15:00:00+09:00,0.176693667,0.268751732,0.22497704152095988,0.22497704152095988,0.294736518,0.22654007229649353,0.22654007229649353
2023-07-12 16:00:00+09:00,0.09799809,0.176693667,0.1520626901591463,0.1520626901591463,0.144769883,0.10357662870798873,0.10357662870798873
2023-07-12 17:00:00+09:00,0.042317287,0.09799809,0.04536003610595703,0.04536003610595703,0.268751732,0.1810992499076195,0.1810992499076195
2023-07-12 18:00:00+09:00,0.01262127,0.042317287,0.0,0.0,0.176693667,0.0,0.0
2023-07-12 19:00:00+09:00,0.019302514,0.01262127,0.0,0.0,0.09799809,0.0,0.0
2023-07-12 20:00:00+09:00,0.002970012,0.019302514,0.0,0.0,0.042317287,0.0,0.0
2023-07-12 21:00:00+09:00,0.0,0.002970012,0.0,0.0,0.01262127,0.0,0.0
2023-07-12 22:00:00+09:00,0.0,0.0,0.0,0.0,0.019302514,0.0,0.0
2023-07-12 23:00:00+09:00,0.0,0.0,0.0,0.0,0.002970012,0.0,0.0
2023-07-13 00:00:00+09:00,0.0,0.0,0.0003972541308030486,0.0003972541308030486,0.0,0.0006314393249340355,0.0006314393249340355
2023-07-13 01:00:00+09:00,0.0,0.0,0.0003972541308030486,0.0003972541308030486,0.0,0.0006314393249340355,0.0006314393249340355
2023-07-13 02:00:00+09:00,0.0,0.0,0.0003972541308030486,0.0003972541308030486,0.0,0.0006314393249340355,0.0006314393249340355
2023-07-13 03:00:00+09:00,0.0,0.0,0.0003972541308030486,0.0003972541308030486,0.0,0.0006314393249340355,0.0006314393249340355
2023-07-13 04:00:00+09:00,0.0,0.0,0.0003972541308030486,0.0003972541308030486,0.0,0.0006314393249340355,0.0006314393249340355
2023-07-13 05:00:00+09:00,0.0,0.0,0.0003972541308030486,0.0003972541308030486,0.0,0.0006314393249340355,0.0006314393249340355
2023-07-13 06:00:00+09:00,0.001484493,0.0,0.001019920571707189,0.001019920571707189,0.0,0.00021070193906780332,0.00021070193906780332
2023-07-13 07:00:00+09:00,0.014848009,0.001484493,0.018545834553926468,0.018545834553926468,0.0,0.017540961503982544,0.017540961503982544
2023-07-13 08:00:00+09:00,0.031923784,0.014848009,0.04169569189327622,0.04169569189327622,0.0,0.04763542115688324,0.04763542115688324
2023-07-13 09:00:00+09:00,0.02153028,0.031923784,0.07039372442396545,0.07039372442396545,0.001484493,0.10205479918190766,0.10205479918190766
2023-07-13 10:00:00+09:00,0.063104294,0.02153028,0.07548163655999184,0.07548163655999184,0.014848009,0.17615006888883972,0.17615006888883972
2023-07-13 11:00:00+09:00,0.155163387,0.063104294,0.09738225093278313,0.09738225093278313,0.031923784,0.2904639077010956,0.2904639077010956
2023-07-13 12:00:00+09:00,0.114330592,0.155163387,0.2537460794443245,0.2537460794443245,0.02153028,0.27345017541053773,0.27345017541053773
2023-07-13 13:00:00+09:00,0.350417321,0.114330592,0.17480177655171586,0.17480177655171586,0.063104294,0.2082875443080368,0.2082875443080368
2023-07-13 14:00:00+09:00,0.320720277,0.350417321,0.2941092601155243,0.2941092601155243,0.155163387,0.20543543451968385,0.20543543451968385
2023-07-13 15:00:00+09:00,0.210101943,0.320720277,0.24655864315085602,0.24655864315085602,0.114330592,0.110842927492298,0.110842927492298
2023-07-13 16:00:00+09:00,0.205647438,0.210101943,0.11474805651490022,0.11474805651490022,0.350417321,0.2796734621857605,0.2796734621857605
2023-07-13 17:00:00+09:00,0.169269149,0.205647438,0.14966452417806433,0.14966452417806433,0.320720277,0.22203981803708267,0.22203981803708267
2023-07-13 18:00:00+09:00,0.079437823,0.169269149,0.09165554940159226,0.09165554940159226,0.210101943,0.042564939244430555,0.042564939244430555
2023-07-13 19:00:00+09:00,0.03266603,0.079437823,0.0,0.0,0.205647438,0.0,0.0
2023-07-13 20:00:00+09:00,0.001484493,0.03266603,0.0,0.0,0.169269149,0.0,0.0
2023-07-13 21:00:00+09:00,0.0,0.001484493,0.0,0.0,0.079437823,0.0,0.0
2023-07-13 22:00:00+09:00,0.0,0.0,0.0,0.0,0.03266603,0.0,0.0
2023-07-13 23:00:00+09:00,0.0,0.0,0.0,0.0,0.001484493,0.0,0.0
2023-07-14 00:00:00+09:00,0.0,0.0,0.0,0.0,0.0,0.0,0.0
2023-07-14 01:00:00+09:00,0.0,0.0,0.0,0.0,0.0,0.0,0.0
2023-07-14 02:00:00+09:00,0.0,0.0,0.0,0.0,0.0,0.0,0.0
2023-07-14 03:00:00+09:00,0.0,0.0,0.0,0.0,0.0,0.0,0.0
2023-07-14 04:00:00+09:00,0.0,0.0,0.0,0.0,0.0,0.0,0.0
2023-07-14 05:00:00+09:00,0.0,0.0,0.0,0.0,0.0,0.0,0.0
2023-07-14 06:00:00+09:00,0.0,0.0,0.0021587053779512644,0.0021587053779512644,0.0,0.0010696911485865712,0.0010696911485865712
2023-07-14 07:00:00+09:00,0.0,0.0,0.020058002322912216,0.020058002322912216,0.0,0.026735495775938034,0.026735495775938034
2023-07-14 08:00:00+09:00,0.0,0.0,0.04320201277732849,0.04320201277732849,0.0,0.07804043591022491,0.07804043591022491
2023-07-14 09:00:00+09:00,0.002226739,0.0,0.07336052507162094,0.07336052507162094,0.0,0.13203023374080658,0.13203023374080658
2023-07-14 10:00:00+09:00,0.049741805,0.002226739,0.05420000738970184,0.05420000738970184,0.0,0.1432936042547226,0.1432936042547226
2023-07-14 11:00:00+09:00,0.173723654,0.049741805,0.07948985177069187,0.07948985177069187,0.0,0.14249980449676514,0.14249980449676514
2023-07-14 12:00:00+09:00,0.158875645,0.173723654,0.24381608620090867,0.24381608620090867,0.002226739,0.1554051179396286,0.1554051179396286
2023-07-14 13:00:00+09:00,0.152936647,0.158875645,0.16655264967258693,0.16655264967258693,0.049741805,0.25739544670074466,0.25739544670074466
2023-07-14 14:00:00+09:00,0.080922316,0.152936647,0.16613125550209,0.16613125550209,0.173723654,0.20901569455666924,0.20901569455666924
2023-07-14 15:00:00+09:00,0.059393062,0.080922316,0.01528361736251449,0.01528361736251449,0.158875645,0.1672796279671383,0.1672796279671383
2023-07-14 16:00:00+09:00,0.069786566,0.059393062,0.030626146797859195,0.030626146797859195,0.152936647,0.09818568295447541,0.09818568295447541
2023-07-14 17:00:00+09:00,0.027469278,0.069786566,0.05667244518877601,0.05667244518877601,0.080922316,0.0,0.0
2023-07-14 18:00:00+09:00,0.01113575,0.027469278,0.0,0.0,0.059393062,0.0,0.0
2023-07-14 19:00:00+09:00,0.0,0.01113575,0.0,0.0,0.069786566,0.0,0.0
2023-07-14 20:00:00+09:00,0.0,0.0,0.0,0.0,0.027469278,0.0,0.0
2023-07-14 21:00:00+09:00,0.0,0.0,0.0,0.0,0.01113575,0.0,0.0
2023-07-14 22:00:00+09:00,0.0,0.0,0.0021505129989236593,0.0021505129989236593,0.0,0.0,0.0
2023-07-14 23:00:00+09:00,0.0,0.0,0.0021505129989236593,0.0021505129989236593,0.0,0.0008294414728879929,0.0008294414728879929
2023-07-15 00:00:00+09:00,0.0,0.0,0.0,0.0,0.0,0.0,0.0
2023-07-15 01:00:00+09:00,0.0,0.0,0.0,0.0,0.0,0.0,0.0
2023-07-15 02:00:00+09:00,0.0,0.0,0.0,0.0,0.0,0.0,0.0
2023-07-15 03:00:00+09:00,0.0,0.0,0.0,0.0,0.0,0.0,0.0
2023-07-15 04:00:00+09:00,0.0,0.0,0.0,0.0,0.0,0.0,0.0
2023-07-15 05:00:00+09:00,0.0,0.0,0.0,0.0,0.0,0.0,0.0
2023-07-15 06:00:00+09:00,0.0,0.0,0.0,0.0,0.0,0.0,0.0
2023-07-15 07:00:00+09:00,0.005196752,0.0,0.016287799924612045,0.016287799924612045,0.0,0.01588866487145424,0.01588866487145424
2023-07-15 08:00:00+09:00,0.103194842,0.005196752,0.03391983729913425,0.03391983729913425,0.0,0.04921746253967285,0.04921746253967285
2023-07-15 09:00:00+09:00,0.24351022,0.103194842,0.14735432516454888,0.14735432516454888,0.0,0.12128342688083649,0.12128342688083649
2023-07-15 10:00:00+09:00,0.208616424,0.24351022,0.3265066405622673,0.3265066405622673,0.005196752,0.19991663281932068,0.19991663281932068
2023-07-15 11:00:00+09:00,0.170011395,0.208616424,0.23122892307314777,0.23122892307314777,0.103194842,0.26012746419429017,0.26012746419429017
2023-07-15 12:00:00+09:00,0.354128553,0.170011395,0.23919871576883317,0.23919871576883317,0.24351022,0.376916084238739,0.376916084238739
2023-07-15 13:00:00+09:00,0.161102385,0.354128553,0.28356747927954484,0.28356747927954484,0.208616424,0.2567071277854195,0.2567071277854195
2023-07-15 14:00:00+09:00,0.126209615,0.161102385,0.21150298483730315,0.21150298483730315,0.170011395,0.27355939277269364,0.27355939277269364
2023-07-15 15:00:00+09:00,0.122497356,0.126209615,0.08285387066792488,0.08285387066792488,0.354128553,0.264927095201519,0.264927095201519
2023-07-15 16:00:00+09:00,0.13289086,0.122497356,0.09830159364884472,0.09830159364884472,0.161102385,0.03215982087017058,0.03215982087017058
2023-07-15 17:00:00+09:00,0.098740337,0.13289086,0.08333227635298729,0.08333227635298729,0.126209615,0.05175915939401626,0.05175915939401626
2023-07-15 18:00:00+09:00,0.038605028,0.098740337,0.044098207310544965,0.044098207310544965,0.122497356,0.0,0.0
2023-07-15 19:00:00+09:00,0.0452873,0.038605028,0.0,0.0,0.13289086,0.0,0.0
2023-07-15 20:00:00+09:00,0.000742246,0.0452873,0.016910059476304057,0.016910059476304057,0.098740337,0.0,0.0
2023-07-15 21:00:00+09:00,0.0,0.000742246,0.0,0.0,0.038605028,0.0,0.0
2023-07-15 22:00:00+09:00,0.0,0.0,0.0018171524861827493,0.0018171524861827493,0.0452873,0.0,0.0
2023-07-15 23:00:00+09:00,0.0,0.0,0.0018171524861827493,0.0018171524861827493,0.000742246,0.0007663422872339878,0.0007663422872339878
2023-07-16 00:00:00+09:00,0.0,0.0,0.0,0.0,0.0,0.0,0.0
2023-07-16 01:00:00+09:00,0.0,0.0,0.0,0.0,0.0,0.0,0.0
2023-07-16 02:00:00+09:00,0.0,0.0,0.0,0.0,0.0,0.0,0.0
2023-07-16 03:00:00+09:00,0.0,0.0,0.0,0.0,0.0,0.0,0.0
2023-07-16 04:00:00+09:00,0.0,0.0,0.0,0.0,0.0,0.0,0.0
2023-07-16 05:00:00+09:00,0.0,0.0,0.0,0.0,0.0,0.0,0.0
2023-07-16 06:00:00+09:00,0.0,0.0,0.0,0.0,0.0,0.0,0.0
2023-07-16 07:00:00+09:00,0.015590255,0.0,0.022768042981624603,0.022768042981624603,0.0,0.02635798417031765,0.02635798417031765
2023-07-16 08:00:00+09:00,0.037120535,0.015590255,0.10991690758646011,0.10991690758646011,0.0,0.12620262801647186,0.12620262801647186
2023-07-16 09:00:00+09:00,0.080180069,0.037120535,0.11381644658628465,0.11381644658628465,0.0,0.19792267680168152,0.19792267680168152
2023-07-16 10:00:00+09:00,0.180404899,0.080180069,0.1386886141602936,0.1386886141602936,0.015590255,0.29404241297424316,0.29404241297424316
2023-07-16 11:00:00+09:00,0.201192933,0.180404899,0.25829101103432084,0.25829101103432084,0.037120535,0.29131661258522035,0.29131661258522035
2023-07-16 12:00:00+09:00,0.141057624,0.201192933,0.248292664862545,0.248292664862545,0.080180069,0.2689103237693253,0.2689103237693253
2023-07-16 13:00:00+09:00,0.118042851,0.141057624,0.11306241199641132,0.11306241199641132,0.180404899,0.2843884949672928,0.2843884949672928
2023-07-16 14:00:00+09:00,0.111361606,0.118042851,0.11161064835535384,0.11161064835535384,0.201192933,0.22211129297998713,0.22211129297998713
2023-07-16 15:00:00+09:00,0.093543585,0.111361606,0.0866541265975771,0.0866541265975771,0.141057624,0.0717342630800476,0.0717342630800476
2023-07-16 16:00:00+09:00,0.046771793,0.093543585,0.0781455734571433,0.0781455734571433,0.118042851,0.02498372098701096,0.02498372098701096
2023-07-16 17:00:00+09:00,0.046771793,0.046771793,0.0,0.0,0.111361606,0.0,0.0
2023-07-16 18:00:00+09:00,0.040832794,0.046771793,0.0,0.0,0.093543585,0.0,0.0
2023-07-16 19:00:00+09:00,0.048998532,0.040832794,0.0,0.0,0.046771793,0.0,0.0
2023-07-16 20:00:00+09:00,0.0,0.048998532,0.011240826102907178,0.011240826102907178,0.046771793,0.0,0.0
2023-07-16 21:00:00+09:00,0.0,0.0,0.0,0.0,0.040832794,0.0,0.0
2023-07-16 22:00:00+09:00,0.0,0.0,0.0030171775724738836,0.0030171775724738836,0.048998532,0.0005621026484317754,0.0005621026484317754
2023-07-16 23:00:00+09:00,0.0,0.0,0.0030171775724738836,0.0030171775724738836,0.0,0.001210811547935009,0.001210811547935009
2023-07-17 00:00:00+09:00,0.0,0.0,0.0009045859333127737,0.0009045859333127737,0.0,0.0018028090707957745,0.0018028090707957745
2023-07-17 01:00:00+09:00,0.0,0.0,0.0009045859333127737,0.0009045859333127737,0.0,0.0018028090707957745,0.0018028090707957745
2023-07-17 02:00:00+09:00,0.0,0.0,0.0009045859333127737,0.0009045859333127737,0.0,0.0018028090707957745,0.0018028090707957745
2023-07-17 03:00:00+09:00,0.0,0.0,0.0009045859333127737,0.0009045859333127737,0.0,0.0018028090707957745,0.0018028090707957745
2023-07-17 04:00:00+09:00,0.0,0.0,0.0009045859333127737,0.0009045859333127737,0.0,0.0018028090707957745,0.0018028090707957745
2023-07-17 05:00:00+09:00,0.0,0.0,0.0009045859333127737,0.0009045859333127737,0.0,0.0018028090707957745,0.0018028090707957745
2023-07-17 06:00:00+09:00,0.0,0.0,0.001935532665811479,0.001935532665811479,0.0,0.0028150188736617565,0.0028150188736617565
2023-07-17 07:00:00+09:00,0.052710791,0.0,0.033589910715818405,0.033589910715818405,0.0,0.03805096819996834,0.03805096819996834
2023-07-17 08:00:00+09:00,0.180404899,0.052710791,0.10417150042282677,0.10417150042282677,0.0,0.07657410949468613,0.07657410949468613
2023-07-17 09:00:00+09:00,0.247222479,0.180404899,0.28362858044989014,0.28362858044989014,0.0,0.21494776010513306,0.21494776010513306
2023-07-17 10:00:00+09:00,0.404612605,0.247222479,0.4152457076453247,0.4152457076453247,0.052710791,0.37171130336152647,0.37171130336152647
2023-07-17 11:00:00+09:00,0.16704241,0.404612605,0.4310535811875868,0.4310535811875868,0.180404899,0.43822750198728944,0.43822750198728944
2023-07-17 12:00:00+09:00,0.653319577,0.16704241,0.3261234965163803,0.3261234965163803,0.247222479,0.5311158853911437,0.5311158853911437
2023-07-17 13:00:00+09:00,0.672622091,0.653319577,0.6390315650616665,0.6390315650616665,0.404612605,0.5220725578312684,0.5220725578312684
2023-07-17 14:00:00+09:00,0.642926073,0.672622091,0.5939530570553933,0.5939530570553933,0.16704241,0.16621541388915465,0.16621541388915465
2023-07-17 15:00:00+09:00,0.564972743,0.642926073,0.5803077503295403,0.5803077503295403,0.653319577,0.6065712554965992,0.6065712554965992
2023-07-17 16:00:00+09:00,0.345219543,0.564972743,0.5119187567188435,0.5119187567188435,0.672622091,0.6147535507129822,0.6147535507129822
2023-07-17 17:00:00+09:00,0.175950394,0.345219543,0.21839501502110292,0.21839501502110292,0.642926073,0.47959672503189854,0.47959672503189854
2023-07-17 18:00:00+09:00,0.064589814,0.175950394,0.10653356554645921,0.10653356554645921,0.564972743,0.47082060536286163,0.47082060536286163
2023-07-17 19:00:00+09:00,0.034150523,0.064589814,0.0,0.0,0.345219543,0.037756284495132464,0.037756284495132464
2023-07-17 20:00:00+09:00,0.002226739,0.034150523,0.0,0.0,0.175950394,0.0,0.0
2023-07-17 21:00:00+09:00,0.0,0.002226739,0.0,0.0,0.064589814,0.0,0.0
2023-07-17 22:00:00+09:00,0.0,0.0,0.0,0.0,0.034150523,0.0,0.0
2023-07-17 23:00:00+09:00,0.0,0.0,0.0,0.0,0.002226739,0.0,0.0
2023-07-18 00:00:00+09:00,0.0,0.0,0.0,0.0,0.0,0.0,0.0
2023-07-18 01:00:00+09:00,0.0,0.0,0.0,0.0,0.0,0.0,0.0
2023-07-18 02:00:00+09:00,0.0,0.0,0.0,0.0,0.0,0.0,0.0
2023-07-18 03:00:00+09:00,0.0,0.0,0.0,0.0,0.0,0.0,0.0
2023-07-18 04:00:00+09:00,0.0,0.0,0.0,0.0,0.0,0.0,0.0
2023-07-18 05:00:00+09:00,0.0,0.0,0.0,0.0,0.0,0.0,0.0
2023-07-18 06:00:00+09:00,0.0,0.0,0.0,0.0,0.0,0.0,0.0
2023-07-18 07:00:00+09:00,0.027469278,0.0,0.04470214247703552,0.04470214247703552,0.0,0.03731554374098778,0.03731554374098778
2023-07-18 08:00:00+09:00,0.070528812,0.027469278,0.16192962291062163,0.16192962291062163,0.0,0.1435154676437378,0.1435154676437378
2023-07-18 09:00:00+09:00,0.096513598,0.070528812,0.15656191039963913,0.15656191039963913,0.0,0.15848231315612793,0.15848231315612793
2023-07-18 10:00:00+09:00,0.236827949,0.096513598,0.2034171584596138,0.2034171584596138,0.027469278,0.27734586658299254,0.27734586658299254
2023-07-18 11:00:00+09:00,0.158133399,0.236827949,0.2980305421477547,0.2980305421477547,0.070528812,0.3334658213345642,0.3334658213345642
2023-07-18 12:00:00+09:00,0.157390126,0.158133399,0.21180589522941018,0.21180589522941018,0.096513598,0.27985322359700016,0.27985322359700016
2023-07-18 13:00:00+09:00,0.088346833,0.157390126,0.12330234141166305,0.12330234141166305,0.236827949,0.18667143018305207,0.18667143018305207
2023-07-18 14:00:00+09:00,0.107649348,0.088346833,0.0249867677782135,0.0249867677782135,0.158133399,0.11839846547467614,0.11839846547467614
2023-07-18 15:00:00+09:00,0.158133399,0.107649348,0.0,0.0,0.157390126,0.003136106739593497,0.003136106739593497
2023-07-18 16:00:00+09:00,0.092801339,0.158133399,0.14158972564859296,0.14158972564859296,0.088346833,0.0,0.0
2023-07-18 17:00:00+09:00,0.082407835,0.092801339,0.003238572746051785,0.003238572746051785,0.107649348,0.010735570708225256,0.010735570708225256
2023-07-18 18:00:00+09:00,0.039347275,0.082407835,0.02138953196331024,0.02138953196331024,0.158133399,0.04958775292856599,0.04958775292856599
2023-07-18 19:00:00+09:00,0.004454505,0.039347275,0.0,0.0,0.092801339,0.0,0.0
2023-07-18 20:00:00+09:00,0.0,0.004454505,0.0,0.0,0.082407835,0.0,0.0
2023-07-18 21:00:00+09:00,0.0,0.0,0.0,0.0,0.039347275,0.0,0.0
2023-07-18 22:00:00+09:00,0.0,0.0,0.0035624441225081682,0.0035624441225081682,0.004454505,0.0,0.0
2023-07-18 23:00:00+09:00,0.0,0.0,0.0035624441225081682,0.0035624441225081682,0.0,0.016376975923776627,0.016376975923776627
2023-07-19 00:00:00+09:00,0.0,0.0,0.0,0.0,0.0,0.0,0.0
2023-07-19 01:00:00+09:00,0.0,0.0,0.0,0.0,0.0,0.0,0.0
2023-07-19 02:00:00+09:00,0.0,0.0,0.0,0.0,0.0,0.0,0.0
2023-07-19 03:00:00+09:00,0.0,0.0,0.0,0.0,0.0,0.0,0.0
2023-07-19 04:00:00+09:00,0.0,0.0,0.0,0.0,0.0,0.0,0.0
2023-07-19 05:00:00+09:00,0.0,0.0,0.0,0.0,0.0,0.0,0.0
2023-07-19 06:00:00+09:00,0.0,0.0,0.0,0.0,0.0,0.0,0.0
2023-07-19 07:00:00+09:00,0.018560268,0.0,0.028950899839401245,0.028950899839401245,0.0,0.03397209197282791,0.03397209197282791
2023-07-19 08:00:00+09:00,0.080180069,0.018560268,0.06873450429760743,0.06873450429760743,0.0,0.08202383667230606,0.08202383667230606
2023-07-19 09:00:00+09:00,0.115816112,0.080180069,0.12217379131960297,0.12217379131960297,0.0,0.11399680376052856,0.11399680376052856
2023-07-19 10:00:00+09:00,0.138087612,0.115816112,0.19441130324031067,0.19441130324031067,0.018560268,0.21792829783283996,0.21792829783283996
2023-07-19 11:00:00+09:00,0.31106902,0.138087612,0.2068710740475769,0.2068710740475769,0.080180069,0.2936115912501755,0.2936115912501755
2023-07-19 12:00:00+09:00,0.183374911,0.31106902,0.391830601659317,0.391830601659317,0.115816112,0.35196502073432157,0.35196502073432157
2023-07-19 13:00:00+09:00,0.217525435,0.183374911,0.20691868608163452,0.20691868608163452,0.138087612,0.26437499782134244,0.26437499782134244
2023-07-19 14:00:00+09:00,0.224949952,0.217525435,0.20524674127185105,0.20524674127185105,0.31106902,0.4002549358873558,0.4002549358873558
2023-07-19 15:00:00+09:00,0.080922316,0.224949952,0.15768479161820603,0.15768479161820603,0.183374911,0.19676409979628182,0.19676409979628182
2023-07-19 16:00:00+09:00,0.161844631,0.080922316,0.009986366316810602,0.009986366316810602,0.217525435,0.11813553920322417,0.11813553920322417
2023-07-19 17:00:00+09:00,0.375658834,0.161844631,0.1918078915165243,0.1918078915165243,0.224949952,0.17015230634174539,0.17015230634174539
2023-07-19 18:00:00+09:00,0.236085702,0.375658834,0.3061482697919693,0.3061482697919693,0.080922316,0.0,0.0
2023-07-19 19:00:00+09:00,0.090573573,0.236085702,0.16848723989520265,0.16848723989520265,0.161844631,0.007983734174209584,0.007983734174209584
2023-07-19 20:00:00+09:00,0.006681245,0.090573573,0.05922922629790116,0.05922922629790116,0.375658834,0.1847212106183853,0.1847212106183853
2023-07-19 21:00:00+09:00,0.0,0.006681245,0.0,0.0,0.236085702,0.07227939766440583,0.07227939766440583
2023-07-19 22:00:00+09:00,0.0,0.0,0.0,0.0,0.090573573,0.02123399216608811,0.02123399216608811
2023-07-19 23:00:00+09:00,0.0,0.0,0.0,0.0,0.006681245,0.0,0.0
2023-07-20 00:00:00+09:00,0.0,0.0,0.0003972541308030486,0.0003972541308030486,0.0,0.0006314393249340355,0.0006314393249340355
2023-07-20 01:00:00+09:00,0.0,0.0,0.0003972541308030486,0.0003972541308030486,0.0,0.0006314393249340355,0.0006314393249340355
2023-07-20 02:00:00+09:00,0.0,0.0,0.0003972541308030486,0.0003972541308030486,0.0,0.0006314393249340355,0.0006314393249340355
2023-07-20 03:00:00+09:00,0.0,0.0,0.0003972541308030486,0.0003972541308030486,0.0,0.0006314393249340355,0.0006314393249340355
2023-07-20 04:00:00+09:00,0.0,0.0,0.0003972541308030486,0.0003972541308030486,0.0,0.0006314393249340355,0.0006314393249340355
2023-07-20 05:00:00+09:00,0.0,0.0,0.0003972541308030486,0.0003972541308030486,0.0,0.0006314393249340355,0.0006314393249340355
2023-07-20 06:00:00+09:00,0.0,0.0,0.001019920571707189,0.001019920571707189,0.0,0.00021070193906780332,0.00021070193906780332
2023-07-20 07:00:00+09:00,0.026727032,0.0,0.023547975346446037,0.023547975346446037,0.0,0.016135547310113907,0.016135547310113907
2023-07-20 08:00:00+09:00,0.152936647,0.026727032,0.10598648720401001,0.10598648720401001,0.0,0.11434956640005112,0.11434956640005112
2023-07-20 09:00:00+09:00,0.305872268,0.152936647,0.23236504411904527,0.23236504411904527,0.0,0.12459269165992737,0.12459269165992737
2023-07-20 10:00:00+09:00,0.346705062,0.305872268,0.37868640474354553,0.37868640474354553,0.026727032,0.2367720120491333,0.2367720120491333
2023-07-20 11:00:00+09:00,0.564230497,0.346705062,0.3846279733459587,0.3846279733459587,0.152936647,0.3253799921890945,0.3253799921890945
2023-07-20 12:00:00+09:00,0.603577772,0.564230497,0.6391077367637368,0.6391077367637368,0.305872268,0.5294003551391296,0.5294003551391296
2023-07-20 13:00:00+09:00,0.674106584,0.603577772,0.6200756931986064,0.6200756931986064,0.346705062,0.505558428971016,0.505558428971016
2023-07-20 14:00:00+09:00,0.45435441,0.674106584,0.6305874782377567,0.6305874782377567,0.564230497,0.6437560422394486,0.6437560422394486
2023-07-20 15:00:00+09:00,0.368976562,0.45435441,0.44581034866705893,0.44581034866705893,0.603577772,0.5814492123510093,0.5814492123510093
2023-07-20 16:00:00+09:00,0.382340078,0.368976562,0.2826360079414482,0.2826360079414482,0.674106584,0.5322371880287018,0.5322371880287018
2023-07-20 17:00:00+09:00,0.242767974,0.382340078,0.27740046078341296,0.27740046078341296,0.45435441,0.2515948609782791,0.2515948609782791
2023-07-20 18:00:00+09:00,0.095028078,0.242767974,0.0989056669283142,0.0989056669283142,0.368976562,0.042990027642929085,0.042990027642929085
2023-07-20 19:00:00+09:00,0.040832794,0.095028078,0.0,0.0,0.382340078,0.08230001175778201,0.08230001175778201
2023-07-20 20:00:00+09:00,0.005938998,0.040832794,0.0,0.0,0.242767974,0.0,0.0
2023-07-20 21:00:00+09:00,0.0,0.005938998,0.0,0.0,0.095028078,0.0,0.0
2023-07-20 22:00:00+09:00,0.0,0.0,0.0,0.0,0.040832794,0.0,0.0
2023-07-20 23:00:00+09:00,0.0,0.0,0.0,0.0,0.005938998,0.0,0.0
2023-07-21 00:00:00+09:00,0.0,0.0,0.0,0.0,0.0,0.0,0.0
2023-07-21 01:00:00+09:00,0.0,0.0,0.0,0.0,0.0,0.0,0.0
2023-07-21 02:00:00+09:00,0.0,0.0,0.0,0.0,0.0,0.0,0.0
2023-07-21 03:00:00+09:00,0.0,0.0,0.0,0.0,0.0,0.0,0.0
2023-07-21 04:00:00+09:00,0.0,0.0,0.0,0.0,0.0,0.0,0.0
2023-07-21 05:00:00+09:00,0.0,0.0,0.0,0.0,0.0,0.0,0.0
2023-07-21 06:00:00+09:00,0.000742246,0.0,0.00010938983177766204,0.00010938983177766204,0.0,0.0,0.0
2023-07-21 07:00:00+09:00,0.049741805,0.000742246,0.027148698059745787,0.027148698059745787,0.0,0.03288346529006958,0.03288346529006958
2023-07-21 08:00:00+09:00,0.162587904,0.049741805,0.11854510794370651,0.11854510794370651,0.0,0.09236547350883484,0.09236547350883484
2023-07-21 09:00:00+09:00,0.349674048,0.162587904,0.32687414493532563,0.32687414493532563,0.000742246,0.3366940511147461,0.3366940511147461
2023-07-21 10:00:00+09:00,0.457323396,0.349674048,0.4430970643693428,0.4430970643693428,0.049741805,0.30036836902587893,0.30036836902587893
2023-07-21 11:00:00+09:00,0.557549252,0.457323396,0.513606322350832,0.513606322350832,0.162587904,0.479292028212265,0.479292028212265
2023-07-21 12:00:00+09:00,0.628820311,0.557549252,0.5837994281317254,0.5837994281317254,0.349674048,0.5738991816574555,0.5738991816574555
2023-07-21 13:00:00+09:00,0.630304804,0.628820311,0.6293607224490375,0.6293607224490375,0.457323396,0.6367766944495163,0.6367766944495163
2023-07-21 14:00:00+09:00,0.671137598,0.630304804,0.6061880718198814,0.6061880718198814,0.557549252,0.5676443100090285,0.5676443100090285
2023-07-21 15:00:00+09:00,0.63104705,0.671137598,0.5896197153548698,0.5896197153548698,0.628820311,0.5856138055225716,0.5856138055225716
2023-07-21 16:00:00+09:00,0.533792233,0.63104705,0.5795946069963456,0.5795946069963456,0.630304804,0.5365954469171562,0.5365954469171562
2023-07-21 17:00:00+09:00,0.398673607,0.533792233,0.42448135269661713,0.42448135269661713,0.671137598,0.4756348846773605,0.4756348846773605
2023-07-21 18:00:00+09:00,0.231631197,0.398673607,0.29823987741101454,0.29823987741101454,0.63104705,0.40033152186946874,0.40033152186946874
2023-07-21 19:00:00+09:00,0.083150082,0.231631197,0.15526543554112626,0.15526543554112626,0.533792233,0.4134313444592552,0.4134313444592552
2023-07-21 20:00:00+09:00,0.0,0.083150082,0.00803791797946167,0.00803791797946167,0.398673607,0.13501615632403563,0.13501615632403563
2023-07-21 21:00:00+09:00,0.0,0.0,0.0,0.0,0.231631197,0.09637940671488954,0.09637940671488954
2023-07-21 22:00:00+09:00,0.0,0.0,0.0021505129989236593,0.0021505129989236593,0.083150082,0.03323486141155434,0.03323486141155434
2023-07-21 23:00:00+09:00,0.0,0.0,0.0021505129989236593,0.0021505129989236593,0.0,0.0008294414728879929,0.0008294414728879929
2023-07-22 00:00:00+09:00,0.0,0.0,0.0,0.0,0.0,0.0,0.0
2023-07-22 01:00:00+09:00,0.0,0.0,0.0,0.0,0.0,0.0,0.0
2023-07-22 02:00:00+09:00,0.0,0.0,0.0,0.0,0.0,0.0,0.0
2023-07-22 03:00:00+09:00,0.0,0.0,0.0,0.0,0.0,0.0,0.0
2023-07-22 04:00:00+09:00,0.0,0.0,0.0,0.0,0.0,0.0,0.0
2023-07-22 05:00:00+09:00,0.0,0.0,0.0,0.0,0.0,0.0,0.0
2023-07-22 06:00:00+09:00,0.000742246,0.0,0.003486641449853778,0.003486641449853778,0.0,0.00924688670784235,0.00924688670784235
2023-07-22 07:00:00+09:00,0.074983317,0.000742246,0.0392731172720871,0.0392731172720871,0.0,0.030873974785208702,0.030873974785208702
2023-07-22 08:00:00+09:00,0.194510661,0.074983317,0.11253230233225059,0.11253230233225059,0.0,0.05352342501282692,0.05352342501282692
2023-07-22 09:00:00+09:00,0.209359697,0.194510661,0.3116758986651764,0.3116758986651764,0.000742246,0.27577649482888794,0.27577649482888794
2023-07-22 10:00:00+09:00,0.181890419,0.209359697,0.2925392453827591,0.2925392453827591,0.074983317,0.355069268089859,0.355069268089859
2023-07-22 11:00:00+09:00,0.43282413,0.181890419,0.25725599216780093,0.25725599216780093,0.194510661,0.5068417116343842,0.5068417116343842
2023-07-22 12:00:00+09:00,0.371946575,0.43282413,0.5129028063429641,0.5129028063429641,0.209359697,0.48068480838916017,0.48068480838916017
2023-07-22 13:00:00+09:00,0.350417321,0.371946575,0.3793504371969521,0.3793504371969521,0.181890419,0.3104292808707657,0.3104292808707657
2023-07-22 14:00:00+09:00,0.334826039,0.350417321,0.34011095614333964,0.34011095614333964,0.43282413,0.4635127827687311,0.4635127827687311
2023-07-22 15:00:00+09:00,0.282857495,0.334826039,0.2746505232886925,0.2746505232886925,0.371946575,0.2845037373444557,0.2845037373444557
2023-07-22 16:00:00+09:00,0.252419231,0.282857495,0.21151547377311708,0.21151547377311708,0.350417321,0.2814085906480751,0.2814085906480751
2023-07-22 17:00:00+09:00,0.175208147,0.252419231,0.15560038900619128,0.15560038900619128,0.334826039,0.07838125698133852,0.07838125698133852
2023-07-22 18:00:00+09:00,0.07646781,0.175208147,0.02208067042700959,0.02208067042700959,0.282857495,0.0,0.0
2023-07-22 19:00:00+09:00,0.037862782,0.07646781,0.0,0.0,0.252419231,0.0,0.0
2023-07-22 20:00:00+09:00,0.000742246,0.037862782,0.009485541476304052,0.009485541476304052,0.175208147,0.01794348223082734,0.01794348223082734
2023-07-22 21:00:00+09:00,0.0,0.000742246,0.0,0.0,0.07646781,0.0,0.0
2023-07-22 22:00:00+09:00,0.0,0.0,0.0018171524861827493,0.0018171524861827493,0.037862782,0.0,0.0
2023-07-22 23:00:00+09:00,0.0,0.0,0.0018171524861827493,0.0018171524861827493,0.000742246,0.0007663422872339878,0.0007663422872339878
2023-07-23 00:00:00+09:00,0.0,0.0,0.0,0.0,0.0,0.0,0.0
2023-07-23 01:00:00+09:00,0.0,0.0,0.0,0.0,0.0,0.0,0.0
2023-07-23 02:00:00+09:00,0.0,0.0,0.0,0.0,0.0,0.0,0.0
2023-07-23 03:00:00+09:00,0.0,0.0,0.0,0.0,0.0,0.0,0.0
2023-07-23 04:00:00+09:00,0.0,0.0,0.0,0.0,0.0,0.0,0.0
2023-07-23 05:00:00+09:00,0.0,0.0,0.0,0.0,0.0,0.0,0.0
2023-07-23 06:00:00+09:00,0.0,0.0,0.0021433064248412848,0.0021433064248412848,0.0,0.004272519610822201,0.004272519610822201
2023-07-23 07:00:00+09:00,0.008166764,0.0,0.05784597247838974,0.05784597247838974,0.0,0.06084106117486954,0.06084106117486954
2023-07-23 08:00:00+09:00,0.05642305,0.008166764,0.1483584233313217,0.1483584233313217,0.0,0.19953174889087677,0.19953174889087677
2023-07-23 09:00:00+09:00,0.138830885,0.05642305,0.09926456270985604,0.09926456270985604,0.0,0.2095017433166504,0.2095017433166504
2023-07-23 10:00:00+09:00,0.270979498,0.138830885,0.2557123896548843,0.2557123896548843,0.008166764,0.2529138364582672,0.2529138364582672
2023-07-23 11:00:00+09:00,0.181890419,0.270979498,0.33118593734607504,0.33118593734607504,0.05642305,0.3021072415845871,0.3021072415845871
2023-07-23 12:00:00+09:00,0.384567844,0.181890419,0.20652738424500847,0.20652738424500847,0.138830885,0.3635177311370468,0.3635177311370468
2023-07-23 13:00:00+09:00,0.455096656,0.384567844,0.40528643715037727,0.40528643715037727,0.270979498,0.4713980894993286,0.4713980894993286
2023-07-23 14:00:00+09:00,0.470686912,0.455096656,0.4329027268194971,0.4329027268194971,0.181890419,0.2475673987205925,0.2475673987205925
2023-07-23 15:00:00+09:00,0.396445841,0.470686912,0.4111011730728741,0.4111011730728741,0.384567844,0.3942607159431162,0.3942607159431162
2023-07-23 16:00:00+09:00,0.311811266,0.396445841,0.31098660121909716,0.31098660121909716,0.455096656,0.3592949523681221,0.3592949523681221
2023-07-23 17:00:00+09:00,0.193026169,0.311811266,0.22029934590550992,0.22029934590550992,0.470686912,0.2687933588622208,0.2687933588622208
2023-07-23 18:00:00+09:00,0.043059534,0.193026169,0.048751680908531186,0.048751680908531186,0.396445841,0.08148980180970766,0.08148980180970766
2023-07-23 19:00:00+09:00,0.0,0.043059534,0.0,0.0,0.311811266,0.14479630952569578,0.14479630952569578
2023-07-23 20:00:00+09:00,0.0,0.0,0.0,0.0,0.193026169,0.0,0.0
2023-07-23 21:00:00+09:00,0.0,0.0,0.0,0.0,0.043059534,0.0,0.0
2023-07-23 22:00:00+09:00,0.0,0.0,0.0030171775724738836,0.0030171775724738836,0.0,0.0,0.0
2023-07-23 23:00:00+09:00,0.0,0.0,0.0030171775724738836,0.0030171775724738836,0.0,0.001210811547935009,0.001210811547935009
2023-07-24 00:00:00+09:00,0.0,0.0,0.0009045859333127737,0.0009045859333127737,0.0,0.0018028090707957745,0.0018028090707957745
2023-07-24 01:00:00+09:00,0.0,0.0,0.0009045859333127737,0.0009045859333127737,0.0,0.0018028090707957745,0.0018028090707957745
2023-07-24 02:00:00+09:00,0.0,0.0,0.0009045859333127737,0.0009045859333127737,0.0,0.0018028090707957745,0.0018028090707957745
2023-07-24 03:00:00+09:00,0.0,0.0,0.0009045859333127737,0.0009045859333127737,0.0,0.0018028090707957745,0.0018028090707957745
2023-07-24 04:00:00+09:00,0.0,0.0,0.0009045859333127737,0.0009045859333127737,0.0,0.0018028090707957745,0.0018028090707957745
2023-07-24 05:00:00+09:00,0.0,0.0,0.0009045859333127737,0.0009045859333127737,0.0,0.0018028090707957745,0.0018028090707957745
2023-07-24 06:00:00+09:00,0.001484493,0.0,0.001935532665811479,0.001935532665811479,0.0,0.0028150188736617565,0.0028150188736617565
2023-07-24 07:00:00+09:00,0.037120535,0.001484493,0.030453756657927513,0.030453756657927513,0.0,0.04944181069731712,0.04944181069731712
2023-07-24 08:00:00+09:00,0.098740337,0.037120535,0.06624429017189504,0.06624429017189504,0.0,0.06363317370414734,0.06363317370414734
2023-07-24 09:00:00+09:00,0.182632665,0.098740337,0.19983576010237886,0.19983576010237886,0.001484493,0.21670671759316254,0.21670671759316254
2023-07-24 10:00:00+09:00,0.504095188,0.182632665,0.338799263200798,0.338799263200798,0.037120535,0.37974317274871827,0.37974317274871827
2023-07-24 11:00:00+09:00,0.469202419,0.504095188,0.5654702732644443,0.5654702732644443,0.098740337,0.39256423483859254,0.39256423483859254
2023-07-24 12:00:00+09:00,0.516716458,0.469202419,0.5310526128879489,0.5310526128879489,0.182632665,0.49728221710685727,0.49728221710685727
2023-07-24 13:00:00+09:00,0.570911741,0.516716458,0.5335896370035963,0.5335896370035963,0.504095188,0.6341492595456009,0.6341492595456009
2023-07-24 14:00:00+09:00,0.451384397,0.570911741,0.5194657390232715,0.5194657390232715,0.469202419,0.45100839920553587,0.45100839920553587
2023-07-24 15:00:00+09:00,0.099482583,0.451384397,0.40679078713051986,0.40679078713051986,0.516716458,0.43640490630989837,0.43640490630989837
2023-07-24 16:00:00+09:00,0.0675588,0.099482583,0.01484188635521698,0.01484188635521698,0.570911741,0.25847769353944394,0.25847769353944394
2023-07-24 17:00:00+09:00,0.101710349,0.0675588,0.0,0.0,0.451384397,0.2122859226166458,0.2122859226166458
2023-07-24 18:00:00+09:00,0.124725122,0.101710349,0.04576684129884148,0.04576684129884148,0.099482583,0.0,0.0
2023-07-24 19:00:00+09:00,0.031181537,0.124725122,0.08254408835890006,0.08254408835890006,0.0675588,0.0,0.0
2023-07-24 20:00:00+09:00,0.0,0.031181537,0.0,0.0,0.101710349,0.0,0.0
2023-07-24 21:00:00+09:00,0.0,0.0,0.0,0.0,0.124725122,0.0,0.0
2023-07-24 22:00:00+09:00,0.0,0.0,0.0,0.0,0.031181537,0.0,0.0
2023-07-24 23:00:00+09:00,0.0,0.0,0.0,0.0,0.0,0.0,0.0
2023-07-25 00:00:00+09:00,0.0,0.0,0.0,0.0,0.0,0.0,0.0
2023-07-25 01:00:00+09:00,0.0,0.0,0.0,0.0,0.0,0.0,0.0
2023-07-25 02:00:00+09:00,0.0,0.0,0.0,0.0,0.0,0.0,0.0
2023-07-25 03:00:00+09:00,0.0,0.0,0.0,0.0,0.0,0.0,0.0
2023-07-25 04:00:00+09:00,0.0,0.0,0.0,0.0,0.0,0.0,0.0
2023-07-25 05:00:00+09:00,0.0,0.0,0.0,0.0,0.0,0.0,0.0
2023-07-25 06:00:00+09:00,0.000742246,0.0,0.0013300621649250388,0.0013300621649250388,0.0,0.0,0.0
2023-07-25 07:00:00+09:00,0.085376821,0.000742246,0.03620744922561264,0.03620744922561264,0.0,0.037551961839199066,0.037551961839199066
2023-07-25 08:00:00+09:00,0.175208147,0.085376821,0.12817343278588866,0.12817343278588866,0.0,0.12370069324970245,0.12370069324970245
2023-07-25 09:00:00+09:00,0.331857053,0.175208147,0.2841028527723999,0.2841028527723999,0.000742246,0.21544121631784058,0.21544121631784058
2023-07-25 10:00:00+09:00,0.491474945,0.331857053,0.4988865530076294,0.4988865530076294,0.085376821,0.4635981242245636,0.4635981242245636
2023-07-25 11:00:00+09:00,0.614714548,0.491474945,0.5638316756995392,0.5638316756995392,0.175208147,0.514139141272232,0.514139141272232
2023-07-25 12:00:00+09:00,0.490731672,0.614714548,0.5711703859352093,0.5711703859352093,0.331857053,0.42591942604210664,0.42591942604210664
2023-07-25 13:00:00+09:00,0.350417321,0.490731672,0.4317926136663647,0.4317926136663647,0.491474945,0.44405972202736854,0.44405972202736854
2023-07-25 14:00:00+09:00,0.075725564,0.350417321,0.24377890435208893,0.24377890435208893,0.614714548,0.5069104060613137,0.5069104060613137
2023-07-25 15:00:00+09:00,0.552351474,0.075725564,0.0341482620805397,0.0341482620805397,0.490731672,0.43532304520518494,0.43532304520518494
2023-07-25 16:00:00+09:00,0.435051896,0.552351474,0.5544653194321771,0.5544653194321771,0.350417321,0.31438250226130104,0.31438250226130104
2023-07-25 17:00:00+09:00,0.230146704,0.435051896,0.3339713442564926,0.3339713442564926,0.075725564,0.0,0.0
2023-07-25 18:00:00+09:00,0.222722186,0.230146704,0.3096137845335045,0.3096137845335045,0.552351474,0.4251037232408752,0.4251037232408752
2023-07-25 19:00:00+09:00,0.063847567,0.222722186,0.1638256295033798,0.1638256295033798,0.435051896,0.2584016102791748,0.2584016102791748
2023-07-25 20:00:00+09:00,0.001484493,0.063847567,0.043536058672277445,0.043536058672277445,0.230146704,0.15558698562956239,0.15558698562956239
2023-07-25 21:00:00+09:00,0.0,0.001484493,0.000784031496416062,0.000784031496416062,0.222722186,0.12471671983684157,0.12471671983684157
2023-07-25 22:00:00+09:00,0.0,0.0,0.0035624441225081682,0.0035624441225081682,0.063847567,0.030773705848066324,0.030773705848066324
2023-07-25 23:00:00+09:00,0.0,0.0,0.0035624441225081682,0.0035624441225081682,0.001484493,0.017861468923776627,0.017861468923776627
2023-07-26 00:00:00+09:00,0.0,0.0,0.0,0.0,0.0,0.0,0.0
2023-07-26 01:00:00+09:00,0.0,0.0,0.0,0.0,0.0,0.0,0.0
2023-07-26 02:00:00+09:00,0.0,0.0,0.0,0.0,0.0,0.0,0.0
2023-07-26 03:00:00+09:00,0.0,0.0,0.0,0.0,0.0,0.0,0.0
2023-07-26 04:00:00+09:00,0.0,0.0,0.0,0.0,0.0,0.0,0.0
2023-07-26 05:00:00+09:00,0.0,0.0,0.0,0.0,0.0,0.0,0.0
2023-07-26 06:00:00+09:00,0.000742246,0.0,0.0007761642918922007,0.0007761642918922007,0.0,0.0,0.0
2023-07-26 07:00:00+09:00,0.066074307,0.000742246,0.05353671365780449,0.05353671365780449,0.0,0.04219766706228256,0.04219766706228256
2023-07-26 08:00:00+09:00,0.186344924,0.066074307,0.13741558316882324,0.13741558316882324,0.0,0.12347657233476639,0.12347657233476639
2023-07-26 09:00:00+09:00,0.314039032,0.186344924,0.2504273006589165,0.2504273006589165,0.000742246,0.14760214516324616,0.14760214516324616
2023-07-26 10:00:00+09:00,0.470686912,0.314039032,0.38066623641818237,0.38066623641818237,0.066074307,0.3405350995415039,0.3405350995415039
2023-07-26 11:00:00+09:00,0.612486782,0.470686912,0.674220174014389,0.674220174014389,0.186344924,0.4612894976408234,0.4612894976408234
2023-07-26 12:00:00+09:00,0.671137598,0.612486782,0.6460973270987815,0.6460973270987815,0.314039032,0.5647220416244811,0.5647220416244811
2023-07-26 13:00:00+09:00,0.700833616,0.671137598,0.7118748320559959,0.7118748320559959,0.470686912,0.7102378899453278,0.7102378899453278
2023-07-26 14:00:00+09:00,0.683015594,0.700833616,0.7347899201925431,0.7347899201925431,0.612486782,0.700333709344799,0.700333709344799
2023-07-26 15:00:00+09:00,0.415748355,0.683015594,0.6572708354536476,0.6572708354536476,0.671137598,0.5952879233579139,0.5952879233579139
2023-07-26 16:00:00+09:00,0.504095188,0.415748355,0.34411865940568925,0.34411865940568925,0.700833616,0.5212046030576859,0.5212046030576859
2023-07-26 17:00:00+09:00,0.374916587,0.504095188,0.3770705970309143,0.3770705970309143,0.683015594,0.48187362563051606,0.48187362563051606
2023-07-26 18:00:00+09:00,0.210101943,0.374916587,0.22431524467955782,0.22431524467955782,0.415748355,0.09503760656593324,0.09503760656593324
2023-07-26 19:00:00+09:00,0.051968544,0.210101943,0.10546215204779436,0.10546215204779436,0.504095188,0.15056650958279416,0.15056650958279416
2023-07-26 20:00:00+09:00,0.0,0.051968544,0.0,0.0,0.374916587,0.05869725716601565,0.05869725716601565
2023-07-26 21:00:00+09:00,0.0,0.0,0.0,0.0,0.210101943,0.046295638664405836,0.046295638664405836
2023-07-26 22:00:00+09:00,0.0,0.0,0.0,0.0,0.051968544,0.0,0.0
2023-07-26 23:00:00+09:00,0.0,0.0,0.0,0.0,0.0,0.0,0.0
2023-07-27 00:00:00+09:00,0.0,0.0,0.0003972541308030486,0.0003972541308030486,0.0,0.0006314393249340355,0.0006314393249340355
2023-07-27 01:00:00+09:00,0.0,0.0,0.0003972541308030486,0.0003972541308030486,0.0,0.0006314393249340355,0.0006314393249340355
2023-07-27 02:00:00+09:00,0.0,0.0,0.0003972541308030486,0.0003972541308030486,0.0,0.0006314393249340355,0.0006314393249340355
2023-07-27 03:00:00+09:00,0.0,0.0,0.0003972541308030486,0.0003972541308030486,0.0,0.0006314393249340355,0.0006314393249340355
2023-07-27 04:00:00+09:00,0.0,0.0,0.0003972541308030486,0.0003972541308030486,0.0,0.0006314393249340355,0.0006314393249340355
2023-07-27 05:00:00+09:00,0.0,0.0,0.0003972541308030486,0.0003972541308030486,0.0,0.0006314393249340355,0.0006314393249340355
2023-07-27 06:00:00+09:00,0.000742246,0.0,0.0025525400415062904,0.0025525400415062904,0.0,0.0,0.0
2023-07-27 07:00:00+09:00,0.07795333,0.000742246,0.052882273284622194,0.052882273284622194,0.0,0.05666384845972061,0.05666384845972061
2023-07-27 08:00:00+09:00,0.190799429,0.07795333,0.1457861203151512,0.1457861203151512,0.0,0.09032752364873886,0.09032752364873886
2023-07-27 09:00:00+09:00,0.380855585,0.190799429,0.3058320869809189,0.3058320869809189,0.000742246,0.23356476852101898,0.23356476852101898
2023-07-27 10:00:00+09:00,0.515231965,0.380855585,0.5107835331172561,0.5107835331172561,0.07795333,0.45363470049674987,0.45363470049674987
2023-07-27 11:00:00+09:00,0.590215282,0.515231965,0.7034472952431107,0.7034472952431107,0.190799429,0.491702361882309,0.491702361882309
2023-07-27 12:00:00+09:00,0.658516328,0.590215282,0.5999039201506919,0.5999039201506919,0.380855585,0.548105756303749,0.548105756303749
2023-07-27 13:00:00+09:00,0.660744094,0.658516328,0.6735262602199822,0.6735262602199822,0.515231965,0.6634373794144058,0.6634373794144058
2023-07-27 14:00:00+09:00,0.648865071,0.660744094,0.7205890050984802,0.7205890050984802,0.590215282,0.6631281016835517,0.6631281016835517
2023-07-27 15:00:00+09:00,0.606547784,0.648865071,0.5496775106204949,0.5496775106204949,0.658516328,0.5865482195843964,0.5865482195843964
2023-07-27 16:00:00+09:00,0.523397702,0.606547784,0.5420237220221367,0.5420237220221367,0.660744094,0.5078397921182098,0.5078397921182098
2023-07-27 17:00:00+09:00,0.375658834,0.523397702,0.41845808478341295,0.41845808478341295,0.648865071,0.44610552197827913,0.44610552197827913
2023-07-27 18:00:00+09:00,0.209359697,0.375658834,0.22859201731241607,0.22859201731241607,0.606547784,0.33599619188841245,0.33599619188841245
2023-07-27 19:00:00+09:00,0.040832794,0.209359697,0.11002807219407273,0.11002807219407273,0.523397702,0.16111158134684755,0.16111158134684755
2023-07-27 20:00:00+09:00,0.002970012,0.040832794,0.011495235104650496,0.011495235104650496,0.375658834,0.18724898399866485,0.18724898399866485
2023-07-27 21:00:00+09:00,0.0,0.002970012,0.0,0.0,0.209359697,0.04470581461569978,0.04470581461569978
2023-07-27 22:00:00+09:00,0.0,0.0,0.0,0.0,0.040832794,0.0,0.0
2023-07-27 23:00:00+09:00,0.0,0.0,0.0,0.0,0.002970012,0.0,0.0
2023-07-28 00:00:00+09:00,0.0,0.0,0.0,0.0,0.0,0.0,0.0
2023-07-28 01:00:00+09:00,0.0,0.0,0.0,0.0,0.0,0.0,0.0
2023-07-28 02:00:00+09:00,0.0,0.0,0.0,0.0,0.0,0.0,0.0
2023-07-28 03:00:00+09:00,0.0,0.0,0.0,0.0,0.0,0.0,0.0
2023-07-28 04:00:00+09:00,0.0,0.0,0.0,0.0,0.0,0.0,0.0
2023-07-28 05:00:00+09:00,0.0,0.0,0.0,0.0,0.0,0.0,0.0
2023-07-28 06:00:00+09:00,0.001484493,0.0,0.002986380597576499,0.002986380597576499,0.0,0.002255659783259034,0.002255659783259034
2023-07-28 07:00:00+09:00,0.05642305,0.001484493,0.05998059569069672,0.05998059569069672,0.0,0.04472460597753525,0.04472460597753525
2023-07-28 08:00:00+09:00,0.12175511,0.05642305,0.14271665795021057,0.14271665795021057,0.0,0.09660828113555908,0.09660828113555908
2023-07-28 09:00:00+09:00,0.320720277,0.12175511,0.25748865482650757,0.25748865482650757,0.001484493,0.34853456376263425,0.34853456376263425
2023-07-28 10:00:00+09:00,0.383825598,0.320720277,0.4243651919250984,0.4243651919250984,0.05642305,0.39570630772285464,0.39570630772285464
2023-07-28 11:00:00+09:00,0.513746445,0.383825598,0.4864274018392067,0.4864274018392067,0.12175511,0.41589065072380066,0.41589065072380066
2023-07-28 12:00:00+09:00,0.575366247,0.513746445,0.6116413221953583,0.6116413221953583,0.320720277,0.6110069669967193,0.6110069669967193
2023-07-28 13:00:00+09:00,0.616199041,0.575366247,0.6029010727273436,0.6029010727273436,0.383825598,0.5646669545158844,0.5646669545158844
2023-07-28 14:00:00+09:00,0.677818843,0.616199041,0.6674067436069164,0.6674067436069164,0.513746445,0.6528974817393494,0.6528974817393494
2023-07-28 15:00:00+09:00,0.624365805,0.677818843,0.609913811855381,0.609913811855381,0.575366247,0.5449867001937838,0.5449867001937838
2023-07-28 16:00:00+09:00,0.484792674,0.624365805,0.5516923128663827,0.5516923128663827,0.616199041,0.5387264287382278,0.5387264287382278
2023-07-28 17:00:00+09:00,0.346705062,0.484792674,0.3806341309497108,0.3806341309497108,0.677818843,0.47977409588581843,0.47977409588581843
2023-07-28 18:00:00+09:00,0.193026169,0.346705062,0.21515020510359956,0.21515020510359956,0.624365805,0.37113922676437383,0.37113922676437383
2023-07-28 19:00:00+09:00,0.073498825,0.193026169,0.11666040754112625,0.11666040754112625,0.484792674,0.3644317854592552,0.3644317854592552
2023-07-28 20:00:00+09:00,0.002226739,0.073498825,0.025976533458900455,0.025976533458900455,0.346705062,0.07205690225764466,0.07205690225764466
2023-07-28 21:00:00+09:00,0.0,0.002226739,0.00029850033617758766,0.00029850033617758766,0.193026169,0.057774378714889524,0.057774378714889524
2023-07-28 22:00:00+09:00,0.0,0.0,0.0021505129989236593,0.0021505129989236593,0.073498825,0.02358360441155434,0.02358360441155434
2023-07-28 23:00:00+09:00,0.0,0.0,0.0021505129989236593,0.0021505129989236593,0.002226739,0.003056180472887993,0.003056180472887993
2023-07-29 00:00:00+09:00,0.0,0.0,0.0,0.0,0.0,0.0,0.0
2023-07-29 01:00:00+09:00,0.0,0.0,0.0,0.0,0.0,0.0,0.0
2023-07-29 02:00:00+09:00,0.0,0.0,0.0,0.0,0.0,0.0,0.0
2023-07-29 03:00:00+09:00,0.0,0.0,0.0,0.0,0.0,0.0,0.0
2023-07-29 04:00:00+09:00,0.0,0.0,0.0,0.0,0.0,0.0,0.0
2023-07-29 05:00:00+09:00,0.0,0.0,0.0,0.0,0.0,0.0,0.0
2023-07-29 06:00:00+09:00,0.000742246,0.0,0.002381014870479703,0.002381014870479703,0.0,0.006486494559794664,0.006486494559794664
2023-07-29 07:00:00+09:00,0.071271059,0.000742246,0.005627580987193346,0.005627580987193346,0.0,0.0,0.0
2023-07-29 08:00:00+09:00,0.218267681,0.071271059,0.1298492857153263,0.1298492857153263,0.0,0.09143897891044617,0.09143897891044617
2023-07-29 09:00:00+09:00,0.369719835,0.218267681,0.3305331486437378,0.3305331486437378,0.000742246,0.22083490022821045,0.22083490022821045
2023-07-29 10:00:00+09:00,0.47439917,0.369719835,0.4718636367487526,0.4718636367487526,0.071271059,0.3273185462589111,0.3273185462589111
2023-07-29 11:00:00+09:00,0.557549252,0.47439917,0.5698361826128197,0.5698361826128197,0.218267681,0.5456291156981048,0.5456291156981048
2023-07-29 12:00:00+09:00,0.627334791,0.557549252,0.6581797365213891,0.6581797365213891,0.369719835,0.6834954638051605,0.6834954638051605
2023-07-29 13:00:00+09:00,0.639956061,0.627334791,0.6783487710608158,0.6783487710608158,0.47439917,0.6799933520144653,0.6799933520144653
2023-07-29 14:00:00+09:00,0.634759309,0.639956061,0.667802320996295,0.667802320996295,0.557549252,0.6347764272357483,0.6347764272357483
2023-07-29 15:00:00+09:00,0.577594013,0.634759309,0.6293383657435324,0.6293383657435324,0.627334791,0.6705756883574638,0.6705756883574638
2023-07-29 16:00:00+09:00,0.495928424,0.577594013,0.5505277375225907,0.5505277375225907,0.639956061,0.5842080267313824,0.5842080267313824
2023-07-29 17:00:00+09:00,0.374916587,0.495928424,0.4186513224236717,0.4186513224236717,0.634759309,0.4576390853586044,0.4576390853586044
2023-07-29 18:00:00+09:00,0.210101943,0.374916587,0.27022714537869647,0.27022714537869647,0.577594013,0.2850736389403229,0.2850736389403229
2023-07-29 19:00:00+09:00,0.071271059,0.210101943,0.10477048484865953,0.10477048484865953,0.495928424,0.14183648168966673,0.14183648168966673
2023-07-29 20:00:00+09:00,0.002226739,0.071271059,0.024049353682502744,0.024049353682502744,0.374916587,0.1733705587435837,0.1733705587435837
2023-07-29 21:00:00+09:00,0.0,0.002226739,0.0,0.0,0.210101943,0.08070133207623292,0.08070133207623292
2023-07-29 22:00:00+09:00,0.0,0.0,0.0018171524861827493,0.0018171524861827493,0.071271059,0.019420628332599638,0.019420628332599638
2023-07-29 23:00:00+09:00,0.0,0.0,0.0018171524861827493,0.0018171524861827493,0.002226739,0.002250835287233988,0.002250835287233988
2023-07-30 00:00:00+09:00,0.0,0.0,0.0,0.0,0.0,0.0,0.0
2023-07-30 01:00:00+09:00,0.0,0.0,0.0,0.0,0.0,0.0,0.0
2023-07-30 02:00:00+09:00,0.0,0.0,0.0,0.0,0.0,0.0,0.0
2023-07-30 03:00:00+09:00,0.0,0.0,0.0,0.0,0.0,0.0,0.0
2023-07-30 04:00:00+09:00,0.0,0.0,0.0,0.0,0.0,0.0,0.0
2023-07-30 05:00:00+09:00,0.0,0.0,0.0,0.0,0.0,0.0,0.0
2023-07-30 06:00:00+09:00,0.000742246,0.0,0.0021433064248412848,0.0021433064248412848,0.0,0.004272519610822201,0.004272519610822201
2023-07-30 07:00:00+09:00,0.070528812,0.000742246,0.057669751880594255,0.057669751880594255,0.0,0.0479135625064373,0.0479135625064373
2023-07-30 08:00:00+09:00,0.233116716,0.070528812,0.1981147893159027,0.1981147893159027,0.0,0.18369705975055695,0.18369705975055695
2023-07-30 09:00:00+09:00,0.377143326,0.233116716,0.3304251430954132,0.3304251430954132,0.000742246,0.2621348095814667,0.2621348095814667
2023-07-30 10:00:00+09:00,0.426142885,0.377143326,0.4887635808146248,0.4887635808146248,0.070528812,0.39548299390956115,0.39548299390956115
2023-07-30 11:00:00+09:00,0.527852208,0.426142885,0.4974911647145844,0.4974911647145844,0.233116716,0.5649676917518769,0.5649676917518769
2023-07-30 12:00:00+09:00,0.622138039,0.527852208,0.6507152324731903,0.6507152324731903,0.377143326,0.6540688302076111,0.6540688302076111
2023-07-30 13:00:00+09:00,0.64366832,0.622138039,0.6248466009512945,0.6248466009512945,0.426142885,0.5475026356284713,0.5475026356284713
2023-07-30 14:00:00+09:00,0.645895059,0.64366832,0.654165725193746,0.654165725193746,0.527852208,0.5502560367997246,0.5502560367997246
2023-07-30 15:00:00+09:00,0.610260043,0.645895059,0.6198186788365688,0.6198186788365688,0.622138039,0.603853666014637,0.603853666014637
2023-07-30 16:00:00+09:00,0.526367715,0.610260043,0.5018841882097893,0.5018841882097893,0.64366832,0.5188333503602218,0.5188333503602218
2023-07-30 17:00:00+09:00,0.38753683,0.526367715,0.3935452610243225,0.3935452610243225,0.645895059,0.39195379127119445,0.39195379127119445
2023-07-30 18:00:00+09:00,0.206389685,0.38753683,0.2509648117342758,0.2509648117342758,0.610260043,0.3495250080573731,0.3495250080573731
2023-07-30 19:00:00+09:00,0.072013305,0.206389685,0.10861359241109847,0.10861359241109847,0.526367715,0.2035636812437439,0.2035636812437439
2023-07-30 20:00:00+09:00,0.000742246,0.072013305,0.026858096442155838,0.026858096442155838,0.38753683,0.18207541733177185,0.18207541733177185
2023-07-30 21:00:00+09:00,0.0,0.000742246,0.0,0.0,0.206389685,0.07746756526332854,0.07746756526332854
2023-07-30 22:00:00+09:00,0.0,0.0,0.0030171775724738836,0.0030171775724738836,0.072013305,0.023576875648431778,0.023576875648431778
2023-07-30 23:00:00+09:00,0.0,0.0,0.0030171775724738836,0.0030171775724738836,0.000742246,0.001953057547935009,0.001953057547935009
2023-07-31 00:00:00+09:00,0.0,0.0,0.0009045859333127737,0.0009045859333127737,0.0,0.0018028090707957745,0.0018028090707957745
2023-07-31 01:00:00+09:00,0.0,0.0,0.0009045859333127737,0.0009045859333127737,0.0,0.0018028090707957745,0.0018028090707957745
2023-07-31 02:00:00+09:00,0.0,0.0,0.0009045859333127737,0.0009045859333127737,0.0,0.0018028090707957745,0.0018028090707957745
2023-07-31 03:00:00+09:00,0.0,0.0,0.0009045859333127737,0.0009045859333127737,0.0,0.0018028090707957745,0.0018028090707957745
2023-07-31 04:00:00+09:00,0.0,0.0,0.0009045859333127737,0.0009045859333127737,0.0,0.0018028090707957745,0.0018028090707957745
2023-07-31 05:00:00+09:00,0.0,0.0,0.0009045859333127737,0.0009045859333127737,0.0,0.0018028090707957745,0.0018028090707957745
2023-07-31 06:00:00+09:00,0.000742246,0.0,0.003269654931500554,0.003269654931500554,0.0,0.007928060367703438,0.007928060367703438
2023-07-31 07:00:00+09:00,0.074983317,0.000742246,0.04091256165308571,0.04091256165308571,0.0,0.06084871292114258,0.06084871292114258
2023-07-31 08:00:00+09:00,0.218267681,0.074983317,0.2062294665399475,0.2062294665399475,0.0,0.22664344310760498,0.22664344310760498
2023-07-31 09:00:00+09:00,0.385310091,0.218267681,0.39772205233312224,0.39772205233312224,0.000742246,0.38197090157670593,0.38197090157670593
2023-07-31 10:00:00+09:00,0.499640683,0.385310091,0.558511413555542,0.558511413555542,0.074983317,0.40034295950564575,0.40034295950564575
2023-07-31 11:00:00+09:00,0.571655015,0.499640683,0.5836811906742172,0.5836811906742172,0.218267681,0.6518888193342742,0.6518888193342742
2023-07-31 12:00:00+09:00,0.609517796,0.571655015,0.6072633550547505,0.6072633550547505,0.385310091,0.6437241508773957,0.6437241508773957
2023-07-31 13:00:00+09:00,0.589472009,0.609517796,0.6320547573617659,0.6320547573617659,0.499640683,0.6734754539178924,0.6734754539178924
2023-07-31 14:00:00+09:00,0.640698307,0.589472009,0.5363099818496074,0.5363099818496074,0.571655015,0.608426249124899,0.608426249124899
2023-07-31 15:00:00+09:00,0.590957529,0.640698307,0.5956725075765438,0.5956725075765438,0.609517796,0.5472897198400459,0.5472897198400459
2023-07-31 16:00:00+09:00,0.464747913,0.590957529,0.4801779231941261,0.4801779231941261,0.589472009,0.42267313426416775,0.42267313426416775
2023-07-31 17:00:00+09:00,0.333341546,0.464747913,0.3451611248821144,0.3451611248821144,0.640698307,0.37410070820887753,0.37410070820887753
2023-07-31 18:00:00+09:00,0.160360138,0.333341546,0.2215832244763336,0.2215832244763336,0.590957529,0.1979293591296234,0.1979293591296234
2023-07-31 19:00:00+09:00,0.063104294,0.160360138,0.03279536503647615,0.03279536503647615,0.464747913,0.1756861878603821,0.1756861878603821
2023-07-31 20:00:00+09:00,0.002226739,0.063104294,0.011419098583787923,0.011419098583787923,0.333341546,0.02948484534120177,0.02948484534120177
2023-07-31 21:00:00+09:00,0.0,0.002226739,0.0,0.0,0.160360138,0.01505358058308412,0.01505358058308412
2023-07-31 22:00:00+09:00,0.0,0.0,0.0,0.0,0.063104294,0.003840856013626104,0.003840856013626104
2023-07-31 23:00:00+09:00,0.0,0.0,0.0,0.0,0.002226739,0.0,0.0
2023-08-01 00:00:00+09:00,0.0,0.0,0.0005840304074808955,0.0005840304074808955,0.0,0.0010334288235753775,0.0010334288235753775
2023-08-01 01:00:00+09:00,0.0,0.0,0.0005840304074808955,0.0005840304074808955,0.0,0.0010334288235753775,0.0010334288235753775
2023-08-01 02:00:00+09:00,0.0,0.0,0.0005840304074808955,0.0005840304074808955,0.0,0.0010334288235753775,0.0010334288235753775
2023-08-01 03:00:00+09:00,0.0,0.0,0.0005840304074808955,0.0005840304074808955,0.0,0.0010334288235753775,0.0010334288235753775
2023-08-01 04:00:00+09:00,0.0,0.0,0.0005840304074808955,0.0005840304074808955,0.0,0.0010334288235753775,0.0010334288235753775
2023-08-01 05:00:00+09:00,0.0,0.0,0.0005840304074808955,0.0005840304074808955,0.0,0.0010334288235753775,0.0010334288235753775
2023-08-01 06:00:00+09:00,0.0,0.0,0.0026975853834301233,0.0026975853834301233,0.0,0.0,0.0
2023-08-01 07:00:00+09:00,0.069786566,0.0,0.05114424228668213,0.05114424228668213,0.0,0.048837583512067795,0.048837583512067795
2023-08-01 08:00:00+09:00,0.223465459,0.069786566,0.19676012049199676,0.19676012049199676,0.0,0.16926564276218414,0.16926564276218414
2023-08-01 09:00:00+09:00,0.380855585,0.223465459,0.39564651394976047,0.39564651394976047,0.0,0.3523952066898346,0.3523952066898346
2023-08-01 10:00:00+09:00,0.498898436,0.380855585,0.5680084773511505,0.5680084773511505,0.069786566,0.47735859702111816,0.47735859702111816
2023-08-01 11:00:00+09:00,0.576851766,0.498898436,0.5660965039035186,0.5660965039035186,0.223465459,0.5381289585937348,0.5381289585937348
2023-08-01 12:00:00+09:00,0.635501555,0.576851766,0.5797632067952875,0.5797632067952875,0.380855585,0.6437895246953582,0.6437895246953582
2023-08-01 13:00:00+09:00,0.638471568,0.635501555,0.6000364039284516,0.6000364039284516,0.498898436,0.5760144932767257,0.5760144932767257
2023-08-01 14:00:00+09:00,0.651091811,0.638471568,0.6247193533894234,0.6247193533894234,0.576851766,0.6103689329721603,0.6103689329721603
2023-08-01 15:00:00+09:00,0.599123266,0.651091811,0.6003609269248352,0.6003609269248352,0.635501555,0.5770984281045723,0.5770984281045723
2023-08-01 16:00:00+09:00,0.469202419,0.599123266,0.46896657015725707,0.46896657015725707,0.638471568,0.45753037370411687,0.45753037370411687
2023-08-01 17:00:00+09:00,0.305872268,0.469202419,0.3748857948950233,0.3748857948950233,0.651091811,0.39775463634599306,0.39775463634599306
2023-08-01 18:00:00+09:00,0.217525435,0.305872268,0.18959211460625458,0.18959211460625458,0.599123266,0.3040800359432373,0.3040800359432373
2023-08-01 19:00:00+09:00,0.08908908,0.217525435,0.10687663158708571,0.10687663158708571,0.469202419,0.10438202806028746,0.10438202806028746
2023-08-01 20:00:00+09:00,0.004454505,0.08908908,0.03633268853433609,0.03633268853433609,0.305872268,0.053013927259796145,0.053013927259796145
2023-08-01 21:00:00+09:00,0.0,0.004454505,0.001802784692232609,0.001802784692232609,0.217525435,0.06156891336971282,0.06156891336971282
2023-08-01 22:00:00+09:00,0.0,0.0,0.0,0.0,0.08908908,0.03488368471868515,0.03488368471868515
2023-08-01 23:00:00+09:00,0.0,0.0,0.0,0.0,0.004454505,0.0,0.0
2023-08-02 00:00:00+09:00,0.0,0.0,0.0,0.0,0.0,0.0,0.0
2023-08-02 01:00:00+09:00,0.0,0.0,0.0,0.0,0.0,0.0,0.0
2023-08-02 02:00:00+09:00,0.0,0.0,0.0,0.0,0.0,0.0,0.0
2023-08-02 03:00:00+09:00,0.0,0.0,0.0,0.0,0.0,0.0,0.0
2023-08-02 04:00:00+09:00,0.0,0.0,0.0,0.0,0.0,0.0,0.0
2023-08-02 05:00:00+09:00,0.0,0.0,0.0,0.0,0.0,0.0,0.0
2023-08-02 06:00:00+09:00,0.0,0.0,0.0,0.0,0.0,0.0,0.0
2023-08-02 07:00:00+09:00,0.057907543,0.0,0.04678961634635925,0.04678961634635925,0.0,0.038972433656454086,0.038972433656454086
2023-08-02 08:00:00+09:00,0.213070929,0.057907543,0.13272976022602845,0.13272976022602845,0.0,0.1335347443819046,0.1335347443819046
2023-08-02 09:00:00+09:00,0.351901814,0.213070929,0.34145486349783327,0.34145486349783327,0.0,0.278378963470459,0.278378963470459
2023-08-02 10:00:00+09:00,0.490731672,0.351901814,0.4431030746859207,0.4431030746859207,0.057907543,0.33644910794140626,0.33644910794140626
2023-08-02 11:00:00+09:00,0.481822662,0.490731672,0.6067062770834656,0.6067062770834656,0.213070929,0.595304667899231,0.595304667899231
2023-08-02 12:00:00+09:00,0.507065201,0.481822662,0.549264661912262,0.549264661912262,0.351901814,0.5594176050585403,0.5594176050585403
2023-08-02 13:00:00+09:00,0.593926515,0.507065201,0.5677881518459568,0.5677881518459568,0.490731672,0.6310495292654724,0.6310495292654724
2023-08-02 14:00:00+09:00,0.60729003,0.593926515,0.6498924489487553,0.6498924489487553,0.481822662,0.6108249052804108,0.6108249052804108
2023-08-02 15:00:00+09:00,0.611744536,0.60729003,0.5830192198131371,0.5830192198131371,0.507065201,0.5531899796879539,0.5531899796879539
2023-08-02 16:00:00+09:00,0.486277167,0.611744536,0.5317486207063065,0.5317486207063065,0.593926515,0.4966724920441056,0.4966724920441056
2023-08-02 17:00:00+09:00,0.37640108,0.486277167,0.3897885570899887,0.3897885570899887,0.60729003,0.451551601764946,0.451551601764946
2023-08-02 18:00:00+09:00,0.162587904,0.37640108,0.25614619831998825,0.25614619831998825,0.611744536,0.3311483095462189,0.3311483095462189
2023-08-02 19:00:00+09:00,0.105421582,0.162587904,0.04749216195316697,0.04749216195316697,0.486277167,0.1608321408407135,0.1608321408407135
2023-08-02 20:00:00+09:00,0.002970012,0.105421582,0.0504703165457077,0.0504703165457077,0.37640108,0.13847134839256287,0.13847134839256287
2023-08-02 21:00:00+09:00,0.0,0.002970012,0.002603060224495724,0.002603060224495724,0.162587904,0.032786571049407964,0.032786571049407964
2023-08-02 22:00:00+09:00,0.0,0.0,0.0011651135282590985,0.0011651135282590985,0.105421582,0.06948933167908859,0.06948933167908859
2023-08-02 23:00:00+09:00,0.0,0.0,0.0011651135282590985,0.0011651135282590985,0.002970012,0.012780122554099084,0.012780122554099084
2023-08-03 00:00:00+09:00,0.0,0.0,0.00037467165384441614,0.00037467165384441614,0.0,0.0,0.0
2023-08-03 01:00:00+09:00,0.0,0.0,0.00037467165384441614,0.00037467165384441614,0.0,0.0,0.0
2023-08-03 02:00:00+09:00,0.0,0.0,0.00037467165384441614,0.00037467165384441614,0.0,0.0,0.0
2023-08-03 03:00:00+09:00,0.0,0.0,0.00037467165384441614,0.00037467165384441614,0.0,0.0,0.0
2023-08-03 04:00:00+09:00,0.0,0.0,0.00037467165384441614,0.00037467165384441614,0.0,0.0,0.0
2023-08-03 05:00:00+09:00,0.0,0.0,0.00037467165384441614,0.00037467165384441614,0.0,0.0,0.0
2023-08-03 06:00:00+09:00,0.0,0.0,0.0003569240216165781,0.0003569240216165781,0.0,0.0,0.0
2023-08-03 07:00:00+09:00,0.055680803,0.0,0.04412037506699562,0.04412037506699562,0.0,0.04078119993209839,0.04078119993209839
2023-08-03 08:00:00+09:00,0.21084419,0.055680803,0.1711750766029625,0.1711750766029625,0.0,0.1782853752374649,0.1782853752374649
2023-08-03 09:00:00+09:00,0.354128553,0.21084419,0.3261449571236992,0.3261449571236992,0.0,0.2748740017414093,0.2748740017414093
2023-08-03 10:00:00+09:00,0.492217192,0.354128553,0.4521187678246765,0.4521187678246765,0.055680803,0.354337892471817,0.354337892471817
2023-08-03 11:00:00+09:00,0.568685002,0.492217192,0.5499584204910679,0.5499584204910679,0.21084419,0.5089957724794769,0.5089957724794769
2023-08-03 12:00:00+09:00,0.637729321,0.568685002,0.5976280545153876,0.5976280545153876,0.354128553,0.5280993715195923,0.5280993715195923
2023-08-03 13:00:00+09:00,0.634017062,0.637729321,0.6236365263804994,0.6236365263804994,0.492217192,0.6401116638837738,0.6401116638837738
2023-08-03 14:00:00+09:00,0.669652078,0.634017062,0.6843778198575611,0.6843778198575611,0.568685002,0.6804595881411095,0.6804595881411095
2023-08-03 15:00:00+09:00,0.616199041,0.669652078,0.6209965382489472,0.6209965382489472,0.637729321,0.6208653285622797,0.6208653285622797
2023-08-03 16:00:00+09:00,0.521170963,0.616199041,0.5967422502398405,0.5967422502398405,0.634017062,0.5743600508188839,0.5743600508188839
2023-08-03 17:00:00+09:00,0.37640108,0.521170963,0.429637637387455,0.429637637387455,0.669652078,0.4651955400380402,0.4651955400380402
2023-08-03 18:00:00+09:00,0.213813176,0.37640108,0.23433920572956085,0.23433920572956085,0.616199041,0.30217402636109925,0.30217402636109925
2023-08-03 19:00:00+09:00,0.07646781,0.213813176,0.10318518205869293,0.10318518205869293,0.521170963,0.18968473787182616,0.18968473787182616
2023-08-03 20:00:00+09:00,0.000742246,0.07646781,0.027566617156085965,0.027566617156085965,0.37640108,0.058949543344573974,0.058949543344573974
2023-08-03 21:00:00+09:00,0.0,0.000742246,0.00011907262857696415,0.00011907262857696415,0.213813176,0.07300751432168578,0.07300751432168578
2023-08-03 22:00:00+09:00,0.0,0.0,0.0009408732876181602,0.0009408732876181602,0.07646781,0.03716058450442314,0.03716058450442314
2023-08-03 23:00:00+09:00,0.0,0.0,0.0009408732876181602,0.0009408732876181602,0.000742246,0.006521213868536711,0.006521213868536711
2023-08-04 00:00:00+09:00,0.0,0.0,0.0007382230833172798,0.0007382230833172798,0.0,0.0019195408094674349,0.0019195408094674349
2023-08-04 01:00:00+09:00,0.0,0.0,0.0007382230833172798,0.0007382230833172798,0.0,0.0019195408094674349,0.0019195408094674349
2023-08-04 02:00:00+09:00,0.0,0.0,0.0007382230833172798,0.0007382230833172798,0.0,0.0019195408094674349,0.0019195408094674349
2023-08-04 03:00:00+09:00,0.0,0.0,0.0007382230833172798,0.0007382230833172798,0.0,0.0019195408094674349,0.0019195408094674349
2023-08-04 04:00:00+09:00,0.0,0.0,0.0007382230833172798,0.0007382230833172798,0.0,0.0019195408094674349,0.0019195408094674349
2023-08-04 05:00:00+09:00,0.0,0.0,0.0007382230833172798,0.0007382230833172798,0.0,0.0019195408094674349,0.0019195408094674349
2023-08-04 06:00:00+09:00,0.000742246,0.0,0.0006050416268408298,0.0006050416268408298,0.0,0.0012892570812255144,0.0012892570812255144
2023-08-04 07:00:00+09:00,0.068302073,0.000742246,0.014836241094299317,0.014836241094299317,0.0,0.011874085292220116,0.011874085292220116
2023-08-04 08:00:00+09:00,0.203419672,0.068302073,0.1954938102941971,0.1954938102941971,0.0,0.20274995267391205,0.20274995267391205
2023-08-04 09:00:00+09:00,0.35264406,0.203419672,0.32755023394782257,0.32755023394782257,0.000742246,0.24055220612687683,0.24055220612687683
2023-08-04 10:00:00+09:00,0.490731672,0.35264406,0.45951260273080824,0.45951260273080824,0.068302073,0.45480544161610414,0.45480544161610414
2023-08-04 11:00:00+09:00,0.449899905,0.490731672,0.5964985644331665,0.5964985644331665,0.203419672,0.5530070826884003,0.5530070826884003
2023-08-04 12:00:00+09:00,0.630304804,0.449899905,0.4987723199763584,0.4987723199763584,0.35264406,0.597916294082222,0.597916294082222
2023-08-04 13:00:00+09:00,0.574624,0.630304804,0.6533210723874369,0.6533210723874369,0.490731672,0.6311218893042297,0.6311218893042297
2023-08-04 14:00:00+09:00,0.678561089,0.574624,0.6068659106960297,0.6068659106960297,0.449899905,0.5198745807745743,0.5198745807745743
2023-08-04 15:00:00+09:00,0.549382488,0.678561089,0.6028547486274376,0.6028547486274376,0.630304804,0.6378368445885577,0.6378368445885577
2023-08-04 16:00:00+09:00,0.49815619,0.549382488,0.48668040590246964,0.48668040590246964,0.574624,0.45144337962770464,0.45144337962770464
2023-08-04 17:00:00+09:00,0.362295318,0.49815619,0.3872485757688904,0.3872485757688904,0.678561089,0.432680962046875,0.432680962046875
2023-08-04 18:00:00+09:00,0.205647438,0.362295318,0.23722125922886655,0.23722125922886655,0.549382488,0.21989009784420777,0.21989009784420777
2023-08-04 19:00:00+09:00,0.061619801,0.205647438,0.06187491042450713,0.06187491042450713,0.49815619,0.1164607108454132,0.1164607108454132
2023-08-04 20:00:00+09:00,0.002226739,0.061619801,0.016423398182035448,0.016423398182035448,0.362295318,0.01836760675160215,0.01836760675160215
2023-08-04 21:00:00+09:00,0.0,0.002226739,0.0,0.0,0.205647438,0.049168124030387866,0.049168124030387866
2023-08-04 22:00:00+09:00,0.0,0.0,0.0,0.0,0.061619801,0.0048622726651439685,0.0048622726651439685
2023-08-04 23:00:00+09:00,0.0,0.0,0.0,0.0,0.002226739,0.0,0.0
2023-08-05 00:00:00+09:00,0.0,0.0,0.00038055103505030274,0.00038055103505030274,0.0,0.000836332212202251,0.000836332212202251
2023-08-05 01:00:00+09:00,0.0,0.0,0.00038055103505030274,0.00038055103505030274,0.0,0.000836332212202251,0.000836332212202251
2023-08-05 02:00:00+09:00,0.0,0.0,0.00038055103505030274,0.00038055103505030274,0.0,0.000836332212202251,0.000836332212202251
2023-08-05 03:00:00+09:00,0.0,0.0,0.00038055103505030274,0.00038055103505030274,0.0,0.000836332212202251,0.000836332212202251
2023-08-05 04:00:00+09:00,0.0,0.0,0.00038055103505030274,0.00038055103505030274,0.0,0.000836332212202251,0.000836332212202251
2023-08-05 05:00:00+09:00,0.0,0.0,0.00038055103505030274,0.00038055103505030274,0.0,0.000836332212202251,0.000836332212202251
2023-08-05 06:00:00+09:00,0.0,0.0,0.0024924096651375294,0.0024924096651375294,0.0,0.0,0.0
2023-08-05 07:00:00+09:00,0.06533206,0.0,0.03432357683777809,0.03432357683777809,0.0,0.0763561949133873,0.0763561949133873
2023-08-05 08:00:00+09:00,0.212328683,0.06533206,0.17565619691282272,0.17565619691282272,0.0,0.251679003238678,0.251679003238678
2023-08-05 09:00:00+09:00,0.37640108,0.212328683,0.34831240342179104,0.34831240342179104,0.0,0.318080872297287,0.318080872297287
2023-08-05 10:00:00+09:00,0.489247179,0.37640108,0.4871844334479141,0.4871844334479141,0.06533206,0.4312649716344452,0.4312649716344452
2023-08-05 11:00:00+09:00,0.559775991,0.489247179,0.5369090757950343,0.5369090757950343,0.212328683,0.49856780038395687,0.49856780038395687
2023-08-05 12:00:00+09:00,0.507807447,0.559775991,0.593988405175272,0.593988405175272,0.37640108,0.6021616889115142,0.6021616889115142
2023-08-05 13:00:00+09:00,0.517458704,0.507807447,0.5194664135412903,0.5194664135412903,0.489247179,0.6107425748988189,0.6107425748988189
2023-08-05 14:00:00+09:00,0.545670229,0.517458704,0.602198441212658,0.602198441212658,0.559775991,0.6290645875108871,0.6290645875108871
2023-08-05 15:00:00+09:00,0.334826039,0.545670229,0.4640343142570533,0.4640343142570533,0.507807447,0.39508323220774844,0.39508323220774844
2023-08-05 16:00:00+09:00,0.381597832,0.334826039,0.24726716600223925,0.24726716600223925,0.517458704,0.4057981266431847,0.4057981266431847
2023-08-05 17:00:00+09:00,0.314781279,0.381597832,0.2951756866333313,0.2951756866333313,0.545670229,0.32340994755640406,0.32340994755640406
2023-08-05 18:00:00+09:00,0.190056156,0.314781279,0.1779436773383179,0.1779436773383179,0.334826039,0.06145419351622011,0.06145419351622011
2023-08-05 19:00:00+09:00,0.060135309,0.190056156,0.10196949877391434,0.10196949877391434,0.381597832,0.0,0.0
2023-08-05 20:00:00+09:00,0.001484493,0.060135309,0.01113332470177078,0.01113332470177078,0.314781279,0.04782033029432681,0.04782033029432681
2023-08-05 21:00:00+09:00,0.0,0.001484493,0.0009222195102230012,0.0009222195102230012,0.190056156,0.04881150611291504,0.04881150611291504
2023-08-05 22:00:00+09:00,0.0,0.0,0.0007683827425353229,0.0007683827425353229,0.060135309,0.011331595827325819,0.011331595827325819
2023-08-05 23:00:00+09:00,0.0,0.0,0.0007683827425353229,0.0007683827425353229,0.001484493,0.0,0.0
2023-08-06 00:00:00+09:00,0.0,0.0,0.00041057312046177685,0.00041057312046177685,0.0,0.0017818368505686522,0.0017818368505686522
2023-08-06 01:00:00+09:00,0.0,0.0,0.00041057312046177685,0.00041057312046177685,0.0,0.0017818368505686522,0.0017818368505686522
2023-08-06 02:00:00+09:00,0.0,0.0,0.00041057312046177685,0.00041057312046177685,0.0,0.0017818368505686522,0.0017818368505686522
2023-08-06 03:00:00+09:00,0.0,0.0,0.00041057312046177685,0.00041057312046177685,0.0,0.0017818368505686522,0.0017818368505686522
2023-08-06 04:00:00+09:00,0.0,0.0,0.00041057312046177685,0.00041057312046177685,0.0,0.0017818368505686522,0.0017818368505686522
2023-08-06 05:00:00+09:00,0.0,0.0,0.00041057312046177685,0.00041057312046177685,0.0,0.0017818368505686522,0.0017818368505686522
2023-08-06 06:00:00+09:00,0.0,0.0,0.0001919068890856579,0.0001919068890856579,0.0,0.0013906536623835564,0.0013906536623835564
2023-08-06 07:00:00+09:00,0.050484051,0.0,0.039855990558862686,0.039855990558862686,0.0,0.04656284302473068,0.04656284302473068
2023-08-06 08:00:00+09:00,0.192283922,0.050484051,0.18552124966275788,0.18552124966275788,0.0,0.20036005973815918,0.20036005973815918
2023-08-06 09:00:00+09:00,0.262070488,0.192283922,0.31206426875121307,0.31206426875121307,0.0,0.26735201478004456,0.26735201478004456
2023-08-06 10:00:00+09:00,0.385310091,0.262070488,0.3854442870260124,0.3854442870260124,0.050484051,0.43379097152841184,0.43379097152841184
2023-08-06 11:00:00+09:00,0.616199041,0.385310091,0.46793780468026736,0.46793780468026736,0.192283922,0.5440713401270599,0.5440713401270599
2023-08-06 12:00:00+09:00,0.402385865,0.616199041,0.6626647545307789,0.6626647545307789,0.262070488,0.5387967636824493,0.5387967636824493
2023-08-06 13:00:00+09:00,0.490731672,0.402385865,0.4397413662047291,0.4397413662047291,0.385310091,0.4785171373895798,0.4785171373895798
2023-08-06 14:00:00+09:00,0.566457236,0.490731672,0.4798707492536397,0.4798707492536397,0.616199041,0.606920561036459,0.606920561036459
2023-08-06 15:00:00+09:00,0.507807447,0.566457236,0.502643594332634,0.502643594332634,0.402385865,0.3415962985129261,0.3415962985129261
2023-08-06 16:00:00+09:00,0.46326342,0.507807447,0.4091007694439621,0.4091007694439621,0.490731672,0.3321490442267151,0.3321490442267151
2023-08-06 17:00:00+09:00,0.340022791,0.46326342,0.37315936906568525,0.37315936906568525,0.566457236,0.368557432480751,0.368557432480751
2023-08-06 18:00:00+09:00,0.195996181,0.340022791,0.17659843322812652,0.17659843322812652,0.507807447,0.09620000271365359,0.09620000271365359
2023-08-06 19:00:00+09:00,0.055680803,0.195996181,0.09505011968684768,0.09505011968684768,0.46326342,0.0,0.0
2023-08-06 20:00:00+09:00,0.000742246,0.055680803,0.0,0.0,0.340022791,0.0,0.0
2023-08-06 21:00:00+09:00,0.0,0.000742246,0.0,0.0,0.195996181,0.030813247788673392,0.030813247788673392
2023-08-06 22:00:00+09:00,0.0,0.0,0.0,0.0,0.055680803,0.00025765129831123446,0.00025765129831123446
2023-08-06 23:00:00+09:00,0.0,0.0,0.0,0.0,0.000742246,0.0,0.0
2023-08-07 00:00:00+09:00,0.0,0.0,0.00020310246327426285,0.00020310246327426285,0.0,0.001249668886885047,0.001249668886885047
2023-08-07 01:00:00+09:00,0.0,0.0,0.00020310246327426285,0.00020310246327426285,0.0,0.001249668886885047,0.001249668886885047
2023-08-07 02:00:00+09:00,0.0,0.0,0.00020310246327426285,0.00020310246327426285,0.0,0.001249668886885047,0.001249668886885047
2023-08-07 03:00:00+09:00,0.0,0.0,0.00020310246327426285,0.00020310246327426285,0.0,0.001249668886885047,0.001249668886885047
2023-08-07 04:00:00+09:00,0.0,0.0,0.00020310246327426285,0.00020310246327426285,0.0,0.001249668886885047,0.001249668886885047
2023-08-07 05:00:00+09:00,0.0,0.0,0.00020310246327426285,0.00020310246327426285,0.0,0.001249668886885047,0.001249668886885047
2023-08-07 06:00:00+09:00,0.0,0.0,0.0003552292473614216,0.0003552292473614216,0.0,0.0007829678943380713,0.0007829678943380713
2023-08-07 07:00:00+09:00,0.055680803,0.0,0.044569507241249084,0.044569507241249084,0.0,0.046541158109903336,0.046541158109903336
2023-08-07 08:00:00+09:00,0.207131931,0.055680803,0.20261209362652588,0.20261209362652588,0.0,0.16494861245155334,0.16494861245155334
2023-08-07 09:00:00+09:00,0.380855585,0.207131931,0.32415285836959457,0.32415285836959457,0.0,0.276431679725647,0.276431679725647
2023-08-07 10:00:00+09:00,0.53304896,0.380855585,0.5859379866332626,0.5859379866332626,0.055680803,0.43063490742352295,0.43063490742352295
2023-08-07 11:00:00+09:00,0.634759309,0.53304896,0.6198355207142449,0.6198355207142449,0.207131931,0.5347753850748596,0.5347753850748596
2023-08-07 12:00:00+09:00,0.67633435,0.634759309,0.6557443535389748,0.6557443535389748,0.380855585,0.7013476439923858,0.7013476439923858
2023-08-07 13:00:00+09:00,0.612486782,0.67633435,0.6773551873423665,0.6773551873423665,0.53304896,0.6862843805846787,0.6862843805846787
2023-08-07 14:00:00+09:00,0.666683093,0.612486782,0.6099482595273948,0.6099482595273948,0.634759309,0.6151996368976679,0.6151996368976679
2023-08-07 15:00:00+09:00,0.559033745,0.666683093,0.6005914884691886,0.6005914884691886,0.67633435,0.6361164437633514,0.6361164437633514
2023-08-07 16:00:00+09:00,0.506322954,0.559033745,0.397619121739502,0.397619121739502,0.612486782,0.43740090958827205,0.43740090958827205
2023-08-07 17:00:00+09:00,0.377143326,0.506322954,0.37335209935999303,0.37335209935999303,0.666683093,0.40622960059696955,0.40622960059696955
2023-08-07 18:00:00+09:00,0.199707413,0.377143326,0.28220134486320114,0.28220134486320114,0.559033745,0.23398732490264895,0.23398732490264895
2023-08-07 19:00:00+09:00,0.047514039,0.199707413,0.0722713264645462,0.0722713264645462,0.506322954,0.10900718361235051,0.10900718361235051
2023-08-07 20:00:00+09:00,0.0,0.047514039,0.0,0.0,0.377143326,0.0270245995080719,0.0270245995080719
2023-08-07 21:00:00+09:00,0.0,0.0,0.0,0.0,0.199707413,0.03145816354168701,0.03145816354168701
2023-08-07 22:00:00+09:00,0.0,0.0,0.0,0.0,0.047514039,0.0,0.0
2023-08-07 23:00:00+09:00,0.0,0.0,0.0,0.0,0.0,0.0,0.0
2023-08-08 00:00:00+09:00,0.0,0.0,0.0005840304074808955,0.0005840304074808955,0.0,0.0010334288235753775,0.0010334288235753775
2023-08-08 01:00:00+09:00,0.0,0.0,0.0005840304074808955,0.0005840304074808955,0.0,0.0010334288235753775,0.0010334288235753775
2023-08-08 02:00:00+09:00,0.0,0.0,0.0005840304074808955,0.0005840304074808955,0.0,0.0010334288235753775,0.0010334288235753775
2023-08-08 03:00:00+09:00,0.0,0.0,0.0005840304074808955,0.0005840304074808955,0.0,0.0010334288235753775,0.0010334288235753775
2023-08-08 04:00:00+09:00,0.0,0.0,0.0005840304074808955,0.0005840304074808955,0.0,0.0010334288235753775,0.0010334288235753775
2023-08-08 05:00:00+09:00,0.0,0.0,0.0005840304074808955,0.0005840304074808955,0.0,0.0010334288235753775,0.0010334288235753775
2023-08-08 06:00:00+09:00,0.0,0.0,0.0006854765815660357,0.0006854765815660357,0.0,0.0,0.0
2023-08-08 07:00:00+09:00,0.028953771,0.0,0.02283826284110546,0.02283826284110546,0.0,0.009082005359232426,0.009082005359232426
2023-08-08 08:00:00+09:00,0.11061936,0.028953771,0.16332090914735412,0.16332090914735412,0.0,0.22989802062511444,0.22989802062511444
2023-08-08 09:00:00+09:00,0.391991335,0.11061936,0.27758795896183014,0.27758795896183014,0.0,0.35787633061408997,0.35787633061408997
2023-08-08 10:00:00+09:00,0.546412475,0.391991335,0.5686865179195022,0.5686865179195022,0.028953771,0.40502781689653017,0.40502781689653017
2023-08-08 11:00:00+09:00,0.617683534,0.546412475,0.6311240490180016,0.6311240490180016,0.11061936,0.3764085409940338,0.3764085409940338
2023-08-08 12:00:00+09:00,0.70751486,0.617683534,0.6490048323310222,0.6490048323310222,0.391991335,0.6330840019836044,0.6330840019836044
2023-08-08 13:00:00+09:00,0.685985607,0.70751486,0.7290058958190536,0.7290058958190536,0.546412475,0.7186408709388733,0.7186408709388733
2023-08-08 14:00:00+09:00,0.590957529,0.685985607,0.6419645332712002,0.6419645332712002,0.617683534,0.6613778513408508,0.6613778513408508
2023-08-08 15:00:00+09:00,0.564972743,0.590957529,0.5069985083257713,0.5069985083257713,0.70751486,0.5728412049668884,0.5728412049668884
2023-08-08 16:00:00+09:00,0.39793136,0.564972743,0.4927935521855049,0.4927935521855049,0.685985607,0.4765315473991699,0.4765315473991699
2023-08-08 17:00:00+09:00,0.321462523,0.39793136,0.27390295296274186,0.27390295296274186,0.590957529,0.3223364419257202,0.3223364419257202
2023-08-08 18:00:00+09:00,0.220495447,0.321462523,0.22177545334553528,0.22177545334553528,0.564972743,0.23431338330647278,0.23431338330647278
2023-08-08 19:00:00+09:00,0.075725564,0.220495447,0.1371115440926285,0.1371115440926285,0.39793136,0.08632057189308168,0.08632057189308168
2023-08-08 20:00:00+09:00,0.000742246,0.075725564,0.045977466937889094,0.045977466937889094,0.321462523,0.12447191383099365,0.12447191383099365
2023-08-08 21:00:00+09:00,0.0,0.000742246,0.0,0.0,0.220495447,0.06453892536971284,0.06453892536971284
2023-08-08 22:00:00+09:00,0.0,0.0,0.0,0.0,0.075725564,0.021520168718685145,0.021520168718685145
2023-08-08 23:00:00+09:00,0.0,0.0,0.0,0.0,0.000742246,0.0,0.0
2023-08-09 00:00:00+09:00,0.0,0.0,0.0,0.0,0.0,0.0,0.0
2023-08-09 01:00:00+09:00,0.0,0.0,0.0,0.0,0.0,0.0,0.0
2023-08-09 02:00:00+09:00,0.0,0.0,0.0,0.0,0.0,0.0,0.0
2023-08-09 03:00:00+09:00,0.0,0.0,0.0,0.0,0.0,0.0,0.0
2023-08-09 04:00:00+09:00,0.0,0.0,0.0,0.0,0.0,0.0,0.0
2023-08-09 05:00:00+09:00,0.0,0.0,0.0,0.0,0.0,0.0,0.0
2023-08-09 06:00:00+09:00,0.0,0.0,0.0,0.0,0.0,0.0,0.0
2023-08-09 07:00:00+09:00,0.002970012,0.0,0.011330013163387775,0.011330013163387775,0.0,0.0,0.0
2023-08-09 08:00:00+09:00,0.037120535,0.002970012,0.06278138430992317,0.06278138430992317,0.0,0.11585060507059097,0.11585060507059097
2023-08-09 09:00:00+09:00,0.026727032,0.037120535,0.14707629285636903,0.14707629285636903,0.0,0.2494666427373886,0.2494666427373886
2023-08-09 10:00:00+09:00,0.034150523,0.026727032,0.13383279376643373,0.13383279376643373,0.002970012,0.26495826440135195,0.26495826440135195
2023-08-09 11:00:00+09:00,0.080180069,0.034150523,0.17482387726807402,0.17482387726807402,0.037120535,0.32106180392089845,0.32106180392089845
2023-08-09 12:00:00+09:00,0.106907101,0.080180069,0.05869161108183289,0.05869161108183289,0.026727032,0.20669071012156678,0.20669071012156678
2023-08-09 13:00:00+09:00,0.027469278,0.106907101,0.10787835507774002,0.10787835507774002,0.034150523,0.12177316551708985,0.12177316551708985
2023-08-09 14:00:00+09:00,0.068302073,0.027469278,0.07072451772511291,0.07072451772511291,0.080180069,0.15700152286934282,0.15700152286934282
2023-08-09 15:00:00+09:00,0.106907101,0.068302073,0.034163684068248754,0.034163684068248754,0.106907101,0.11243826861147976,0.11243826861147976
2023-08-09 16:00:00+09:00,0.068302073,0.106907101,0.040087142611194615,0.040087142611194615,0.027469278,0.0,0.0
2023-08-09 17:00:00+09:00,0.064589814,0.068302073,0.03646154370717812,0.03646154370717812,0.068302073,0.0,0.0
2023-08-09 18:00:00+09:00,0.040090548,0.064589814,0.0,0.0,0.106907101,0.0,0.0
2023-08-09 19:00:00+09:00,0.0,0.040090548,0.0,0.0,0.068302073,0.0,0.0
2023-08-09 20:00:00+09:00,0.0,0.0,0.0,0.0,0.064589814,0.0,0.0
2023-08-09 21:00:00+09:00,0.0,0.0,0.0,0.0,0.040090548,0.0,0.0
2023-08-09 22:00:00+09:00,0.0,0.0,0.0011651135282590985,0.0011651135282590985,0.0,0.0,0.0
2023-08-09 23:00:00+09:00,0.0,0.0,0.0011651135282590985,0.0011651135282590985,0.0,0.009810110554099083,0.009810110554099083
2023-08-10 00:00:00+09:00,0.0,0.0,0.00037467165384441614,0.00037467165384441614,0.0,0.0,0.0
2023-08-10 01:00:00+09:00,0.0,0.0,0.00037467165384441614,0.00037467165384441614,0.0,0.0,0.0
2023-08-10 02:00:00+09:00,0.0,0.0,0.00037467165384441614,0.00037467165384441614,0.0,0.0,0.0
2023-08-10 03:00:00+09:00,0.0,0.0,0.00037467165384441614,0.00037467165384441614,0.0,0.0,0.0
2023-08-10 04:00:00+09:00,0.0,0.0,0.00037467165384441614,0.00037467165384441614,0.0,0.0,0.0
2023-08-10 05:00:00+09:00,0.0,0.0,0.00037467165384441614,0.00037467165384441614,0.0,0.0,0.0
2023-08-10 06:00:00+09:00,0.0,0.0,0.0003569240216165781,0.0003569240216165781,0.0,0.0,0.0
2023-08-10 07:00:00+09:00,0.0,0.0,0.01860135793685913,0.01860135793685913,0.0,0.0028231556061655283,0.0028231556061655283
2023-08-10 08:00:00+09:00,0.0,0.0,0.055059708654880524,0.055059708654880524,0.0,0.07646090537309647,0.07646090537309647
2023-08-10 09:00:00+09:00,0.035636043,0.0,0.10343719273805618,0.10343719273805618,0.0,0.15231654047966003,0.15231654047966003
2023-08-10 10:00:00+09:00,0.106164855,0.035636043,0.1065523827550583,0.1065523827550583,0.0,0.13633303344249725,0.13633303344249725
2023-08-10 11:00:00+09:00,0.046771793,0.106164855,0.2197379740443039,0.2197379740443039,0.0,0.302312433719635,0.302312433719635
2023-08-10 12:00:00+09:00,0.092059092,0.046771793,0.113096675209301,0.113096675209301,0.035636043,0.3173552507636719,0.3173552507636719
2023-08-10 13:00:00+09:00,0.108391594,0.092059092,0.09392380852705222,0.09392380852705222,0.106164855,0.12734827124736786,0.12734827124736786
2023-08-10 14:00:00+09:00,0.181890419,0.108391594,0.1394107414854946,0.1394107414854946,0.046771793,0.20075106465031434,0.20075106465031434
2023-08-10 15:00:00+09:00,0.172239161,0.181890419,0.17534972612297559,0.17534972612297559,0.092059092,0.11769764624523353,0.11769764624523353
2023-08-10 16:00:00+09:00,0.23088895,0.172239161,0.1413460717502699,0.1413460717502699,0.108391594,0.12289310884459638,0.12289310884459638
2023-08-10 17:00:00+09:00,0.120270617,0.23088895,0.12612944311876298,0.12612944311876298,0.181890419,0.0061416535314025855,0.0061416535314025855
2023-08-10 18:00:00+09:00,0.119527344,0.120270617,0.0345658731378479,0.0345658731378479,0.172239161,0.05156064675782776,0.05156064675782776
2023-08-10 19:00:00+09:00,0.037120535,0.119527344,0.07376556877459907,0.07376556877459907,0.23088895,0.015323983798217783,0.015323983798217783
2023-08-10 20:00:00+09:00,0.000742246,0.037120535,0.012323343156609538,0.012323343156609538,0.120270617,0.0,0.0
2023-08-10 21:00:00+09:00,0.0,0.000742246,0.00011907262857696415,0.00011907262857696415,0.119527344,0.0,0.0
2023-08-10 22:00:00+09:00,0.0,0.0,0.0009408732876181602,0.0009408732876181602,0.037120535,0.0,0.0
2023-08-10 23:00:00+09:00,0.0,0.0,0.0009408732876181602,0.0009408732876181602,0.000742246,0.006521213868536711,0.006521213868536711
2023-08-11 00:00:00+09:00,0.0,0.0,0.0007382230833172798,0.0007382230833172798,0.0,0.0019195408094674349,0.0019195408094674349
2023-08-11 01:00:00+09:00,0.0,0.0,0.0007382230833172798,0.0007382230833172798,0.0,0.0019195408094674349,0.0019195408094674349
2023-08-11 02:00:00+09:00,0.0,0.0,0.0007382230833172798,0.0007382230833172798,0.0,0.0019195408094674349,0.0019195408094674349
2023-08-11 03:00:00+09:00,0.0,0.0,0.0007382230833172798,0.0007382230833172798,0.0,0.0019195408094674349,0.0019195408094674349
2023-08-11 04:00:00+09:00,0.0,0.0,0.0007382230833172798,0.0007382230833172798,0.0,0.0019195408094674349,0.0019195408094674349
2023-08-11 05:00:00+09:00,0.0,0.0,0.0007382230833172798,0.0007382230833172798,0.0,0.0019195408094674349,0.0019195408094674349
2023-08-11 06:00:00+09:00,0.0,0.0,0.0006050416268408298,0.0006050416268408298,0.0,0.0012892570812255144,0.0012892570812255144
2023-08-11 07:00:00+09:00,0.059393062,0.0,0.014329899102449417,0.014329899102449417,0.0,0.017222793772816658,0.017222793772816658
2023-08-11 08:00:00+09:00,0.215298695,0.059393062,0.10445390150400352,0.10445390150400352,0.0,0.07162072509527206,0.07162072509527206
2023-08-11 09:00:00+09:00,0.396445841,0.215298695,0.3077528304179382,0.3077528304179382,0.0,0.15139420330524445,0.15139420330524445
2023-08-11 10:00:00+09:00,0.532306713,0.396445841,0.5132965300535355,0.5132965300535355,0.059393062,0.44841547191592407,0.44841547191592407
2023-08-11 11:00:00+09:00,0.63104705,0.532306713,0.5748132252544765,0.5748132252544765,0.215298695,0.4286698228438568,0.4286698228438568
2023-08-11 12:00:00+09:00,0.692666851,0.63104705,0.6943012946255684,0.6943012946255684,0.396445841,0.6482496265625153,0.6482496265625153
2023-08-11 13:00:00+09:00,0.704545875,0.692666851,0.6810621218914876,0.6810621218914876,0.532306713,0.6894255401045685,0.6894255401045685
2023-08-11 14:00:00+09:00,0.704545875,0.704545875,0.7627753996422291,0.7627753996422291,0.63104705,0.748843091071415,0.748843091071415
2023-08-11 15:00:00+09:00,0.648865071,0.704545875,0.6373791516890526,0.6373791516890526,0.692666851,0.6960097195273975,0.6960097195273975
2023-08-11 16:00:00+09:00,0.539731231,0.648865071,0.5604360446943245,0.5604360446943245,0.704545875,0.5667862639894485,0.5667862639894485
2023-08-11 17:00:00+09:00,0.371204328,0.539731231,0.36896723177629087,0.36896723177629087,0.704545875,0.45385010998153685,0.45385010998153685
2023-08-11 18:00:00+09:00,0.092801339,0.371204328,0.23946973329727933,0.23946973329727933,0.648865071,0.30676847404374696,0.30676847404374696
2023-08-11 19:00:00+09:00,0.042317287,0.092801339,0.01601423975778961,0.01601423975778961,0.539731231,0.2681246962805328,0.2681246962805328
2023-08-11 20:00:00+09:00,0.0,0.042317287,0.0,0.0,0.371204328,0.027276616751602145,0.027276616751602145
2023-08-11 21:00:00+09:00,0.0,0.0,0.0,0.0,0.092801339,0.0,0.0
2023-08-11 22:00:00+09:00,0.0,0.0,0.0,0.0,0.042317287,0.0,0.0
2023-08-11 23:00:00+09:00,0.0,0.0,0.0,0.0,0.0,0.0,0.0
2023-08-12 00:00:00+09:00,0.0,0.0,0.00038055103505030274,0.00038055103505030274,0.0,0.000836332212202251,0.000836332212202251
2023-08-12 01:00:00+09:00,0.0,0.0,0.00038055103505030274,0.00038055103505030274,0.0,0.000836332212202251,0.000836332212202251
2023-08-12 02:00:00+09:00,0.0,0.0,0.00038055103505030274,0.00038055103505030274,0.0,0.000836332212202251,0.000836332212202251
2023-08-12 03:00:00+09:00,0.0,0.0,0.00038055103505030274,0.00038055103505030274,0.0,0.000836332212202251,0.000836332212202251
2023-08-12 04:00:00+09:00,0.0,0.0,0.00038055103505030274,0.00038055103505030274,0.0,0.000836332212202251,0.000836332212202251
2023-08-12 05:00:00+09:00,0.0,0.0,0.00038055103505030274,0.00038055103505030274,0.0,0.000836332212202251,0.000836332212202251
2023-08-12 06:00:00+09:00,0.0,0.0,0.00017754873260855675,0.00017754873260855675,0.0,0.00046124603250063956,0.00046124603250063956
2023-08-12 07:00:00+09:00,0.017818021,0.0,0.019897008314728737,0.019897008314728737,0.0,0.031327247619628906,0.031327247619628906
2023-08-12 08:00:00+09:00,0.084634575,0.017818021,0.14391434413251494,0.14391434413251494,0.0,0.19059932231903076,0.19059932231903076
2023-08-12 09:00:00+09:00,0.242767974,0.084634575,0.21167926763553618,0.21167926763553618,0.0,0.2784692645072937,0.2784692645072937
2023-08-12 10:00:00+09:00,0.471429158,0.242767974,0.3836629979419937,0.3836629979419937,0.017818021,0.3523186318283997,0.3523186318283997
2023-08-12 11:00:00+09:00,0.611002289,0.471429158,0.5262025296666699,0.5262025296666699,0.084634575,0.31753315304775237,0.31753315304775237
2023-08-12 12:00:00+09:00,0.694152371,0.611002289,0.6588811206249847,0.6588811206249847,0.242767974,0.5294300757456054,0.5294300757456054
2023-08-12 13:00:00+09:00,0.72013613,0.694152371,0.691694149953746,0.691694149953746,0.471429158,0.6007782109060364,0.6007782109060364
2023-08-12 14:00:00+09:00,0.711227119,0.72013613,0.7677837254055786,0.7677837254055786,0.611002289,0.6669018867044105,0.6669018867044105
2023-08-12 15:00:00+09:00,0.590215282,0.711227119,0.6310097799015465,0.6310097799015465,0.694152371,0.6704253228115521,0.6704253228115521
2023-08-12 16:00:00+09:00,0.372688821,0.590215282,0.4586131735214538,0.4586131735214538,0.72013613,0.5052962095984268,0.5052962095984268
2023-08-12 17:00:00+09:00,0.317008018,0.372688821,0.27382044349326706,0.27382044349326706,0.711227119,0.498185440928978,0.498185440928978
2023-08-12 18:00:00+09:00,0.121012864,0.317008018,0.22207470933901596,0.22207470933901596,0.590215282,0.3053832514652557,0.3053832514652557
2023-08-12 19:00:00+09:00,0.082407835,0.121012864,0.05617911118904495,0.05617911118904495,0.372688821,0.12122317258729554,0.12122317258729554
2023-08-12 20:00:00+09:00,0.000742246,0.082407835,0.053908788659415244,0.053908788659415244,0.317008018,0.10970276544796753,0.10970276544796753
2023-08-12 21:00:00+09:00,0.0,0.000742246,0.00017997251022300125,0.00017997251022300125,0.121012864,0.0,0.0
2023-08-12 22:00:00+09:00,0.0,0.0,0.0007683827425353229,0.0007683827425353229,0.082407835,0.03360412182732582,0.03360412182732582
2023-08-12 23:00:00+09:00,0.0,0.0,0.0007683827425353229,0.0007683827425353229,0.000742246,0.0,0.0
2023-08-13 00:00:00+09:00,0.0,0.0,0.00041057312046177685,0.00041057312046177685,0.0,0.0017818368505686522,0.0017818368505686522
2023-08-13 01:00:00+09:00,0.0,0.0,0.00041057312046177685,0.00041057312046177685,0.0,0.0017818368505686522,0.0017818368505686522
2023-08-13 02:00:00+09:00,0.0,0.0,0.00041057312046177685,0.00041057312046177685,0.0,0.0017818368505686522,0.0017818368505686522
2023-08-13 03:00:00+09:00,0.0,0.0,0.00041057312046177685,0.00041057312046177685,0.0,0.0017818368505686522,0.0017818368505686522
2023-08-13 04:00:00+09:00,0.0,0.0,0.00041057312046177685,0.00041057312046177685,0.0,0.0017818368505686522,0.0017818368505686522
2023-08-13 05:00:00+09:00,0.0,0.0,0.00041057312046177685,0.00041057312046177685,0.0,0.0017818368505686522,0.0017818368505686522
2023-08-13 06:00:00+09:00,0.0,0.0,0.0001919068890856579,0.0001919068890856579,0.0,0.0013906536623835564,0.0013906536623835564
2023-08-13 07:00:00+09:00,0.048256285,0.0,0.023212261497974396,0.023212261497974396,0.0,0.016532504931092262,0.016532504931092262
2023-08-13 08:00:00+09:00,0.195996181,0.048256285,0.11421893488183976,0.11421893488183976,0.0,0.09526467323303223,0.09526467323303223
2023-08-13 09:00:00+09:00,0.35264406,0.195996181,0.3295098104364929,0.3295098104364929,0.0,0.259402334690094,0.259402334690094
2023-08-13 10:00:00+09:00,0.486277167,0.35264406,0.5046115556798554,0.5046115556798554,0.048256285,0.49316973190322877,0.49316973190322877
2023-08-13 11:00:00+09:00,0.575366247,0.486277167,0.6232324878351135,0.6232324878351135,0.195996181,0.6090625681765136,0.6090625681765136
2023-08-13 12:00:00+09:00,0.622880286,0.575366247,0.6348072174208375,0.6348072174208375,0.35264406,0.6943698564611054,0.6943698564611054
2023-08-13 13:00:00+09:00,0.545670229,0.622880286,0.6241117795447648,0.6241117795447648,0.486277167,0.6338616649286194,0.6338616649286194
2023-08-13 14:00:00+09:00,0.599123266,0.545670229,0.5428463066825249,0.5428463066825249,0.575366247,0.6118276487307759,0.6118276487307759
2023-08-13 15:00:00+09:00,0.536761218,0.599123266,0.5450725484971676,0.5450725484971676,0.622880286,0.5917637240358458,0.5917637240358458
2023-08-13 16:00:00+09:00,0.396445841,0.536761218,0.423505605447834,0.423505605447834,0.545670229,0.4027340290965118,0.4027340290965118
2023-08-13 17:00:00+09:00,0.230146704,0.396445841,0.3063417900656853,0.3063417900656853,0.599123266,0.401223462480751,0.401223462480751
2023-08-13 18:00:00+09:00,0.103194842,0.230146704,0.046653715651992805,0.046653715651992805,0.536761218,0.13721837966496275,0.13721837966496275
2023-08-13 19:00:00+09:00,0.028211525,0.103194842,0.0023523139548225352,0.0023523139548225352,0.396445841,0.10649636428109743,0.10649636428109743
2023-08-13 20:00:00+09:00,0.0,0.028211525,0.0,0.0,0.230146704,0.0,0.0
2023-08-13 21:00:00+09:00,0.0,0.0,0.0,0.0,0.103194842,0.0,0.0
2023-08-13 22:00:00+09:00,0.0,0.0,0.0,0.0,0.028211525,0.0,0.0
2023-08-13 23:00:00+09:00,0.0,0.0,0.0,0.0,0.0,0.0,0.0
2023-08-14 00:00:00+09:00,0.0,0.0,0.00020310246327426285,0.00020310246327426285,0.0,0.001249668886885047,0.001249668886885047
2023-08-14 01:00:00+09:00,0.0,0.0,0.00020310246327426285,0.00020310246327426285,0.0,0.001249668886885047,0.001249668886885047
2023-08-14 02:00:00+09:00,0.0,0.0,0.00020310246327426285,0.00020310246327426285,0.0,0.001249668886885047,0.001249668886885047
2023-08-14 03:00:00+09:00,0.0,0.0,0.00020310246327426285,0.00020310246327426285,0.0,0.001249668886885047,0.001249668886885047
2023-08-14 04:00:00+09:00,0.0,0.0,0.00020310246327426285,0.00020310246327426285,0.0,0.001249668886885047,0.001249668886885047
2023-08-14 05:00:00+09:00,0.0,0.0,0.00020310246327426285,0.00020310246327426285,0.0,0.001249668886885047,0.001249668886885047
2023-08-14 06:00:00+09:00,0.000742246,0.0,0.0003552292473614216,0.0003552292473614216,0.0,0.0007829678943380713,0.0007829678943380713
2023-08-14 07:00:00+09:00,0.031181537,0.000742246,0.04846368038458443,0.04846368038458443,0.0,0.06488974392414093,0.06488974392414093
2023-08-14 08:00:00+09:00,0.083892328,0.031181537,0.19178990313178254,0.19178990313178254,0.0,0.18265259265899658,0.18265259265899658
2023-08-14 09:00:00+09:00,0.208616424,0.083892328,0.21595804140560915,0.21595804140560915,0.000742246,0.28875463136834717,0.28875463136834717
2023-08-14 10:00:00+09:00,0.273948484,0.208616424,0.3852205012199631,0.3852205012199631,0.031181537,0.449824057904541,0.449824057904541
2023-08-14 11:00:00+09:00,0.43059739,0.273948484,0.407692425783905,0.407692425783905,0.083892328,0.5045003418683319,0.5045003418683319
2023-08-14 12:00:00+09:00,0.362295318,0.43059739,0.43787277485080006,0.43787277485080006,0.208616424,0.4786537174341431,0.4786537174341431
2023-08-14 13:00:00+09:00,0.26726724,0.362295318,0.38586488326637075,0.38586488326637075,0.273948484,0.36741205387953185,0.36741205387953185
2023-08-14 14:00:00+09:00,0.436536389,0.26726724,0.2942631689580584,0.2942631689580584,0.43059739,0.4127978020796919,0.4127978020796919
2023-08-14 15:00:00+09:00,0.44173314,0.436536389,0.332210893339695,0.332210893339695,0.362295318,0.254853572301548,0.254853572301548
2023-08-14 16:00:00+09:00,0.368234316,0.44173314,0.3532661306344414,0.3532661306344414,0.26726724,0.15876596213602068,0.15876596213602068
2023-08-14 17:00:00+09:00,0.213813176,0.368234316,0.25701602745915986,0.25701602745915986,0.436536389,0.21968013287264254,0.21968013287264254
2023-08-14 18:00:00+09:00,0.102452596,0.213813176,0.07773887141931152,0.07773887141931152,0.44173314,0.13269470954765322,0.13269470954765322
2023-08-14 19:00:00+09:00,0.029696018,0.102452596,0.0,0.0,0.368234316,0.03052441228295899,0.03052441228295899
2023-08-14 20:00:00+09:00,0.0,0.029696018,0.0,0.0,0.213813176,0.0,0.0
2023-08-14 21:00:00+09:00,0.0,0.0,0.0,0.0,0.102452596,0.0,0.0
2023-08-14 22:00:00+09:00,0.0,0.0,0.0,0.0,0.029696018,0.0,0.0
2023-08-14 23:00:00+09:00,0.0,0.0,0.0,0.0,0.0,0.0,0.0
2023-08-15 00:00:00+09:00,0.0,0.0,0.0005840304074808955,0.0005840304074808955,0.0,0.0010334288235753775,0.0010334288235753775
2023-08-15 01:00:00+09:00,0.0,0.0,0.0005840304074808955,0.0005840304074808955,0.0,0.0010334288235753775,0.0010334288235753775
2023-08-15 02:00:00+09:00,0.0,0.0,0.0005840304074808955,0.0005840304074808955,0.0,0.0010334288235753775,0.0010334288235753775
2023-08-15 03:00:00+09:00,0.0,0.0,0.0005840304074808955,0.0005840304074808955,0.0,0.0010334288235753775,0.0010334288235753775
2023-08-15 04:00:00+09:00,0.0,0.0,0.0005840304074808955,0.0005840304074808955,0.0,0.0010334288235753775,0.0010334288235753775
2023-08-15 05:00:00+09:00,0.0,0.0,0.0005840304074808955,0.0005840304074808955,0.0,0.0010334288235753775,0.0010334288235753775
2023-08-15 06:00:00+09:00,0.0,0.0,0.0026975853834301233,0.0026975853834301233,0.0,0.0,0.0
2023-08-15 07:00:00+09:00,0.036378289,0.0,0.0311850905418396,0.0311850905418396,0.0,0.02300885133445263,0.02300885133445263
2023-08-15 08:00:00+09:00,0.081664562,0.036378289,0.09915163590093995,0.09915163590093995,0.0,0.06977635622024536,0.06977635622024536
2023-08-15 09:00:00+09:00,0.314039032,0.081664562,0.17528845347281646,0.17528845347281646,0.0,0.26502203941345215,0.26502203941345215
2023-08-15 10:00:00+09:00,0.54344349,0.314039032,0.48657199277251434,0.48657199277251434,0.036378289,0.3855250425495758,0.3855250425495758
2023-08-15 11:00:00+09:00,0.629562557,0.54344349,0.6125764289810562,0.6125764289810562,0.081664562,0.4407466945778961,0.4407466945778961
2023-08-15 12:00:00+09:00,0.662228587,0.629562557,0.6276744005971439,0.6276744005971439,0.314039032,0.5718006594356841,0.5718006594356841
2023-08-15 13:00:00+09:00,0.630304804,0.662228587,0.6684049120268996,0.6684049120268996,0.54344349,0.6048367733075524,0.6048367733075524
2023-08-15 14:00:00+09:00,0.536018972,0.630304804,0.5655220951167145,0.5655220951167145,0.629562557,0.5070752727568931,0.5070752727568931
2023-08-15 15:00:00+09:00,0.461035655,0.536018972,0.46271355142247395,0.46271355142247395,0.662228587,0.5984395322486038,0.5984395322486038
2023-08-15 16:00:00+09:00,0.423915119,0.461035655,0.38326925889471053,0.38326925889471053,0.630304804,0.5236812736121216,0.5236812736121216
2023-08-15 17:00:00+09:00,0.339280545,0.423915119,0.31672540409140015,0.31672540409140015,0.536018972,0.3078250630701752,0.3078250630701752
2023-08-15 18:00:00+09:00,0.17817816,0.339280545,0.2196962006725502,0.2196962006725502,0.461035655,0.1852226118824768,0.1852226118824768
2023-08-15 19:00:00+09:00,0.025984785,0.17817816,0.050837142872962954,0.050837142872962954,0.423915119,0.035495669670623786,0.035495669670623786
2023-08-15 20:00:00+09:00,0.0,0.025984785,0.0,0.0,0.339280545,0.14228993583099364,0.14228993583099364
2023-08-15 21:00:00+09:00,0.0,0.0,0.0,0.0,0.17817816,0.02222163836971283,0.02222163836971283
2023-08-15 22:00:00+09:00,0.0,0.0,0.0,0.0,0.025984785,0.0,0.0
2023-08-15 23:00:00+09:00,0.0,0.0,0.0,0.0,0.0,0.0,0.0
2023-08-16 00:00:00+09:00,0.0,0.0,0.0,0.0,0.0,0.0,0.0
2023-08-16 01:00:00+09:00,0.0,0.0,0.0,0.0,0.0,0.0,0.0
2023-08-16 02:00:00+09:00,0.0,0.0,0.0,0.0,0.0,0.0,0.0
2023-08-16 03:00:00+09:00,0.0,0.0,0.0,0.0,0.0,0.0,0.0
2023-08-16 04:00:00+09:00,0.0,0.0,0.0,0.0,0.0,0.0,0.0
2023-08-16 05:00:00+09:00,0.0,0.0,0.0,0.0,0.0,0.0,0.0
2023-08-16 06:00:00+09:00,0.0,0.0,0.0,0.0,0.0,0.0,0.0
2023-08-16 07:00:00+09:00,0.000742246,0.0,0.017377277836203575,0.017377277836203575,0.0,0.006130331661552191,0.006130331661552191
2023-08-16 08:00:00+09:00,0.018560268,0.000742246,0.08283012786311722,0.08283012786311722,0.0,0.11220096796751022,0.11220096796751022
2023-08-16 09:00:00+09:00,0.111361606,0.018560268,0.15597499163471984,0.15597499163471984,0.0,0.21725445985794067,0.21725445985794067
2023-08-16 10:00:00+09:00,0.15442114,0.111361606,0.20056174504571533,0.20056174504571533,0.000742246,0.19048320182962036,0.19048320182962036
2023-08-16 11:00:00+09:00,0.383082325,0.15442114,0.22040228967346193,0.22040228967346193,0.018560268,0.18363066764199065,0.18363066764199065
2023-08-16 12:00:00+09:00,0.31106902,0.383082325,0.3948700087030053,0.3948700087030053,0.111361606,0.2940361480694351,0.2940361480694351
2023-08-16 13:00:00+09:00,0.386052337,0.31106902,0.38824702885438916,0.38824702885438916,0.15442114,0.2883538645950699,0.2883538645950699
2023-08-16 14:00:00+09:00,0.412037123,0.386052337,0.33787927077137186,0.33787927077137186,0.383082325,0.33944693430109024,0.33944693430109024
2023-08-16 15:00:00+09:00,0.366007576,0.412037123,0.35074944049653817,0.35074944049653817,0.31106902,0.30937830072333333,0.30937830072333333
2023-08-16 16:00:00+09:00,0.282115248,0.366007576,0.3106954603009472,0.3106954603009472,0.386052337,0.2969289240332718,0.2969289240332718
2023-08-16 17:00:00+09:00,0.115816112,0.282115248,0.16021986023125456,0.16021986023125456,0.412037123,0.1974724270456772,0.1974724270456772
2023-08-16 18:00:00+09:00,0.060877555,0.115816112,0.0,0.0,0.366007576,0.04897973896195984,0.04897973896195984
2023-08-16 19:00:00+09:00,0.022272527,0.060877555,0.0,0.0,0.282115248,0.0,0.0
2023-08-16 20:00:00+09:00,0.0,0.022272527,0.0,0.0,0.115816112,0.0,0.0
2023-08-16 21:00:00+09:00,0.0,0.0,0.0,0.0,0.060877555,0.0,0.0
2023-08-16 22:00:00+09:00,0.0,0.0,0.0011651135282590985,0.0011651135282590985,0.022272527,0.0,0.0
2023-08-16 23:00:00+09:00,0.0,0.0,0.0011651135282590985,0.0011651135282590985,0.0,0.009810110554099083,0.009810110554099083
2023-08-17 00:00:00+09:00,0.0,0.0,0.00037467165384441614,0.00037467165384441614,0.0,0.0,0.0
2023-08-17 01:00:00+09:00,0.0,0.0,0.00037467165384441614,0.00037467165384441614,0.0,0.0,0.0
2023-08-17 02:00:00+09:00,0.0,0.0,0.00037467165384441614,0.00037467165384441614,0.0,0.0,0.0
2023-08-17 03:00:00+09:00,0.0,0.0,0.00037467165384441614,0.00037467165384441614,0.0,0.0,0.0
2023-08-17 04:00:00+09:00,0.0,0.0,0.00037467165384441614,0.00037467165384441614,0.0,0.0,0.0
2023-08-17 05:00:00+09:00,0.0,0.0,0.00037467165384441614,0.00037467165384441614,0.0,0.0,0.0
2023-08-17 06:00:00+09:00,0.000742246,0.0,0.0003569240216165781,0.0003569240216165781,0.0,0.0,0.0
2023-08-17 07:00:00+09:00,0.072013305,0.000742246,0.02184502461356735,0.02184502461356735,0.0,0.0038722511380910873,0.0038722511380910873
2023-08-17 08:00:00+09:00,0.133633106,0.072013305,0.13828858869426727,0.13828858869426727,0.0,0.07426514476537704,0.07426514476537704
2023-08-17 09:00:00+09:00,0.195996181,0.133633106,0.21667693460660553,0.21667693460660553,0.000742246,0.1594169778506241,0.1594169778506241
2023-08-17 10:00:00+09:00,0.259842722,0.195996181,0.24974276580286597,0.24974276580286597,0.072013305,0.26342164116256717,0.26342164116256717
2023-08-17 11:00:00+09:00,0.166299137,0.259842722,0.33119204479586795,0.33119204479586795,0.133633106,0.3993036737509308,0.3993036737509308
2023-08-17 12:00:00+09:00,0.207131931,0.166299137,0.2131763647235985,0.2131763647235985,0.195996181,0.38658896170926665,0.38658896170926665
2023-08-17 13:00:00+09:00,0.308100034,0.207131931,0.26822391655350303,0.26822391655350303,0.259842722,0.37404813456666186,0.37404813456666186
2023-08-17 14:00:00+09:00,0.244994713,0.308100034,0.3078959490496172,0.3078959490496172,0.166299137,0.25153867406026076,0.25153867406026076
2023-08-17 15:00:00+09:00,0.219010954,0.244994713,0.19142165221923638,0.19142165221923638,0.207131931,0.15470182653570747,0.15470182653570747
2023-08-17 16:00:00+09:00,0.429854117,0.219010954,0.1636242132856884,0.1636242132856884,0.308100034,0.27042937323602106,0.27042937323602106
2023-08-17 17:00:00+09:00,0.395703594,0.429854117,0.37615460869063566,0.37615460869063566,0.244994713,0.013453928760231021,0.013453928760231021
2023-08-17 18:00:00+09:00,0.183374911,0.395703594,0.3162834893771591,0.3162834893771591,0.219010954,0.0,0.0
2023-08-17 19:00:00+09:00,0.02153028,0.183374911,0.08448105250762558,0.08448105250762558,0.429854117,0.1287422102331085,0.1287422102331085
2023-08-17 20:00:00+09:00,0.0,0.02153028,0.0,0.0,0.395703594,0.20041319242205047,0.20041319242205047
2023-08-17 21:00:00+09:00,0.0,0.0,0.0,0.0,0.183374911,0.04256924932168579,0.04256924932168579
2023-08-17 22:00:00+09:00,0.0,0.0,0.0009408732876181602,0.0009408732876181602,0.02153028,0.0,0.0
2023-08-17 23:00:00+09:00,0.0,0.0,0.0009408732876181602,0.0009408732876181602,0.0,0.005778967868536711,0.005778967868536711
2023-08-18 00:00:00+09:00,0.0,0.0,0.0007382230833172798,0.0007382230833172798,0.0,0.0019195408094674349,0.0019195408094674349
2023-08-18 01:00:00+09:00,0.0,0.0,0.0007382230833172798,0.0007382230833172798,0.0,0.0019195408094674349,0.0019195408094674349
2023-08-18 02:00:00+09:00,0.0,0.0,0.0007382230833172798,0.0007382230833172798,0.0,0.0019195408094674349,0.0019195408094674349
2023-08-18 03:00:00+09:00,0.0,0.0,0.0007382230833172798,0.0007382230833172798,0.0,0.0019195408094674349,0.0019195408094674349
2023-08-18 04:00:00+09:00,0.0,0.0,0.0007382230833172798,0.0007382230833172798,0.0,0.0019195408094674349,0.0019195408094674349
2023-08-18 05:00:00+09:00,0.0,0.0,0.0007382230833172798,0.0007382230833172798,0.0,0.0019195408094674349,0.0019195408094674349
2023-08-18 06:00:00+09:00,0.0,0.0,0.003835373790934682,0.003835373790934682,0.0,0.0,0.0
2023-08-18 07:00:00+09:00,0.0,0.0,0.04993260279297829,0.04993260279297829,0.0,0.0623515248298645,0.0623515248298645
2023-08-18 08:00:00+09:00,0.002226739,0.0,0.07492341846227646,0.07492341846227646,0.0,0.11140524595975876,0.11140524595975876
2023-08-18 09:00:00+09:00,0.095028078,0.002226739,0.15564340240827942,0.15564340240827942,0.0,0.2181873768568039,0.2181873768568039
2023-08-18 10:00:00+09:00,0.238313468,0.095028078,0.23289520088856508,0.23289520088856508,0.0,0.39299431443214417,0.39299431443214417
2023-08-18 11:00:00+09:00,0.282857495,0.238313468,0.32601013948590085,0.32601013948590085,0.002226739,0.2889899600254669,0.2889899600254669
2023-08-18 12:00:00+09:00,0.434308623,0.282857495,0.36363477503263475,0.36363477503263475,0.095028078,0.40672365371411134,0.40672365371411134
2023-08-18 13:00:00+09:00,0.256130463,0.434308623,0.39195396847924996,0.39195396847924996,0.238313468,0.3434185924139671,0.3434185924139671
2023-08-18 14:00:00+09:00,0.368976562,0.256130463,0.3198252157527809,0.3198252157527809,0.282857495,0.3366025896867466,0.3366025896867466
2023-08-18 15:00:00+09:00,0.329629287,0.368976562,0.32598588866659356,0.32598588866659356,0.434308623,0.4176450902958851,0.4176450902958851
2023-08-18 16:00:00+09:00,0.347447309,0.329629287,0.2794394901648159,0.2794394901648159,0.256130463,0.20371511813586995,0.20371511813586995
2023-08-18 17:00:00+09:00,0.262812734,0.347447309,0.2426724092192497,0.2426724092192497,0.368976562,0.08426970121928407,0.08426970121928407
2023-08-18 18:00:00+09:00,0.101710349,0.262812734,0.1267060342948761,0.1267060342948761,0.329629287,0.0,0.0
2023-08-18 19:00:00+09:00,0.008909011,0.101710349,0.0,0.0,0.347447309,0.004402074319824201,0.004402074319824201
2023-08-18 20:00:00+09:00,0.0,0.008909011,0.0,0.0,0.262812734,0.03265871142557525,0.03265871142557525
2023-08-18 21:00:00+09:00,0.0,0.0,0.0,0.0,0.101710349,0.0,0.0
2023-08-18 22:00:00+09:00,0.0,0.0,0.0,0.0,0.008909011,0.0,0.0
2023-08-18 23:00:00+09:00,0.0,0.0,0.0,0.0,0.0,0.0,0.0
2023-08-19 00:00:00+09:00,0.0,0.0,0.00038055103505030274,0.00038055103505030274,0.0,0.000836332212202251,0.000836332212202251
2023-08-19 01:00:00+09:00,0.0,0.0,0.00038055103505030274,0.00038055103505030274,0.0,0.000836332212202251,0.000836332212202251
2023-08-19 02:00:00+09:00,0.0,0.0,0.00038055103505030274,0.00038055103505030274,0.0,0.000836332212202251,0.000836332212202251
2023-08-19 03:00:00+09:00,0.0,0.0,0.00038055103505030274,0.00038055103505030274,0.0,0.000836332212202251,0.000836332212202251
2023-08-19 04:00:00+09:00,0.0,0.0,0.00038055103505030274,0.00038055103505030274,0.0,0.000836332212202251,0.000836332212202251
2023-08-19 05:00:00+09:00,0.0,0.0,0.00038055103505030274,0.00038055103505030274,0.0,0.000836332212202251,0.000836332212202251
2023-08-19 06:00:00+09:00,0.0,0.0,0.00017754873260855675,0.00017754873260855675,0.0,0.00046124603250063956,0.00046124603250063956
2023-08-19 07:00:00+09:00,0.01262127,0.0,0.014162316918373108,0.014162316918373108,0.0,0.016202079132199287,0.016202079132199287
2023-08-19 08:00:00+09:00,0.068302073,0.01262127,0.07277054849173546,0.07277054849173546,0.0,0.08170923590660095,0.08170923590660095
2023-08-19 09:00:00+09:00,0.115816112,0.068302073,0.15364465904049684,0.15364465904049684,0.0,0.1630920022726059,0.1630920022726059
2023-08-19 10:00:00+09:00,0.183374911,0.115816112,0.2394536839308853,0.2394536839308853,0.01262127,0.29388745266105654,0.29388745266105654
2023-08-19 11:00:00+09:00,0.103194842,0.183374911,0.2139291776465044,0.2139291776465044,0.068302073,0.2965898890476685,0.2965898890476685
2023-08-19 12:00:00+09:00,0.172981408,0.103194842,0.1353363859248085,0.1353363859248085,0.115816112,0.3431453810515518,0.3431453810515518
2023-08-19 13:00:00+09:00,0.155163387,0.172981408,0.19652267968655396,0.19652267968655396,0.183374911,0.28813975994752505,0.28813975994752505
2023-08-19 14:00:00+09:00,0.250933711,0.155163387,0.22035085612479402,0.22035085612479402,0.103194842,0.20413725252865983,0.20413725252865983
2023-08-19 15:00:00+09:00,0.191541676,0.250933711,0.21964855543545342,0.21964855543545342,0.172981408,0.1708672473151313,0.1708672473151313
2023-08-19 16:00:00+09:00,0.051226298,0.191541676,0.13734782166802978,0.13734782166802978,0.155163387,0.06965746933165742,0.06965746933165742
2023-08-19 17:00:00+09:00,0.002970012,0.051226298,0.0,0.0,0.250933711,0.046949927278076176,0.046949927278076176
2023-08-19 18:00:00+09:00,0.006681245,0.002970012,0.0,0.0,0.191541676,0.0,0.0
2023-08-19 19:00:00+09:00,0.000742246,0.006681245,0.0,0.0,0.051226298,0.0,0.0
2023-08-19 20:00:00+09:00,0.0,0.000742246,0.0,0.0,0.002970012,0.0,0.0
2023-08-19 21:00:00+09:00,0.0,0.0,0.0,0.0,0.006681245,0.0,0.0
2023-08-19 22:00:00+09:00,0.0,0.0,0.0007683827425353229,0.0007683827425353229,0.000742246,0.0,0.0
2023-08-19 23:00:00+09:00,0.0,0.0,0.0007683827425353229,0.0007683827425353229,0.0,0.0,0.0
2023-08-20 00:00:00+09:00,0.0,0.0,0.00041057312046177685,0.00041057312046177685,0.0,0.0017818368505686522,0.0017818368505686522
2023-08-20 01:00:00+09:00,0.0,0.0,0.00041057312046177685,0.00041057312046177685,0.0,0.0017818368505686522,0.0017818368505686522
2023-08-20 02:00:00+09:00,0.0,0.0,0.00041057312046177685,0.00041057312046177685,0.0,0.0017818368505686522,0.0017818368505686522
2023-08-20 03:00:00+09:00,0.0,0.0,0.00041057312046177685,0.00041057312046177685,0.0,0.0017818368505686522,0.0017818368505686522
2023-08-20 04:00:00+09:00,0.0,0.0,0.00041057312046177685,0.00041057312046177685,0.0,0.0017818368505686522,0.0017818368505686522
2023-08-20 05:00:00+09:00,0.0,0.0,0.00041057312046177685,0.00041057312046177685,0.0,0.0017818368505686522,0.0017818368505686522
2023-08-20 06:00:00+09:00,0.0,0.0,0.0001919068890856579,0.0001919068890856579,0.0,0.0013906536623835564,0.0013906536623835564
2023-08-20 07:00:00+09:00,0.043059534,0.0,0.02141563780605793,0.02141563780605793,0.0,0.02913975901901722,0.02913975901901722
2023-08-20 08:00:00+09:00,0.126951862,0.043059534,0.13596852736338044,0.13596852736338044,0.0,0.1628100723028183,0.1628100723028183
2023-08-20 09:00:00+09:00,0.282857495,0.126951862,0.2399516365156288,0.2399516365156288,0.0,0.1933276355266571,0.1933276355266571
2023-08-20 10:00:00+09:00,0.356356319,0.282857495,0.4277944887181473,0.4277944887181473,0.043059534,0.362457966970047,0.362457966970047
2023-08-20 11:00:00+09:00,0.475883663,0.356356319,0.4548435173528137,0.4548435173528137,0.126951862,0.4648053235039825,0.4648053235039825
2023-08-20 12:00:00+09:00,0.604321045,0.475883663,0.5224548283232575,0.5224548283232575,0.282857495,0.5423888439437103,0.5423888439437103
2023-08-20 13:00:00+09:00,0.644410566,0.604321045,0.5719477731174659,0.5719477731174659,0.356356319,0.43575831126140974,0.43575831126140974
2023-08-20 14:00:00+09:00,0.649607318,0.644410566,0.6765049216725979,0.6765049216725979,0.475883663,0.5527254644049531,0.5527254644049531
2023-08-20 15:00:00+09:00,0.595412034,0.649607318,0.6186188035766297,0.6186188035766297,0.604321045,0.5823804653621149,0.5823804653621149
2023-08-20 16:00:00+09:00,0.490731672,0.595412034,0.5765091957698669,0.5765091957698669,0.644410566,0.5885013458707485,0.5885013458707485
2023-08-20 17:00:00+09:00,0.331857053,0.490731672,0.4073921149483414,0.4073921149483414,0.649607318,0.45237314935128026,0.45237314935128026
2023-08-20 18:00:00+09:00,0.164072397,0.331857053,0.2064535891595154,0.2064535891595154,0.595412034,0.2679045977245178,0.2679045977245178
2023-08-20 19:00:00+09:00,0.03489277,0.164072397,0.09720949346463395,0.09720949346463395,0.490731672,0.24435062761218262,0.24435062761218262
2023-08-20 20:00:00+09:00,0.0,0.03489277,0.001114564486045834,0.001114564486045834,0.331857053,0.07550519462254335,0.07550519462254335
2023-08-20 21:00:00+09:00,0.0,0.0,0.0,0.0,0.164072397,0.0,0.0
2023-08-20 22:00:00+09:00,0.0,0.0,0.0,0.0,0.03489277,0.0,0.0
2023-08-20 23:00:00+09:00,0.0,0.0,0.0,0.0,0.0,0.0,0.0
2023-08-21 00:00:00+09:00,0.0,0.0,0.00020310246327426285,0.00020310246327426285,0.0,0.001249668886885047,0.001249668886885047
2023-08-21 01:00:00+09:00,0.0,0.0,0.00020310246327426285,0.00020310246327426285,0.0,0.001249668886885047,0.001249668886885047
2023-08-21 02:00:00+09:00,0.0,0.0,0.00020310246327426285,0.00020310246327426285,0.0,0.001249668886885047,0.001249668886885047
2023-08-21 03:00:00+09:00,0.0,0.0,0.00020310246327426285,0.00020310246327426285,0.0,0.001249668886885047,0.001249668886885047
2023-08-21 04:00:00+09:00,0.0,0.0,0.00020310246327426285,0.00020310246327426285,0.0,0.001249668886885047,0.001249668886885047
2023-08-21 05:00:00+09:00,0.0,0.0,0.00020310246327426285,0.00020310246327426285,0.0,0.001249668886885047,0.001249668886885047
2023-08-21 06:00:00+09:00,0.0,0.0,0.0003552292473614216,0.0003552292473614216,0.0,0.0007829678943380713,0.0007829678943380713
2023-08-21 07:00:00+09:00,0.042317287,0.0,0.03567240387201309,0.03567240387201309,0.0,0.05183036997914314,0.05183036997914314
2023-08-21 08:00:00+09:00,0.183374911,0.042317287,0.1550330230315323,0.1550330230315323,0.0,0.1403239518404007,0.1403239518404007
2023-08-21 09:00:00+09:00,0.362295318,0.183374911,0.2591825867192612,0.2591825867192612,0.0,0.18260307610034943,0.18260307610034943
2023-08-21 10:00:00+09:00,0.492217192,0.362295318,0.5205513719245605,0.5205513719245605,0.042317287,0.4076567747910614,0.4076567747910614
2023-08-21 11:00:00+09:00,0.596896527,0.492217192,0.5769059448896332,0.5769059448896332,0.183374911,0.6009279186026917,0.6009279186026917
2023-08-21 12:00:00+09:00,0.662970834,0.596896527,0.6172212582456369,0.6172212582456369,0.362295318,0.5952459458038024,0.5952459458038024
2023-08-21 13:00:00+09:00,0.669652078,0.662970834,0.6892299731801834,0.6892299731801834,0.492217192,0.6823137342391892,0.6823137342391892
2023-08-21 14:00:00+09:00,0.647380578,0.669652078,0.6695456813953214,0.6695456813953214,0.596896527,0.6864875533061523,0.6864875533061523
2023-08-21 15:00:00+09:00,0.580562999,0.647380578,0.6156698378211766,0.6156698378211766,0.662970834,0.6507780538480368,0.6507780538480368
2023-08-21 16:00:00+09:00,0.338538298,0.580562999,0.5281003876525631,0.5281003876525631,0.669652078,0.5775263939770966,0.5775263939770966
2023-08-21 17:00:00+09:00,0.347447309,0.338538298,0.25632405428995897,0.25632405428995897,0.647380578,0.39626883216564945,0.39626883216564945
2023-08-21 18:00:00+09:00,0.16555689,0.347447309,0.2711232856936302,0.2711232856936302,0.580562999,0.3229047558206787,0.3229047558206787
2023-08-21 19:00:00+09:00,0.036378289,0.16555689,0.050163795281543744,0.050163795281543744,0.338538298,0.0,0.0
2023-08-21 20:00:00+09:00,0.0,0.036378289,0.0,0.0,0.347447309,0.11573012481401823,0.11573012481401823
2023-08-21 21:00:00+09:00,0.0,0.0,0.0,0.0,0.16555689,0.0,0.0
2023-08-21 22:00:00+09:00,0.0,0.0,0.0,0.0,0.036378289,0.0,0.0
2023-08-21 23:00:00+09:00,0.0,0.0,0.0,0.0,0.0,0.0,0.0
2023-08-22 00:00:00+09:00,0.0,0.0,0.0005840304074808955,0.0005840304074808955,0.0,0.0010334288235753775,0.0010334288235753775
2023-08-22 01:00:00+09:00,0.0,0.0,0.0005840304074808955,0.0005840304074808955,0.0,0.0010334288235753775,0.0010334288235753775
2023-08-22 02:00:00+09:00,0.0,0.0,0.0005840304074808955,0.0005840304074808955,0.0,0.0010334288235753775,0.0010334288235753775
2023-08-22 03:00:00+09:00,0.0,0.0,0.0005840304074808955,0.0005840304074808955,0.0,0.0010334288235753775,0.0010334288235753775
2023-08-22 04:00:00+09:00,0.0,0.0,0.0005840304074808955,0.0005840304074808955,0.0,0.0010334288235753775,0.0010334288235753775
2023-08-22 05:00:00+09:00,0.0,0.0,0.0005840304074808955,0.0005840304074808955,0.0,0.0010334288235753775,0.0010334288235753775
2023-08-22 06:00:00+09:00,0.0,0.0,0.0006854765815660357,0.0006854765815660357,0.0,0.0,0.0
2023-08-22 07:00:00+09:00,0.024499266,0.0,0.0337759368121624,0.0337759368121624,0.0,0.045721378177404404,0.045721378177404404
2023-08-22 08:00:00+09:00,0.09799809,0.024499266,0.13925910607120132,0.13925910607120132,0.0,0.13989493250846863,0.13989493250846863
2023-08-22 09:00:00+09:00,0.255388216,0.09799809,0.2293391450355911,0.2293391450355911,0.0,0.27570298314094543,0.27570298314094543
2023-08-22 10:00:00+09:00,0.473656924,0.255388216,0.42198380909482575,0.42198380909482575,0.024499266,0.42651164397737124,0.42651164397737124
2023-08-22 11:00:00+09:00,0.505580708,0.473656924,0.5219140961076965,0.5219140961076965,0.09799809,0.48900855323776243,0.48900855323776243
2023-08-22 12:00:00+09:00,0.613229029,0.505580708,0.53974679073983,0.53974679073983,0.255388216,0.4782178559116516,0.4782178559116516
2023-08-22 13:00:00+09:00,0.677818843,0.613229029,0.5854035114200868,0.5854035114200868,0.473656924,0.5576025038268317,0.5576025038268317
2023-08-22 14:00:00+09:00,0.673364337,0.677818843,0.6870805964101009,0.6870805964101009,0.505580708,0.608291305217083,0.608291305217083
2023-08-22 15:00:00+09:00,0.60729003,0.673364337,0.6307396101084823,0.6307396101084823,0.613229029,0.5891825520696201,0.5891825520696201
2023-08-22 16:00:00+09:00,0.497413944,0.60729003,0.5577016775582123,0.5577016775582123,0.677818843,0.5359886072803192,0.5359886072803192
2023-08-22 17:00:00+09:00,0.335568286,0.497413944,0.41655674158930206,0.41655674158930206,0.673364337,0.4154788809147949,0.4154788809147949
2023-08-22 18:00:00+09:00,0.155163387,0.335568286,0.2807015213055477,0.2807015213055477,0.60729003,0.38191360282638553,0.38191360282638553
2023-08-22 19:00:00+09:00,0.03266603,0.155163387,0.0778500383490677,0.0778500383490677,0.497413944,0.24788534223436737,0.24788534223436737
2023-08-22 20:00:00+09:00,0.0,0.03266603,0.002917932937889098,0.002917932937889098,0.335568286,0.13857767683099365,0.13857767683099365
2023-08-22 21:00:00+09:00,0.0,0.0,0.0,0.0,0.155163387,0.0,0.0
2023-08-22 22:00:00+09:00,0.0,0.0,0.0,0.0,0.03266603,0.0,0.0
2023-08-22 23:00:00+09:00,0.0,0.0,0.0,0.0,0.0,0.0,0.0
2023-08-23 00:00:00+09:00,0.0,0.0,0.0,0.0,0.0,0.0,0.0
2023-08-23 01:00:00+09:00,0.0,0.0,0.0,0.0,0.0,0.0,0.0
2023-08-23 02:00:00+09:00,0.0,0.0,0.0,0.0,0.0,0.0,0.0
2023-08-23 03:00:00+09:00,0.0,0.0,0.0,0.0,0.0,0.0,0.0
2023-08-23 04:00:00+09:00,0.0,0.0,0.0,0.0,0.0,0.0,0.0
2023-08-23 05:00:00+09:00,0.0,0.0,0.0,0.0,0.0,0.0,0.0
2023-08-23 06:00:00+09:00,0.0,0.0,0.0,0.0,0.0,0.0,0.0
2023-08-23 07:00:00+09:00,0.020787007,0.0,0.015488339588046074,0.015488339588046074,0.0,0.020022334530949593,0.020022334530949593
2023-08-23 08:00:00+09:00,0.120270617,0.020787007,0.049280279140622135,0.049280279140622135,0.0,0.08483009040355682,0.08483009040355682
2023-08-23 09:00:00+09:00,0.338538298,0.120270617,0.22970116107835006,0.22970116107835006,0.0,0.21509046852588654,0.21509046852588654
2023-08-23 10:00:00+09:00,0.540473477,0.338538298,0.43559859095921327,0.43559859095921327,0.020787007,0.31694332399562075,0.31694332399562075
2023-08-23 11:00:00+09:00,0.626592545,0.540473477,0.6086711073458214,0.6086711073458214,0.120270617,0.3904685747541351,0.3904685747541351
2023-08-23 12:00:00+09:00,0.651091811,0.626592545,0.703531516877098,0.703531516877098,0.338538298,0.6182894199978333,0.6182894199978333
2023-08-23 13:00:00+09:00,0.651835084,0.651091811,0.6488688704414324,0.6488688704414324,0.540473477,0.615602598541977,0.615602598541977
2023-08-23 14:00:00+09:00,0.674849857,0.651835084,0.650450788360418,0.650450788360418,0.626592545,0.6705569160851669,0.6705569160851669
2023-08-23 15:00:00+09:00,0.604321045,0.674849857,0.6289201009844608,0.6289201009844608,0.651091811,0.6438405390219794,0.6438405390219794
2023-08-23 16:00:00+09:00,0.491474945,0.604321045,0.5221104148215484,0.5221104148215484,0.651835084,0.5709123388317909,0.5709123388317909
2023-08-23 17:00:00+09:00,0.337796052,0.491474945,0.41136766587812423,0.41136766587812423,0.674849857,0.48028955271590423,0.48028955271590423
2023-08-23 18:00:00+09:00,0.103937089,0.337796052,0.1991704451055069,0.1991704451055069,0.604321045,0.28464312585060114,0.28464312585060114
2023-08-23 19:00:00+09:00,0.017075775,0.103937089,0.011936522577060696,0.011936522577060696,0.491474945,0.18639205758888244,0.18639205758888244
2023-08-23 20:00:00+09:00,0.0,0.017075775,0.0,0.0,0.337796052,0.1497000353545685,0.1497000353545685
2023-08-23 21:00:00+09:00,0.0,0.0,0.0,0.0,0.103937089,0.0,0.0
2023-08-23 22:00:00+09:00,0.0,0.0,0.0011651135282590985,0.0011651135282590985,0.017075775,0.0,0.0
2023-08-23 23:00:00+09:00,0.0,0.0,0.0011651135282590985,0.0011651135282590985,0.0,0.009810110554099083,0.009810110554099083
2023-08-24 00:00:00+09:00,0.0,0.0,0.00037467165384441614,0.00037467165384441614,0.0,0.0,0.0
2023-08-24 01:00:00+09:00,0.0,0.0,0.00037467165384441614,0.00037467165384441614,0.0,0.0,0.0
2023-08-24 02:00:00+09:00,0.0,0.0,0.00037467165384441614,0.00037467165384441614,0.0,0.0,0.0
2023-08-24 03:00:00+09:00,0.0,0.0,0.00037467165384441614,0.00037467165384441614,0.0,0.0,0.0
2023-08-24 04:00:00+09:00,0.0,0.0,0.00037467165384441614,0.00037467165384441614,0.0,0.0,0.0
2023-08-24 05:00:00+09:00,0.0,0.0,0.00037467165384441614,0.00037467165384441614,0.0,0.0,0.0
2023-08-24 06:00:00+09:00,0.0,0.0,0.0003569240216165781,0.0003569240216165781,0.0,0.0,0.0
2023-08-24 07:00:00+09:00,0.000742246,0.0,0.017648201435804367,0.017648201435804367,0.0,0.013123728334903717,0.013123728334903717
2023-08-24 08:00:00+09:00,0.042317287,0.000742246,0.032861356226631167,0.032861356226631167,0.0,0.1034969612956047,0.1034969612956047
2023-08-24 09:00:00+09:00,0.073498825,0.042317287,0.14085917261439515,0.14085917261439515,0.0,0.25852587819099426,0.25852587819099426
2023-08-24 10:00:00+09:00,0.144027637,0.073498825,0.17253857331104278,0.17253857331104278,0.000742246,0.2821608377377472,0.2821608377377472
2023-08-24 11:00:00+09:00,0.259100475,0.144027637,0.19318526765218924,0.19318526765218924,0.042317287,0.23286697355109406,0.23286697355109406
2023-08-24 12:00:00+09:00,0.379371092,0.259100475,0.32165753154621124,0.32165753154621124,0.073498825,0.3496056296092987,0.3496056296092987
2023-08-24 13:00:00+09:00,0.459551162,0.379371092,0.4269667009794636,0.4269667009794636,0.144027637,0.34118412589541625,0.34118412589541625
2023-08-24 14:00:00+09:00,0.299191023,0.459551162,0.45406438448205544,0.45406438448205544,0.259100475,0.369933516369915,0.369933516369915
2023-08-24 15:00:00+09:00,0.095028078,0.299191023,0.23783515650820541,0.23783515650820541,0.379371092,0.3534181921714468,0.3534181921714468
2023-08-24 16:00:00+09:00,0.186344924,0.095028078,0.0664094908190279,0.0664094908190279,0.459551162,0.39191710847169114,0.39191710847169114
2023-08-24 17:00:00+09:00,0.127694108,0.186344924,0.11141687127659225,0.11141687127659225,0.299191023,0.13126016665291595,0.13126016665291595
2023-08-24 18:00:00+09:00,0.047514039,0.127694108,0.0165556300785141,0.0165556300785141,0.095028078,0.0,0.0
2023-08-24 19:00:00+09:00,0.003712259,0.047514039,0.0,0.0,0.186344924,0.0,0.0
2023-08-24 20:00:00+09:00,0.0,0.003712259,0.0,0.0,0.127694108,0.0,0.0
2023-08-24 21:00:00+09:00,0.0,0.0,0.0,0.0,0.047514039,0.0,0.0
2023-08-24 22:00:00+09:00,0.0,0.0,0.0009408732876181602,0.0009408732876181602,0.003712259,0.0,0.0
2023-08-24 23:00:00+09:00,0.0,0.0,0.0009408732876181602,0.0009408732876181602,0.0,0.005778967868536711,0.005778967868536711
2023-08-25 00:00:00+09:00,0.0,0.0,0.0007382230833172798,0.0007382230833172798,0.0,0.0019195408094674349,0.0019195408094674349
2023-08-25 01:00:00+09:00,0.0,0.0,0.0007382230833172798,0.0007382230833172798,0.0,0.0019195408094674349,0.0019195408094674349
2023-08-25 02:00:00+09:00,0.0,0.0,0.0007382230833172798,0.0007382230833172798,0.0,0.0019195408094674349,0.0019195408094674349
2023-08-25 03:00:00+09:00,0.0,0.0,0.0007382230833172798,0.0007382230833172798,0.0,0.0019195408094674349,0.0019195408094674349
2023-08-25 04:00:00+09:00,0.0,0.0,0.0007382230833172798,0.0007382230833172798,0.0,0.0019195408094674349,0.0019195408094674349
2023-08-25 05:00:00+09:00,0.0,0.0,0.0007382230833172798,0.0007382230833172798,0.0,0.0019195408094674349,0.0019195408094674349
2023-08-25 06:00:00+09:00,0.0,0.0,0.0006050416268408298,0.0006050416268408298,0.0,0.0012892570812255144,0.0012892570812255144
2023-08-25 07:00:00+09:00,0.014105762,0.0,0.023974565789103508,0.023974565789103508,0.0,0.01809372752904892,0.01809372752904892
2023-08-25 08:00:00+09:00,0.080922316,0.014105762,0.08322090899459075,0.08322090899459075,0.0,0.10135594755411148,0.10135594755411148
2023-08-25 09:00:00+09:00,0.272463991,0.080922316,0.1805835097880516,0.1805835097880516,0.0,0.18360577523708344,0.18360577523708344
2023-08-25 10:00:00+09:00,0.347447309,0.272463991,0.38716974730664827,0.38716974730664827,0.014105762,0.29892241453639223,0.29892241453639223
2023-08-25 11:00:00+09:00,0.354128553,0.347447309,0.4385768951005783,0.4385768951005783,0.080922316,0.4277616545410309,0.4277616545410309
2023-08-25 12:00:00+09:00,0.600608786,0.354128553,0.4180157467990189,0.4180157467990189,0.272463991,0.55439199383432,0.55439199383432
2023-08-25 13:00:00+09:00,0.51968647,0.600608786,0.6031416029576824,0.6031416029576824,0.347447309,0.5089107931680527,0.5089107931680527
2023-08-25 14:00:00+09:00,0.67633435,0.51968647,0.6027499979417038,0.6027499979417038,0.354128553,0.5048383608727722,0.5048383608727722
2023-08-25 15:00:00+09:00,0.593184268,0.67633435,0.5880900906425476,0.5880900906425476,0.600608786,0.6174653744232521,0.6174653744232521
2023-08-25 16:00:00+09:00,0.435051896,0.593184268,0.49242920977103044,0.49242920977103044,0.51968647,0.3871765529792023,0.3871765529792023
2023-08-25 17:00:00+09:00,0.31106902,0.435051896,0.34827522220620727,0.34827522220620727,0.67633435,0.4492214756113052,0.4492214756113052
2023-08-25 18:00:00+09:00,0.172981408,0.31106902,0.22295562264015195,0.22295562264015195,0.593184268,0.3321137483142548,0.3321137483142548
2023-08-25 19:00:00+09:00,0.039347275,0.172981408,0.1038506073355751,0.1038506073355751,0.435051896,0.17880842866906738,0.17880842866906738
2023-08-25 20:00:00+09:00,0.0,0.039347275,0.007726880561494828,0.007726880561494828,0.31106902,0.08091499742557523,0.08091499742557523
2023-08-25 21:00:00+09:00,0.0,0.0,0.0,0.0,0.172981408,0.01650209403038788,0.01650209403038788
2023-08-25 22:00:00+09:00,0.0,0.0,0.0,0.0,0.039347275,0.0,0.0
2023-08-25 23:00:00+09:00,0.0,0.0,0.0,0.0,0.0,0.0,0.0
2023-08-26 00:00:00+09:00,0.0,0.0,0.00038055103505030274,0.00038055103505030274,0.0,0.000836332212202251,0.000836332212202251
2023-08-26 01:00:00+09:00,0.0,0.0,0.00038055103505030274,0.00038055103505030274,0.0,0.000836332212202251,0.000836332212202251
2023-08-26 02:00:00+09:00,0.0,0.0,0.00038055103505030274,0.00038055103505030274,0.0,0.000836332212202251,0.000836332212202251
2023-08-26 03:00:00+09:00,0.0,0.0,0.00038055103505030274,0.00038055103505030274,0.0,0.000836332212202251,0.000836332212202251
2023-08-26 04:00:00+09:00,0.0,0.0,0.00038055103505030274,0.00038055103505030274,0.0,0.000836332212202251,0.000836332212202251
2023-08-26 05:00:00+09:00,0.0,0.0,0.00038055103505030274,0.00038055103505030274,0.0,0.000836332212202251,0.000836332212202251
2023-08-26 06:00:00+09:00,0.0,0.0,0.00017754873260855675,0.00017754873260855675,0.0,0.00046124603250063956,0.00046124603250063956
2023-08-26 07:00:00+09:00,0.036378289,0.0,0.023442739620804787,0.023442739620804787,0.0,0.030794477090239525,0.030794477090239525
2023-08-26 08:00:00+09:00,0.176693667,0.036378289,0.12612164987703706,0.12612164987703706,0.0,0.10691022872924805,0.10691022872924805
2023-08-26 09:00:00+09:00,0.342992803,0.176693667,0.2878108511621399,0.2878108511621399,0.0,0.17726098001003265,0.17726098001003265
2023-08-26 10:00:00+09:00,0.486277167,0.342992803,0.46437252863505174,0.46437252863505174,0.036378289,0.3654217667736664,0.3654217667736664
2023-08-26 11:00:00+09:00,0.572397261,0.486277167,0.5408537725583954,0.5408537725583954,0.176693667,0.4586984108144684,0.4586984108144684
2023-08-26 12:00:00+09:00,0.36526533,0.572397261,0.570135220260121,0.570135220260121,0.342992803,0.5824963952527313,0.5824963952527313
2023-08-26 13:00:00+09:00,0.544927983,0.36526533,0.3837209620309639,0.3837209620309639,0.486277167,0.5229934419171257,0.5229934419171257
2023-08-26 14:00:00+09:00,0.599866539,0.544927983,0.610524824275692,0.610524824275692,0.572397261,0.7212725869181976,0.7212725869181976
2023-08-26 15:00:00+09:00,0.556805979,0.599866539,0.5371700895414009,0.5371700895414009,0.36526533,0.34715121954508305,0.34715121954508305
2023-08-26 16:00:00+09:00,0.458065642,0.556805979,0.5067214104398765,0.5067214104398765,0.544927983,0.42503087074967194,0.42503087074967194
2023-08-26 17:00:00+09:00,0.2420247,0.458065642,0.2878535370834274,0.2878535370834274,0.599866539,0.3186516461357727,0.3186516461357727
2023-08-26 18:00:00+09:00,0.148482142,0.2420247,0.08816195543022157,0.08816195543022157,0.556805979,0.21084038494673152,0.21084038494673152
2023-08-26 19:00:00+09:00,0.022272527,0.148482142,0.0783816035674019,0.0783816035674019,0.458065642,0.2058887313611908,0.2058887313611908
2023-08-26 20:00:00+09:00,0.0,0.022272527,0.0,0.0,0.2420247,0.03471944744796754,0.03471944744796754
2023-08-26 21:00:00+09:00,0.0,0.0,0.0,0.0,0.148482142,0.0072374921129150505,0.0072374921129150505
2023-08-26 22:00:00+09:00,0.0,0.0,0.0007683827425353229,0.0007683827425353229,0.022272527,0.0,0.0
2023-08-26 23:00:00+09:00,0.0,0.0,0.0007683827425353229,0.0007683827425353229,0.0,0.0,0.0
2023-08-27 00:00:00+09:00,0.0,0.0,0.00041057312046177685,0.00041057312046177685,0.0,0.0017818368505686522,0.0017818368505686522
2023-08-27 01:00:00+09:00,0.0,0.0,0.00041057312046177685,0.00041057312046177685,0.0,0.0017818368505686522,0.0017818368505686522
2023-08-27 02:00:00+09:00,0.0,0.0,0.00041057312046177685,0.00041057312046177685,0.0,0.0017818368505686522,0.0017818368505686522
2023-08-27 03:00:00+09:00,0.0,0.0,0.00041057312046177685,0.00041057312046177685,0.0,0.0017818368505686522,0.0017818368505686522
2023-08-27 04:00:00+09:00,0.0,0.0,0.00041057312046177685,0.00041057312046177685,0.0,0.0017818368505686522,0.0017818368505686522
2023-08-27 05:00:00+09:00,0.0,0.0,0.00041057312046177685,0.00041057312046177685,0.0,0.0017818368505686522,0.0017818368505686522
2023-08-27 06:00:00+09:00,0.0,0.0,0.0001919068890856579,0.0001919068890856579,0.0,0.0013906536623835564,0.0013906536623835564
2023-08-27 07:00:00+09:00,0.02375702,0.0,0.02767142467200756,0.02767142467200756,0.0,0.0,0.0
2023-08-27 08:00:00+09:00,0.190056156,0.02375702,0.13087839818336486,0.13087839818336486,0.0,0.16668270528316498,0.16668270528316498
2023-08-27 09:00:00+09:00,0.29844775,0.190056156,0.2904803115929184,0.2904803115929184,0.0,0.29537510871887207,0.29537510871887207
2023-08-27 10:00:00+09:00,0.457323396,0.29844775,0.4384437421836853,0.4384437421836853,0.02375702,0.4256743285689545,0.4256743285689545
2023-08-27 11:00:00+09:00,0.547154722,0.457323396,0.5611446885195694,0.5611446885195694,0.190056156,0.5484322119558869,0.5484322119558869
2023-08-27 12:00:00+09:00,0.384567844,0.547154722,0.5510378325921418,0.5510378325921418,0.29844775,0.5401194016017914,0.5401194016017914
2023-08-27 13:00:00+09:00,0.318493537,0.384567844,0.37908075029804134,0.37908075029804134,0.457323396,0.5618824524608574,0.5618824524608574
2023-08-27 14:00:00+09:00,0.515974211,0.318493537,0.3988392347009773,0.3988392347009773,0.547154722,0.6006343264230461,0.6006343264230461
2023-08-27 15:00:00+09:00,0.510034186,0.515974211,0.39180162777761074,0.39180162777761074,0.384567844,0.30908220472587966,0.30908220472587966
2023-08-27 16:00:00+09:00,0.431339637,0.510034186,0.41619160508550257,0.41619160508550257,0.318493537,0.14933421402293395,0.14933421402293395
2023-08-27 17:00:00+09:00,0.301417763,0.431339637,0.3205460464543457,0.3205460464543457,0.515974211,0.30268959929803463,0.30268959929803463
2023-08-27 18:00:00+09:00,0.106164855,0.301417763,0.1777636880330925,0.1777636880330925,0.510034186,0.1777911010924682,0.1777911010924682
2023-08-27 19:00:00+09:00,0.011879023,0.106164855,0.0,0.0,0.431339637,0.09493656511965942,0.09493656511965942
2023-08-27 20:00:00+09:00,0.0,0.011879023,0.0,0.0,0.301417763,0.04506590462254334,0.04506590462254334
2023-08-27 21:00:00+09:00,0.0,0.0,0.0,0.0,0.106164855,0.0,0.0
2023-08-27 22:00:00+09:00,0.0,0.0,0.0,0.0,0.011879023,0.0,0.0
2023-08-27 23:00:00+09:00,0.0,0.0,0.0,0.0,0.0,0.0,0.0
2023-08-28 00:00:00+09:00,0.0,0.0,0.00020310246327426285,0.00020310246327426285,0.0,0.001249668886885047,0.001249668886885047
2023-08-28 01:00:00+09:00,0.0,0.0,0.00020310246327426285,0.00020310246327426285,0.0,0.001249668886885047,0.001249668886885047
2023-08-28 02:00:00+09:00,0.0,0.0,0.00020310246327426285,0.00020310246327426285,0.0,0.001249668886885047,0.001249668886885047
2023-08-28 03:00:00+09:00,0.0,0.0,0.00020310246327426285,0.00020310246327426285,0.0,0.001249668886885047,0.001249668886885047
2023-08-28 04:00:00+09:00,0.0,0.0,0.00020310246327426285,0.00020310246327426285,0.0,0.001249668886885047,0.001249668886885047
2023-08-28 05:00:00+09:00,0.0,0.0,0.00020310246327426285,0.00020310246327426285,0.0,0.001249668886885047,0.001249668886885047
2023-08-28 06:00:00+09:00,0.0,0.0,0.0003552292473614216,0.0003552292473614216,0.0,0.0007829678943380713,0.0007829678943380713
2023-08-28 07:00:00+09:00,0.033408277,0.0,0.03216038644313812,0.03216038644313812,0.0,0.0355026051402092,0.0355026051402092
2023-08-28 08:00:00+09:00,0.124725122,0.033408277,0.13076266672711562,0.13076266672711562,0.0,0.08341234177350998,0.08341234177350998
2023-08-28 09:00:00+09:00,0.15664788,0.124725122,0.2839965559494705,0.2839965559494705,0.0,0.2952733337879181,0.2952733337879181
2023-08-28 10:00:00+09:00,0.51077746,0.15664788,0.32920812479866024,0.32920812479866024,0.033408277,0.45439957853656004,0.45439957853656004
2023-08-28 11:00:00+09:00,0.602835525,0.51077746,0.6136899008960343,0.6136899008960343,0.124725122,0.5380990095389099,0.5380990095389099
2023-08-28 12:00:00+09:00,0.289539766,0.602835525,0.6498954446851254,0.6498954446851254,0.15664788,0.4559217881382751,0.4559217881382751
2023-08-28 13:00:00+09:00,0.536018972,0.289539766,0.4397758212549362,0.4397758212549362,0.51077746,0.5593647822351074,0.5593647822351074
2023-08-28 14:00:00+09:00,0.348189555,0.536018972,0.4086820079888077,0.4086820079888077,0.602835525,0.44858517142524723,0.44858517142524723
2023-08-28 15:00:00+09:00,0.31997803,0.348189555,0.26409047831171034,0.26409047831171034,0.289539766,0.214894656525341,0.214894656525341
2023-08-28 16:00:00+09:00,0.207131931,0.31997803,0.1983149364331055,0.1983149364331055,0.536018972,0.30979457934748844,0.30979457934748844
2023-08-28 17:00:00+09:00,0.19822292,0.207131931,0.08884779494309997,0.08884779494309997,0.348189555,0.0931512041794586,0.0931512041794586
2023-08-28 18:00:00+09:00,0.16555689,0.19822292,0.06059342592899322,0.06059342592899322,0.31997803,0.05042326596763613,0.05042326596763613
2023-08-28 19:00:00+09:00,0.038605028,0.16555689,0.06530850105394365,0.06530850105394365,0.207131931,0.0,0.0
2023-08-28 20:00:00+09:00,0.0,0.038605028,0.0,0.0,0.19822292,0.0,0.0
2023-08-28 21:00:00+09:00,0.0,0.0,0.0,0.0,0.16555689,0.0,0.0
2023-08-28 22:00:00+09:00,0.0,0.0,0.0,0.0,0.038605028,0.0,0.0
2023-08-28 23:00:00+09:00,0.0,0.0,0.0,0.0,0.0,0.0,0.0
2023-08-29 00:00:00+09:00,0.0,0.0,0.0005840304074808955,0.0005840304074808955,0.0,0.0010334288235753775,0.0010334288235753775
2023-08-29 01:00:00+09:00,0.0,0.0,0.0005840304074808955,0.0005840304074808955,0.0,0.0010334288235753775,0.0010334288235753775
2023-08-29 02:00:00+09:00,0.0,0.0,0.0005840304074808955,0.0005840304074808955,0.0,0.0010334288235753775,0.0010334288235753775
2023-08-29 03:00:00+09:00,0.0,0.0,0.0005840304074808955,0.0005840304074808955,0.0,0.0010334288235753775,0.0010334288235753775
2023-08-29 04:00:00+09:00,0.0,0.0,0.0005840304074808955,0.0005840304074808955,0.0,0.0010334288235753775,0.0010334288235753775
2023-08-29 05:00:00+09:00,0.0,0.0,0.0005840304074808955,0.0005840304074808955,0.0,0.0010334288235753775,0.0010334288235753775
2023-08-29 06:00:00+09:00,0.0,0.0,0.0006854765815660357,0.0006854765815660357,0.0,0.0,0.0
2023-08-29 07:00:00+09:00,0.040090548,0.0,0.032445602118968964,0.032445602118968964,0.0,0.02345345914363861,0.02345345914363861
2023-08-29 08:00:00+09:00,0.195253935,0.040090548,0.18644431432213593,0.18644431432213593,0.0,0.14148905873298645,0.14148905873298645
2023-08-29 09:00:00+09:00,0.185601651,0.195253935,0.2715478132572746,0.2715478132572746,0.0,0.17709414660930634,0.17709414660930634
2023-08-29 10:00:00+09:00,0.440990894,0.185601651,0.35256281428239444,0.35256281428239444,0.040090548,0.39553056856121827,0.39553056856121827
2023-08-29 11:00:00+09:00,0.342250557,0.440990894,0.4910761293870869,0.4910761293870869,0.195253935,0.5837762917485809,0.5837762917485809
2023-08-29 12:00:00+09:00,0.40906711,0.342250557,0.33193595459516717,0.33193595459516717,0.185601651,0.41284762256047824,0.41284762256047824
2023-08-29 13:00:00+09:00,0.078695576,0.40906711,0.3520825848260975,0.3520825848260975,0.440990894,0.45434497845447686,0.45434497845447686
2023-08-29 14:00:00+09:00,0.107649348,0.078695576,0.08810918807515002,0.08810918807515002,0.342250557,0.31285247517581655,0.31285247517581655
2023-08-29 15:00:00+09:00,0.150708881,0.107649348,0.15036222271055985,0.15036222271055985,0.40906711,0.2482167639115906,0.2482167639115906
2023-08-29 16:00:00+09:00,0.181890419,0.150708881,0.12458327112527465,0.12458327112527465,0.078695576,0.04269976850130654,0.04269976850130654
2023-08-29 17:00:00+09:00,0.048998532,0.181890419,0.11796102511248016,0.11796102511248016,0.107649348,0.0,0.0
2023-08-29 18:00:00+09:00,0.01262127,0.048998532,0.0,0.0,0.150708881,0.0,0.0
2023-08-29 19:00:00+09:00,0.000742246,0.01262127,0.0,0.0,0.181890419,0.0,0.0
2023-08-29 20:00:00+09:00,0.0,0.000742246,0.0,0.0,0.048998532,0.0,0.0
2023-08-29 21:00:00+09:00,0.0,0.0,0.0,0.0,0.01262127,0.0,0.0
2023-08-29 22:00:00+09:00,0.0,0.0,0.0,0.0,0.000742246,0.0,0.0
2023-08-29 23:00:00+09:00,0.0,0.0,0.0,0.0,0.0,0.0,0.0
2023-08-30 00:00:00+09:00,0.0,0.0,0.0,0.0,0.0,0.0,0.0
2023-08-30 01:00:00+09:00,0.0,0.0,0.0,0.0,0.0,0.0,0.0
2023-08-30 02:00:00+09:00,0.0,0.0,0.0,0.0,0.0,0.0,0.0
2023-08-30 03:00:00+09:00,0.0,0.0,0.0,0.0,0.0,0.0,0.0
2023-08-30 04:00:00+09:00,0.0,0.0,0.0,0.0,0.0,0.0,0.0
2023-08-30 05:00:00+09:00,0.0,0.0,0.0,0.0,0.0,0.0,0.0
2023-08-30 06:00:00+09:00,0.0,0.0,0.0,0.0,0.0,0.0,0.0
2023-08-30 07:00:00+09:00,0.02153028,0.0,0.02958514727652073,0.02958514727652073,0.0,0.048988308757543564,0.048988308757543564
2023-08-30 08:00:00+09:00,0.019302514,0.02153028,0.15192625868919374,0.15192625868919374,0.0,0.18683843314647675,0.18683843314647675
2023-08-30 09:00:00+09:00,0.05642305,0.019302514,0.07296042944318198,0.07296042944318198,0.0,0.12080995738506317,0.12080995738506317
2023-08-30 10:00:00+09:00,0.05642305,0.05642305,0.18920123262577057,0.18920123262577057,0.02153028,0.38103235710266115,0.38103235710266115
2023-08-30 11:00:00+09:00,0.089831326,0.05642305,0.08629791496567726,0.08629791496567726,0.019302514,0.2816194860172882,0.2816194860172882
2023-08-30 12:00:00+09:00,0.173723654,0.089831326,0.14425109683683013,0.14425109683683013,0.05642305,0.3101808546321869,0.3101808546321869
2023-08-30 13:00:00+09:00,0.120270617,0.173723654,0.1729338788943411,0.1729338788943411,0.05642305,0.150875453485775,0.150875453485775
2023-08-30 14:00:00+09:00,0.117300605,0.120270617,0.13295989639236164,0.13295989639236164,0.089831326,0.16572894512822722,0.16572894512822722
2023-08-30 15:00:00+09:00,0.19822292,0.117300605,0.07754800614808083,0.07754800614808083,0.173723654,0.18737026687516356,0.18737026687516356
2023-08-30 16:00:00+09:00,0.123981849,0.19822292,0.1464922536904049,0.1464922536904049,0.120270617,0.05419607429875564,0.05419607429875564
2023-08-30 17:00:00+09:00,0.107649348,0.123981849,0.058361791715168004,0.058361791715168004,0.117300605,0.02219448757265091,0.02219448757265091
2023-08-30 18:00:00+09:00,0.051226298,0.107649348,0.022020033815811163,0.022020033815811163,0.19822292,0.0,0.0
2023-08-30 19:00:00+09:00,0.002226739,0.051226298,0.0032608049468021427,0.0032608049468021427,0.123981849,0.0,0.0
2023-08-30 20:00:00+09:00,0.0,0.002226739,0.0,0.0,0.107649348,0.0,0.0
2023-08-30 21:00:00+09:00,0.0,0.0,0.0,0.0,0.051226298,0.0,0.0
2023-08-30 22:00:00+09:00,0.0,0.0,0.0011651135282590985,0.0011651135282590985,0.002226739,0.0,0.0
2023-08-30 23:00:00+09:00,0.0,0.0,0.0011651135282590985,0.0011651135282590985,0.0,0.009810110554099083,0.009810110554099083
2023-08-31 00:00:00+09:00,0.0,0.0,0.00037467165384441614,0.00037467165384441614,0.0,0.0,0.0
2023-08-31 01:00:00+09:00,0.0,0.0,0.00037467165384441614,0.00037467165384441614,0.0,0.0,0.0
2023-08-31 02:00:00+09:00,0.0,0.0,0.00037467165384441614,0.00037467165384441614,0.0,0.0,0.0
2023-08-31 03:00:00+09:00,0.0,0.0,0.00037467165384441614,0.00037467165384441614,0.0,0.0,0.0
2023-08-31 04:00:00+09:00,0.0,0.0,0.00037467165384441614,0.00037467165384441614,0.0,0.0,0.0
2023-08-31 05:00:00+09:00,0.0,0.0,0.00037467165384441614,0.00037467165384441614,0.0,0.0,0.0
2023-08-31 06:00:00+09:00,0.0,0.0,0.0003569240216165781,0.0003569240216165781,0.0,0.0,0.0
2023-08-31 07:00:00+09:00,0.022272527,0.0,0.017648201435804367,0.017648201435804367,0.0,0.013123728334903717,0.013123728334903717
2023-08-31 08:00:00+09:00,0.161844631,0.022272527,0.08854781069426727,0.08854781069426727,0.0,0.07426514476537704,0.07426514476537704
2023-08-31 09:00:00+09:00,0.170753642,0.161844631,0.22493980572982405,0.22493980572982405,0.0,0.13494375348091125,0.13494375348091125
2023-08-31 10:00:00+09:00,0.361553071,0.170753642,0.24543689099673463,0.24543689099673463,0.022272527,0.12892353512911986,0.12892353512911986
2023-08-31 11:00:00+09:00,0.385310091,0.361553071,0.40515480742635346,0.40515480742635346,0.161844631,0.4154782493547974,0.4154782493547974
2023-08-31 12:00:00+09:00,0.530079974,0.385310091,0.43301597974816897,0.43301597974816897,0.170753642,0.3946441402805252,0.3946441402805252
2023-08-31 13:00:00+09:00,0.246479206,0.530079974,0.44669431275560756,0.44669431275560756,0.361553071,0.4361552576798401,0.4361552576798401
2023-08-31 14:00:00+09:00,0.550124734,0.246479206,0.21700669660094357,0.21700669660094357,0.385310091,0.37031245689461567,0.37031245689461567
2023-08-31 15:00:00+09:00,0.487762686,0.550124734,0.5670701594209995,0.5670701594209995,0.530079974,0.5107221772415866,0.5107221772415866
2023-08-31 16:00:00+09:00,0.126209615,0.487762686,0.45060086263788796,0.45060086263788796,0.246479206,0.20198480061116791,0.20198480061116791
2023-08-31 17:00:00+09:00,0.181148172,0.126209615,0.06081130934547424,0.06081130934547424,0.550124734,0.4082689874923553,0.4082689874923553
2023-08-31 18:00:00+09:00,0.11061936,0.181148172,0.11024160740668487,0.11024160740668487,0.487762686,0.2663459890939102,0.2663459890939102
2023-08-31 19:00:00+09:00,0.003712259,0.11061936,0.04527308920036316,0.04527308920036316,0.126209615,0.0,0.0
2023-08-31 20:00:00+09:00,0.0,0.003712259,0.0,0.0,0.181148172,0.0,0.0
2023-08-31 21:00:00+09:00,0.0,0.0,0.0,0.0,0.11061936,0.0,0.0
2023-08-31 22:00:00+09:00,0.0,0.0,0.0009408732876181602,0.0009408732876181602,0.003712259,0.0,0.0
2023-08-31 23:00:00+09:00,0.0,0.0,0.0009408732876181602,0.0009408732876181602,0.0,0.005778967868536711,0.005778967868536711
2023-09-01 00:00:00+09:00,0.0,0.0,6.12372241448611e-05,6.12372241448611e-05,0.0,0.0006738619995303452,0.0006738619995303452
2023-09-01 01:00:00+09:00,0.0,0.0,6.12372241448611e-05,6.12372241448611e-05,0.0,0.0006738619995303452,0.0006738619995303452
2023-09-01 02:00:00+09:00,0.0,0.0,6.12372241448611e-05,6.12372241448611e-05,0.0,0.0006738619995303452,0.0006738619995303452
2023-09-01 03:00:00+09:00,0.0,0.0,6.12372241448611e-05,6.12372241448611e-05,0.0,0.0006738619995303452,0.0006738619995303452
2023-09-01 04:00:00+09:00,0.0,0.0,6.12372241448611e-05,6.12372241448611e-05,0.0,0.0006738619995303452,0.0006738619995303452
2023-09-01 05:00:00+09:00,0.0,0.0,6.12372241448611e-05,6.12372241448611e-05,0.0,0.0006738619995303452,0.0006738619995303452
2023-09-01 06:00:00+09:00,0.0,0.0,0.0,0.0,0.0,8.392658492084593e-05,8.392658492084593e-05
2023-09-01 07:00:00+09:00,0.0,0.0,0.014966648072004318,0.014966648072004318,0.0,0.016773607581853867,0.016773607581853867
2023-09-01 08:00:00+09:00,0.028953771,0.0,0.06852675974369049,0.06852675974369049,0.0,0.058427389711141586,0.058427389711141586
2023-09-01 09:00:00+09:00,0.068302073,0.028953771,0.12967939943561171,0.12967939943561171,0.0,0.1657809466123581,0.1657809466123581
2023-09-01 10:00:00+09:00,0.062362048,0.068302073,0.16507173371128847,0.16507173371128847,0.0,0.2697162628173828,0.2697162628173828
2023-09-01 11:00:00+09:00,0.048998532,0.062362048,0.11030287590613175,0.11030287590613175,0.028953771,0.30225751817712404,0.30225751817712404
2023-09-01 12:00:00+09:00,0.063847567,0.048998532,0.08757381990831566,0.08757381990831566,0.068302073,0.2358172316532593,0.2358172316532593
2023-09-01 13:00:00+09:00,0.10022483,0.063847567,0.0883841729243679,0.0883841729243679,0.062362048,0.11221804392328072,0.11221804392328072
2023-09-01 14:00:00+09:00,0.11061936,0.10022483,0.11282536087025881,0.11282536087025881,0.048998532,0.0,0.0
2023-09-01 15:00:00+09:00,0.069786566,0.11061936,0.14679847785840988,0.14679847785840988,0.063847567,0.1258013537605686,0.1258013537605686
2023-09-01 16:00:00+09:00,0.09799809,0.069786566,0.0,0.0,0.10022483,0.016525253443317414,0.016525253443317414
2023-09-01 17:00:00+09:00,0.083150082,0.09799809,0.0,0.0,0.11061936,0.0,0.0
2023-09-01 18:00:00+09:00,0.014105762,0.083150082,0.0,0.0,0.069786566,0.0,0.0
2023-09-01 19:00:00+09:00,0.0,0.014105762,0.0,0.0,0.09799809,0.0,0.0
2023-09-01 20:00:00+09:00,0.0,0.0,0.0,0.0,0.083150082,0.0,0.0
2023-09-01 21:00:00+09:00,0.0,0.0,9.727344149723649e-05,9.727344149723649e-05,0.014105762,0.0,0.0
2023-09-01 22:00:00+09:00,0.0,0.0,0.0004540634690783918,0.0004540634690783918,0.0,0.0,0.0
2023-09-01 23:00:00+09:00,0.0,0.0,0.0004540634690783918,0.0004540634690783918,0.0,0.0010159257799386978,0.0010159257799386978
2023-09-02 00:00:00+09:00,0.0,0.0,3.557451782398857e-05,3.557451782398857e-05,0.0,0.0004099462821613997,0.0004099462821613997
2023-09-02 01:00:00+09:00,0.0,0.0,3.557451782398857e-05,3.557451782398857e-05,0.0,0.0004099462821613997,0.0004099462821613997
2023-09-02 02:00:00+09:00,0.0,0.0,3.557451782398857e-05,3.557451782398857e-05,0.0,0.0004099462821613997,0.0004099462821613997
2023-09-02 03:00:00+09:00,0.0,0.0,3.557451782398857e-05,3.557451782398857e-05,0.0,0.0004099462821613997,0.0004099462821613997
2023-09-02 04:00:00+09:00,0.0,0.0,3.557451782398857e-05,3.557451782398857e-05,0.0,0.0004099462821613997,0.0004099462821613997
2023-09-02 05:00:00+09:00,0.0,0.0,3.557451782398857e-05,3.557451782398857e-05,0.0,0.0004099462821613997,0.0004099462821613997
2023-09-02 06:00:00+09:00,0.0,0.0,0.0,0.0,0.0,0.00010583498806226999,0.00010583498806226999
2023-09-02 07:00:00+09:00,0.015590255,0.0,0.004951810464262962,0.004951810464262962,0.0,0.009420149028301239,0.009420149028301239
2023-09-02 08:00:00+09:00,0.078695576,0.015590255,0.05240883756459236,0.05240883756459236,0.0,0.015458919107913971,0.015458919107913971
2023-09-02 09:00:00+09:00,0.274690731,0.078695576,0.15377278934695815,0.15377278934695815,0.0,0.1712009459733963,0.1712009459733963
2023-09-02 10:00:00+09:00,0.284341988,0.274690731,0.35290677709489443,0.35290677709489443,0.015590255,0.1696628526228714,0.1696628526228714
2023-09-02 11:00:00+09:00,0.29993327,0.284341988,0.36981194171580123,0.36981194171580123,0.078695576,0.3153370575187454,0.3153370575187454
2023-09-02 12:00:00+09:00,0.415006108,0.29993327,0.38362296708681104,0.38362296708681104,0.274690731,0.3899094597807465,0.3899094597807465
2023-09-02 13:00:00+09:00,0.308100034,0.415006108,0.3419831016800003,0.3419831016800003,0.284341988,0.3382287070480232,0.3382287070480232
2023-09-02 14:00:00+09:00,0.14551213,0.308100034,0.2830235888079014,0.2830235888079014,0.29993327,0.28314099312581537,0.28314099312581537
2023-09-02 15:00:00+09:00,0.090573573,0.14551213,0.10050774727046966,0.10050774727046966,0.415006108,0.2912735337159233,0.2912735337159233
2023-09-02 16:00:00+09:00,0.031923784,0.090573573,0.0,0.0,0.308100034,0.2004556250587311,0.2004556250587311
2023-09-02 17:00:00+09:00,0.034150523,0.031923784,0.0,0.0,0.14551213,0.0,0.0
2023-09-02 18:00:00+09:00,0.02153028,0.034150523,0.0,0.0,0.090573573,0.0,0.0
2023-09-02 19:00:00+09:00,0.000742246,0.02153028,0.0,0.0,0.031923784,0.0,0.0
2023-09-02 20:00:00+09:00,0.0,0.000742246,0.0,0.0,0.034150523,0.0,0.0
2023-09-02 21:00:00+09:00,0.0,0.0,0.00158321566414088,0.00158321566414088,0.02153028,0.0,0.0
2023-09-02 22:00:00+09:00,0.0,0.0,0.001940005226060748,0.001940005226060748,0.000742246,0.0,0.0
2023-09-02 23:00:00+09:00,0.0,0.0,0.001940005226060748,0.001940005226060748,0.0,0.00469221081584692,0.00469221081584692
2023-09-03 00:00:00+09:00,0.0,0.0,0.00016504706582054496,0.00016504706582054496,0.0,0.0006584727088920772,0.0006584727088920772
2023-09-03 01:00:00+09:00,0.0,0.0,0.00016504706582054496,0.00016504706582054496,0.0,0.0006584727088920772,0.0006584727088920772
2023-09-03 02:00:00+09:00,0.0,0.0,0.00016504706582054496,0.00016504706582054496,0.0,0.0006584727088920772,0.0006584727088920772
2023-09-03 03:00:00+09:00,0.0,0.0,0.00016504706582054496,0.00016504706582054496,0.0,0.0006584727088920772,0.0006584727088920772
2023-09-03 04:00:00+09:00,0.0,0.0,0.00016504706582054496,0.00016504706582054496,0.0,0.0006584727088920772,0.0006584727088920772
2023-09-03 05:00:00+09:00,0.0,0.0,0.00016504706582054496,0.00016504706582054496,0.0,0.0006584727088920772,0.0006584727088920772
2023-09-03 06:00:00+09:00,0.0,0.0,1.100741428672336e-05,1.100741428672336e-05,0.0,0.0005449269665405154,0.0005449269665405154
2023-09-03 07:00:00+09:00,0.03489277,0.0,0.015241054818034172,0.015241054818034172,0.0,0.0244340430945158,0.0244340430945158
2023-09-03 08:00:00+09:00,0.15664788,0.03489277,0.08024087036420821,0.08024087036420821,0.0,0.04931999742984772,0.04931999742984772
2023-09-03 09:00:00+09:00,0.314039032,0.15664788,0.26420682333124157,0.26420682333124157,0.0,0.2745923101902008,0.2745923101902008
2023-09-03 10:00:00+09:00,0.47662591,0.314039032,0.42684786303609085,0.42684786303609085,0.03489277,0.34539160365631105,0.34539160365631105
2023-09-03 11:00:00+09:00,0.489989426,0.47662591,0.5499862339059448,0.5499862339059448,0.15664788,0.5026651214779663,0.5026651214779663
2023-09-03 12:00:00+09:00,0.504095188,0.489989426,0.4850496500860462,0.4850496500860462,0.314039032,0.5249088956293411,0.5249088956293411
2023-09-03 13:00:00+09:00,0.486277167,0.504095188,0.48389870546082303,0.48389870546082303,0.47662591,0.5918321739594078,0.5918321739594078
2023-09-03 14:00:00+09:00,0.536018972,0.486277167,0.39537512908143235,0.39537512908143235,0.489989426,0.43066731469142533,0.43066731469142533
2023-09-03 15:00:00+09:00,0.337053805,0.536018972,0.4061127050722809,0.4061127050722809,0.504095188,0.3453335376761322,0.3453335376761322
2023-09-03 16:00:00+09:00,0.2197532,0.337053805,0.3172019546542692,0.3172019546542692,0.486277167,0.312037784852211,0.312037784852211
2023-09-03 17:00:00+09:00,0.263554981,0.2197532,0.1329142691547394,0.1329142691547394,0.536018972,0.23221734603297428,0.23221734603297428
2023-09-03 18:00:00+09:00,0.124725122,0.263554981,0.1605875250168381,0.1605875250168381,0.337053805,0.09956605673473357,0.09956605673473357
2023-09-03 19:00:00+09:00,0.014105762,0.124725122,0.08429275080086898,0.08429275080086898,0.2197532,0.05184228140659333,0.05184228140659333
2023-09-03 20:00:00+09:00,0.0,0.014105762,0.004308590310430051,0.004308590310430051,0.263554981,0.08859603667932131,0.08859603667932131
2023-09-03 21:00:00+09:00,0.0,0.0,0.0,0.0,0.124725122,0.03716925158621978,0.03716925158621978
2023-09-03 22:00:00+09:00,0.0,0.0,0.0,0.0,0.014105762,0.0020022109325881013,0.0020022109325881013
2023-09-03 23:00:00+09:00,0.0,0.0,0.0,0.0,0.0,0.0,0.0
2023-09-04 00:00:00+09:00,0.0,0.0,0.0008503361023031175,0.0008503361023031175,0.0,0.0005837422213517129,0.0005837422213517129
2023-09-04 01:00:00+09:00,0.0,0.0,0.0008503361023031175,0.0008503361023031175,0.0,0.0005837422213517129,0.0005837422213517129
2023-09-04 02:00:00+09:00,0.0,0.0,0.0008503361023031175,0.0008503361023031175,0.0,0.0005837422213517129,0.0005837422213517129
2023-09-04 03:00:00+09:00,0.0,0.0,0.0008503361023031175,0.0008503361023031175,0.0,0.0005837422213517129,0.0005837422213517129
2023-09-04 04:00:00+09:00,0.0,0.0,0.0008503361023031175,0.0008503361023031175,0.0,0.0005837422213517129,0.0005837422213517129
2023-09-04 05:00:00+09:00,0.0,0.0,0.0008503361023031175,0.0008503361023031175,0.0,0.0005837422213517129,0.0005837422213517129
2023-09-04 06:00:00+09:00,0.0,0.0,0.0009504095069132745,0.0009504095069132745,0.0,0.0002028861636063084,0.0002028861636063084
2023-09-04 07:00:00+09:00,0.029696018,0.0,0.010954447090625763,0.010954447090625763,0.0,0.0,0.0
2023-09-04 08:00:00+09:00,0.161102385,0.029696018,0.09016118993317414,0.09016118993317414,0.0,0.07069320231676102,0.07069320231676102
2023-09-04 09:00:00+09:00,0.337796052,0.161102385,0.33691124685169216,0.33691124685169216,0.0,0.2578965723514557,0.2578965723514557
2023-09-04 10:00:00+09:00,0.495928424,0.337796052,0.46897070576853944,0.46897070576853944,0.029696018,0.40452221085583495,0.40452221085583495
2023-09-04 11:00:00+09:00,0.499640683,0.495928424,0.5682971948377837,0.5682971948377837,0.161102385,0.559420198873291,0.559420198873291
2023-09-04 12:00:00+09:00,0.355614073,0.499640683,0.5037987048821764,0.5037987048821764,0.337796052,0.5737569378823777,0.5737569378823777
2023-09-04 13:00:00+09:00,0.559033745,0.355614073,0.42561514618162916,0.42561514618162916,0.495928424,0.6486990922682037,0.6486990922682037
2023-09-04 14:00:00+09:00,0.414263862,0.559033745,0.4629591489525986,0.4629591489525986,0.499640683,0.42571865982285306,0.42571865982285306
2023-09-04 15:00:00+09:00,0.501868449,0.414263862,0.3850907336931343,0.3850907336931343,0.355614073,0.36018084304694936,0.36018084304694936
2023-09-04 16:00:00+09:00,0.426885131,0.501868449,0.41519024207937627,0.41519024207937627,0.559033745,0.4049098575802994,0.4049098575802994
2023-09-04 17:00:00+09:00,0.157390126,0.426885131,0.27883836924882505,0.27883836924882505,0.414263862,0.1601674433808441,0.1601674433808441
2023-09-04 18:00:00+09:00,0.118785098,0.157390126,0.0907833138209114,0.0907833138209114,0.501868449,0.2040930314337006,0.2040930314337006
2023-09-04 19:00:00+09:00,0.005938998,0.118785098,0.032495535715053564,0.032495535715053564,0.426885131,0.09018934070916745,0.09018934070916745
2023-09-04 20:00:00+09:00,0.0,0.005938998,0.0,0.0,0.157390126,0.0,0.0
2023-09-04 21:00:00+09:00,0.0,0.0,0.0,0.0,0.118785098,0.015678770645092016,0.015678770645092016
2023-09-04 22:00:00+09:00,0.0,0.0,0.0,0.0,0.005938998,0.0,0.0
2023-09-04 23:00:00+09:00,0.0,0.0,0.0,0.0,0.0,0.0,0.0
2023-09-05 00:00:00+09:00,0.0,0.0,0.000509807257913053,0.000509807257913053,0.0,0.00012237545161042362,0.00012237545161042362
2023-09-05 01:00:00+09:00,0.0,0.0,0.000509807257913053,0.000509807257913053,0.0,0.00012237545161042362,0.00012237545161042362
2023-09-05 02:00:00+09:00,0.0,0.0,0.000509807257913053,0.000509807257913053,0.0,0.00012237545161042362,0.00012237545161042362
2023-09-05 03:00:00+09:00,0.0,0.0,0.000509807257913053,0.000509807257913053,0.0,0.00012237545161042362,0.00012237545161042362
2023-09-05 04:00:00+09:00,0.0,0.0,0.000509807257913053,0.000509807257913053,0.0,0.00012237545161042362,0.00012237545161042362
2023-09-05 05:00:00+09:00,0.0,0.0,0.000509807257913053,0.000509807257913053,0.0,0.00012237545161042362,0.00012237545161042362
2023-09-05 06:00:00+09:00,0.0,0.0,0.0005592000088654459,0.0005592000088654459,0.0,0.0,0.0
2023-09-05 07:00:00+09:00,0.029696018,0.0,0.013270205818116665,0.013270205818116665,0.0,0.0,0.0
2023-09-05 08:00:00+09:00,0.16555689,0.029696018,0.10190405001198578,0.10190405001198578,0.0,0.07215678691864014,0.07215678691864014
2023-09-05 09:00:00+09:00,0.338538298,0.16555689,0.3087810399423981,0.3087810399423981,0.0,0.3074277937412262,0.3074277937412262
2023-09-05 10:00:00+09:00,0.507065201,0.338538298,0.47137851415982057,0.47137851415982057,0.029696018,0.3763669734195404,0.3763669734195404
2023-09-05 11:00:00+09:00,0.609517796,0.507065201,0.5806326137936363,0.5806326137936363,0.16555689,0.501678270329132,0.501678270329132
2023-09-05 12:00:00+09:00,0.64366832,0.609517796,0.5986387394717894,0.5986387394717894,0.338538298,0.5746394783150177,0.5746394783150177
2023-09-05 13:00:00+09:00,0.658516328,0.64366832,0.6007103025613498,0.6007103025613498,0.507065201,0.4949390960937986,0.4949390960937986
2023-09-05 14:00:00+09:00,0.646638332,0.658516328,0.6302208706368714,0.6302208706368714,0.609517796,0.6349910442135296,0.6349910442135296
2023-09-05 15:00:00+09:00,0.570911741,0.646638332,0.5852443446125812,0.5852443446125812,0.64366832,0.526604276120491,0.526604276120491
2023-09-05 16:00:00+09:00,0.356356319,0.570911741,0.5036710259731445,0.5036710259731445,0.658516328,0.5061472758282929,0.5061472758282929
2023-09-05 17:00:00+09:00,0.257615982,0.356356319,0.22138398509191892,0.22138398509191892,0.646638332,0.3806719761993713,0.3806719761993713
2023-09-05 18:00:00+09:00,0.131406367,0.257615982,0.1412236824671097,0.1412236824671097,0.570911741,0.3022540566738281,0.3022540566738281
2023-09-05 19:00:00+09:00,0.013363516,0.131406367,0.03398560005034637,0.03398560005034637,0.356356319,0.12707945327925108,0.12707945327925108
2023-09-05 20:00:00+09:00,0.0,0.013363516,0.004628779408422471,0.004628779408422471,0.257615982,0.08301012069380953,0.08301012069380953
2023-09-05 21:00:00+09:00,0.0,0.0,0.0,0.0,0.131406367,0.040723093028919216,0.040723093028919216
2023-09-05 22:00:00+09:00,0.0,0.0,0.0,0.0,0.013363516,0.0025953744024906165,0.0025953744024906165
2023-09-05 23:00:00+09:00,0.0,0.0,0.0,0.0,0.0,0.0,0.0
2023-09-06 00:00:00+09:00,0.0,0.0,0.0,0.0,0.0,0.0,0.0
2023-09-06 01:00:00+09:00,0.0,0.0,0.0,0.0,0.0,0.0,0.0
2023-09-06 02:00:00+09:00,0.0,0.0,0.0,0.0,0.0,0.0,0.0
2023-09-06 03:00:00+09:00,0.0,0.0,0.0,0.0,0.0,0.0,0.0
2023-09-06 04:00:00+09:00,0.0,0.0,0.0,0.0,0.0,0.0,0.0
2023-09-06 05:00:00+09:00,0.0,0.0,0.0,0.0,0.0,0.0,0.0
2023-09-06 06:00:00+09:00,0.0,0.0,0.0,0.0,0.0,0.0,0.0
2023-09-06 07:00:00+09:00,0.028953771,0.0,0.008234243839979172,0.008234243839979172,0.0,0.0,0.0
2023-09-06 08:00:00+09:00,0.161844631,0.028953771,0.1417856839347801,0.1417856839347801,0.0,0.13728642463684082,0.13728642463684082
2023-09-06 09:00:00+09:00,0.30884228,0.161844631,0.28492586807771303,0.28492586807771303,0.0,0.28581225872039795,0.28581225872039795
2023-09-06 10:00:00+09:00,0.313296786,0.30884228,0.38963869312360766,0.38963869312360766,0.028953771,0.2323635619927368,0.2323635619927368
2023-09-06 11:00:00+09:00,0.287312,0.313296786,0.37940062438415145,0.37940062438415145,0.161844631,0.5050290425257263,0.5050290425257263
2023-09-06 12:00:00+09:00,0.506322954,0.287312,0.3685970669026375,0.3685970669026375,0.30884228,0.47477186569526675,0.47477186569526675
2023-09-06 13:00:00+09:00,0.45435441,0.506322954,0.580203090013031,0.580203090013031,0.313296786,0.5030430764453278,0.5030430764453278
2023-09-06 14:00:00+09:00,0.645895059,0.45435441,0.488769301153574,0.488769301153574,0.287312,0.4083677892918587,0.4083677892918587
2023-09-06 15:00:00+09:00,0.566457236,0.645895059,0.4960470150813904,0.4960470150813904,0.506322954,0.40748834997511296,0.40748834997511296
2023-09-06 16:00:00+09:00,0.461035655,0.566457236,0.5108839290222511,0.5108839290222511,0.45435441,0.3236183421088791,0.3236183421088791
2023-09-06 17:00:00+09:00,0.307356761,0.461035655,0.36549852893569945,0.36549852893569945,0.645895059,0.41426436115358733,0.41426436115358733
2023-09-06 18:00:00+09:00,0.123239603,0.307356761,0.21268916239484403,0.21268916239484403,0.566457236,0.30706589836686704,0.30706589836686704
2023-09-06 19:00:00+09:00,0.014105762,0.123239603,0.054825510936096195,0.054825510936096195,0.461035655,0.18114720390060424,0.18114720390060424
2023-09-06 20:00:00+09:00,0.0,0.014105762,0.007251876517003299,0.007251876517003299,0.307356761,0.14912638177617643,0.14912638177617643
2023-09-06 21:00:00+09:00,0.0,0.0,8.495662041241303e-05,8.495662041241303e-05,0.123239603,0.060418997066333774,0.060418997066333774
2023-09-06 22:00:00+09:00,0.0,0.0,0.0006332665216177702,0.0006332665216177702,0.014105762,0.01043744419588697,0.01043744419588697
2023-09-06 23:00:00+09:00,0.0,0.0,0.0006332665216177702,0.0006332665216177702,0.0,0.004515941720455885,0.004515941720455885
2023-09-07 00:00:00+09:00,0.0,0.0,0.0,0.0,0.0,0.0,0.0
2023-09-07 01:00:00+09:00,0.0,0.0,0.0,0.0,0.0,0.0,0.0
2023-09-07 02:00:00+09:00,0.0,0.0,0.0,0.0,0.0,0.0,0.0
2023-09-07 03:00:00+09:00,0.0,0.0,0.0,0.0,0.0,0.0,0.0
2023-09-07 04:00:00+09:00,0.0,0.0,0.0,0.0,0.0,0.0,0.0
2023-09-07 05:00:00+09:00,0.0,0.0,0.0,0.0,0.0,0.0,0.0
2023-09-07 06:00:00+09:00,0.0,0.0,0.0,0.0,0.0,0.0,0.0
2023-09-07 07:00:00+09:00,0.030438264,0.0,0.00878388062119484,0.00878388062119484,0.0,0.0,0.0
2023-09-07 08:00:00+09:00,0.170011395,0.030438264,0.09398539094883346,0.09398539094883346,0.0,0.04771661013364792,0.04771661013364792
2023-09-07 09:00:00+09:00,0.351901814,0.170011395,0.29821855702259065,0.29821855702259065,0.0,0.281255841255188,0.281255841255188
2023-09-07 10:00:00+09:00,0.50929194,0.351901814,0.45290224219976805,0.45290224219976805,0.030438264,0.3177334266777649,0.3177334266777649
2023-09-07 11:00:00+09:00,0.611002289,0.50929194,0.48543926570946216,0.48543926570946216,0.170011395,0.3771681872830582,0.3771681872830582
2023-09-07 12:00:00+09:00,0.671879844,0.611002289,0.6230101904450311,0.6230101904450311,0.351901814,0.4809105243843689,0.4809105243843689
2023-09-07 13:00:00+09:00,0.558291499,0.671879844,0.6947491738995495,0.6947491738995495,0.50929194,0.6265046378635788,0.6265046378635788
2023-09-07 14:00:00+09:00,0.493701685,0.558291499,0.5622871601581146,0.5622871601581146,0.611002289,0.685158930960144,0.685158930960144
2023-09-07 15:00:00+09:00,0.419460614,0.493701685,0.43496153109127045,0.43496153109127045,0.671879844,0.5720983754893723,0.5720983754893723
2023-09-07 16:00:00+09:00,0.394961348,0.419460614,0.3202577128750458,0.3202577128750458,0.558291499,0.41863294361154935,0.41863294361154935
2023-09-07 17:00:00+09:00,0.263554981,0.394961348,0.28993232381624984,0.28993232381624984,0.493701685,0.3007184451108551,0.3007184451108551
2023-09-07 18:00:00+09:00,0.120270617,0.263554981,0.08917771840768435,0.08917771840768435,0.419460614,0.14824425128523255,0.14824425128523255
2023-09-07 19:00:00+09:00,0.014105762,0.120270617,0.04654253243579101,0.04654253243579101,0.394961348,0.10029604119343566,0.10029604119343566
2023-09-07 20:00:00+09:00,0.0,0.014105762,0.008226243424033643,0.008226243424033643,0.263554981,0.11585581863599398,0.11585581863599398
2023-09-07 21:00:00+09:00,0.0,0.0,0.0003140383632853627,0.0003140383632853627,0.120270617,0.05496139048709106,0.05496139048709106
2023-09-07 22:00:00+09:00,0.0,0.0,0.0009042182937264442,0.0009042182937264442,0.014105762,0.01171397382280779,0.01171397382280779
2023-09-07 23:00:00+09:00,0.0,0.0,0.0009042182937264442,0.0009042182937264442,0.0,0.005035600159317255,0.005035600159317255
2023-09-08 00:00:00+09:00,0.0,0.0,6.12372241448611e-05,6.12372241448611e-05,0.0,0.0006738619995303452,0.0006738619995303452
2023-09-08 01:00:00+09:00,0.0,0.0,6.12372241448611e-05,6.12372241448611e-05,0.0,0.0006738619995303452,0.0006738619995303452
2023-09-08 02:00:00+09:00,0.0,0.0,6.12372241448611e-05,6.12372241448611e-05,0.0,0.0006738619995303452,0.0006738619995303452
2023-09-08 03:00:00+09:00,0.0,0.0,6.12372241448611e-05,6.12372241448611e-05,0.0,0.0006738619995303452,0.0006738619995303452
2023-09-08 04:00:00+09:00,0.0,0.0,6.12372241448611e-05,6.12372241448611e-05,0.0,0.0006738619995303452,0.0006738619995303452
2023-09-08 05:00:00+09:00,0.0,0.0,6.12372241448611e-05,6.12372241448611e-05,0.0,0.0006738619995303452,0.0006738619995303452
2023-09-08 06:00:00+09:00,0.0,0.0,0.0,0.0,0.0,8.392658492084593e-05,8.392658492084593e-05
2023-09-08 07:00:00+09:00,0.03266603,0.0,0.018694782629609108,0.018694782629609108,0.0,0.000450006453320384,0.000450006453320384
2023-09-08 08:00:00+09:00,0.16555689,0.03266603,0.1674031043751526,0.1674031043751526,0.0,0.16862596571445465,0.16862596571445465
2023-09-08 09:00:00+09:00,0.354128553,0.16555689,0.33012138031829835,0.33012138031829835,0.0,0.3005577027797699,0.3005577027797699
2023-09-08 10:00:00+09:00,0.459551162,0.354128553,0.42969865950634767,0.42969865950634767,0.03266603,0.31169635302856447,0.31169635302856447
2023-09-08 11:00:00+09:00,0.43282413,0.459551162,0.5020370212450619,0.5020370212450619,0.16555689,0.5262851538549804,0.5262851538549804
2023-09-08 12:00:00+09:00,0.59838102,0.43282413,0.47094955185187337,0.47094955185187337,0.354128553,0.5261258468299179,0.5261258468299179
2023-09-08 13:00:00+09:00,0.625108052,0.59838102,0.5906079037690354,0.5906079037690354,0.459551162,0.4795693223431702,0.4795693223431702
2023-09-08 14:00:00+09:00,0.599123266,0.625108052,0.582618284925415,0.582618284925415,0.43282413,0.4395674167363095,0.4395674167363095
2023-09-08 15:00:00+09:00,0.574624,0.599123266,0.5343183543865356,0.5343183543865356,0.59838102,0.4854548944735718,0.4854548944735718
2023-09-08 16:00:00+09:00,0.440990894,0.574624,0.5019039268364907,0.5019039268364907,0.625108052,0.4852524287547607,0.4852524287547607
2023-09-08 17:00:00+09:00,0.279888509,0.440990894,0.3298160944981041,0.3298160944981041,0.599123266,0.3491131034080658,0.3491131034080658
2023-09-08 18:00:00+09:00,0.115816112,0.279888509,0.11240261622732545,0.11240261622732545,0.574624,0.2525366524925232,0.2525366524925232
2023-09-08 19:00:00+09:00,0.010393504,0.115816112,0.04684893353606415,0.04684893353606415,0.440990894,0.14142301575369265,0.14142301575369265
2023-09-08 20:00:00+09:00,0.0,0.010393504,0.0037336674916663166,0.0037336674916663166,0.279888509,0.12168106266325379,0.12168106266325379
2023-09-08 21:00:00+09:00,0.0,0.0,9.727344149723649e-05,9.727344149723649e-05,0.115816112,0.05022203488970947,0.05022203488970947
2023-09-08 22:00:00+09:00,0.0,0.0,0.0004540634690783918,0.0004540634690783918,0.010393504,0.002594200840882301,0.002594200840882301
2023-09-08 23:00:00+09:00,0.0,0.0,0.0004540634690783918,0.0004540634690783918,0.0,0.0010159257799386978,0.0010159257799386978
2023-09-09 00:00:00+09:00,0.0,0.0,3.557451782398857e-05,3.557451782398857e-05,0.0,0.0004099462821613997,0.0004099462821613997
2023-09-09 01:00:00+09:00,0.0,0.0,3.557451782398857e-05,3.557451782398857e-05,0.0,0.0004099462821613997,0.0004099462821613997
2023-09-09 02:00:00+09:00,0.0,0.0,3.557451782398857e-05,3.557451782398857e-05,0.0,0.0004099462821613997,0.0004099462821613997
2023-09-09 03:00:00+09:00,0.0,0.0,3.557451782398857e-05,3.557451782398857e-05,0.0,0.0004099462821613997,0.0004099462821613997
2023-09-09 04:00:00+09:00,0.0,0.0,3.557451782398857e-05,3.557451782398857e-05,0.0,0.0004099462821613997,0.0004099462821613997
2023-09-09 05:00:00+09:00,0.0,0.0,3.557451782398857e-05,3.557451782398857e-05,0.0,0.0004099462821613997,0.0004099462821613997
2023-09-09 06:00:00+09:00,0.0,0.0,0.0,0.0,0.0,0.00010583498806226999,0.00010583498806226999
2023-09-09 07:00:00+09:00,0.028211525,0.0,0.0393485352396965,0.0393485352396965,0.0,0.021533532068133354,0.021533532068133354
2023-09-09 08:00:00+09:00,0.164072397,0.028211525,0.14570870093193056,0.14570870093193056,0.0,0.13523098826408386,0.13523098826408386
2023-09-09 09:00:00+09:00,0.345962816,0.164072397,0.31712876523177336,0.31712876523177336,0.0,0.2680239677429199,0.2680239677429199
2023-09-09 10:00:00+09:00,0.504095188,0.345962816,0.45703430575133897,0.45703430575133897,0.028211525,0.3434133439430237,0.3434133439430237
2023-09-09 11:00:00+09:00,0.591699775,0.504095188,0.5863707425377731,0.5863707425377731,0.164072397,0.5284799959723205,0.5284799959723205
2023-09-09 12:00:00+09:00,0.648865071,0.591699775,0.5690968983516932,0.5690968983516932,0.345962816,0.542382174253479,0.542382174253479
2023-09-09 13:00:00+09:00,0.625108052,0.648865071,0.647653348967833,0.647653348967833,0.504095188,0.6929979535124664,0.6929979535124664
2023-09-09 14:00:00+09:00,0.426885131,0.625108052,0.5891777015771408,0.5891777015771408,0.591699775,0.6164950781212092,0.6164950781212092
2023-09-09 15:00:00+09:00,0.392734608,0.426885131,0.3477817580089149,0.3477817580089149,0.648865071,0.5318332881344757,0.5318332881344757
2023-09-09 16:00:00+09:00,0.330371534,0.392734608,0.33576465616174506,0.33576465616174506,0.625108052,0.4682434834088821,0.4682434834088821
2023-09-09 17:00:00+09:00,0.286569754,0.330371534,0.25424000389393236,0.25424000389393236,0.426885131,0.24791918992848966,0.24791918992848966
2023-09-09 18:00:00+09:00,0.118042851,0.286569754,0.2074449903920212,0.2074449903920212,0.392734608,0.06918268496342467,0.06918268496342467
2023-09-09 19:00:00+09:00,0.010393504,0.118042851,0.04755778810279465,0.04755778810279465,0.330371534,0.015682225595077537,0.015682225595077537
2023-09-09 20:00:00+09:00,0.0,0.010393504,0.0047577423441329,0.0047577423441329,0.286569754,0.14016116630583192,0.14016116630583192
2023-09-09 21:00:00+09:00,0.0,0.0,0.00158321566414088,0.00158321566414088,0.118042851,0.06091696596043206,0.06091696596043206
2023-09-09 22:00:00+09:00,0.0,0.0,0.001940005226060748,0.001940005226060748,0.010393504,0.005842292627982139,0.005842292627982139
2023-09-09 23:00:00+09:00,0.0,0.0,0.001940005226060748,0.001940005226060748,0.0,0.00469221081584692,0.00469221081584692
2023-09-10 00:00:00+09:00,0.0,0.0,0.00016504706582054496,0.00016504706582054496,0.0,0.0006584727088920772,0.0006584727088920772
2023-09-10 01:00:00+09:00,0.0,0.0,0.00016504706582054496,0.00016504706582054496,0.0,0.0006584727088920772,0.0006584727088920772
2023-09-10 02:00:00+09:00,0.0,0.0,0.00016504706582054496,0.00016504706582054496,0.0,0.0006584727088920772,0.0006584727088920772
2023-09-10 03:00:00+09:00,0.0,0.0,0.00016504706582054496,0.00016504706582054496,0.0,0.0006584727088920772,0.0006584727088920772
2023-09-10 04:00:00+09:00,0.0,0.0,0.00016504706582054496,0.00016504706582054496,0.0,0.0006584727088920772,0.0006584727088920772
2023-09-10 05:00:00+09:00,0.0,0.0,0.00016504706582054496,0.00016504706582054496,0.0,0.0006584727088920772,0.0006584727088920772
2023-09-10 06:00:00+09:00,0.0,0.0,1.100741428672336e-05,1.100741428672336e-05,0.0,0.0005449269665405154,0.0005449269665405154
2023-09-10 07:00:00+09:00,0.02375702,0.0,0.026095649227499962,0.026095649227499962,0.0,0.04395013302564621,0.04395013302564621
2023-09-10 08:00:00+09:00,0.158875645,0.02375702,0.16288439369537352,0.16288439369537352,0.0,0.1799098551273346,0.1799098551273346
2023-09-10 09:00:00+09:00,0.3325993,0.158875645,0.3372136362376404,0.3372136362376404,0.0,0.295181006193161,0.295181006193161
2023-09-10 10:00:00+09:00,0.477369183,0.3325993,0.4373864559858322,0.4373864559858322,0.02375702,0.33778689241744997,0.33778689241744997
2023-09-10 11:00:00+09:00,0.559033745,0.477369183,0.5179369200727062,0.5179369200727062,0.158875645,0.4624108084025574,0.4624108084025574
2023-09-10 12:00:00+09:00,0.578336259,0.559033745,0.6504416698905182,0.6504416698905182,0.3325993,0.6255622981517792,0.6255622981517792
2023-09-10 13:00:00+09:00,0.469944665,0.578336259,0.6045469321534004,0.6045469321534004,0.477369183,0.6835213836988525,0.6835213836988525
2023-09-10 14:00:00+09:00,0.286569754,0.469944665,0.38986057953552244,0.38986057953552244,0.559033745,0.517244146237011,0.517244146237011
2023-09-10 15:00:00+09:00,0.252419231,0.286569754,0.1892240069463768,0.1892240069463768,0.578336259,0.40141697751730343,0.40141697751730343
2023-09-10 16:00:00+09:00,0.401642592,0.252419231,0.2544739709763018,0.2544739709763018,0.469944665,0.333201164171257,0.333201164171257
2023-09-10 17:00:00+09:00,0.223465459,0.401642592,0.2643205386867447,0.2643205386867447,0.286569754,0.06687245738058473,0.06687245738058473
2023-09-10 18:00:00+09:00,0.135118626,0.223465459,0.14034254993093873,0.14034254993093873,0.252419231,0.0,0.0
2023-09-10 19:00:00+09:00,0.005196752,0.135118626,0.049026086868358604,0.049026086868358604,0.401642592,0.06501972799205019,0.06501972799205019
2023-09-10 20:00:00+09:00,0.0,0.005196752,0.0,0.0,0.223465459,0.048506514679321294,0.048506514679321294
2023-09-10 21:00:00+09:00,0.0,0.0,0.0,0.0,0.135118626,0.04756275558621978,0.04756275558621978
2023-09-10 22:00:00+09:00,0.0,0.0,0.0,0.0,0.005196752,0.0,0.0
2023-09-10 23:00:00+09:00,0.0,0.0,0.0,0.0,0.0,0.0,0.0
2023-09-11 00:00:00+09:00,0.0,0.0,0.0008503361023031175,0.0008503361023031175,0.0,0.0005837422213517129,0.0005837422213517129
2023-09-11 01:00:00+09:00,0.0,0.0,0.0008503361023031175,0.0008503361023031175,0.0,0.0005837422213517129,0.0005837422213517129
2023-09-11 02:00:00+09:00,0.0,0.0,0.0008503361023031175,0.0008503361023031175,0.0,0.0005837422213517129,0.0005837422213517129
2023-09-11 03:00:00+09:00,0.0,0.0,0.0008503361023031175,0.0008503361023031175,0.0,0.0005837422213517129,0.0005837422213517129
2023-09-11 04:00:00+09:00,0.0,0.0,0.0008503361023031175,0.0008503361023031175,0.0,0.0005837422213517129,0.0005837422213517129
2023-09-11 05:00:00+09:00,0.0,0.0,0.0008503361023031175,0.0008503361023031175,0.0,0.0005837422213517129,0.0005837422213517129
2023-09-11 06:00:00+09:00,0.0,0.0,0.0009504095069132745,0.0009504095069132745,0.0,0.0002028861636063084,0.0002028861636063084
2023-09-11 07:00:00+09:00,0.01113575,0.0,0.02289760857820511,0.02289760857820511,0.0,0.01704179123044014,0.01704179123044014
2023-09-11 08:00:00+09:00,0.147738869,0.01113575,0.06766268286538124,0.06766268286538124,0.0,0.07445502281188965,0.07445502281188965
2023-09-11 09:00:00+09:00,0.322948043,0.147738869,0.28566073875479125,0.28566073875479125,0.0,0.3011496663093567,0.3011496663093567
2023-09-11 10:00:00+09:00,0.472171405,0.322948043,0.4568512781970673,0.4568512781970673,0.01113575,0.3510565688056946,0.3510565688056946
2023-09-11 11:00:00+09:00,0.561260484,0.472171405,0.5301432401364136,0.5301432401364136,0.147738869,0.49570425849012756,0.49570425849012756
2023-09-11 12:00:00+09:00,0.483308181,0.561260484,0.5706280188907709,0.5706280188907709,0.322948043,0.5387888445966416,0.5387888445966416
2023-09-11 13:00:00+09:00,0.636243802,0.483308181,0.5671303270580825,0.5671303270580825,0.472171405,0.629501664680748,0.629501664680748
2023-09-11 14:00:00+09:00,0.614714548,0.636243802,0.561114792216732,0.561114792216732,0.561260484,0.5634508101076658,0.5634508101076658
2023-09-11 15:00:00+09:00,0.584275257,0.614714548,0.6118571157649677,0.6118571157649677,0.483308181,0.5609387008669433,0.5609387008669433
2023-09-11 16:00:00+09:00,0.48553492,0.584275257,0.4902359435048409,0.4902359435048409,0.636243802,0.5281854984054107,0.5281854984054107
2023-09-11 17:00:00+09:00,0.318493537,0.48553492,0.3612994613279533,0.3612994613279533,0.614714548,0.34953103960385135,0.34953103960385135
2023-09-11 18:00:00+09:00,0.109876087,0.318493537,0.2175774344714279,0.2175774344714279,0.584275257,0.3722608053770371,0.3722608053770371
2023-09-11 19:00:00+09:00,0.006681245,0.109876087,0.02708278416596603,0.02708278416596603,0.48553492,0.19453276564971922,0.19453276564971922
2023-09-11 20:00:00+09:00,0.0,0.006681245,0.0,0.0,0.318493537,0.10422914414721679,0.10422914414721679
2023-09-11 21:00:00+09:00,0.0,0.0,0.0,0.0,0.109876087,0.006769759645092008,0.006769759645092008
2023-09-11 22:00:00+09:00,0.0,0.0,0.0,0.0,0.006681245,0.0,0.0
2023-09-11 23:00:00+09:00,0.0,0.0,0.0,0.0,0.0,0.0,0.0
2023-09-12 00:00:00+09:00,0.0,0.0,0.000509807257913053,0.000509807257913053,0.0,0.00012237545161042362,0.00012237545161042362
2023-09-12 01:00:00+09:00,0.0,0.0,0.000509807257913053,0.000509807257913053,0.0,0.00012237545161042362,0.00012237545161042362
2023-09-12 02:00:00+09:00,0.0,0.0,0.000509807257913053,0.000509807257913053,0.0,0.00012237545161042362,0.00012237545161042362
2023-09-12 03:00:00+09:00,0.0,0.0,0.000509807257913053,0.000509807257913053,0.0,0.00012237545161042362,0.00012237545161042362
2023-09-12 04:00:00+09:00,0.0,0.0,0.000509807257913053,0.000509807257913053,0.0,0.00012237545161042362,0.00012237545161042362
2023-09-12 05:00:00+09:00,0.0,0.0,0.000509807257913053,0.000509807257913053,0.0,0.00012237545161042362,0.00012237545161042362
2023-09-12 06:00:00+09:00,0.0,0.0,0.0005592000088654459,0.0005592000088654459,0.0,0.0,0.0
2023-09-12 07:00:00+09:00,0.018560268,0.0,0.013758966699242592,0.013758966699242592,0.0,0.0028496296145021915,0.0028496296145021915
2023-09-12 08:00:00+09:00,0.176693667,0.018560268,0.10684160889708329,0.10684160889708329,0.0,0.09488953649997711,0.09488953649997711
2023-09-12 09:00:00+09:00,0.263554981,0.176693667,0.3418930212909622,0.3418930212909622,0.0,0.28404730558395386,0.28404730558395386
2023-09-12 10:00:00+09:00,0.307356761,0.263554981,0.3831710946031151,0.3831710946031151,0.018560268,0.3577395752223663,0.3577395752223663
2023-09-12 11:00:00+09:00,0.439505374,0.307356761,0.3171497137983069,0.3171497137983069,0.176693667,0.41702749234980774,0.41702749234980774
2023-09-12 12:00:00+09:00,0.490731672,0.439505374,0.4438821803187599,0.4438821803187599,0.263554981,0.44692417050080874,0.44692417050080874
2023-09-12 13:00:00+09:00,0.482565935,0.490731672,0.5595040401330681,0.5595040401330681,0.307356761,0.42020579536899183,0.42020579536899183
2023-09-12 14:00:00+09:00,0.371204328,0.482565935,0.48327579063797876,0.48327579063797876,0.439505374,0.5183844025587311,0.5183844025587311
2023-09-12 15:00:00+09:00,0.264297227,0.371204328,0.27571145838444516,0.27571145838444516,0.490731672,0.39498439485938264,0.39498439485938264
2023-09-12 16:00:00+09:00,0.357840812,0.264297227,0.2777192784446497,0.2777192784446497,0.482565935,0.31631408189159393,0.31631408189159393
2023-09-12 17:00:00+09:00,0.213813176,0.357840812,0.2859830839359398,0.2859830839359398,0.371204328,0.17176457887833402,0.17176457887833402
2023-09-12 18:00:00+09:00,0.078695576,0.213813176,0.11170345320689773,0.11170345320689773,0.264297227,0.04545093569636538,0.04545093569636538
2023-09-12 19:00:00+09:00,0.008909011,0.078695576,0.0,0.0,0.357840812,0.057835614474975594,0.057835614474975594
2023-09-12 20:00:00+09:00,0.0,0.008909011,0.00017427440842246976,0.00017427440842246976,0.213813176,0.0392073146938095,0.0392073146938095
2023-09-12 21:00:00+09:00,0.0,0.0,0.0,0.0,0.078695576,0.0,0.0
2023-09-12 22:00:00+09:00,0.0,0.0,0.0,0.0,0.008909011,0.0,0.0
2023-09-12 23:00:00+09:00,0.0,0.0,0.0,0.0,0.0,0.0,0.0
2023-09-13 00:00:00+09:00,0.0,0.0,0.0,0.0,0.0,0.0,0.0
2023-09-13 01:00:00+09:00,0.0,0.0,0.0,0.0,0.0,0.0,0.0
2023-09-13 02:00:00+09:00,0.0,0.0,0.0,0.0,0.0,0.0,0.0
2023-09-13 03:00:00+09:00,0.0,0.0,0.0,0.0,0.0,0.0,0.0
2023-09-13 04:00:00+09:00,0.0,0.0,0.0,0.0,0.0,0.0,0.0
2023-09-13 05:00:00+09:00,0.0,0.0,0.0,0.0,0.0,0.0,0.0
2023-09-13 06:00:00+09:00,0.0,0.0,0.0,0.0,0.0,0.0,0.0
2023-09-13 07:00:00+09:00,0.009651257,0.0,0.01018985453993082,0.01018985453993082,0.0,0.010096078738570213,0.010096078738570213
2023-09-13 08:00:00+09:00,0.103937089,0.009651257,0.09628547569277954,0.09628547569277954,0.0,0.11957991123199463,0.11957991123199463
2023-09-13 09:00:00+09:00,0.138830885,0.103937089,0.19249982342506788,0.19249982342506788,0.0,0.15824905037879944,0.15824905037879944
2023-09-13 10:00:00+09:00,0.226434445,0.138830885,0.2522527870605087,0.2522527870605087,0.009651257,0.30194760700228884,0.30194760700228884
2023-09-13 11:00:00+09:00,0.30884228,0.226434445,0.33259018323451994,0.33259018323451994,0.103937089,0.4357568915226593,0.4357568915226593
2023-09-13 12:00:00+09:00,0.25464597,0.30884228,0.3105730721079919,0.3105730721079919,0.138830885,0.30661603779293056,0.30661603779293056
2023-09-13 13:00:00+09:00,0.379371092,0.25464597,0.25239415937294185,0.25239415937294185,0.226434445,0.2849322725001049,0.2849322725001049
2023-09-13 14:00:00+09:00,0.416491628,0.379371092,0.3645060195559187,0.3645060195559187,0.30884228,0.3609838570053864,0.3609838570053864
2023-09-13 15:00:00+09:00,0.27840299,0.416491628,0.3576674911467819,0.3576674911467819,0.25464597,0.22753436146494865,0.22753436146494865
2023-09-13 16:00:00+09:00,0.225692199,0.27840299,0.21116886128639223,0.21116886128639223,0.379371092,0.25099976388453676,0.25099976388453676
2023-09-13 17:00:00+09:00,0.120270617,0.225692199,0.09813015294897462,0.09813015294897462,0.416491628,0.14425805241749573,0.14425805241749573
2023-09-13 18:00:00+09:00,0.048998532,0.120270617,0.0,0.0,0.27840299,0.0,0.0
2023-09-13 19:00:00+09:00,0.001484493,0.048998532,0.0,0.0,0.225692199,0.0,0.0
2023-09-13 20:00:00+09:00,0.0,0.001484493,0.0,0.0,0.120270617,0.0,0.0
2023-09-13 21:00:00+09:00,0.0,0.0,8.495662041241303e-05,8.495662041241303e-05,0.048998532,0.0,0.0
2023-09-13 22:00:00+09:00,0.0,0.0,0.0006332665216177702,0.0006332665216177702,0.001484493,0.0,0.0
2023-09-13 23:00:00+09:00,0.0,0.0,0.0006332665216177702,0.0006332665216177702,0.0,0.004515941720455885,0.004515941720455885
2023-09-14 00:00:00+09:00,0.0,0.0,0.0,0.0,0.0,0.0,0.0
2023-09-14 01:00:00+09:00,0.0,0.0,0.0,0.0,0.0,0.0,0.0
2023-09-14 02:00:00+09:00,0.0,0.0,0.0,0.0,0.0,0.0,0.0
2023-09-14 03:00:00+09:00,0.0,0.0,0.0,0.0,0.0,0.0,0.0
2023-09-14 04:00:00+09:00,0.0,0.0,0.0,0.0,0.0,0.0,0.0
2023-09-14 05:00:00+09:00,0.0,0.0,0.0,0.0,0.0,0.0,0.0
2023-09-14 06:00:00+09:00,0.0,0.0,0.0,0.0,0.0,0.0,0.0
2023-09-14 07:00:00+09:00,0.000742246,0.0,0.008138387463986874,0.008138387463986874,0.0,0.007839128375053406,0.007839128375053406
2023-09-14 08:00:00+09:00,0.019302514,0.000742246,0.06686588802737808,0.06686588802737808,0.0,0.09054218977689743,0.09054218977689743
2023-09-14 09:00:00+09:00,0.079437823,0.019302514,0.09144706706529998,0.09144706706529998,0.0,0.15097033977508545,0.15097033977508545
2023-09-14 10:00:00+09:00,0.084634575,0.079437823,0.18424017071966936,0.18424017071966936,0.000742246,0.25886126288575745,0.25886126288575745
2023-09-14 11:00:00+09:00,0.135860872,0.084634575,0.1309135099257946,0.1309135099257946,0.019302514,0.24984913746839904,0.24984913746839904
2023-09-14 12:00:00+09:00,0.201935179,0.135860872,0.1982663725609989,0.1982663725609989,0.079437823,0.27981177062039186,0.27981177062039186
2023-09-14 13:00:00+09:00,0.253161477,0.201935179,0.24451424128303909,0.24451424128303909,0.084634575,0.2091087204720497,0.2091087204720497
2023-09-14 14:00:00+09:00,0.157390126,0.253161477,0.1901151333754082,0.1901151333754082,0.135860872,0.17453711155011367,0.17453711155011367
2023-09-14 15:00:00+09:00,0.077210057,0.157390126,0.15615850148799812,0.15615850148799812,0.201935179,0.23846117726455116,0.23846117726455116
2023-09-14 16:00:00+09:00,0.053453037,0.077210057,0.01369507930644226,0.01369507930644226,0.253161477,0.1369290445749779,0.1369290445749779
2023-09-14 17:00:00+09:00,0.062362048,0.053453037,0.0,0.0,0.157390126,0.0,0.0
2023-09-14 18:00:00+09:00,0.030438264,0.062362048,0.0,0.0,0.077210057,0.0,0.0
2023-09-14 19:00:00+09:00,0.000742246,0.030438264,0.0,0.0,0.053453037,0.0,0.0
2023-09-14 20:00:00+09:00,0.0,0.000742246,0.0,0.0,0.062362048,0.0,0.0
2023-09-14 21:00:00+09:00,0.0,0.0,0.0003140383632853627,0.0003140383632853627,0.030438264,0.0,0.0
2023-09-14 22:00:00+09:00,0.0,0.0,0.0009042182937264442,0.0009042182937264442,0.000742246,0.0,0.0
2023-09-14 23:00:00+09:00,0.0,0.0,0.0009042182937264442,0.0009042182937264442,0.0,0.005035600159317255,0.005035600159317255
2023-09-15 00:00:00+09:00,0.0,0.0,6.12372241448611e-05,6.12372241448611e-05,0.0,0.0006738619995303452,0.0006738619995303452
2023-09-15 01:00:00+09:00,0.0,0.0,6.12372241448611e-05,6.12372241448611e-05,0.0,0.0006738619995303452,0.0006738619995303452
2023-09-15 02:00:00+09:00,0.0,0.0,6.12372241448611e-05,6.12372241448611e-05,0.0,0.0006738619995303452,0.0006738619995303452
2023-09-15 03:00:00+09:00,0.0,0.0,6.12372241448611e-05,6.12372241448611e-05,0.0,0.0006738619995303452,0.0006738619995303452
2023-09-15 04:00:00+09:00,0.0,0.0,6.12372241448611e-05,6.12372241448611e-05,0.0,0.0006738619995303452,0.0006738619995303452
2023-09-15 05:00:00+09:00,0.0,0.0,6.12372241448611e-05,6.12372241448611e-05,0.0,0.0006738619995303452,0.0006738619995303452
2023-09-15 06:00:00+09:00,0.0,0.0,0.0,0.0,0.0,8.392658492084593e-05,8.392658492084593e-05
2023-09-15 07:00:00+09:00,0.007424518,0.0,0.011594525538384914,0.011594525538384914,0.0,0.02668440341949463,0.02668440341949463
2023-09-15 08:00:00+09:00,0.092059092,0.007424518,0.06600881321322251,0.06600881321322251,0.0,0.05420442670583725,0.05420442670583725
2023-09-15 09:00:00+09:00,0.175208147,0.092059092,0.17311290778207017,0.17311290778207017,0.0,0.1416751891374588,0.1416751891374588
2023-09-15 10:00:00+09:00,0.150708881,0.175208147,0.27603781534306715,0.27603781534306715,0.007424518,0.2556450511325531,0.2556450511325531
2023-09-15 11:00:00+09:00,0.131406367,0.150708881,0.14636501416372036,0.14636501416372036,0.092059092,0.290884496047966,0.290884496047966
2023-09-15 12:00:00+09:00,0.122497356,0.131406367,0.16326605173553657,0.16326605173553657,0.175208147,0.39689421219699095,0.39689421219699095
2023-09-15 13:00:00+09:00,0.170753642,0.122497356,0.1555096232021389,0.1555096232021389,0.150708881,0.2540596470031319,0.2540596470031319
2023-09-15 14:00:00+09:00,0.342992803,0.170753642,0.15099610669140054,0.15099610669140054,0.131406367,0.12083963229115438,0.12083963229115438
2023-09-15 15:00:00+09:00,0.149966635,0.342992803,0.25491872980454255,0.25491872980454255,0.122497356,0.03853980309014893,0.03853980309014893
2023-09-15 16:00:00+09:00,0.117300605,0.149966635,0.11154774595428466,0.11154774595428466,0.170753642,0.06494997350100709,0.06494997350100709
2023-09-15 17:00:00+09:00,0.038605028,0.117300605,0.021216636122207644,0.021216636122207644,0.342992803,0.08230807437756349,0.08230807437756349
2023-09-15 18:00:00+09:00,0.01113575,0.038605028,0.0,0.0,0.149966635,0.0,0.0
2023-09-15 19:00:00+09:00,0.0,0.01113575,0.0,0.0,0.117300605,0.0,0.0
2023-09-15 20:00:00+09:00,0.0,0.0,0.0,0.0,0.038605028,0.0,0.0
2023-09-15 21:00:00+09:00,0.0,0.0,9.727344149723649e-05,9.727344149723649e-05,0.01113575,0.0,0.0
2023-09-15 22:00:00+09:00,0.0,0.0,0.0004540634690783918,0.0004540634690783918,0.0,0.0,0.0
2023-09-15 23:00:00+09:00,0.0,0.0,0.0004540634690783918,0.0004540634690783918,0.0,0.0010159257799386978,0.0010159257799386978
2023-09-16 00:00:00+09:00,0.0,0.0,3.557451782398857e-05,3.557451782398857e-05,0.0,0.0004099462821613997,0.0004099462821613997
2023-09-16 01:00:00+09:00,0.0,0.0,3.557451782398857e-05,3.557451782398857e-05,0.0,0.0004099462821613997,0.0004099462821613997
2023-09-16 02:00:00+09:00,0.0,0.0,3.557451782398857e-05,3.557451782398857e-05,0.0,0.0004099462821613997,0.0004099462821613997
2023-09-16 03:00:00+09:00,0.0,0.0,3.557451782398857e-05,3.557451782398857e-05,0.0,0.0004099462821613997,0.0004099462821613997
2023-09-16 04:00:00+09:00,0.0,0.0,3.557451782398857e-05,3.557451782398857e-05,0.0,0.0004099462821613997,0.0004099462821613997
2023-09-16 05:00:00+09:00,0.0,0.0,3.557451782398857e-05,3.557451782398857e-05,0.0,0.0004099462821613997,0.0004099462821613997
2023-09-16 06:00:00+09:00,0.0,0.0,0.0,0.0,0.0,0.00010583498806226999,0.00010583498806226999
2023-09-16 07:00:00+09:00,0.031923784,0.0,0.011574581265449524,0.011574581265449524,0.0,0.030069898813962936,0.030069898813962936
2023-09-16 08:00:00+09:00,0.086119067,0.031923784,0.0754503030899372,0.0754503030899372,0.0,0.04869449883699417,0.04869449883699417
2023-09-16 09:00:00+09:00,0.075725564,0.086119067,0.1596312933431549,0.1596312933431549,0.0,0.1345062106847763,0.1345062106847763
2023-09-16 10:00:00+09:00,0.094285832,0.075725564,0.11333272346555137,0.11333272346555137,0.031923784,0.17220312176378633,0.17220312176378633
2023-09-16 11:00:00+09:00,0.01262127,0.094285832,0.0974715160942055,0.0974715160942055,0.086119067,0.20825101815327834,0.20825101815327834
2023-09-16 12:00:00+09:00,0.069786566,0.01262127,0.017647290109653473,0.017647290109653473,0.075725564,0.20077949130236053,0.20077949130236053
2023-09-16 13:00:00+09:00,0.031181537,0.069786566,0.05346854093255138,0.05346854093255138,0.094285832,0.13415484244845582,0.13415484244845582
2023-09-16 14:00:00+09:00,0.256130463,0.031181537,0.0,0.0,0.01262127,0.106290863334198,0.106290863334198
2023-09-16 15:00:00+09:00,0.046771793,0.256130463,0.1546650142628555,0.1546650142628555,0.069786566,0.023651755105272287,0.023651755105272287
2023-09-16 16:00:00+09:00,0.018560268,0.046771793,0.0,0.0,0.031181537,0.0,0.0
2023-09-16 17:00:00+09:00,0.01113575,0.018560268,0.0,0.0,0.256130463,0.04202110182827756,0.04202110182827756
2023-09-16 18:00:00+09:00,0.0,0.01113575,0.0,0.0,0.046771793,0.0,0.0
2023-09-16 19:00:00+09:00,0.0,0.0,0.0,0.0,0.018560268,0.0,0.0
2023-09-16 20:00:00+09:00,0.0,0.0,0.0,0.0,0.01113575,0.0,0.0
2023-09-16 21:00:00+09:00,0.0,0.0,0.00158321566414088,0.00158321566414088,0.0,0.0,0.0
2023-09-16 22:00:00+09:00,0.0,0.0,0.001940005226060748,0.001940005226060748,0.0,0.0,0.0
2023-09-16 23:00:00+09:00,0.0,0.0,0.001940005226060748,0.001940005226060748,0.0,0.00469221081584692,0.00469221081584692
2023-09-17 00:00:00+09:00,0.0,0.0,0.00016504706582054496,0.00016504706582054496,0.0,0.0006584727088920772,0.0006584727088920772
2023-09-17 01:00:00+09:00,0.0,0.0,0.00016504706582054496,0.00016504706582054496,0.0,0.0006584727088920772,0.0006584727088920772
2023-09-17 02:00:00+09:00,0.0,0.0,0.00016504706582054496,0.00016504706582054496,0.0,0.0006584727088920772,0.0006584727088920772
2023-09-17 03:00:00+09:00,0.0,0.0,0.00016504706582054496,0.00016504706582054496,0.0,0.0006584727088920772,0.0006584727088920772
2023-09-17 04:00:00+09:00,0.0,0.0,0.00016504706582054496,0.00016504706582054496,0.0,0.0006584727088920772,0.0006584727088920772
2023-09-17 05:00:00+09:00,0.0,0.0,0.00016504706582054496,0.00016504706582054496,0.0,0.0006584727088920772,0.0006584727088920772
2023-09-17 06:00:00+09:00,0.0,0.0,1.100741428672336e-05,1.100741428672336e-05,0.0,0.0005449269665405154,0.0005449269665405154
2023-09-17 07:00:00+09:00,0.0,0.0,0.03885859251022339,0.03885859251022339,0.0,0.010301860049366951,0.010301860049366951
2023-09-17 08:00:00+09:00,0.000742246,0.0,0.05921676754951477,0.05921676754951477,0.0,0.06879481673240662,0.06879481673240662
2023-09-17 09:00:00+09:00,0.003712259,0.000742246,0.09527100303573227,0.09527100303573227,0.0,0.18217620253562927,0.18217620253562927
2023-09-17 10:00:00+09:00,0.10022483,0.003712259,0.11810211068933868,0.11810211068933868,0.0,0.3132531940937042,0.3132531940937042
2023-09-17 11:00:00+09:00,0.094285832,0.10022483,0.1243677379324007,0.1243677379324007,0.000742246,0.18455659279031372,0.18455659279031372
2023-09-17 12:00:00+09:00,0.304387775,0.094285832,0.21912639702580644,0.21912639702580644,0.003712259,0.2719258589202728,0.2719258589202728
2023-09-17 13:00:00+09:00,0.196738427,0.304387775,0.2906211677303553,0.2906211677303553,0.10022483,0.07378731833239079,0.07378731833239079
2023-09-17 14:00:00+09:00,0.039347275,0.196738427,0.16012355448479842,0.16012355448479842,0.094285832,0.13996116558931543,0.13996116558931543
2023-09-17 15:00:00+09:00,0.087604587,0.039347275,0.0029704373589992533,0.0029704373589992533,0.304387775,0.1907856880983353,0.1907856880983353
2023-09-17 16:00:00+09:00,0.086861314,0.087604587,0.0652423380279417,0.0652423380279417,0.196738427,0.06123753400321197,0.06123753400321197
2023-09-17 17:00:00+09:00,0.034150523,0.086861314,0.0011990906013145397,0.0011990906013145397,0.039347275,0.0,0.0
2023-09-17 18:00:00+09:00,0.024499266,0.034150523,0.0,0.0,0.087604587,0.0,0.0
2023-09-17 19:00:00+09:00,0.000742246,0.024499266,0.0,0.0,0.086861314,0.0,0.0
2023-09-17 20:00:00+09:00,0.0,0.000742246,0.0,0.0,0.034150523,0.0,0.0
2023-09-17 21:00:00+09:00,0.0,0.0,0.0,0.0,0.024499266,0.0,0.0
2023-09-17 22:00:00+09:00,0.0,0.0,0.0,0.0,0.000742246,0.0,0.0
2023-09-17 23:00:00+09:00,0.0,0.0,0.0,0.0,0.0,0.0,0.0
2023-09-18 00:00:00+09:00,0.0,0.0,0.0008503361023031175,0.0008503361023031175,0.0,0.0005837422213517129,0.0005837422213517129
2023-09-18 01:00:00+09:00,0.0,0.0,0.0008503361023031175,0.0008503361023031175,0.0,0.0005837422213517129,0.0005837422213517129
2023-09-18 02:00:00+09:00,0.0,0.0,0.0008503361023031175,0.0008503361023031175,0.0,0.0005837422213517129,0.0005837422213517129
2023-09-18 03:00:00+09:00,0.0,0.0,0.0008503361023031175,0.0008503361023031175,0.0,0.0005837422213517129,0.0005837422213517129
2023-09-18 04:00:00+09:00,0.0,0.0,0.0008503361023031175,0.0008503361023031175,0.0,0.0005837422213517129,0.0005837422213517129
2023-09-18 05:00:00+09:00,0.0,0.0,0.0008503361023031175,0.0008503361023031175,0.0,0.0005837422213517129,0.0005837422213517129
2023-09-18 06:00:00+09:00,0.0,0.0,0.0009504095069132745,0.0009504095069132745,0.0,0.0002028861636063084,0.0002028861636063084
2023-09-18 07:00:00+09:00,0.0,0.0,0.005968503188341856,0.005968503188341856,0.0,0.009391140192747116,0.009391140192747116
2023-09-18 08:00:00+09:00,0.014105762,0.0,0.041714709252119064,0.041714709252119064,0.0,0.057078007608652115,0.057078007608652115
2023-09-18 09:00:00+09:00,0.204905192,0.014105762,0.07009858881941985,0.07009858881941985,0.0,0.11355841159820557,0.11355841159820557
2023-09-18 10:00:00+09:00,0.323690289,0.204905192,0.29637283329400255,0.29637283329400255,0.0,0.3336338400840759,0.3336338400840759
2023-09-18 11:00:00+09:00,0.38753683,0.323690289,0.37910412747594263,0.37910412747594263,0.014105762,0.3315831074666138,0.3315831074666138
2023-09-18 12:00:00+09:00,0.513746445,0.38753683,0.48970127730758667,0.48970127730758667,0.204905192,0.5469499627176209,0.5469499627176209
2023-09-18 13:00:00+09:00,0.637729321,0.513746445,0.5972550780771446,0.5972550780771446,0.323690289,0.4409529132041588,0.4409529132041588
2023-09-18 14:00:00+09:00,0.614714548,0.637729321,0.6461589237198434,0.6461589237198434,0.38753683,0.47596093147190094,0.47596093147190094
2023-09-18 15:00:00+09:00,0.538245711,0.614714548,0.6359811499797325,0.6359811499797325,0.513746445,0.47216468018276214,0.47216468018276214
2023-09-18 16:00:00+09:00,0.406840371,0.538245711,0.4908169540477142,0.4908169540477142,0.637729321,0.5162889401883087,0.5162889401883087
2023-09-18 17:00:00+09:00,0.234601209,0.406840371,0.2698209602705917,0.2698209602705917,0.614714548,0.33209313453068545,0.33209313453068545
2023-09-18 18:00:00+09:00,0.084634575,0.234601209,0.12432040466392899,0.12432040466392899,0.538245711,0.21161803928140255,0.21161803928140255
2023-09-18 19:00:00+09:00,0.003712259,0.084634575,0.04087496449608803,0.04087496449608803,0.406840371,0.20839791189355467,0.20839791189355467
2023-09-18 20:00:00+09:00,0.0,0.003712259,0.0,0.0,0.234601209,0.020336816147216802,0.020336816147216802
2023-09-18 21:00:00+09:00,0.0,0.0,0.0,0.0,0.084634575,0.0,0.0
2023-09-18 22:00:00+09:00,0.0,0.0,0.0,0.0,0.003712259,0.0,0.0
2023-09-18 23:00:00+09:00,0.0,0.0,0.0,0.0,0.0,0.0,0.0
2023-09-19 00:00:00+09:00,0.0,0.0,0.000509807257913053,0.000509807257913053,0.0,0.00012237545161042362,0.00012237545161042362
2023-09-19 01:00:00+09:00,0.0,0.0,0.000509807257913053,0.000509807257913053,0.0,0.00012237545161042362,0.00012237545161042362
2023-09-19 02:00:00+09:00,0.0,0.0,0.000509807257913053,0.000509807257913053,0.0,0.00012237545161042362,0.00012237545161042362
2023-09-19 03:00:00+09:00,0.0,0.0,0.000509807257913053,0.000509807257913053,0.0,0.00012237545161042362,0.00012237545161042362
2023-09-19 04:00:00+09:00,0.0,0.0,0.000509807257913053,0.000509807257913053,0.0,0.00012237545161042362,0.00012237545161042362
2023-09-19 05:00:00+09:00,0.0,0.0,0.000509807257913053,0.000509807257913053,0.0,0.00012237545161042362,0.00012237545161042362
2023-09-19 06:00:00+09:00,0.0,0.0,0.0005592000088654459,0.0005592000088654459,0.0,0.0,0.0
2023-09-19 07:00:00+09:00,0.02375702,0.0,0.00595760066062212,0.00595760066062212,0.0,0.008467025123536587,0.008467025123536587
2023-09-19 08:00:00+09:00,0.123981849,0.02375702,0.08871609157659531,0.08871609157659531,0.0,0.06487889587879181,0.06487889587879181
2023-09-19 09:00:00+09:00,0.291766505,0.123981849,0.2198116487713089,0.2198116487713089,0.0,0.21650312840938568,0.21650312840938568
2023-09-19 10:00:00+09:00,0.417233874,0.291766505,0.45483438229263307,0.45483438229263307,0.02375702,0.35159710979797365,0.35159710979797365
2023-09-19 11:00:00+09:00,0.503352942,0.417233874,0.49117813716022873,0.49117813716022873,0.123981849,0.4510945833177795,0.4510945833177795
2023-09-19 12:00:00+09:00,0.489247179,0.503352942,0.4782507494640036,0.4782507494640036,0.291766505,0.4429908201664734,0.4429908201664734
2023-09-19 13:00:00+09:00,0.573881754,0.489247179,0.558019547133068,0.558019547133068,0.417233874,0.5300829083689919,0.5300829083689919
2023-09-19 14:00:00+09:00,0.506322954,0.573881754,0.5745916096379787,0.5745916096379787,0.503352942,0.5822319705587311,0.5822319705587311
2023-09-19 15:00:00+09:00,0.3325993,0.506322954,0.38064745456076055,0.38064745456076055,0.489247179,0.32245611247263334,0.32245611247263334
2023-09-19 16:00:00+09:00,0.334083793,0.3325993,0.28458651066117285,0.28458651066117285,0.573881754,0.42308276267748257,0.42308276267748257
2023-09-19 17:00:00+09:00,0.230146704,0.334083793,0.23162755115391542,0.23162755115391542,0.506322954,0.26504123598432927,0.26504123598432927
2023-09-19 18:00:00+09:00,0.082407835,0.230146704,0.12329336790419007,0.12329336790419007,0.3325993,0.0068347333400726185,0.0068347333400726185
2023-09-19 19:00:00+09:00,0.0,0.082407835,0.024508352451763152,0.024508352451763152,0.334083793,0.09576831503273775,0.09576831503273775
2023-09-19 20:00:00+09:00,0.0,0.0,0.0,0.0,0.230146704,0.05554084269380952,0.05554084269380952
2023-09-19 21:00:00+09:00,0.0,0.0,0.0,0.0,0.082407835,0.0,0.0
2023-09-19 22:00:00+09:00,0.0,0.0,0.0,0.0,0.0,0.0,0.0
2023-09-19 23:00:00+09:00,0.0,0.0,0.0,0.0,0.0,0.0,0.0
2023-09-20 00:00:00+09:00,0.0,0.0,0.0,0.0,0.0,0.0,0.0
2023-09-20 01:00:00+09:00,0.0,0.0,0.0,0.0,0.0,0.0,0.0
2023-09-20 02:00:00+09:00,0.0,0.0,0.0,0.0,0.0,0.0,0.0
2023-09-20 03:00:00+09:00,0.0,0.0,0.0,0.0,0.0,0.0,0.0
2023-09-20 04:00:00+09:00,0.0,0.0,0.0,0.0,0.0,0.0,0.0
2023-09-20 05:00:00+09:00,0.0,0.0,0.0,0.0,0.0,0.0,0.0
2023-09-20 06:00:00+09:00,0.0,0.0,0.0,0.0,0.0,0.0,0.0
2023-09-20 07:00:00+09:00,0.005196752,0.0,0.015911877155303955,0.015911877155303955,0.0,0.002157824579626322,0.002157824579626322
2023-09-20 08:00:00+09:00,0.064589814,0.005196752,0.09772218947425079,0.09772218947425079,0.0,0.12140288949012756,0.12140288949012756
2023-09-20 09:00:00+09:00,0.107649348,0.064589814,0.11254191835986518,0.11254191835986518,0.0,0.1799897402524948,0.1799897402524948
2023-09-20 10:00:00+09:00,0.21084419,0.107649348,0.1847176172527771,0.1847176172527771,0.005196752,0.27627968971743777,0.27627968971743777
2023-09-20 11:00:00+09:00,0.233116716,0.21084419,0.2496688413903141,0.2496688413903141,0.064589814,0.2873750633524551,0.2873750633524551
2023-09-20 12:00:00+09:00,0.200450686,0.233116716,0.23484750810799188,0.23484750810799188,0.107649348,0.27543450079293064,0.27543450079293064
2023-09-20 13:00:00+09:00,0.181148172,0.200450686,0.22283837684215163,0.22283837684215163,0.21084419,0.2992426987275505,0.2992426987275505
2023-09-20 14:00:00+09:00,0.085376821,0.181148172,0.15903111232216072,0.15903111232216072,0.233116716,0.2209258720676694,0.2209258720676694
2023-09-20 15:00:00+09:00,0.073498825,0.085376821,0.055143974263092047,0.055143974263092047,0.200450686,0.17981545180798625,0.17981545180798625
2023-09-20 16:00:00+09:00,0.093543585,0.073498825,0.03081125991172791,0.03081125991172791,0.181148172,0.07645870057637405,0.07645870057637405
2023-09-20 17:00:00+09:00,0.046029546,0.093543585,0.0,0.0,0.085376821,0.0,0.0
2023-09-20 18:00:00+09:00,0.0,0.046029546,0.0,0.0,0.073498825,0.0,0.0
2023-09-20 19:00:00+09:00,0.0,0.0,0.0,0.0,0.093543585,0.0,0.0
2023-09-20 20:00:00+09:00,0.0,0.0,0.0,0.0,0.046029546,0.0,0.0
2023-09-20 21:00:00+09:00,0.0,0.0,8.495662041241303e-05,8.495662041241303e-05,0.0,0.0,0.0
2023-09-20 22:00:00+09:00,0.0,0.0,0.0006332665216177702,0.0006332665216177702,0.0,0.0,0.0
2023-09-20 23:00:00+09:00,0.0,0.0,0.0006332665216177702,0.0006332665216177702,0.0,0.004515941720455885,0.004515941720455885
2023-09-21 00:00:00+09:00,0.0,0.0,0.0,0.0,0.0,0.0,0.0
2023-09-21 01:00:00+09:00,0.0,0.0,0.0,0.0,0.0,0.0,0.0
2023-09-21 02:00:00+09:00,0.0,0.0,0.0,0.0,0.0,0.0,0.0
2023-09-21 03:00:00+09:00,0.0,0.0,0.0,0.0,0.0,0.0,0.0
2023-09-21 04:00:00+09:00,0.0,0.0,0.0,0.0,0.0,0.0,0.0
2023-09-21 05:00:00+09:00,0.0,0.0,0.0,0.0,0.0,0.0,0.0
2023-09-21 06:00:00+09:00,0.0,0.0,0.0,0.0,0.0,0.0,0.0
2023-09-21 07:00:00+09:00,0.0,0.0,0.007424178067594767,0.007424178067594767,0.0,0.0,0.0
2023-09-21 08:00:00+09:00,0.010393504,0.0,0.05681329965591431,0.05681329965591431,0.0,0.07157029956579208,0.07157029956579208
2023-09-21 09:00:00+09:00,0.06533206,0.010393504,0.09684725472956085,0.09684725472956085,0.0,0.19340166449546814,0.19340166449546814
2023-09-21 10:00:00+09:00,0.101710349,0.06533206,0.12224520861178398,0.12224520861178398,0.0,0.20354433357715607,0.20354433357715607
2023-09-21 11:00:00+09:00,0.160360138,0.101710349,0.1587861996655693,0.1587861996655693,0.010393504,0.2600403315785446,0.2600403315785446
2023-09-21 12:00:00+09:00,0.284341988,0.160360138,0.20809991571401407,0.20809991571401407,0.06533206,0.23833953334957123,0.23833953334957123
2023-09-21 13:00:00+09:00,0.172981408,0.284341988,0.35210350606116103,0.35210350606116103,0.101710349,0.212426200187706,0.212426200187706
2023-09-21 14:00:00+09:00,0.216783188,0.172981408,0.19488667002321053,0.19488667002321053,0.160360138,0.17982944946085264,0.17982944946085264
2023-09-21 15:00:00+09:00,0.150708881,0.216783188,0.16473292158511924,0.16473292158511924,0.284341988,0.212593701514328,0.212593701514328
2023-09-21 16:00:00+09:00,0.083150082,0.150708881,0.05730361191363906,0.05730361191363906,0.172981408,0.06537410295010376,0.06537410295010376
2023-09-21 17:00:00+09:00,0.062362048,0.083150082,0.0,0.0,0.216783188,0.024882651582038867,0.024882651582038867
2023-09-21 18:00:00+09:00,0.011879023,0.062362048,0.005439437150857929,0.005439437150857929,0.150708881,0.0,0.0
2023-09-21 19:00:00+09:00,0.0,0.011879023,0.0,0.0,0.083150082,0.0,0.0
2023-09-21 20:00:00+09:00,0.0,0.0,0.0,0.0,0.062362048,0.0,0.0
2023-09-21 21:00:00+09:00,0.0,0.0,0.0003140383632853627,0.0003140383632853627,0.011879023,0.0,0.0
2023-09-21 22:00:00+09:00,0.0,0.0,0.0009042182937264442,0.0009042182937264442,0.0,0.0,0.0
2023-09-21 23:00:00+09:00,0.0,0.0,0.0009042182937264442,0.0009042182937264442,0.0,0.005035600159317255,0.005035600159317255
2023-09-22 00:00:00+09:00,0.0,0.0,6.12372241448611e-05,6.12372241448611e-05,0.0,0.0006738619995303452,0.0006738619995303452
2023-09-22 01:00:00+09:00,0.0,0.0,6.12372241448611e-05,6.12372241448611e-05,0.0,0.0006738619995303452,0.0006738619995303452
2023-09-22 02:00:00+09:00,0.0,0.0,6.12372241448611e-05,6.12372241448611e-05,0.0,0.0006738619995303452,0.0006738619995303452
2023-09-22 03:00:00+09:00,0.0,0.0,6.12372241448611e-05,6.12372241448611e-05,0.0,0.0006738619995303452,0.0006738619995303452
2023-09-22 04:00:00+09:00,0.0,0.0,6.12372241448611e-05,6.12372241448611e-05,0.0,0.0006738619995303452,0.0006738619995303452
2023-09-22 05:00:00+09:00,0.0,0.0,6.12372241448611e-05,6.12372241448611e-05,0.0,0.0006738619995303452,0.0006738619995303452
2023-09-22 06:00:00+09:00,0.0,0.0,0.0,0.0,0.0,8.392658492084593e-05,8.392658492084593e-05
2023-09-22 07:00:00+09:00,0.013363516,0.0,0.005467277020215988,0.005467277020215988,0.0,0.009601935744285583,0.009601935744285583
2023-09-22 08:00:00+09:00,0.141057624,0.013363516,0.0837389883072052,0.0837389883072052,0.0,0.06867743283510208,0.06867743283510208
2023-09-22 09:00:00+09:00,0.329629287,0.141057624,0.22402991958229446,0.22402991958229446,0.0,0.14989686012268066,0.14989686012268066
2023-09-22 10:00:00+09:00,0.488504933,0.329629287,0.40856239932328414,0.40856239932328414,0.013363516,0.27651677098580935,0.27651677098580935
2023-09-22 11:00:00+09:00,0.307356761,0.488504933,0.4588372891698198,0.4588372891698198,0.141057624,0.2549392343339195,0.2549392343339195
2023-09-22 12:00:00+09:00,0.420946133,0.307356761,0.3579209122572765,0.3579209122572765,0.329629287,0.5077115445092315,0.5077115445092315
2023-09-22 13:00:00+09:00,0.293994271,0.420946133,0.45082113393877316,0.45082113393877316,0.488504933,0.558226765871437,0.558226765871437
2023-09-22 14:00:00+09:00,0.56571499,0.293994271,0.3405867636102161,0.3405867636102161,0.307356761,0.38023790826543424,0.38023790826543424
2023-09-22 15:00:00+09:00,0.48702044,0.56571499,0.4967334915201569,0.4967334915201569,0.420946133,0.4341793485480981,0.4341793485480981
2023-09-22 16:00:00+09:00,0.247222479,0.48702044,0.41466148902744293,0.41466148902744293,0.293994271,0.12314779384908292,0.12314779384908292
2023-09-22 17:00:00+09:00,0.097255844,0.247222479,0.15113851012220764,0.15113851012220764,0.56571499,0.3050302613775635,0.3050302613775635
2023-09-22 18:00:00+09:00,0.03266603,0.097255844,0.01315112722219848,0.01315112722219848,0.48702044,0.23398984183639526,0.23398984183639526
2023-09-22 19:00:00+09:00,0.000742246,0.03266603,0.006290993313341139,0.006290993313341139,0.247222479,0.03351072551241302,0.03351072551241302
2023-09-22 20:00:00+09:00,0.0,0.000742246,0.0,0.0,0.097255844,0.0,0.0
2023-09-22 21:00:00+09:00,0.0,0.0,9.727344149723649e-05,9.727344149723649e-05,0.03266603,0.0,0.0
2023-09-22 22:00:00+09:00,0.0,0.0,0.0004540634690783918,0.0004540634690783918,0.000742246,0.0,0.0
2023-09-22 23:00:00+09:00,0.0,0.0,0.0004540634690783918,0.0004540634690783918,0.0,0.0010159257799386978,0.0010159257799386978
2023-09-23 00:00:00+09:00,0.0,0.0,3.557451782398857e-05,3.557451782398857e-05,0.0,0.0004099462821613997,0.0004099462821613997
2023-09-23 01:00:00+09:00,0.0,0.0,3.557451782398857e-05,3.557451782398857e-05,0.0,0.0004099462821613997,0.0004099462821613997
2023-09-23 02:00:00+09:00,0.0,0.0,3.557451782398857e-05,3.557451782398857e-05,0.0,0.0004099462821613997,0.0004099462821613997
2023-09-23 03:00:00+09:00,0.0,0.0,3.557451782398857e-05,3.557451782398857e-05,0.0,0.0004099462821613997,0.0004099462821613997
2023-09-23 04:00:00+09:00,0.0,0.0,3.557451782398857e-05,3.557451782398857e-05,0.0,0.0004099462821613997,0.0004099462821613997
2023-09-23 05:00:00+09:00,0.0,0.0,3.557451782398857e-05,3.557451782398857e-05,0.0,0.0004099462821613997,0.0004099462821613997
2023-09-23 06:00:00+09:00,0.0,0.0,0.0,0.0,0.0,0.00010583498806226999,0.00010583498806226999
2023-09-23 07:00:00+09:00,0.016332502,0.0,0.0147709334269166,0.0147709334269166,0.0,0.020174046978354454,0.020174046978354454
2023-09-23 08:00:00+09:00,0.103194842,0.016332502,0.10422278427329254,0.10422278427329254,0.0,0.08098859339952469,0.08098859339952469
2023-09-23 09:00:00+09:00,0.222722186,0.103194842,0.3130160066080017,0.3130160066080017,0.0,0.3252471089363098,0.3252471089363098
2023-09-23 10:00:00+09:00,0.2420247,0.222722186,0.32844506040299987,0.32844506040299987,0.016332502,0.32396298133578494,0.32396298133578494
2023-09-23 11:00:00+09:00,0.583533011,0.2420247,0.30619234855384825,0.30619234855384825,0.103194842,0.349323952455513,0.349323952455513
2023-09-23 12:00:00+09:00,0.573881754,0.583533011,0.6254143524871693,0.6254143524871693,0.222722186,0.37098318174565886,0.37098318174565886
2023-09-23 13:00:00+09:00,0.444703153,0.573881754,0.5670293148609616,0.5670293148609616,0.2420247,0.3313113998910904,0.3313113998910904
2023-09-23 14:00:00+09:00,0.544185736,0.444703153,0.39669746033919145,0.39669746033919145,0.583533011,0.5671953555153236,0.5671953555153236
2023-09-23 15:00:00+09:00,0.3548708,0.544185736,0.5992465212637768,0.5992465212637768,0.573881754,0.6052068595777073,0.6052068595777073
2023-09-23 16:00:00+09:00,0.38753683,0.3548708,0.3000009097869873,0.3000009097869873,0.444703153,0.26125808678639223,0.26125808678639223
2023-09-23 17:00:00+09:00,0.10913384,0.38753683,0.2670857000270653,0.2670857000270653,0.544185736,0.34592888575738523,0.34592888575738523
2023-09-23 18:00:00+09:00,0.040090548,0.10913384,0.04846395963963508,0.04846395963963508,0.3548708,0.11180369935588835,0.11180369935588835
2023-09-23 19:00:00+09:00,0.000742246,0.040090548,0.017973972609899518,0.017973972609899518,0.38753683,0.2686498078623581,0.2686498078623581
2023-09-23 20:00:00+09:00,0.0,0.000742246,0.0,0.0,0.10913384,0.0,0.0
2023-09-23 21:00:00+09:00,0.0,0.0,0.00158321566414088,0.00158321566414088,0.040090548,0.0,0.0
2023-09-23 22:00:00+09:00,0.0,0.0,0.001940005226060748,0.001940005226060748,0.000742246,0.0,0.0
2023-09-23 23:00:00+09:00,0.0,0.0,0.001940005226060748,0.001940005226060748,0.0,0.00469221081584692,0.00469221081584692
2023-09-24 00:00:00+09:00,0.0,0.0,0.00016504706582054496,0.00016504706582054496,0.0,0.0006584727088920772,0.0006584727088920772
2023-09-24 01:00:00+09:00,0.0,0.0,0.00016504706582054496,0.00016504706582054496,0.0,0.0006584727088920772,0.0006584727088920772
2023-09-24 02:00:00+09:00,0.0,0.0,0.00016504706582054496,0.00016504706582054496,0.0,0.0006584727088920772,0.0006584727088920772
2023-09-24 03:00:00+09:00,0.0,0.0,0.00016504706582054496,0.00016504706582054496,0.0,0.0006584727088920772,0.0006584727088920772
2023-09-24 04:00:00+09:00,0.0,0.0,0.00016504706582054496,0.00016504706582054496,0.0,0.0006584727088920772,0.0006584727088920772
2023-09-24 05:00:00+09:00,0.0,0.0,0.00016504706582054496,0.00016504706582054496,0.0,0.0006584727088920772,0.0006584727088920772
2023-09-24 06:00:00+09:00,0.0,0.0,1.100741428672336e-05,1.100741428672336e-05,0.0,0.0005449269665405154,0.0005449269665405154
2023-09-24 07:00:00+09:00,0.01113575,0.0,0.015241054818034172,0.015241054818034172,0.0,0.0244340430945158,0.0244340430945158
2023-09-24 08:00:00+09:00,0.144027637,0.01113575,0.10514268327188492,0.10514268327188492,0.0,0.10979311913251877,0.10979311913251877
2023-09-24 09:00:00+09:00,0.317751291,0.144027637,0.24146602457276534,0.24146602457276534,0.0,0.1820170283317566,0.1820170283317566
2023-09-24 10:00:00+09:00,0.479595922,0.317751291,0.45241646727239226,0.45241646727239226,0.01113575,0.31372951764297485,0.31372951764297485
2023-09-24 11:00:00+09:00,0.57610952,0.479595922,0.5473744795389862,0.5473744795389862,0.144027637,0.4648993775796051,0.4648993775796051
2023-09-24 12:00:00+09:00,0.657031835,0.57610952,0.6371012989697648,0.6371012989697648,0.317751291,0.6112223293415222,0.6112223293415222
2023-09-24 13:00:00+09:00,0.66371308,0.657031835,0.6931673297090148,0.6931673297090148,0.479595922,0.6486285851069183,0.6486285851069183
2023-09-24 14:00:00+09:00,0.511519706,0.66371308,0.5563167381397056,0.5563167381397056,0.57610952,0.5238433655617428,0.5238433655617428
2023-09-24 15:00:00+09:00,0.418718367,0.511519706,0.471981955815464,0.471981955815464,0.657031835,0.5153843173188781,0.5153843173188781
2023-09-24 16:00:00+09:00,0.297705504,0.418718367,0.31455326743878553,0.31455326743878553,0.66371308,0.442491007160263,0.442491007160263
2023-09-24 17:00:00+09:00,0.176693667,0.297705504,0.22048132389765168,0.22048132389765168,0.511519706,0.30555470858922573,0.30555470858922573
2023-09-24 18:00:00+09:00,0.071271059,0.176693667,0.10555039001054001,0.10555039001054001,0.418718367,0.2487496874526901,0.2487496874526901
2023-09-24 19:00:00+09:00,0.000742246,0.071271059,0.030838687800868986,0.030838687800868986,0.297705504,0.12979458540659333,0.12979458540659333
2023-09-24 20:00:00+09:00,0.0,0.000742246,0.0,0.0,0.176693667,0.0017347226793212878,0.0017347226793212878
2023-09-24 21:00:00+09:00,0.0,0.0,0.0,0.0,0.071271059,0.0,0.0
2023-09-24 22:00:00+09:00,0.0,0.0,0.0,0.0,0.000742246,0.0,0.0
2023-09-24 23:00:00+09:00,0.0,0.0,0.0,0.0,0.0,0.0,0.0
2023-09-25 00:00:00+09:00,0.0,0.0,0.0008503361023031175,0.0008503361023031175,0.0,0.0005837422213517129,0.0005837422213517129
2023-09-25 01:00:00+09:00,0.0,0.0,0.0008503361023031175,0.0008503361023031175,0.0,0.0005837422213517129,0.0005837422213517129
2023-09-25 02:00:00+09:00,0.0,0.0,0.0008503361023031175,0.0008503361023031175,0.0,0.0005837422213517129,0.0005837422213517129
2023-09-25 03:00:00+09:00,0.0,0.0,0.0008503361023031175,0.0008503361023031175,0.0,0.0005837422213517129,0.0005837422213517129
2023-09-25 04:00:00+09:00,0.0,0.0,0.0008503361023031175,0.0008503361023031175,0.0,0.0005837422213517129,0.0005837422213517129
2023-09-25 05:00:00+09:00,0.0,0.0,0.0008503361023031175,0.0008503361023031175,0.0,0.0005837422213517129,0.0005837422213517129
2023-09-25 06:00:00+09:00,0.0,0.0,0.0009504095069132745,0.0009504095069132745,0.0,0.0002028861636063084,0.0002028861636063084
2023-09-25 07:00:00+09:00,0.007424518,0.0,0.015117130242288113,0.015117130242288113,0.0,0.008319885469973087,0.008319885469973087
2023-09-25 08:00:00+09:00,0.054938557,0.007424518,0.15970151079785155,0.15970151079785155,0.0,0.10716086626052856,0.10716086626052856
2023-09-25 09:00:00+09:00,0.153678894,0.054938557,0.22901870533927154,0.22901870533927154,0.0,0.27598315477371216,0.27598315477371216
2023-09-25 10:00:00+09:00,0.371946575,0.153678894,0.28758212919706727,0.28758212919706727,0.007424518,0.34734533680569457,0.34734533680569457
2023-09-25 11:00:00+09:00,0.499640683,0.371946575,0.47556770022125244,0.47556770022125244,0.054938557,0.42010355219348144,0.42010355219348144
2023-09-25 12:00:00+09:00,0.482565935,0.499640683,0.5080492136152701,0.5080492136152701,0.153678894,0.42328855391020204,0.42328855391020204
2023-09-25 13:00:00+09:00,0.266524993,0.482565935,0.35755469952445984,0.35755469952445984,0.371946575,0.38224741525114775,0.38224741525114775
2023-09-25 14:00:00+09:00,0.310326773,0.266524993,0.2330798582410507,0.2330798582410507,0.499640683,0.45985599077215955,0.45985599077215955
2023-09-25 15:00:00+09:00,0.379371092,0.310326773,0.2063124433877449,0.2063124433877449,0.482565935,0.36342031066041947,0.36342031066041947
2023-09-25 16:00:00+09:00,0.240540208,0.379371092,0.32067703855871393,0.32067703855871393,0.266524993,0.1390285865640335,0.1390285865640335
2023-09-25 17:00:00+09:00,0.138087612,0.240540208,0.10510505892639924,0.10510505892639924,0.310326773,0.09431214935803223,0.09431214935803223
2023-09-25 18:00:00+09:00,0.03266603,0.138087612,0.0,0.0,0.379371092,0.054105118193618795,0.054105118193618795
2023-09-25 19:00:00+09:00,0.0,0.03266603,0.0,0.0,0.240540208,0.04209774889355469,0.04209774889355469
2023-09-25 20:00:00+09:00,0.0,0.0,0.0,0.0,0.138087612,0.0,0.0
2023-09-25 21:00:00+09:00,0.0,0.0,0.0,0.0,0.03266603,0.0,0.0
2023-09-25 22:00:00+09:00,0.0,0.0,0.0,0.0,0.0,0.0,0.0
2023-09-25 23:00:00+09:00,0.0,0.0,0.0,0.0,0.0,0.0,0.0
2023-09-26 00:00:00+09:00,0.0,0.0,0.000509807257913053,0.000509807257913053,0.0,0.00012237545161042362,0.00012237545161042362
2023-09-26 01:00:00+09:00,0.0,0.0,0.000509807257913053,0.000509807257913053,0.0,0.00012237545161042362,0.00012237545161042362
2023-09-26 02:00:00+09:00,0.0,0.0,0.000509807257913053,0.000509807257913053,0.0,0.00012237545161042362,0.00012237545161042362
2023-09-26 03:00:00+09:00,0.0,0.0,0.000509807257913053,0.000509807257913053,0.0,0.00012237545161042362,0.00012237545161042362
2023-09-26 04:00:00+09:00,0.0,0.0,0.000509807257913053,0.000509807257913053,0.0,0.00012237545161042362,0.00012237545161042362
2023-09-26 05:00:00+09:00,0.0,0.0,0.000509807257913053,0.000509807257913053,0.0,0.00012237545161042362,0.00012237545161042362
2023-09-26 06:00:00+09:00,0.0,0.0,0.0005592000088654459,0.0005592000088654459,0.0,0.0,0.0
2023-09-26 07:00:00+09:00,0.004454505,0.0,0.009904895909130573,0.009904895909130573,0.0,0.004629883449524641,0.004629883449524641
2023-09-26 08:00:00+09:00,0.05419631,0.004454505,0.06880037889230728,0.06880037889230728,0.0,0.06976274400949478,0.06976274400949478
2023-09-26 09:00:00+09:00,0.041575041,0.05419631,0.1257854893370247,0.1257854893370247,0.0,0.14087633788585663,0.14087633788585663
2023-09-26 10:00:00+09:00,0.132148614,0.041575041,0.21495030481015778,0.21495030481015778,0.004454505,0.30811084464538574,0.30811084464538574
2023-09-26 11:00:00+09:00,0.222722186,0.132148614,0.20571602679363632,0.20571602679363632,0.05419631,0.3903176903291321,0.3903176903291321
2023-09-26 12:00:00+09:00,0.155163387,0.222722186,0.2270989923187599,0.2270989923187599,0.041575041,0.22494423050080872,0.22494423050080872
2023-09-26 13:00:00+09:00,0.138087612,0.155163387,0.1718229876602049,0.1718229876602049,0.132148614,0.2006060833441391,0.2006060833441391
2023-09-26 14:00:00+09:00,0.113588346,0.138087612,0.13029180362884354,0.13029180362884354,0.222722186,0.18975223437036132,0.18975223437036132
2023-09-26 15:00:00+09:00,0.048256285,0.113588346,0.05848410522489167,0.05848410522489167,0.155163387,0.04548457467499925,0.04548457467499925
2023-09-26 16:00:00+09:00,0.028953771,0.048256285,0.0,0.0,0.138087612,0.0,0.0
2023-09-26 17:00:00+09:00,0.046029546,0.028953771,0.0,0.0,0.113588346,0.0,0.0
2023-09-26 18:00:00+09:00,0.028211525,0.046029546,0.0,0.0,0.048256285,0.0,0.0
2023-09-26 19:00:00+09:00,0.0,0.028211525,0.0,0.0,0.028953771,0.0,0.0
2023-09-26 20:00:00+09:00,0.0,0.0,0.0,0.0,0.046029546,0.0,0.0
2023-09-26 21:00:00+09:00,0.0,0.0,0.0,0.0,0.028211525,0.0,0.0
2023-09-26 22:00:00+09:00,0.0,0.0,0.0,0.0,0.0,0.0,0.0
2023-09-26 23:00:00+09:00,0.0,0.0,0.0,0.0,0.0,0.0,0.0
2023-09-27 00:00:00+09:00,0.0,0.0,0.0,0.0,0.0,0.0,0.0
2023-09-27 01:00:00+09:00,0.0,0.0,0.0,0.0,0.0,0.0,0.0
2023-09-27 02:00:00+09:00,0.0,0.0,0.0,0.0,0.0,0.0,0.0
2023-09-27 03:00:00+09:00,0.0,0.0,0.0,0.0,0.0,0.0,0.0
2023-09-27 04:00:00+09:00,0.0,0.0,0.0,0.0,0.0,0.0,0.0
2023-09-27 05:00:00+09:00,0.0,0.0,0.0,0.0,0.0,0.0,0.0
2023-09-27 06:00:00+09:00,0.0,0.0,0.0,0.0,0.0,0.0,0.0
2023-09-27 07:00:00+09:00,0.008166764,0.0,0.003414325648918748,0.003414325648918748,0.0,0.0009619258344173431,0.0009619258344173431
2023-09-27 08:00:00+09:00,0.083150082,0.008166764,0.0662329942672863,0.0662329942672863,0.0,0.059206876903772354,0.059206876903772354
2023-09-27 09:00:00+09:00,0.311811266,0.083150082,0.16213797099183275,0.16213797099183275,0.0,0.17398561537265778,0.17398561537265778
2023-09-27 10:00:00+09:00,0.444703153,0.311811266,0.3790267012068901,0.3790267012068901,0.008166764,0.21922818205648803,0.21922818205648803
2023-09-27 11:00:00+09:00,0.399415853,0.444703153,0.4719389589883118,0.4719389589883118,0.083150082,0.28925750470946504,0.28925750470946504
2023-09-27 12:00:00+09:00,0.47439917,0.399415853,0.42157773537071036,0.42157773537071036,0.311811266,0.44619980221482847,0.44619980221482847
2023-09-27 13:00:00+09:00,0.302902255,0.47439917,0.46568700401101826,0.46568700401101826,0.444703153,0.5479888456321984,0.5479888456321984
2023-09-27 14:00:00+09:00,0.24351022,0.302902255,0.24080758893621446,0.24080758893621446,0.399415853,0.33207330343754576,0.33207330343754576
2023-09-27 15:00:00+09:00,0.325174782,0.24351022,0.2495465034483385,0.2495465034483385,0.47439917,0.43155352221791266,0.43155352221791266
2023-09-27 16:00:00+09:00,0.164072397,0.325174782,0.24154008509915542,0.24154008509915542,0.302902255,0.13973631316555024,0.13973631316555024
2023-09-27 17:00:00+09:00,0.06533206,0.164072397,0.07301325613896562,0.07301325613896562,0.24351022,0.04745279605075836,0.04745279605075836
2023-09-27 18:00:00+09:00,0.014848009,0.06533206,0.0,0.0,0.325174782,0.06391066642802429,0.06391066642802429
2023-09-27 19:00:00+09:00,0.0,0.014848009,0.0,0.0,0.164072397,0.0,0.0
2023-09-27 20:00:00+09:00,0.0,0.0,0.0,0.0,0.06533206,0.0,0.0
2023-09-27 21:00:00+09:00,0.0,0.0,8.495662041241303e-05,8.495662041241303e-05,0.014848009,0.0,0.0
2023-09-27 22:00:00+09:00,0.0,0.0,0.0006332665216177702,0.0006332665216177702,0.0,0.0,0.0
2023-09-27 23:00:00+09:00,0.0,0.0,0.0006332665216177702,0.0006332665216177702,0.0,0.004515941720455885,0.004515941720455885
2023-09-28 00:00:00+09:00,0.0,0.0,0.0,0.0,0.0,0.0,0.0
2023-09-28 01:00:00+09:00,0.0,0.0,0.0,0.0,0.0,0.0,0.0
2023-09-28 02:00:00+09:00,0.0,0.0,0.0,0.0,0.0,0.0,0.0
2023-09-28 03:00:00+09:00,0.0,0.0,0.0,0.0,0.0,0.0,0.0
2023-09-28 04:00:00+09:00,0.0,0.0,0.0,0.0,0.0,0.0,0.0
2023-09-28 05:00:00+09:00,0.0,0.0,0.0,0.0,0.0,0.0,0.0
2023-09-28 06:00:00+09:00,0.0,0.0,0.0,0.0,0.0,0.0,0.0
2023-09-28 07:00:00+09:00,0.011879023,0.0,0.010149756446480751,0.010149756446480751,0.0,0.006559811066836119,0.006559811066836119
2023-09-28 08:00:00+09:00,0.144027637,0.011879023,0.06247816218375969,0.06247816218375969,0.0,0.048079732805490494,0.048079732805490494
2023-09-28 09:00:00+09:00,0.330371534,0.144027637,0.2756728694390411,0.2756728694390411,0.0,0.2734346091747284,0.2734346091747284
2023-09-28 10:00:00+09:00,0.44395988,0.330371534,0.45968314028795626,0.45968314028795626,0.011879023,0.4045772811615448,0.4045772811615448
2023-09-28 11:00:00+09:00,0.522655456,0.44395988,0.4869406179841804,0.4869406179841804,0.144027637,0.38295906936637114,0.38295906936637114
2023-09-28 12:00:00+09:00,0.432081883,0.522655456,0.5277992469714877,0.5277992469714877,0.330371534,0.494916012058815,0.494916012058815
2023-09-28 13:00:00+09:00,0.555321486,0.432081883,0.4998759302960472,0.4998759302960472,0.44395988,0.6496497721728134,0.6496497721728134
2023-09-28 14:00:00+09:00,0.52191321,0.555321486,0.5579841644820109,0.5579841644820109,0.522655456,0.5961174132758674,0.5961174132758674
2023-09-28 15:00:00+09:00,0.482565935,0.52191321,0.5080948761432386,0.5080948761432386,0.432081883,0.4336356542024525,0.4336356542024525
2023-09-28 16:00:00+09:00,0.356356319,0.482565935,0.4807856067755869,0.4807856067755869,0.555321486,0.5081634309925422,0.5081634309925422
2023-09-28 17:00:00+09:00,0.194510661,0.356356319,0.23778886716532133,0.23778886716532133,0.52191321,0.30102355226417543,0.30102355226417543
2023-09-28 18:00:00+09:00,0.054938557,0.194510661,0.12183327221273041,0.12183327221273041,0.482565935,0.28221745346408844,0.28221745346408844
2023-09-28 19:00:00+09:00,0.000742246,0.054938557,0.02780670710011196,0.02780670710011196,0.356356319,0.1670993081824722,0.1670993081824722
2023-09-28 20:00:00+09:00,0.0,0.000742246,0.0,0.0,0.194510661,0.04681149863599396,0.04681149863599396
2023-09-28 21:00:00+09:00,0.0,0.0,0.0003140383632853627,0.0003140383632853627,0.054938557,0.0,0.0
2023-09-28 22:00:00+09:00,0.0,0.0,0.0009042182937264442,0.0009042182937264442,0.000742246,0.0,0.0
2023-09-28 23:00:00+09:00,0.0,0.0,0.0009042182937264442,0.0009042182937264442,0.0,0.005035600159317255,0.005035600159317255
2023-09-29 00:00:00+09:00,0.0,0.0,6.12372241448611e-05,6.12372241448611e-05,0.0,0.0006738619995303452,0.0006738619995303452
2023-09-29 01:00:00+09:00,0.0,0.0,6.12372241448611e-05,6.12372241448611e-05,0.0,0.0006738619995303452,0.0006738619995303452
2023-09-29 02:00:00+09:00,0.0,0.0,6.12372241448611e-05,6.12372241448611e-05,0.0,0.0006738619995303452,0.0006738619995303452
2023-09-29 03:00:00+09:00,0.0,0.0,6.12372241448611e-05,6.12372241448611e-05,0.0,0.0006738619995303452,0.0006738619995303452
2023-09-29 04:00:00+09:00,0.0,0.0,6.12372241448611e-05,6.12372241448611e-05,0.0,0.0006738619995303452,0.0006738619995303452
2023-09-29 05:00:00+09:00,0.0,0.0,6.12372241448611e-05,6.12372241448611e-05,0.0,0.0006738619995303452,0.0006738619995303452
2023-09-29 06:00:00+09:00,0.0,0.0,0.0,0.0,0.0,8.392658492084593e-05,8.392658492084593e-05
2023-09-29 07:00:00+09:00,0.01113575,0.0,0.010892065241932869,0.010892065241932869,0.0,0.015559033490717411,0.015559033490717411
2023-09-29 08:00:00+09:00,0.123239603,0.01113575,0.12143650699090958,0.12143650699090958,0.0,0.10923080891370773,0.10923080891370773
2023-09-29 09:00:00+09:00,0.29844775,0.123239603,0.30816372867138675,0.30816372867138675,0.0,0.31540149450302124,0.31540149450302124
2023-09-29 10:00:00+09:00,0.44173314,0.29844775,0.4392214784898758,0.4392214784898758,0.01113575,0.4090912570400238,0.4090912570400238
2023-09-29 11:00:00+09:00,0.54195797,0.44173314,0.5072969081484222,0.5072969081484222,0.123239603,0.4448850416711121,0.4448850416711121
2023-09-29 12:00:00+09:00,0.585760777,0.54195797,0.57688293535182,0.57688293535182,0.29844775,0.5384910176076889,0.5384910176076889
2023-09-29 13:00:00+09:00,0.586503023,0.585760777,0.5696170210127134,0.5696170210127134,0.44173314,0.4950392390273953,0.4950392390273953
2023-09-29 14:00:00+09:00,0.551609227,0.586503023,0.6178786360635738,0.6178786360635738,0.54195797,0.5475807108349514,0.5475807108349514
2023-09-29 15:00:00+09:00,0.471429158,0.551609227,0.5299559100849648,0.5299559100849648,0.585760777,0.5627314365689058,0.5627314365689058
2023-09-29 16:00:00+09:00,0.346705062,0.471429158,0.4089691527166443,0.4089691527166443,0.586503023,0.4866086111381035,0.4866086111381035
2023-09-29 17:00:00+09:00,0.188571663,0.346705062,0.24650141379042817,0.24650141379042817,0.551609227,0.3243258386237641,0.3243258386237641
2023-09-29 18:00:00+09:00,0.035636043,0.188571663,0.09292476753176498,0.09292476753176498,0.471429158,0.14002047851467897,0.14002047851467897
2023-09-29 19:00:00+09:00,0.0,0.035636043,0.010492518368142127,0.010492518368142127,0.346705062,0.19614115139647675,0.19614115139647675
2023-09-29 20:00:00+09:00,0.0,0.0,0.0,0.0,0.188571663,0.030364216663253785,0.030364216663253785
2023-09-29 21:00:00+09:00,0.0,0.0,9.727344149723649e-05,9.727344149723649e-05,0.035636043,0.0,0.0
2023-09-29 22:00:00+09:00,0.0,0.0,0.0004540634690783918,0.0004540634690783918,0.0,0.0,0.0
2023-09-29 23:00:00+09:00,0.0,0.0,0.0004540634690783918,0.0004540634690783918,0.0,0.0010159257799386978,0.0010159257799386978
2023-09-30 00:00:00+09:00,0.0,0.0,3.557451782398857e-05,3.557451782398857e-05,0.0,0.0004099462821613997,0.0004099462821613997
2023-09-30 01:00:00+09:00,0.0,0.0,3.557451782398857e-05,3.557451782398857e-05,0.0,0.0004099462821613997,0.0004099462821613997
2023-09-30 02:00:00+09:00,0.0,0.0,3.557451782398857e-05,3.557451782398857e-05,0.0,0.0004099462821613997,0.0004099462821613997
2023-09-30 03:00:00+09:00,0.0,0.0,3.557451782398857e-05,3.557451782398857e-05,0.0,0.0004099462821613997,0.0004099462821613997
2023-09-30 04:00:00+09:00,0.0,0.0,3.557451782398857e-05,3.557451782398857e-05,0.0,0.0004099462821613997,0.0004099462821613997
2023-09-30 05:00:00+09:00,0.0,0.0,3.557451782398857e-05,3.557451782398857e-05,0.0,0.0004099462821613997,0.0004099462821613997
2023-09-30 06:00:00+09:00,0.0,0.0,0.0,0.0,0.0,0.00010583498806226999,0.00010583498806226999
2023-09-30 07:00:00+09:00,0.0,0.0,0.014948497526347637,0.014948497526347637,0.0,0.013784980401396751,0.013784980401396751
2023-09-30 08:00:00+09:00,0.010393504,0.0,0.055195219814777374,0.055195219814777374,0.0,0.0909675881266594,0.0909675881266594
2023-09-30 09:00:00+09:00,0.064589814,0.010393504,0.18429345259695434,0.18429345259695434,0.0,0.29374977946281433,0.29374977946281433
2023-09-30 10:00:00+09:00,0.092059092,0.064589814,0.19973754947649383,0.19973754947649383,0.0,0.3733164966106415,0.3733164966106415
2023-09-30 11:00:00+09:00,0.095028078,0.092059092,0.14331936962889863,0.14331936962889863,0.010393504,0.307918135023407,0.307918135023407
2023-09-30 12:00:00+09:00,0.126951862,0.095028078,0.1256640253615885,0.1256640253615885,0.064589814,0.21996630793081665,0.21996630793081665
2023-09-30 13:00:00+09:00,0.259842722,0.126951862,0.11734778700776052,0.11734778700776052,0.092059092,0.158425138667099,0.158425138667099
2023-09-30 14:00:00+09:00,0.202677426,0.259842722,0.2399609575731726,0.2399609575731726,0.095028078,0.028811028043678286,0.028811028043678286
2023-09-30 15:00:00+09:00,0.383082325,0.202677426,0.1284451010421524,0.1284451010421524,0.126951862,0.08277031021572304,0.08277031021572304
2023-09-30 16:00:00+09:00,0.366007576,0.383082325,0.3953148586560607,0.3953148586560607,0.259842722,0.16885407853257373,0.16885407853257373
2023-09-30 17:00:00+09:00,0.139573131,0.366007576,0.23250182927777863,0.23250182927777863,0.202677426,0.0,0.0
2023-09-30 18:00:00+09:00,0.052710791,0.139573131,0.06540042558808898,0.06540042558808898,0.383082325,0.10480242444915772,0.10480242444915772
2023-09-30 19:00:00+09:00,0.000742246,0.052710791,0.029338213496676445,0.029338213496676445,0.366007576,0.17461548210313416,0.17461548210313416
2023-09-30 20:00:00+09:00,0.0,0.000742246,0.0,0.0,0.139573131,0.0,0.0
2023-09-30 21:00:00+09:00,0.0,0.0,0.00158321566414088,0.00158321566414088,0.052710791,0.0,0.0
2023-09-30 22:00:00+09:00,0.0,0.0,0.001940005226060748,0.001940005226060748,0.000742246,0.0,0.0
2023-09-30 23:00:00+09:00,0.0,0.0,0.001940005226060748,0.001940005226060748,0.0,0.00469221081584692,0.00469221081584692
2023-10-01 00:00:00+09:00,0.0,0.0,0.0,0.0,0.0,0.0,0.0
2023-10-01 01:00:00+09:00,0.0,0.0,0.0,0.0,0.0,0.0,0.0
2023-10-01 02:00:00+09:00,0.0,0.0,0.0,0.0,0.0,0.0,0.0
2023-10-01 03:00:00+09:00,0.0,0.0,0.0,0.0,0.0,0.0,0.0
2023-10-01 04:00:00+09:00,0.0,0.0,0.0,0.0,0.0,0.0,0.0
2023-10-01 05:00:00+09:00,0.0,0.0,0.0,0.0,0.0,0.0,0.0
2023-10-01 06:00:00+09:00,0.0,0.0,0.0,0.0,0.0,0.0,0.0
2023-10-01 07:00:00+09:00,0.008909011,0.0,0.0,0.0,0.0,0.003436448983848095,0.003436448983848095
2023-10-01 08:00:00+09:00,0.074241071,0.008909011,0.05528017666300392,0.05528017666300392,0.0,0.04586581513285637,0.04586581513285637
2023-10-01 09:00:00+09:00,0.190056156,0.074241071,0.1917029609822235,0.1917029609822235,0.0,0.17145320773124695,0.17145320773124695
2023-10-01 10:00:00+09:00,0.483308181,0.190056156,0.3446064252461014,0.3446064252461014,0.008909011,0.2987337649997101,0.2987337649997101
2023-10-01 11:00:00+09:00,0.591699775,0.483308181,0.6066944970014152,0.6066944970014152,0.074241071,0.43283045197953796,0.43283045197953796
2023-10-01 12:00:00+09:00,0.642183827,0.591699775,0.6434577253357411,0.6434577253357411,0.190056156,0.5088285017813263,0.5088285017813263
2023-10-01 13:00:00+09:00,0.647380578,0.642183827,0.6096028068533916,0.6096028068533916,0.483308181,0.6509906200888214,0.6509906200888214
2023-10-01 14:00:00+09:00,0.605063291,0.647380578,0.5995696770436078,0.5995696770436078,0.591699775,0.6613185514406205,0.6613185514406205
2023-10-01 15:00:00+09:00,0.503352942,0.605063291,0.4985222608910713,0.4985222608910713,0.642183827,0.4432656334212799,0.4432656334212799
2023-10-01 16:00:00+09:00,0.360810825,0.503352942,0.42035231185969546,0.42035231185969546,0.647380578,0.41130572803681187,0.41130572803681187
2023-10-01 17:00:00+09:00,0.195253935,0.360810825,0.2452775848605156,0.2452775848605156,0.605063291,0.3662767873274002,0.3662767873274002
2023-10-01 18:00:00+09:00,0.052710791,0.195253935,0.0860259275045967,0.0860259275045967,0.503352942,0.13028350664195254,0.13028350664195254
2023-10-01 19:00:00+09:00,0.0,0.052710791,0.026065491952768326,0.026065491952768326,0.360810825,0.15276751793403626,0.15276751793403626
2023-10-01 20:00:00+09:00,0.0,0.0,0.0,0.0,0.195253935,0.057892512818870534,0.057892512818870534
2023-10-01 21:00:00+09:00,0.0,0.0,0.0,0.0,0.052710791,0.021681225740185738,0.021681225740185738
2023-10-01 22:00:00+09:00,0.0,0.0,0.0,0.0,0.0,0.0,0.0
2023-10-01 23:00:00+09:00,0.0,0.0,0.0,0.0,0.0,0.0011175164254382253,0.0011175164254382253
2023-10-02 00:00:00+09:00,0.0,0.0,0.00012142469495302066,0.00012142469495302066,0.0,0.0,0.0
2023-10-02 01:00:00+09:00,0.0,0.0,0.00012142469495302066,0.00012142469495302066,0.0,0.0,0.0
2023-10-02 02:00:00+09:00,0.0,0.0,0.00012142469495302066,0.00012142469495302066,0.0,0.0,0.0
2023-10-02 03:00:00+09:00,0.0,0.0,0.00012142469495302066,0.00012142469495302066,0.0,0.0,0.0
2023-10-02 04:00:00+09:00,0.0,0.0,0.00012142469495302066,0.00012142469495302066,0.0,0.0,0.0
2023-10-02 05:00:00+09:00,0.0,0.0,0.00012142469495302066,0.00012142469495302066,0.0,0.0,0.0
2023-10-02 06:00:00+09:00,0.0,0.0,0.00019493259605951607,0.00019493259605951607,0.0,0.0,0.0
2023-10-02 07:00:00+09:00,0.011879023,0.0,0.008986297994852066,0.008986297994852066,0.0,0.0,0.0
2023-10-02 08:00:00+09:00,0.129921874,0.011879023,0.06751922874092865,0.06751922874092865,0.0,0.050564806908369064,0.050564806908369064
2023-10-02 09:00:00+09:00,0.324432536,0.129921874,0.2580925281776657,0.2580925281776657,0.0,0.15324725210666656,0.15324725210666656
2023-10-02 10:00:00+09:00,0.394961348,0.324432536,0.46765141093133544,0.46765141093133544,0.011879023,0.408369626685379,0.408369626685379
2023-10-02 11:00:00+09:00,0.581306272,0.394961348,0.4731803445248108,0.4731803445248108,0.129921874,0.4784011151327362,0.4784011151327362
2023-10-02 12:00:00+09:00,0.618426807,0.581306272,0.5999234605579824,0.5999234605579824,0.324432536,0.6501333256900177,0.6501333256900177
2023-10-02 13:00:00+09:00,0.577594013,0.618426807,0.6359664478885717,0.6359664478885717,0.394961348,0.5767549036173325,0.5767549036173325
2023-10-02 14:00:00+09:00,0.579078506,0.577594013,0.5688752132003193,0.5688752132003193,0.581306272,0.534845725446865,0.534845725446865
2023-10-02 15:00:00+09:00,0.464005667,0.579078506,0.4930565238666115,0.4930565238666115,0.618426807,0.4992435050743408,0.4992435050743408
2023-10-02 16:00:00+09:00,0.347447309,0.464005667,0.3467898175408287,0.3467898175408287,0.577594013,0.3901015678887253,0.3901015678887253
2023-10-02 17:00:00+09:00,0.187829417,0.347447309,0.22709382633636854,0.22709382633636854,0.579078506,0.27715636349435424,0.27715636349435424
2023-10-02 18:00:00+09:00,0.047514039,0.187829417,0.08439040632027817,0.08439040632027817,0.464005667,0.0958256602575226,0.0958256602575226
2023-10-02 19:00:00+09:00,0.0,0.047514039,0.024088687171663285,0.024088687171663285,0.347447309,0.09066379378507994,0.09066379378507994
2023-10-02 20:00:00+09:00,0.0,0.0,0.0,0.0,0.187829417,0.041361910114471434,0.041361910114471434
2023-10-02 21:00:00+09:00,0.0,0.0,3.223968087695539e-05,3.223968087695539e-05,0.047514039,0.015385082831110002,0.015385082831110002
2023-10-02 22:00:00+09:00,0.0,0.0,0.00042181764729321003,0.00042181764729321003,0.0,0.0,0.0
2023-10-02 23:00:00+09:00,0.0,0.0,0.00042181764729321003,0.00042181764729321003,0.0,0.0017654774710536003,0.0017654774710536003
2023-10-03 00:00:00+09:00,0.0,0.0,0.0001500001089880243,0.0001500001089880243,0.0,0.0004155873029958457,0.0004155873029958457
2023-10-03 01:00:00+09:00,0.0,0.0,0.0001500001089880243,0.0001500001089880243,0.0,0.0004155873029958457,0.0004155873029958457
2023-10-03 02:00:00+09:00,0.0,0.0,0.0001500001089880243,0.0001500001089880243,0.0,0.0004155873029958457,0.0004155873029958457
2023-10-03 03:00:00+09:00,0.0,0.0,0.0001500001089880243,0.0001500001089880243,0.0,0.0004155873029958457,0.0004155873029958457
2023-10-03 04:00:00+09:00,0.0,0.0,0.0001500001089880243,0.0001500001089880243,0.0,0.0004155873029958457,0.0004155873029958457
2023-10-03 05:00:00+09:00,0.0,0.0,0.0001500001089880243,0.0001500001089880243,0.0,0.0004155873029958457,0.0004155873029958457
2023-10-03 06:00:00+09:00,0.0,0.0,0.0001993928017327562,0.0001993928017327562,0.0,0.0,0.0
2023-10-03 07:00:00+09:00,0.006681245,0.0,0.005737330298870802,0.005737330298870802,0.0,0.00870086345821619,0.00870086345821619
2023-10-03 08:00:00+09:00,0.055680803,0.006681245,0.09164472314798355,0.09164472314798355,0.0,0.09370916336774826,0.09370916336774826
2023-10-03 09:00:00+09:00,0.138087612,0.055680803,0.20170121544506836,0.20170121544506836,0.0,0.2766309976577759,0.2766309976577759
2023-10-03 10:00:00+09:00,0.195996181,0.138087612,0.2772891636757965,0.2772891636757965,0.006681245,0.29812411609375,0.29812411609375
2023-10-03 11:00:00+09:00,0.195253935,0.195996181,0.2935494416244087,0.2935494416244087,0.055680803,0.4785459255566864,0.4785459255566864
2023-10-03 12:00:00+09:00,0.206389685,0.195253935,0.2367817874160385,0.2367817874160385,0.138087612,0.3734643574624176,0.3734643574624176
2023-10-03 13:00:00+09:00,0.131406367,0.206389685,0.20190141194191336,0.20190141194191336,0.195996181,0.35003057204557037,0.35003057204557037
2023-10-03 14:00:00+09:00,0.091315819,0.131406367,0.08289089443887901,0.08289089443887901,0.195253935,0.20094681047841667,0.20094681047841667
2023-10-03 15:00:00+09:00,0.127694108,0.091315819,0.0,0.0,0.206389685,0.06792454871040343,0.06792454871040343
2023-10-03 16:00:00+09:00,0.068302073,0.127694108,0.0364145789649086,0.0364145789649086,0.131406367,0.0,0.0
2023-10-03 17:00:00+09:00,0.025984785,0.068302073,0.0,0.0,0.091315819,0.0,0.0
2023-10-03 18:00:00+09:00,0.005196752,0.025984785,0.0,0.0,0.127694108,0.0,0.0
2023-10-03 19:00:00+09:00,0.0,0.005196752,0.0,0.0,0.068302073,0.0,0.0
2023-10-03 20:00:00+09:00,0.0,0.0,0.0,0.0,0.025984785,0.0,0.0
2023-10-03 21:00:00+09:00,0.0,0.0,0.0,0.0,0.005196752,0.0,0.0
2023-10-03 22:00:00+09:00,0.0,0.0,0.00020040551316924393,0.00020040551316924393,0.0,0.0,0.0
2023-10-03 23:00:00+09:00,0.0,0.0,0.00020040551316924393,0.00020040551316924393,0.0,0.0012296800268813968,0.0012296800268813968
2023-10-04 00:00:00+09:00,0.0,0.0,0.0005072793574072421,0.0005072793574072421,0.0,0.0009467365453019738,0.0009467365453019738
2023-10-04 01:00:00+09:00,0.0,0.0,0.0005072793574072421,0.0005072793574072421,0.0,0.0009467365453019738,0.0009467365453019738
2023-10-04 02:00:00+09:00,0.0,0.0,0.0005072793574072421,0.0005072793574072421,0.0,0.0009467365453019738,0.0009467365453019738
2023-10-04 03:00:00+09:00,0.0,0.0,0.0005072793574072421,0.0005072793574072421,0.0,0.0009467365453019738,0.0009467365453019738
2023-10-04 04:00:00+09:00,0.0,0.0,0.0005072793574072421,0.0005072793574072421,0.0,0.0009467365453019738,0.0009467365453019738
2023-10-04 05:00:00+09:00,0.0,0.0,0.0005072793574072421,0.0005072793574072421,0.0,0.0009467365453019738,0.0009467365453019738
2023-10-04 06:00:00+09:00,0.0,0.0,0.0005271463305689394,0.0005271463305689394,0.0,0.0006504023913294077,0.0006504023913294077
2023-10-04 07:00:00+09:00,0.003712259,0.0,0.0015639628982171416,0.0015639628982171416,0.0,0.0,0.0
2023-10-04 08:00:00+09:00,0.074983317,0.003712259,0.04323887801712418,0.04323887801712418,0.0,0.01701628975570202,0.01701628975570202
2023-10-04 09:00:00+09:00,0.260584968,0.074983317,0.1895748857084198,0.1895748857084198,0.0,0.1819627285003662,0.1819627285003662
2023-10-04 10:00:00+09:00,0.45286889,0.260584968,0.42506747212940976,0.42506747212940976,0.003712259,0.3251050037795868,0.3251050037795868
2023-10-04 11:00:00+09:00,0.569427249,0.45286889,0.5682233609086418,0.5682233609086418,0.074983317,0.4356313530031128,0.4356313530031128
2023-10-04 12:00:00+09:00,0.63104705,0.569427249,0.6372588397716751,0.6372588397716751,0.260584968,0.5838032242351227,0.5838032242351227
2023-10-04 13:00:00+09:00,0.599123266,0.63104705,0.6361979376495064,0.6361979376495064,0.45286889,0.629273023439064,0.629273023439064
2023-10-04 14:00:00+09:00,0.585760777,0.599123266,0.5571520369832191,0.5571520369832191,0.569427249,0.5677214382230883,0.5677214382230883
2023-10-04 15:00:00+09:00,0.504837435,0.585760777,0.5511751073632736,0.5511751073632736,0.63104705,0.528840298295784,0.528840298295784
2023-10-04 16:00:00+09:00,0.354128553,0.504837435,0.4208995814252472,0.4208995814252472,0.599123266,0.40736087824746703,0.40736087824746703
2023-10-04 17:00:00+09:00,0.186344924,0.354128553,0.22796223911335756,0.22796223911335756,0.585760777,0.2824296999011535,0.2824296999011535
2023-10-04 18:00:00+09:00,0.031181537,0.186344924,0.09718952569076919,0.09718952569076919,0.504837435,0.18240876149421692,0.18240876149421692
2023-10-04 19:00:00+09:00,0.0,0.031181537,0.007413071034013747,0.007413071034013747,0.354128553,0.08721984776547242,0.08721984776547242
2023-10-04 20:00:00+09:00,0.0,0.0,0.0,0.0,0.186344924,0.04324101152727508,0.04324101152727508
2023-10-04 21:00:00+09:00,0.0,0.0,0.0,0.0,0.031181537,0.0,0.0
2023-10-04 22:00:00+09:00,0.0,0.0,0.0,0.0,0.0,0.0,0.0
2023-10-04 23:00:00+09:00,0.0,0.0,0.0,0.0,0.0,0.0,0.0
2023-10-05 00:00:00+09:00,0.0,0.0,0.00023573500220663846,0.00023573500220663846,0.0,0.00037545294617302716,0.00037545294617302716
2023-10-05 01:00:00+09:00,0.0,0.0,0.00023573500220663846,0.00023573500220663846,0.0,0.00037545294617302716,0.00037545294617302716
2023-10-05 02:00:00+09:00,0.0,0.0,0.00023573500220663846,0.00023573500220663846,0.0,0.00037545294617302716,0.00037545294617302716
2023-10-05 03:00:00+09:00,0.0,0.0,0.00023573500220663846,0.00023573500220663846,0.0,0.00037545294617302716,0.00037545294617302716
2023-10-05 04:00:00+09:00,0.0,0.0,0.00023573500220663846,0.00023573500220663846,0.0,0.00037545294617302716,0.00037545294617302716
2023-10-05 05:00:00+09:00,0.0,0.0,0.00023573500220663846,0.00023573500220663846,0.0,0.00037545294617302716,0.00037545294617302716
2023-10-05 06:00:00+09:00,0.0,0.0,0.00025049937539733946,0.00025049937539733946,0.0,0.0003141940978821367,0.0003141940978821367
2023-10-05 07:00:00+09:00,0.005196752,0.0,0.002488485537469387,0.002488485537469387,0.0,9.305366256739944e-05,9.305366256739944e-05
2023-10-05 08:00:00+09:00,0.083150082,0.005196752,0.08119445477738571,0.08119445477738571,0.0,0.09058394283056259,0.09058394283056259
2023-10-05 09:00:00+09:00,0.175208147,0.083150082,0.2025671086389847,0.2025671086389847,0.0,0.2178298830986023,0.2178298830986023
2023-10-05 10:00:00+09:00,0.331857053,0.175208147,0.29552445126645277,0.29552445126645277,0.005196752,0.35481667702212527,0.35481667702212527
2023-10-05 11:00:00+09:00,0.545670229,0.331857053,0.4330564862075119,0.4330564862075119,0.083150082,0.38483922994921876,0.38483922994921876
2023-10-05 12:00:00+09:00,0.660000821,0.545670229,0.6246477467836418,0.6246477467836418,0.175208147,0.4772001163470001,0.4772001163470001
2023-10-05 13:00:00+09:00,0.662228587,0.660000821,0.6474957274105749,0.6474957274105749,0.331857053,0.5528205906930237,0.5528205906930237
2023-10-05 14:00:00+09:00,0.6199113,0.662228587,0.6272314590498085,0.6272314590498085,0.545670229,0.6153693972052612,0.6153693972052612
2023-10-05 15:00:00+09:00,0.517458704,0.6199113,0.537644745763588,0.537644745763588,0.660000821,0.5409884130414925,0.5409884130414925
2023-10-05 16:00:00+09:00,0.366007576,0.517458704,0.41690012503195195,0.41690012503195195,0.662228587,0.4719046977444763,0.4719046977444763
2023-10-05 17:00:00+09:00,0.188571663,0.366007576,0.22033570171525574,0.22033570171525574,0.6199113,0.2957883644664765,0.2957883644664765
2023-10-05 18:00:00+09:00,0.04380178,0.188571663,0.0821360511559372,0.0821360511559372,0.517458704,0.11612569976377873,0.11612569976377873
2023-10-05 19:00:00+09:00,0.0,0.04380178,0.02189856316116333,0.02189856316116333,0.366007576,0.11517540575196838,0.11517540575196838
2023-10-05 20:00:00+09:00,0.0,0.0,0.0,0.0,0.188571663,0.05795194337548065,0.05795194337548065
2023-10-05 21:00:00+09:00,0.0,0.0,0.0,0.0,0.04380178,0.01395812924173355,0.01395812924173355
2023-10-05 22:00:00+09:00,0.0,0.0,0.0,0.0,0.0,0.0,0.0
2023-10-05 23:00:00+09:00,0.0,0.0,0.0,0.0,0.0,0.0,0.0
2023-10-06 00:00:00+09:00,0.0,0.0,0.00025344188907183707,0.00025344188907183707,0.0,0.0006802923744544387,0.0006802923744544387
2023-10-06 01:00:00+09:00,0.0,0.0,0.00025344188907183707,0.00025344188907183707,0.0,0.0006802923744544387,0.0006802923744544387
2023-10-06 02:00:00+09:00,0.0,0.0,0.00025344188907183707,0.00025344188907183707,0.0,0.0006802923744544387,0.0006802923744544387
2023-10-06 03:00:00+09:00,0.0,0.0,0.00025344188907183707,0.00025344188907183707,0.0,0.0006802923744544387,0.0006802923744544387
2023-10-06 04:00:00+09:00,0.0,0.0,0.00025344188907183707,0.00025344188907183707,0.0,0.0006802923744544387,0.0006802923744544387
2023-10-06 05:00:00+09:00,0.0,0.0,0.00025344188907183707,0.00025344188907183707,0.0,0.0006802923744544387,0.0006802923744544387
2023-10-06 06:00:00+09:00,0.0,0.0,0.0002018826053244993,0.0002018826053244993,0.0,0.0007161524845287204,0.0007161524845287204
2023-10-06 07:00:00+09:00,0.000742246,0.0,0.002207116922363639,0.002207116922363639,0.0,0.0,0.0
2023-10-06 08:00:00+09:00,0.087604587,0.000742246,0.05722610333366013,0.05722610333366013,0.0,0.05501431226730347,0.05501431226730347
2023-10-06 09:00:00+09:00,0.253161477,0.087604587,0.20808966181813432,0.20808966181813432,0.0,0.1686893254518509,0.1686893254518509
2023-10-06 10:00:00+09:00,0.398673607,0.253161477,0.4315483589475174,0.4315483589475174,0.000742246,0.3563154233376465,0.3563154233376465
2023-10-06 11:00:00+09:00,0.381597832,0.398673607,0.5181957613312073,0.5181957613312073,0.087604587,0.5168770002537841,0.5168770002537841
2023-10-06 12:00:00+09:00,0.455838903,0.381597832,0.5050459505674667,0.5050459505674667,0.253161477,0.5326689650123139,0.5326689650123139
2023-10-06 13:00:00+09:00,0.582790765,0.455838903,0.5007635719677239,0.5007635719677239,0.398673607,0.5353048573814697,0.5353048573814697
2023-10-06 14:00:00+09:00,0.489989426,0.582790765,0.535916126353159,0.535916126353159,0.381597832,0.5233585389015503,0.5233585389015503
2023-10-06 15:00:00+09:00,0.395703594,0.489989426,0.3609265200923691,0.3609265200923691,0.455838903,0.34441258679831316,0.34441258679831316
2023-10-06 16:00:00+09:00,0.238313468,0.395703594,0.2613515954324188,0.2613515954324188,0.582790765,0.3461262611872101,0.3461262611872101
2023-10-06 17:00:00+09:00,0.094285832,0.238313468,0.08269843628079224,0.08269843628079224,0.489989426,0.13412862644898987,0.13412862644898987
2023-10-06 18:00:00+09:00,0.017075775,0.094285832,0.0038272898914642334,0.0038272898914642334,0.395703594,0.06437240055288695,0.06437240055288695
2023-10-06 19:00:00+09:00,0.0,0.017075775,0.0,0.0,0.238313468,0.0,0.0
2023-10-06 20:00:00+09:00,0.0,0.0,0.0,0.0,0.094285832,0.0,0.0
2023-10-06 21:00:00+09:00,0.0,0.0,0.0,0.0,0.017075775,0.0,0.0
2023-10-06 22:00:00+09:00,0.0,0.0,0.0,0.0,0.0,0.0,0.0
2023-10-06 23:00:00+09:00,0.0,0.0,0.0,0.0,0.0,0.0,0.0
2023-10-07 00:00:00+09:00,0.0,0.0,0.0002508641919121146,0.0002508641919121146,0.0,0.00041511759627610445,0.00041511759627610445
2023-10-07 01:00:00+09:00,0.0,0.0,0.0002508641919121146,0.0002508641919121146,0.0,0.00041511759627610445,0.00041511759627610445
2023-10-07 02:00:00+09:00,0.0,0.0,0.0002508641919121146,0.0002508641919121146,0.0,0.00041511759627610445,0.00041511759627610445
2023-10-07 03:00:00+09:00,0.0,0.0,0.0002508641919121146,0.0002508641919121146,0.0,0.00041511759627610445,0.00041511759627610445
2023-10-07 04:00:00+09:00,0.0,0.0,0.0002508641919121146,0.0002508641919121146,0.0,0.00041511759627610445,0.00041511759627610445
2023-10-07 05:00:00+09:00,0.0,0.0,0.0002508641919121146,0.0002508641919121146,0.0,0.00041511759627610445,0.00041511759627610445
2023-10-07 06:00:00+09:00,0.0,0.0,0.00019930489361286163,0.00019930489361286163,0.0,0.00012690783478319645,0.00012690783478319645
2023-10-07 07:00:00+09:00,0.0,0.0,0.004942513071000576,0.004942513071000576,0.0,0.022307824343442917,0.022307824343442917
2023-10-07 08:00:00+09:00,0.050484051,0.0,0.049561455845832825,0.049561455845832825,0.0,0.04707956314086914,0.04707956314086914
2023-10-07 09:00:00+09:00,0.136603119,0.050484051,0.19012701977384186,0.19012701977384186,0.0,0.2567642629146576,0.2567642629146576
2023-10-07 10:00:00+09:00,0.314039032,0.136603119,0.28023086689333343,0.28023086689333343,0.0,0.29414665699005127,0.29414665699005127
2023-10-07 11:00:00+09:00,0.428369624,0.314039032,0.43795111312239837,0.43795111312239837,0.050484051,0.4242398040403137,0.4242398040403137
2023-10-07 12:00:00+09:00,0.438020881,0.428369624,0.496490625124382,0.496490625124382,0.136603119,0.4137872179589691,0.4137872179589691
2023-10-07 13:00:00+09:00,0.335568286,0.438020881,0.42073694031222436,0.42073694031222436,0.314039032,0.4387743128713913,0.4387743128713913
2023-10-07 14:00:00+09:00,0.303645529,0.335568286,0.3345660243520454,0.3345660243520454,0.428369624,0.4312685988097956,0.4312685988097956
2023-10-07 15:00:00+09:00,0.214556449,0.303645529,0.21736402079267886,0.21736402079267886,0.438020881,0.2560018410114822,0.2560018410114822
2023-10-07 16:00:00+09:00,0.153678894,0.214556449,0.12278168732321168,0.12278168732321168,0.335568286,0.09414901536534881,0.09414901536534881
2023-10-07 17:00:00+09:00,0.064589814,0.153678894,0.013321340041107188,0.013321340041107188,0.303645529,0.0,0.0
2023-10-07 18:00:00+09:00,0.004454505,0.064589814,0.0,0.0,0.214556449,0.0,0.0
2023-10-07 19:00:00+09:00,0.0,0.004454505,0.0,0.0,0.153678894,0.0,0.0
2023-10-07 20:00:00+09:00,0.0,0.0,0.0,0.0,0.064589814,0.0,0.0
2023-10-07 21:00:00+09:00,0.0,0.0,0.0002942323626484722,0.0002942323626484722,0.004454505,0.0,0.0
2023-10-07 22:00:00+09:00,0.0,0.0,0.0005656929570250213,0.0005656929570250213,0.0,0.0,0.0
2023-10-07 23:00:00+09:00,0.0,0.0,0.0005656929570250213,0.0005656929570250213,0.0,0.0013976219343021512,0.0013976219343021512
2023-10-08 00:00:00+09:00,0.0,0.0,0.0,0.0,0.0,0.0,0.0
2023-10-08 01:00:00+09:00,0.0,0.0,0.0,0.0,0.0,0.0,0.0
2023-10-08 02:00:00+09:00,0.0,0.0,0.0,0.0,0.0,0.0,0.0
2023-10-08 03:00:00+09:00,0.0,0.0,0.0,0.0,0.0,0.0,0.0
2023-10-08 04:00:00+09:00,0.0,0.0,0.0,0.0,0.0,0.0,0.0
2023-10-08 05:00:00+09:00,0.0,0.0,0.0,0.0,0.0,0.0,0.0
2023-10-08 06:00:00+09:00,0.0,0.0,0.0,0.0,0.0,0.0,0.0
2023-10-08 07:00:00+09:00,0.0,0.0,0.0,0.0,0.0,0.003436448983848095,0.003436448983848095
2023-10-08 08:00:00+09:00,0.022272527,0.0,0.052381448447704315,0.052381448447704315,0.0,0.04840456321835518,0.04840456321835518
2023-10-08 09:00:00+09:00,0.111361606,0.022272527,0.14192037262587737,0.14192037262587737,0.0,0.18001438677310944,0.18001438677310944
2023-10-08 10:00:00+09:00,0.112846099,0.111361606,0.25704903709703064,0.25704903709703064,0.0,0.31587234139442444,0.31587234139442444
2023-10-08 11:00:00+09:00,0.073498825,0.112846099,0.19173253343584443,0.19173253343584443,0.022272527,0.3216370640006561,0.3216370640006561
2023-10-08 12:00:00+09:00,0.14551213,0.073498825,0.10417452865965367,0.10417452865965367,0.111361606,0.3567196111660538,0.3567196111660538
2023-10-08 13:00:00+09:00,0.168526903,0.14551213,0.15777078725427865,0.15777078725427865,0.112846099,0.2590029911804428,0.2590029911804428
2023-10-08 14:00:00+09:00,0.133633106,0.168526903,0.15193618109476853,0.15193618109476853,0.073498825,0.14954997824258803,0.14954997824258803
2023-10-08 15:00:00+09:00,0.161844631,0.133633106,0.049839868194633485,0.049839868194633485,0.14551213,0.02262132976234435,0.02262132976234435
2023-10-08 16:00:00+09:00,0.181148172,0.161844631,0.07991084204478835,0.07991084204478835,0.168526903,0.0,0.0
2023-10-08 17:00:00+09:00,0.018560268,0.181148172,0.04182781336600494,0.04182781336600494,0.133633106,0.0,0.0
2023-10-08 18:00:00+09:00,0.014105762,0.018560268,0.0,0.0,0.161844631,0.0,0.0
2023-10-08 19:00:00+09:00,0.0,0.014105762,0.0,0.0,0.181148172,0.0,0.0
2023-10-08 20:00:00+09:00,0.0,0.0,0.0,0.0,0.018560268,0.0,0.0
2023-10-08 21:00:00+09:00,0.0,0.0,0.0,0.0,0.014105762,0.0,0.0
2023-10-08 22:00:00+09:00,0.0,0.0,0.0,0.0,0.0,0.0,0.0
2023-10-08 23:00:00+09:00,0.0,0.0,0.0,0.0,0.0,0.0011175164254382253,0.0011175164254382253
2023-10-09 00:00:00+09:00,0.0,0.0,0.00012142469495302066,0.00012142469495302066,0.0,0.0,0.0
2023-10-09 01:00:00+09:00,0.0,0.0,0.00012142469495302066,0.00012142469495302066,0.0,0.0,0.0
2023-10-09 02:00:00+09:00,0.0,0.0,0.00012142469495302066,0.00012142469495302066,0.0,0.0,0.0
2023-10-09 03:00:00+09:00,0.0,0.0,0.00012142469495302066,0.00012142469495302066,0.0,0.0,0.0
2023-10-09 04:00:00+09:00,0.0,0.0,0.00012142469495302066,0.00012142469495302066,0.0,0.0,0.0
2023-10-09 05:00:00+09:00,0.0,0.0,0.00012142469495302066,0.00012142469495302066,0.0,0.0,0.0
2023-10-09 06:00:00+09:00,0.0,0.0,0.00019493259605951607,0.00019493259605951607,0.0,0.0,0.0
2023-10-09 07:00:00+09:00,0.005196752,0.0,0.0015057027339935303,0.0015057027339935303,0.0,0.005304930731654167,0.005304930731654167
2023-10-09 08:00:00+09:00,0.044544027,0.005196752,0.045938434052612304,0.045938434052612304,0.0,0.024052554741501808,0.024052554741501808
2023-10-09 09:00:00+09:00,0.079437823,0.044544027,0.14288025423817824,0.14288025423817824,0.0,0.14120596647262573,0.14120596647262573
2023-10-09 10:00:00+09:00,0.149966635,0.079437823,0.1884565809393387,0.1884565809393387,0.005196752,0.2445560414077301,0.2445560414077301
2023-10-09 11:00:00+09:00,0.317008018,0.149966635,0.2594560684673881,0.2594560684673881,0.044544027,0.3937917210155029,0.3937917210155029
2023-10-09 12:00:00+09:00,0.406840371,0.317008018,0.4844107175897293,0.4844107175897293,0.079437823,0.3638507434750061,0.3638507434750061
2023-10-09 13:00:00+09:00,0.252419231,0.406840371,0.5190981570951423,0.5190981570951423,0.149966635,0.40773553420234676,0.40773553420234676
2023-10-09 14:00:00+09:00,0.124725122,0.252419231,0.24287588382756092,0.24287588382756092,0.317008018,0.3338162335287266,0.3338162335287266
2023-10-09 15:00:00+09:00,0.140315378,0.124725122,0.004680160428306573,0.004680160428306573,0.406840371,0.22379428337735746,0.22379428337735746
2023-10-09 16:00:00+09:00,0.162587904,0.140315378,0.050008715976932516,0.050008715976932516,0.252419231,0.05518714851384737,0.05518714851384737
2023-10-09 17:00:00+09:00,0.098740337,0.162587904,0.059355393612102514,0.059355393612102514,0.124725122,0.0,0.0
2023-10-09 18:00:00+09:00,0.018560268,0.098740337,0.005884727046596525,0.005884727046596525,0.140315378,0.0,0.0
2023-10-09 19:00:00+09:00,0.0,0.018560268,0.0,0.0,0.162587904,0.0,0.0
2023-10-09 20:00:00+09:00,0.0,0.0,0.0,0.0,0.098740337,0.0,0.0
2023-10-09 21:00:00+09:00,0.0,0.0,3.223968087695539e-05,3.223968087695539e-05,0.018560268,0.0,0.0
2023-10-09 22:00:00+09:00,0.0,0.0,0.00042181764729321003,0.00042181764729321003,0.0,0.0,0.0
2023-10-09 23:00:00+09:00,0.0,0.0,0.00042181764729321003,0.00042181764729321003,0.0,0.0017654774710536003,0.0017654774710536003
2023-10-10 00:00:00+09:00,0.0,0.0,0.0001500001089880243,0.0001500001089880243,0.0,0.0004155873029958457,0.0004155873029958457
2023-10-10 01:00:00+09:00,0.0,0.0,0.0001500001089880243,0.0001500001089880243,0.0,0.0004155873029958457,0.0004155873029958457
2023-10-10 02:00:00+09:00,0.0,0.0,0.0001500001089880243,0.0001500001089880243,0.0,0.0004155873029958457,0.0004155873029958457
2023-10-10 03:00:00+09:00,0.0,0.0,0.0001500001089880243,0.0001500001089880243,0.0,0.0004155873029958457,0.0004155873029958457
2023-10-10 04:00:00+09:00,0.0,0.0,0.0001500001089880243,0.0001500001089880243,0.0,0.0004155873029958457,0.0004155873029958457
2023-10-10 05:00:00+09:00,0.0,0.0,0.0001500001089880243,0.0001500001089880243,0.0,0.0004155873029958457,0.0004155873029958457
2023-10-10 06:00:00+09:00,0.0,0.0,0.0001993928017327562,0.0001993928017327562,0.0,0.0,0.0
2023-10-10 07:00:00+09:00,0.002970012,0.0,0.0022119476925581694,0.0022119476925581694,0.0,0.0,0.0
2023-10-10 08:00:00+09:00,0.104679335,0.002970012,0.05109982760826302,0.05109982760826302,0.0,0.05021373927593231,0.05021373927593231
2023-10-10 09:00:00+09:00,0.27840299,0.104679335,0.21765869492479323,0.21765869492479323,0.0,0.1611785888671875,0.1611785888671875
2023-10-10 10:00:00+09:00,0.442475387,0.27840299,0.40755139877056124,0.40755139877056124,0.002970012,0.2715070565251465,0.2715070565251465
2023-10-10 11:00:00+09:00,0.552351474,0.442475387,0.584504806541359,0.584504806541359,0.104679335,0.41435175025650023,0.41435175025650023
2023-10-10 12:00:00+09:00,0.589472009,0.552351474,0.6053108863363494,0.6053108863363494,0.27840299,0.6295932887957001,0.6295932887957001
2023-10-10 13:00:00+09:00,0.553836993,0.589472009,0.6146936138538684,0.6146936138538684,0.442475387,0.6161705042351837,0.6161705042351837
2023-10-10 14:00:00+09:00,0.558291499,0.553836993,0.6097133858711414,0.6097133858711414,0.552351474,0.588485497219347,0.588485497219347
2023-10-10 15:00:00+09:00,0.400900346,0.558291499,0.4754836228303184,0.4754836228303184,0.589472009,0.504840774592575,0.504840774592575
2023-10-10 16:00:00+09:00,0.251676984,0.400900346,0.2643470286915741,0.2643470286915741,0.553836993,0.27812706591793823,0.27812706591793823
2023-10-10 17:00:00+09:00,0.115072839,0.251676984,0.10151880221346282,0.10151880221346282,0.558291499,0.2155296248010864,0.2155296248010864
2023-10-10 18:00:00+09:00,0.026727032,0.115072839,0.016049020030273434,0.016049020030273434,0.400900346,0.1079747497628174,0.1079747497628174
2023-10-10 19:00:00+09:00,0.0,0.026727032,0.005759760821039201,0.005759760821039201,0.251676984,0.011713497209342949,0.011713497209342949
2023-10-10 20:00:00+09:00,0.0,0.0,0.0,0.0,0.115072839,0.0,0.0
2023-10-10 21:00:00+09:00,0.0,0.0,0.0,0.0,0.026727032,0.0005903188975400937,0.0005903188975400937
2023-10-10 22:00:00+09:00,0.0,0.0,0.00020040551316924393,0.00020040551316924393,0.0,0.0,0.0
2023-10-10 23:00:00+09:00,0.0,0.0,0.00020040551316924393,0.00020040551316924393,0.0,0.0012296800268813968,0.0012296800268813968
2023-10-11 00:00:00+09:00,0.0,0.0,0.0005072793574072421,0.0005072793574072421,0.0,0.0009467365453019738,0.0009467365453019738
2023-10-11 01:00:00+09:00,0.0,0.0,0.0005072793574072421,0.0005072793574072421,0.0,0.0009467365453019738,0.0009467365453019738
2023-10-11 02:00:00+09:00,0.0,0.0,0.0005072793574072421,0.0005072793574072421,0.0,0.0009467365453019738,0.0009467365453019738
2023-10-11 03:00:00+09:00,0.0,0.0,0.0005072793574072421,0.0005072793574072421,0.0,0.0009467365453019738,0.0009467365453019738
2023-10-11 04:00:00+09:00,0.0,0.0,0.0005072793574072421,0.0005072793574072421,0.0,0.0009467365453019738,0.0009467365453019738
2023-10-11 05:00:00+09:00,0.0,0.0,0.0005072793574072421,0.0005072793574072421,0.0,0.0009467365453019738,0.0009467365453019738
2023-10-11 06:00:00+09:00,0.0,0.0,0.0005271463305689394,0.0005271463305689394,0.0,0.0006504023913294077,0.0006504023913294077
2023-10-11 07:00:00+09:00,0.005938998,0.0,3.47154273185879e-05,3.47154273185879e-05,0.0,0.0,0.0
2023-10-11 08:00:00+09:00,0.097255844,0.005938998,0.07345857335743713,0.07345857335743713,0.0,0.07257556170225143,0.07257556170225143
2023-10-11 09:00:00+09:00,0.262070488,0.097255844,0.22644794297518156,0.22644794297518156,0.0,0.24849361181259155,0.24849361181259155
2023-10-11 10:00:00+09:00,0.429111871,0.262070488,0.42746224608429717,0.42746224608429717,0.005938998,0.4067759425800781,0.4067759425800781
2023-10-11 11:00:00+09:00,0.550124734,0.429111871,0.6016268460709533,0.6016268460709533,0.097255844,0.4552901865273895,0.4552901865273895
2023-10-11 12:00:00+09:00,0.612486782,0.550124734,0.5728823573446598,0.5728823573446598,0.262070488,0.5265905072928314,0.5265905072928314
2023-10-11 13:00:00+09:00,0.544185736,0.612486782,0.5907603450869865,0.5907603450869865,0.429111871,0.5421984671313247,0.5421984671313247
2023-10-11 14:00:00+09:00,0.496671697,0.544185736,0.49146353524869535,0.49146353524869535,0.550124734,0.4969413683867778,0.4969413683867778
2023-10-11 15:00:00+09:00,0.481080415,0.496671697,0.4141599069032402,0.4141599069032402,0.612486782,0.5051933475589103,0.5051933475589103
2023-10-11 16:00:00+09:00,0.313296786,0.481080415,0.364309439708271,0.364309439708271,0.544185736,0.3331619433755264,0.3331619433755264
2023-10-11 17:00:00+09:00,0.151451128,0.313296786,0.19506060933040237,0.19506060933040237,0.496671697,0.10673104772898867,0.10673104772898867
2023-10-11 18:00:00+09:00,0.027469278,0.151451128,0.04134614991543578,0.04134614991543578,0.481080415,0.08612251495269774,0.08612251495269774
2023-10-11 19:00:00+09:00,0.0,0.027469278,0.003700812034013748,0.003700812034013748,0.313296786,0.046388080765472406,0.046388080765472406
2023-10-11 20:00:00+09:00,0.0,0.0,0.0,0.0,0.151451128,0.008347215527275076,0.008347215527275076
2023-10-11 21:00:00+09:00,0.0,0.0,0.0,0.0,0.027469278,0.0,0.0
2023-10-11 22:00:00+09:00,0.0,0.0,0.0,0.0,0.0,0.0,0.0
2023-10-11 23:00:00+09:00,0.0,0.0,0.0,0.0,0.0,0.0,0.0
2023-10-12 00:00:00+09:00,0.0,0.0,0.00023573500220663846,0.00023573500220663846,0.0,0.00037545294617302716,0.00037545294617302716
2023-10-12 01:00:00+09:00,0.0,0.0,0.00023573500220663846,0.00023573500220663846,0.0,0.00037545294617302716,0.00037545294617302716
2023-10-12 02:00:00+09:00,0.0,0.0,0.00023573500220663846,0.00023573500220663846,0.0,0.00037545294617302716,0.00037545294617302716
2023-10-12 03:00:00+09:00,0.0,0.0,0.00023573500220663846,0.00023573500220663846,0.0,0.00037545294617302716,0.00037545294617302716
2023-10-12 04:00:00+09:00,0.0,0.0,0.00023573500220663846,0.00023573500220663846,0.0,0.00037545294617302716,0.00037545294617302716
2023-10-12 05:00:00+09:00,0.0,0.0,0.00023573500220663846,0.00023573500220663846,0.0,0.00037545294617302716,0.00037545294617302716
2023-10-12 06:00:00+09:00,0.0,0.0,0.00025049937539733946,0.00025049937539733946,0.0,0.0003141940978821367,0.0003141940978821367
2023-10-12 07:00:00+09:00,0.005938998,0.0,0.0029954849742352962,0.0029954849742352962,0.0,0.007896818220615387,0.007896818220615387
2023-10-12 08:00:00+09:00,0.098740337,0.005938998,0.04994905977067757,0.04994905977067757,0.0,0.04403059557080269,0.04403059557080269
2023-10-12 09:00:00+09:00,0.266524993,0.098740337,0.2181573636389847,0.2181573636389847,0.0,0.2178298830986023,0.2178298830986023
2023-10-12 10:00:00+09:00,0.423172873,0.266524993,0.3909962625479393,0.3909962625479393,0.005938998,0.34702943875012204,0.34702943875012204
2023-10-12 11:00:00+09:00,0.498898436,0.423172873,0.5684414324558715,0.5684414324558715,0.098740337,0.4331282652474518,0.4331282652474518
2023-10-12 12:00:00+09:00,0.501868449,0.498898436,0.6270060433646545,0.6270060433646545,0.266524993,0.661132268724411,0.661132268724411
2023-10-12 13:00:00+09:00,0.559033745,0.501868449,0.5302213391636601,0.5302213391636601,0.423172873,0.5917185214556198,0.5917185214556198
2023-10-12 14:00:00+09:00,0.455096656,0.559033745,0.5203500809463215,0.5203500809463215,0.498898436,0.5050029588503644,0.5050029588503644
2023-10-12 15:00:00+09:00,0.377885573,0.455096656,0.4212529300802765,0.4212529300802765,0.501868449,0.399226836708664,0.399226836708664
2023-10-12 16:00:00+09:00,0.242767974,0.377885573,0.24424672910599515,0.24424672910599515,0.559033745,0.32893718130313876,0.32893718130313876
2023-10-12 17:00:00+09:00,0.123239603,0.242767974,0.09694048688890838,0.09694048688890838,0.455096656,0.10585921398339843,0.10585921398339843
2023-10-12 18:00:00+09:00,0.024499266,0.123239603,0.019913453715160373,0.019913453715160373,0.377885573,0.01072942504315183,0.01072942504315183
2023-10-12 19:00:00+09:00,0.0,0.024499266,0.002596049161163329,0.002596049161163329,0.242767974,0.0,0.0
2023-10-12 20:00:00+09:00,0.0,0.0,0.0,0.0,0.123239603,0.0,0.0
2023-10-12 21:00:00+09:00,0.0,0.0,0.0,0.0,0.024499266,0.0,0.0
2023-10-12 22:00:00+09:00,0.0,0.0,0.0,0.0,0.0,0.0,0.0
2023-10-12 23:00:00+09:00,0.0,0.0,0.0,0.0,0.0,0.0,0.0
2023-10-13 00:00:00+09:00,0.0,0.0,0.00025344188907183707,0.00025344188907183707,0.0,0.0006802923744544387,0.0006802923744544387
2023-10-13 01:00:00+09:00,0.0,0.0,0.00025344188907183707,0.00025344188907183707,0.0,0.0006802923744544387,0.0006802923744544387
2023-10-13 02:00:00+09:00,0.0,0.0,0.00025344188907183707,0.00025344188907183707,0.0,0.0006802923744544387,0.0006802923744544387
2023-10-13 03:00:00+09:00,0.0,0.0,0.00025344188907183707,0.00025344188907183707,0.0,0.0006802923744544387,0.0006802923744544387
2023-10-13 04:00:00+09:00,0.0,0.0,0.00025344188907183707,0.00025344188907183707,0.0,0.0006802923744544387,0.0006802923744544387
2023-10-13 05:00:00+09:00,0.0,0.0,0.00025344188907183707,0.00025344188907183707,0.0,0.0006802923744544387,0.0006802923744544387
2023-10-13 06:00:00+09:00,0.0,0.0,0.0002018826053244993,0.0002018826053244993,0.0,0.0007161524845287204,0.0007161524845287204
2023-10-13 07:00:00+09:00,0.0,0.0,0.002717368071898818,0.002717368071898818,0.0,0.004013770259916782,0.004013770259916782
2023-10-13 08:00:00+09:00,0.072013305,0.0,0.04681820049881935,0.04681820049881935,0.0,0.06906241178512573,0.06906241178512573
2023-10-13 09:00:00+09:00,0.244252466,0.072013305,0.19411263006084442,0.19411263006084442,0.0,0.1776134967803955,0.1776134967803955
2023-10-13 10:00:00+09:00,0.394961348,0.244252466,0.3920953798660431,0.3920953798660431,0.0,0.33595097064971924,0.33595097064971924
2023-10-13 11:00:00+09:00,0.406097098,0.394961348,0.45071219486279296,0.45071219486279296,0.072013305,0.4314266307865906,0.4314266307865906
2023-10-13 12:00:00+09:00,0.363037564,0.406097098,0.43664501488919066,0.43664501488919066,0.244252466,0.5092346001037751,0.5092346001037751
2023-10-13 13:00:00+09:00,0.382340078,0.363037564,0.3461536636109247,0.3461536636109247,0.394961348,0.4600022493032913,0.4600022493032913
2023-10-13 14:00:00+09:00,0.435051896,0.382340078,0.36633892798798373,0.36633892798798373,0.406097098,0.4301122955303888,0.4301122955303888
2023-10-13 15:00:00+09:00,0.301417763,0.435051896,0.329787507975193,0.329787507975193,0.363037564,0.23387820287596128,0.23387820287596128
2023-10-13 16:00:00+09:00,0.240540208,0.301417763,0.18747183925436783,0.18747183925436783,0.382340078,0.16485859895127108,0.16485859895127108
2023-10-13 17:00:00+09:00,0.092801339,0.240540208,0.06231993593579102,0.06231993593579102,0.435051896,0.08789653363236999,0.08789653363236999
2023-10-13 18:00:00+09:00,0.01262127,0.092801339,0.0,0.0,0.301417763,0.0,0.0
2023-10-13 19:00:00+09:00,0.0,0.01262127,0.0,0.0,0.240540208,0.0,0.0
2023-10-13 20:00:00+09:00,0.0,0.0,0.0,0.0,0.092801339,0.0,0.0
2023-10-13 21:00:00+09:00,0.0,0.0,0.0,0.0,0.01262127,0.0,0.0
2023-10-13 22:00:00+09:00,0.0,0.0,0.0,0.0,0.0,0.0,0.0
2023-10-13 23:00:00+09:00,0.0,0.0,0.0,0.0,0.0,0.0,0.0
2023-10-14 00:00:00+09:00,0.0,0.0,0.0002508641919121146,0.0002508641919121146,0.0,0.00041511759627610445,0.00041511759627610445
2023-10-14 01:00:00+09:00,0.0,0.0,0.0002508641919121146,0.0002508641919121146,0.0,0.00041511759627610445,0.00041511759627610445
2023-10-14 02:00:00+09:00,0.0,0.0,0.0002508641919121146,0.0002508641919121146,0.0,0.00041511759627610445,0.00041511759627610445
2023-10-14 03:00:00+09:00,0.0,0.0,0.0002508641919121146,0.0002508641919121146,0.0,0.00041511759627610445,0.00041511759627610445
2023-10-14 04:00:00+09:00,0.0,0.0,0.0002508641919121146,0.0002508641919121146,0.0,0.00041511759627610445,0.00041511759627610445
2023-10-14 05:00:00+09:00,0.0,0.0,0.0002508641919121146,0.0002508641919121146,0.0,0.00041511759627610445,0.00041511759627610445
2023-10-14 06:00:00+09:00,0.0,0.0,0.00019930489361286163,0.00019930489361286163,0.0,0.00012690783478319645,0.00012690783478319645
2023-10-14 07:00:00+09:00,0.003712259,0.0,0.00021707457199227065,0.00021707457199227065,0.0,0.005003345664590597,0.005003345664590597
2023-10-14 08:00:00+09:00,0.07795333,0.003712259,0.0681208220774498,0.0681208220774498,0.0,0.07100749760866165,0.07100749760866165
2023-10-14 09:00:00+09:00,0.13437638,0.07795333,0.21826862426574706,0.21826862426574706,0.0,0.24053551256656647,0.24053551256656647
2023-10-14 10:00:00+09:00,0.391991335,0.13437638,0.26320009246814724,0.26320009246814724,0.003712259,0.26796039170568847,0.26796039170568847
2023-10-14 11:00:00+09:00,0.498898436,0.391991335,0.5103810010804748,0.5103810010804748,0.07795333,0.471893599947052,0.471893599947052
2023-10-14 12:00:00+09:00,0.467716899,0.498898436,0.5463248907228813,0.5463248907228813,0.13437638,0.44108534172523495,0.44108534172523495
2023-10-14 13:00:00+09:00,0.605063291,0.467716899,0.5064098986311665,0.5064098986311665,0.391991335,0.5847917674436187,0.5847917674436187
2023-10-14 14:00:00+09:00,0.544927983,0.605063291,0.5422896386252556,0.5422896386252556,0.498898436,0.4601515165170536,0.4601515165170536
2023-10-14 15:00:00+09:00,0.287312,0.544927983,0.47310059370013047,0.47310059370013047,0.467716899,0.35172414430220034,0.35172414430220034
2023-10-14 16:00:00+09:00,0.23088895,0.287312,0.19553723832321168,0.19553723832321168,0.605063291,0.3636440203653488,0.3636440203653488
2023-10-14 17:00:00+09:00,0.126209615,0.23088895,0.12205414689559937,0.12205414689559937,0.544927983,0.2682583615324097,0.2682583615324097
2023-10-14 18:00:00+09:00,0.025984785,0.126209615,0.029689913817157743,0.029689913817157743,0.287312,0.0,0.0
2023-10-14 19:00:00+09:00,0.0,0.025984785,0.0077813700234031676,0.0077813700234031676,0.23088895,0.0,0.0
2023-10-14 20:00:00+09:00,0.0,0.0,0.0,0.0,0.126209615,0.0009055568058395358,0.0009055568058395358
2023-10-14 21:00:00+09:00,0.0,0.0,0.0002942323626484722,0.0002942323626484722,0.025984785,0.004645074198160171,0.004645074198160171
2023-10-14 22:00:00+09:00,0.0,0.0,0.0005656929570250213,0.0005656929570250213,0.0,0.0,0.0
2023-10-14 23:00:00+09:00,0.0,0.0,0.0005656929570250213,0.0005656929570250213,0.0,0.0013976219343021512,0.0013976219343021512
2023-10-15 00:00:00+09:00,0.0,0.0,0.0,0.0,0.0,0.0,0.0
2023-10-15 01:00:00+09:00,0.0,0.0,0.0,0.0,0.0,0.0,0.0
2023-10-15 02:00:00+09:00,0.0,0.0,0.0,0.0,0.0,0.0,0.0
2023-10-15 03:00:00+09:00,0.0,0.0,0.0,0.0,0.0,0.0,0.0
2023-10-15 04:00:00+09:00,0.0,0.0,0.0,0.0,0.0,0.0,0.0
2023-10-15 05:00:00+09:00,0.0,0.0,0.0,0.0,0.0,0.0,0.0
2023-10-15 06:00:00+09:00,0.0,0.0,0.0,0.0,0.0,0.0,0.0
2023-10-15 07:00:00+09:00,0.004454505,0.0,0.002355720615014434,0.002355720615014434,0.0,0.0,0.0
2023-10-15 08:00:00+09:00,0.088346833,0.004454505,0.0613591264222908,0.0613591264222908,0.0,0.03861429542303085,0.03861429542303085
2023-10-15 09:00:00+09:00,0.252419231,0.088346833,0.19357060790997316,0.19357060790997316,0.0,0.15196511149406433,0.15196511149406433
2023-10-15 10:00:00+09:00,0.415748355,0.252419231,0.32955594873672106,0.32955594873672106,0.004454505,0.2584109123085785,0.2584109123085785
2023-10-15 11:00:00+09:00,0.515974211,0.415748355,0.49694347104309083,0.49694347104309083,0.088346833,0.4438126921747284,0.4438126921747284
2023-10-15 12:00:00+09:00,0.592442022,0.515974211,0.5986001663432464,0.5986001663432464,0.252419231,0.561212537350708,0.561212537350708
2023-10-15 13:00:00+09:00,0.597638773,0.592442022,0.6315346670490951,0.6315346670490951,0.415748355,0.5636381330179978,0.5636381330179978
2023-10-15 14:00:00+09:00,0.545670229,0.597638773,0.5397871753332596,0.5397871753332596,0.515974211,0.5229113185369417,0.5229113185369417
2023-10-15 15:00:00+09:00,0.445445399,0.545670229,0.44324162880792994,0.44324162880792994,0.592442022,0.49293463799779125,0.49293463799779125
2023-10-15 16:00:00+09:00,0.29993327,0.445445399,0.3634180382030716,0.3634180382030716,0.597638773,0.3623010983822327,0.3623010983822327
2023-10-15 17:00:00+09:00,0.144027637,0.29993327,0.15092116632320401,0.15092116632320401,0.545670229,0.29014145116224666,0.29014145116224666
2023-10-15 18:00:00+09:00,0.020787007,0.144027637,0.03390161102524947,0.03390161102524947,0.445445399,0.1494765386121979,0.1494765386121979
2023-10-15 19:00:00+09:00,0.0,0.020787007,0.0,0.0,0.29993327,0.057229608677406285,0.057229608677406285
2023-10-15 20:00:00+09:00,0.0,0.0,0.0,0.0,0.144027637,0.006666214818870531,0.006666214818870531
2023-10-15 21:00:00+09:00,0.0,0.0,0.0,0.0,0.020787007,0.0,0.0
2023-10-15 22:00:00+09:00,0.0,0.0,0.0,0.0,0.0,0.0,0.0
2023-10-15 23:00:00+09:00,0.0,0.0,0.0,0.0,0.0,0.0011175164254382253,0.0011175164254382253
2023-10-16 00:00:00+09:00,0.0,0.0,0.00012142469495302066,0.00012142469495302066,0.0,0.0,0.0
2023-10-16 01:00:00+09:00,0.0,0.0,0.00012142469495302066,0.00012142469495302066,0.0,0.0,0.0
2023-10-16 02:00:00+09:00,0.0,0.0,0.00012142469495302066,0.00012142469495302066,0.0,0.0,0.0
2023-10-16 03:00:00+09:00,0.0,0.0,0.00012142469495302066,0.00012142469495302066,0.0,0.0,0.0
2023-10-16 04:00:00+09:00,0.0,0.0,0.00012142469495302066,0.00012142469495302066,0.0,0.0,0.0
2023-10-16 05:00:00+09:00,0.0,0.0,0.00012142469495302066,0.00012142469495302066,0.0,0.0,0.0
2023-10-16 06:00:00+09:00,0.0,0.0,0.00019493259605951607,0.00019493259605951607,0.0,0.0,0.0
2023-10-16 07:00:00+09:00,0.004454505,0.0,0.00011977159738307819,0.00011977159738307819,0.0,0.0,0.0
2023-10-16 08:00:00+09:00,0.08908908,0.004454505,0.09593200341213226,0.09593200341213226,0.0,0.062106478959321976,0.062106478959321976
2023-10-16 09:00:00+09:00,0.248706972,0.08908908,0.24143081834323882,0.24143081834323882,0.0,0.29505932331085205,0.29505932331085205
2023-10-16 10:00:00+09:00,0.410551603,0.248706972,0.28949389397799685,0.28949389397799685,0.004454505,0.39157013252723694,0.39157013252723694
2023-10-16 11:00:00+09:00,0.525625468,0.410551603,0.5029671369598656,0.5029671369598656,0.08908908,0.5175163291931916,0.5175163291931916
2023-10-16 12:00:00+09:00,0.58724527,0.525625468,0.5231195462412886,0.5231195462412886,0.248706972,0.49594191252886966,0.49594191252886966
2023-10-16 13:00:00+09:00,0.582790765,0.58724527,0.5807096840303135,0.5807096840303135,0.410551603,0.5492390646146088,0.5492390646146088
2023-10-16 14:00:00+09:00,0.53082222,0.582790765,0.5611323109096432,0.5611323109096432,0.525625468,0.5310919301129632,0.5310919301129632
2023-10-16 15:00:00+09:00,0.427627378,0.53082222,0.43927927568790437,0.43927927568790437,0.58724527,0.4975946464996529,0.4975946464996529
2023-10-16 16:00:00+09:00,0.288796493,0.427627378,0.3281606592666893,0.3281606592666893,0.582790765,0.3392976997620011,0.3392976997620011
2023-10-16 17:00:00+09:00,0.138087612,0.288796493,0.1861164059104614,0.1861164059104614,0.53082222,0.16731611147758485,0.16731611147758485
2023-10-16 18:00:00+09:00,0.020044761,0.138087612,0.02159675618697357,0.02159675618697357,0.427627378,0.055753343595245364,0.055753343595245364
2023-10-16 19:00:00+09:00,0.0,0.020044761,0.0,0.0,0.288796493,0.032012977785079944,0.032012977785079944
2023-10-16 20:00:00+09:00,0.0,0.0,0.0,0.0,0.138087612,0.0,0.0
2023-10-16 21:00:00+09:00,0.0,0.0,3.223968087695539e-05,3.223968087695539e-05,0.020044761,0.0,0.0
2023-10-16 22:00:00+09:00,0.0,0.0,0.00042181764729321003,0.00042181764729321003,0.0,0.0,0.0
2023-10-16 23:00:00+09:00,0.0,0.0,0.00042181764729321003,0.00042181764729321003,0.0,0.0017654774710536003,0.0017654774710536003
2023-10-17 00:00:00+09:00,0.0,0.0,0.0001500001089880243,0.0001500001089880243,0.0,0.0004155873029958457,0.0004155873029958457
2023-10-17 01:00:00+09:00,0.0,0.0,0.0001500001089880243,0.0001500001089880243,0.0,0.0004155873029958457,0.0004155873029958457
2023-10-17 02:00:00+09:00,0.0,0.0,0.0001500001089880243,0.0001500001089880243,0.0,0.0004155873029958457,0.0004155873029958457
2023-10-17 03:00:00+09:00,0.0,0.0,0.0001500001089880243,0.0001500001089880243,0.0,0.0004155873029958457,0.0004155873029958457
2023-10-17 04:00:00+09:00,0.0,0.0,0.0001500001089880243,0.0001500001089880243,0.0,0.0004155873029958457,0.0004155873029958457
2023-10-17 05:00:00+09:00,0.0,0.0,0.0001500001089880243,0.0001500001089880243,0.0,0.0004155873029958457,0.0004155873029958457
2023-10-17 06:00:00+09:00,0.0,0.0,0.0001993928017327562,0.0001993928017327562,0.0,0.0,0.0
2023-10-17 07:00:00+09:00,0.004454505,0.0,0.0,0.0,0.0,0.0,0.0
2023-10-17 08:00:00+09:00,0.095028078,0.004454505,0.06048661500561714,0.06048661500561714,0.0,0.059201207011938095,0.059201207011938095
2023-10-17 09:00:00+09:00,0.262812734,0.095028078,0.24466990474884798,0.24466990474884798,0.0,0.23108983039855957,0.23108983039855957
2023-10-17 10:00:00+09:00,0.432081883,0.262812734,0.4246246520202484,0.4246246520202484,0.004454505,0.3943242843483734,0.3943242843483734
2023-10-17 11:00:00+09:00,0.548640241,0.432081883,0.5398613560663299,0.5398613560663299,0.095028078,0.5489424521130829,0.5489424521130829
2023-10-17 12:00:00+09:00,0.604321045,0.548640241,0.5758803720503483,0.5758803720503483,0.262812734,0.5499615076701965,0.5499615076701965
2023-10-17 13:00:00+09:00,0.600608786,0.604321045,0.5907571913114619,0.5907571913114619,0.432081883,0.5687205094562606,0.5687205094562606
2023-10-17 14:00:00+09:00,0.546412475,0.600608786,0.5454105412495003,0.5454105412495003,0.548640241,0.5498263545717481,0.5498263545717481
2023-10-17 15:00:00+09:00,0.438020881,0.546412475,0.4207331757646561,0.4207331757646561,0.604321045,0.45382821293537134,0.45382821293537134
2023-10-17 16:00:00+09:00,0.288796493,0.438020881,0.27640957731290433,0.27640957731290433,0.600608786,0.37096608187078095,0.37096608187078095
2023-10-17 17:00:00+09:00,0.133633106,0.288796493,0.17977139461657332,0.17977139461657332,0.546412475,0.2972301166158676,0.2972301166158676
2023-10-17 18:00:00+09:00,0.019302514,0.133633106,0.03224398101049042,0.03224398101049042,0.438020881,0.13716730076356504,0.13716730076356504
2023-10-17 19:00:00+09:00,0.0,0.019302514,0.0,0.0,0.288796493,0.048833006209342944,0.048833006209342944
2023-10-17 20:00:00+09:00,0.0,0.0,0.0,0.0,0.133633106,0.006356894022994997,0.006356894022994997
2023-10-17 21:00:00+09:00,0.0,0.0,0.0,0.0,0.019302514,0.0,0.0
2023-10-17 22:00:00+09:00,0.0,0.0,0.00020040551316924393,0.00020040551316924393,0.0,0.0,0.0
2023-10-17 23:00:00+09:00,0.0,0.0,0.00020040551316924393,0.00020040551316924393,0.0,0.0012296800268813968,0.0012296800268813968
2023-10-18 00:00:00+09:00,0.0,0.0,0.0005072793574072421,0.0005072793574072421,0.0,0.0009467365453019738,0.0009467365453019738
2023-10-18 01:00:00+09:00,0.0,0.0,0.0005072793574072421,0.0005072793574072421,0.0,0.0009467365453019738,0.0009467365453019738
2023-10-18 02:00:00+09:00,0.0,0.0,0.0005072793574072421,0.0005072793574072421,0.0,0.0009467365453019738,0.0009467365453019738
2023-10-18 03:00:00+09:00,0.0,0.0,0.0005072793574072421,0.0005072793574072421,0.0,0.0009467365453019738,0.0009467365453019738
2023-10-18 04:00:00+09:00,0.0,0.0,0.0005072793574072421,0.0005072793574072421,0.0,0.0009467365453019738,0.0009467365453019738
2023-10-18 05:00:00+09:00,0.0,0.0,0.0005072793574072421,0.0005072793574072421,0.0,0.0009467365453019738,0.0009467365453019738
2023-10-18 06:00:00+09:00,0.0,0.0,0.0005271463305689394,0.0005271463305689394,0.0,0.0006504023913294077,0.0006504023913294077
2023-10-18 07:00:00+09:00,0.003712259,0.0,0.0,0.0,0.0,0.0,0.0
2023-10-18 08:00:00+09:00,0.08908908,0.003712259,0.0501321589106884,0.0501321589106884,0.0,0.0502072274684906,0.0502072274684906
2023-10-18 09:00:00+09:00,0.252419231,0.08908908,0.2027660675884056,0.2027660675884056,0.0,0.21872785687446594,0.21872785687446594
2023-10-18 10:00:00+09:00,0.412779369,0.252419231,0.3967194235945282,0.3967194235945282,0.003712259,0.3912559968883362,0.3912559968883362
2023-10-18 11:00:00+09:00,0.503352942,0.412779369,0.5524470588002625,0.5524470588002625,0.08908908,0.49041812052734374,0.49041812052734374
2023-10-18 12:00:00+09:00,0.536018972,0.503352942,0.5580200199585839,0.5580200199585839,0.252419231,0.5439474559450683,0.5439474559450683
2023-10-18 13:00:00+09:00,0.573139507,0.536018972,0.5565862736607762,0.5565862736607762,0.412779369,0.5846452643905106,0.5846452643905106
2023-10-18 14:00:00+09:00,0.526367715,0.573139507,0.5550497618062802,0.5550497618062802,0.503352942,0.53180718241152,0.53180718241152
2023-10-18 15:00:00+09:00,0.420946133,0.526367715,0.4242336958635712,0.4242336958635712,0.536018972,0.4478116079176636,0.4478116079176636
2023-10-18 16:00:00+09:00,0.272463991,0.420946133,0.233411234480484,0.233411234480484,0.573139507,0.3549994562311478,0.3549994562311478
2023-10-18 17:00:00+09:00,0.130664121,0.272463991,0.16514092559987642,0.16514092559987642,0.526367715,0.23164870440849306,0.23164870440849306
2023-10-18 18:00:00+09:00,0.020044761,0.130664121,0.024365428475566858,0.024365428475566858,0.420946133,0.09554560170803833,0.09554560170803833
2023-10-18 19:00:00+09:00,0.0,0.020044761,0.0,0.0,0.272463991,0.005555285765472429,0.005555285765472429
2023-10-18 20:00:00+09:00,0.0,0.0,0.0,0.0,0.130664121,0.0,0.0
2023-10-18 21:00:00+09:00,0.0,0.0,0.0,0.0,0.020044761,0.0,0.0
2023-10-18 22:00:00+09:00,0.0,0.0,0.0,0.0,0.0,0.0,0.0
2023-10-18 23:00:00+09:00,0.0,0.0,0.0,0.0,0.0,0.0,0.0
2023-10-19 00:00:00+09:00,0.0,0.0,0.00023573500220663846,0.00023573500220663846,0.0,0.00037545294617302716,0.00037545294617302716
2023-10-19 01:00:00+09:00,0.0,0.0,0.00023573500220663846,0.00023573500220663846,0.0,0.00037545294617302716,0.00037545294617302716
2023-10-19 02:00:00+09:00,0.0,0.0,0.00023573500220663846,0.00023573500220663846,0.0,0.00037545294617302716,0.00037545294617302716
2023-10-19 03:00:00+09:00,0.0,0.0,0.00023573500220663846,0.00023573500220663846,0.0,0.00037545294617302716,0.00037545294617302716
2023-10-19 04:00:00+09:00,0.0,0.0,0.00023573500220663846,0.00023573500220663846,0.0,0.00037545294617302716,0.00037545294617302716
2023-10-19 05:00:00+09:00,0.0,0.0,0.00023573500220663846,0.00023573500220663846,0.0,0.00037545294617302716,0.00037545294617302716
2023-10-19 06:00:00+09:00,0.0,0.0,0.00025049937539733946,0.00025049937539733946,0.0,0.0003141940978821367,0.0003141940978821367
2023-10-19 07:00:00+09:00,0.004454505,0.0,0.002488485537469387,0.002488485537469387,0.0,9.305366256739944e-05,9.305366256739944e-05
2023-10-19 08:00:00+09:00,0.060135309,0.004454505,0.047656115445976255,0.047656115445976255,0.0,0.053044792264699936,0.053044792264699936
2023-10-19 09:00:00+09:00,0.250191465,0.060135309,0.19771911611078644,0.19771911611078644,0.0,0.25089672207832336,0.25089672207832336
2023-10-19 10:00:00+09:00,0.16704241,0.250191465,0.3887979388035202,0.3887979388035202,0.004454505,0.37455220178115844,0.37455220178115844
2023-10-19 11:00:00+09:00,0.253161477,0.16704241,0.237120455129776,0.237120455129776,0.060135309,0.3526925485324707,0.3526925485324707
2023-10-19 12:00:00+09:00,0.374174341,0.253161477,0.33271663084674075,0.33271663084674075,0.250191465,0.5874072164095306,0.5874072164095306
2023-10-19 13:00:00+09:00,0.361553071,0.374174341,0.37778958668870666,0.37778958668870666,0.16704241,0.3185192700463867,0.3185192700463867
2023-10-19 14:00:00+09:00,0.525625468,0.361553071,0.39022281200470543,0.39022281200470543,0.253161477,0.29489585205960467,0.29489585205960467
2023-10-19 15:00:00+09:00,0.399415853,0.525625468,0.42459370265824126,0.42459370265824126,0.374174341,0.22568806949941256,0.22568806949941256
2023-10-19 16:00:00+09:00,0.16704241,0.399415853,0.3056389340523033,0.3056389340523033,0.361553071,0.12072802887143708,0.12072802887143708
2023-10-19 17:00:00+09:00,0.05642305,0.16704241,0.05452125333133698,0.05452125333133698,0.525625468,0.19030392239910887,0.19030392239910887
2023-10-19 18:00:00+09:00,0.005196752,0.05642305,0.0,0.0,0.399415853,0.05963301894696044,0.05963301894696044
2023-10-19 19:00:00+09:00,0.0,0.005196752,0.0,0.0,0.16704241,0.0,0.0
2023-10-19 20:00:00+09:00,0.0,0.0,0.0,0.0,0.05642305,0.0,0.0
2023-10-19 21:00:00+09:00,0.0,0.0,0.0,0.0,0.005196752,0.0,0.0
2023-10-19 22:00:00+09:00,0.0,0.0,0.0,0.0,0.0,0.0,0.0
2023-10-19 23:00:00+09:00,0.0,0.0,0.0,0.0,0.0,0.0,0.0
2023-10-20 00:00:00+09:00,0.0,0.0,0.00025344188907183707,0.00025344188907183707,0.0,0.0006802923744544387,0.0006802923744544387
2023-10-20 01:00:00+09:00,0.0,0.0,0.00025344188907183707,0.00025344188907183707,0.0,0.0006802923744544387,0.0006802923744544387
2023-10-20 02:00:00+09:00,0.0,0.0,0.00025344188907183707,0.00025344188907183707,0.0,0.0006802923744544387,0.0006802923744544387
2023-10-20 03:00:00+09:00,0.0,0.0,0.00025344188907183707,0.00025344188907183707,0.0,0.0006802923744544387,0.0006802923744544387
2023-10-20 04:00:00+09:00,0.0,0.0,0.00025344188907183707,0.00025344188907183707,0.0,0.0006802923744544387,0.0006802923744544387
2023-10-20 05:00:00+09:00,0.0,0.0,0.00025344188907183707,0.00025344188907183707,0.0,0.0006802923744544387,0.0006802923744544387
2023-10-20 06:00:00+09:00,0.0,0.0,0.0002018826053244993,0.0002018826053244993,0.0,0.0007161524845287204,0.0007161524845287204
2023-10-20 07:00:00+09:00,0.0,0.0,0.00019025425717700273,0.00019025425717700273,0.0,0.0,0.0
2023-10-20 08:00:00+09:00,0.013363516,0.0,0.08253276348114014,0.08253276348114014,0.0,0.09504195302724838,0.09504195302724838
2023-10-20 09:00:00+09:00,0.086119067,0.013363516,0.1543934401542816,0.1543934401542816,0.0,0.21981275081634521,0.21981275081634521
2023-10-20 10:00:00+09:00,0.327402548,0.086119067,0.263204809354393,0.263204809354393,0.0,0.31052064895629883,0.31052064895629883
2023-10-20 11:00:00+09:00,0.541215724,0.327402548,0.4417897621838074,0.4417897621838074,0.013363516,0.390879100230423,0.390879100230423
2023-10-20 12:00:00+09:00,0.613229029,0.541215724,0.59815603370335,0.59815603370335,0.086119067,0.4218046479688568,0.4218046479688568
2023-10-20 13:00:00+09:00,0.616941288,0.613229029,0.6174275657424786,0.6174275657424786,0.327402548,0.504577384397171,0.504577384397171
2023-10-20 14:00:00+09:00,0.567200509,0.616941288,0.6199975853115594,0.6199975853115594,0.541215724,0.600275463112854,0.600275463112854
2023-10-20 15:00:00+09:00,0.45435441,0.567200509,0.47751953928488156,0.47751953928488156,0.613229029,0.4873353169562378,0.4873353169562378
2023-10-20 16:00:00+09:00,0.293994271,0.45435441,0.4109443174077606,0.4109443174077606,0.616941288,0.4635363220032578,0.4635363220032578
2023-10-20 17:00:00+09:00,0.133633106,0.293994271,0.1401763938265762,0.1401763938265762,0.567200509,0.19184255330580136,0.19184255330580136
2023-10-20 18:00:00+09:00,0.015590255,0.133633106,0.04708503837066269,0.04708503837066269,0.45435441,0.11341405374542235,0.11341405374542235
2023-10-20 19:00:00+09:00,0.0,0.015590255,0.0,0.0,0.293994271,0.03299930020150754,0.03299930020150754
2023-10-20 20:00:00+09:00,0.0,0.0,0.0,0.0,0.133633106,0.0,0.0
2023-10-20 21:00:00+09:00,0.0,0.0,0.0,0.0,0.015590255,0.0,0.0
2023-10-20 22:00:00+09:00,0.0,0.0,0.0,0.0,0.0,0.0,0.0
2023-10-20 23:00:00+09:00,0.0,0.0,0.0,0.0,0.0,0.0,0.0
2023-10-21 00:00:00+09:00,0.0,0.0,0.0002508641919121146,0.0002508641919121146,0.0,0.00041511759627610445,0.00041511759627610445
2023-10-21 01:00:00+09:00,0.0,0.0,0.0002508641919121146,0.0002508641919121146,0.0,0.00041511759627610445,0.00041511759627610445
2023-10-21 02:00:00+09:00,0.0,0.0,0.0002508641919121146,0.0002508641919121146,0.0,0.00041511759627610445,0.00041511759627610445
2023-10-21 03:00:00+09:00,0.0,0.0,0.0002508641919121146,0.0002508641919121146,0.0,0.00041511759627610445,0.00041511759627610445
2023-10-21 04:00:00+09:00,0.0,0.0,0.0002508641919121146,0.0002508641919121146,0.0,0.00041511759627610445,0.00041511759627610445
2023-10-21 05:00:00+09:00,0.0,0.0,0.0002508641919121146,0.0002508641919121146,0.0,0.00041511759627610445,0.00041511759627610445
2023-10-21 06:00:00+09:00,0.0,0.0,0.00019930489361286163,0.00019930489361286163,0.0,0.00012690783478319645,0.00012690783478319645
2023-10-21 07:00:00+09:00,0.002970012,0.0,0.00021707457199227065,0.00021707457199227065,0.0,0.005003345664590597,0.005003345664590597
2023-10-21 08:00:00+09:00,0.08908908,0.002970012,0.04162602694908333,0.04162602694908333,0.0,0.04214440658688545,0.04214440658688545
2023-10-21 09:00:00+09:00,0.258358229,0.08908908,0.2033986814857292,0.2033986814857292,0.0,0.1757468283176422,0.1757468283176422
2023-10-21 10:00:00+09:00,0.424657365,0.258358229,0.41806650539102935,0.41806650539102935,0.002970012,0.3448184748200531,0.3448184748200531
2023-10-21 11:00:00+09:00,0.53304896,0.424657365,0.5409378089663888,0.5409378089663888,0.08908908,0.5318984233380127,0.5318984233380127
2023-10-21 12:00:00+09:00,0.595412034,0.53304896,0.6241348037418938,0.6241348037418938,0.258358229,0.6502723284548797,0.6502723284548797
2023-10-21 13:00:00+09:00,0.58724527,0.595412034,0.6308050261984672,0.6308050261984672,0.424657365,0.6716162764189149,0.6716162764189149
2023-10-21 14:00:00+09:00,0.382340078,0.58724527,0.5107443401079369,0.5107443401079369,0.53304896,0.45259847733350755,0.45259847733350755
2023-10-21 15:00:00+09:00,0.415748355,0.382340078,0.32134729692714503,0.32134729692714503,0.595412034,0.435063916648468,0.435063916648468
2023-10-21 16:00:00+09:00,0.285085261,0.415748355,0.33580604663370134,0.33580604663370134,0.58724527,0.3639400297265244,0.3639400297265244
2023-10-21 17:00:00+09:00,0.128436355,0.285085261,0.16222109658797834,0.16222109658797834,0.382340078,0.08600300991909793,0.08600300991909793
2023-10-21 18:00:00+09:00,0.014848009,0.128436355,0.05110414147899628,0.05110414147899628,0.415748355,0.1579339476513672,0.1579339476513672
2023-10-21 19:00:00+09:00,0.0,0.014848009,0.0,0.0,0.285085261,0.04444226635774229,0.04444226635774229
2023-10-21 20:00:00+09:00,0.0,0.0,0.0,0.0,0.128436355,0.0031322968058395406,0.0031322968058395406
2023-10-21 21:00:00+09:00,0.0,0.0,0.0002942323626484722,0.0002942323626484722,0.014848009,0.0,0.0
2023-10-21 22:00:00+09:00,0.0,0.0,0.0005656929570250213,0.0005656929570250213,0.0,0.0,0.0
2023-10-21 23:00:00+09:00,0.0,0.0,0.0005656929570250213,0.0005656929570250213,0.0,0.0013976219343021512,0.0013976219343021512
2023-10-22 00:00:00+09:00,0.0,0.0,0.0,0.0,0.0,0.0,0.0
2023-10-22 01:00:00+09:00,0.0,0.0,0.0,0.0,0.0,0.0,0.0
2023-10-22 02:00:00+09:00,0.0,0.0,0.0,0.0,0.0,0.0,0.0
2023-10-22 03:00:00+09:00,0.0,0.0,0.0,0.0,0.0,0.0,0.0
2023-10-22 04:00:00+09:00,0.0,0.0,0.0,0.0,0.0,0.0,0.0
2023-10-22 05:00:00+09:00,0.0,0.0,0.0,0.0,0.0,0.0,0.0
2023-10-22 06:00:00+09:00,0.0,0.0,0.0,0.0,0.0,0.0,0.0
2023-10-22 07:00:00+09:00,0.002970012,0.0,0.0014320964692160487,0.0014320964692160487,0.0,0.0,0.0
2023-10-22 08:00:00+09:00,0.086119067,0.002970012,0.05792702185193253,0.05792702185193253,0.0,0.05503690242767334,0.05503690242767334
2023-10-22 09:00:00+09:00,0.238313468,0.086119067,0.23949759833678436,0.23949759833678436,0.0,0.25698891282081604,0.25698891282081604
2023-10-22 10:00:00+09:00,0.374174341,0.238313468,0.3686265515294723,0.3686265515294723,0.002970012,0.27428627209941103,0.27428627209941103
2023-10-22 11:00:00+09:00,0.456581149,0.374174341,0.479824736154953,0.479824736154953,0.086119067,0.5310813003049775,0.5310813003049775
2023-10-22 12:00:00+09:00,0.449899905,0.456581149,0.47510484022207167,0.47510484022207167,0.238313468,0.4729969071355514,0.4729969071355514
2023-10-22 13:00:00+09:00,0.400900346,0.449899905,0.4388544155397701,0.4388544155397701,0.374174341,0.5049083674320374,0.5049083674320374
2023-10-22 14:00:00+09:00,0.282115248,0.400900346,0.34614974330763437,0.34614974330763437,0.456581149,0.4490134792693665,0.4490134792693665
2023-10-22 15:00:00+09:00,0.23088895,0.282115248,0.1574787394755821,0.1574787394755821,0.449899905,0.2882278641798782,0.2882278641798782
2023-10-22 16:00:00+09:00,0.239797961,0.23088895,0.15536943293590547,0.15536943293590547,0.400900346,0.210851934511467,0.210851934511467
2023-10-22 17:00:00+09:00,0.129178601,0.239797961,0.11391105878690339,0.11391105878690339,0.282115248,0.0,0.0
2023-10-22 18:00:00+09:00,0.01262127,0.129178601,0.03767881790130234,0.03767881790130234,0.23088895,0.0,0.0
2023-10-22 19:00:00+09:00,0.0,0.01262127,0.0,0.0,0.239797961,0.0,0.0
2023-10-22 20:00:00+09:00,0.0,0.0,0.0,0.0,0.129178601,0.0,0.0
2023-10-22 21:00:00+09:00,0.0,0.0,0.0,0.0,0.01262127,0.0,0.0
2023-10-22 22:00:00+09:00,0.0,0.0,0.0,0.0,0.0,0.0,0.0
2023-10-22 23:00:00+09:00,0.0,0.0,0.0,0.0,0.0,0.0011175164254382253,0.0011175164254382253
2023-10-23 00:00:00+09:00,0.0,0.0,0.00012142469495302066,0.00012142469495302066,0.0,0.0,0.0
2023-10-23 01:00:00+09:00,0.0,0.0,0.00012142469495302066,0.00012142469495302066,0.0,0.0,0.0
2023-10-23 02:00:00+09:00,0.0,0.0,0.00012142469495302066,0.00012142469495302066,0.0,0.0,0.0
2023-10-23 03:00:00+09:00,0.0,0.0,0.00012142469495302066,0.00012142469495302066,0.0,0.0,0.0
2023-10-23 04:00:00+09:00,0.0,0.0,0.00012142469495302066,0.00012142469495302066,0.0,0.0,0.0
2023-10-23 05:00:00+09:00,0.0,0.0,0.00012142469495302066,0.00012142469495302066,0.0,0.0,0.0
2023-10-23 06:00:00+09:00,0.0,0.0,0.00019493259605951607,0.00019493259605951607,0.0,0.0,0.0
2023-10-23 07:00:00+09:00,0.002970012,0.0,0.0014873846666887403,0.0014873846666887403,0.0,0.0,0.0
2023-10-23 08:00:00+09:00,0.077210057,0.002970012,0.08447770970145416,0.08447770970145416,0.0,0.05702585726976395,0.05702585726976395
2023-10-23 09:00:00+09:00,0.23088895,0.077210057,0.22689208708174896,0.22689208708174896,0.0,0.24803119897842407,0.24803119897842407
2023-10-23 10:00:00+09:00,0.389764596,0.23088895,0.4274616113998413,0.4274616113998413,0.002970012,0.3596318979767914,0.3596318979767914
2023-10-23 11:00:00+09:00,0.499640683,0.389764596,0.5131883809712372,0.5131883809712372,0.077210057,0.47994365117915344,0.47994365117915344
2023-10-23 12:00:00+09:00,0.555321486,0.499640683,0.5447674787687378,0.5447674787687378,0.23088895,0.5411783925392151,0.5411783925392151
2023-10-23 13:00:00+09:00,0.559775991,0.555321486,0.5862415929176197,0.5862415929176197,0.389764596,0.5901174435761414,0.5901174435761414
2023-10-23 14:00:00+09:00,0.512261952,0.559775991,0.46494341418868634,0.46494341418868634,0.499640683,0.4572914450513439,0.4572914450513439
2023-10-23 15:00:00+09:00,0.401642592,0.512261952,0.45715412749562456,0.45715412749562456,0.555321486,0.4393121835626945,0.4393121835626945
2023-10-23 16:00:00+09:00,0.251676984,0.401642592,0.2843960014452858,0.2843960014452858,0.559775991,0.32929977551824186,0.32929977551824186
2023-10-23 17:00:00+09:00,0.111361606,0.251676984,0.14792764918783569,0.14792764918783569,0.512261952,0.20530098183665468,0.20530098183665468
2023-10-23 18:00:00+09:00,0.01113575,0.111361606,0.010277664242321016,0.010277664242321016,0.401642592,0.04913032178782656,0.04913032178782656
2023-10-23 19:00:00+09:00,0.0,0.01113575,0.0,0.0,0.251676984,0.0,0.0
2023-10-23 20:00:00+09:00,0.0,0.0,0.0,0.0,0.111361606,0.0,0.0
2023-10-23 21:00:00+09:00,0.0,0.0,3.223968087695539e-05,3.223968087695539e-05,0.01113575,0.0,0.0
2023-10-23 22:00:00+09:00,0.0,0.0,0.00042181764729321003,0.00042181764729321003,0.0,0.0,0.0
2023-10-23 23:00:00+09:00,0.0,0.0,0.00042181764729321003,0.00042181764729321003,0.0,0.0017654774710536003,0.0017654774710536003
2023-10-24 00:00:00+09:00,0.0,0.0,0.0001500001089880243,0.0001500001089880243,0.0,0.0004155873029958457,0.0004155873029958457
2023-10-24 01:00:00+09:00,0.0,0.0,0.0001500001089880243,0.0001500001089880243,0.0,0.0004155873029958457,0.0004155873029958457
2023-10-24 02:00:00+09:00,0.0,0.0,0.0001500001089880243,0.0001500001089880243,0.0,0.0004155873029958457,0.0004155873029958457
2023-10-24 03:00:00+09:00,0.0,0.0,0.0001500001089880243,0.0001500001089880243,0.0,0.0004155873029958457,0.0004155873029958457
2023-10-24 04:00:00+09:00,0.0,0.0,0.0001500001089880243,0.0001500001089880243,0.0,0.0004155873029958457,0.0004155873029958457
2023-10-24 05:00:00+09:00,0.0,0.0,0.0001500001089880243,0.0001500001089880243,0.0,0.0004155873029958457,0.0004155873029958457
2023-10-24 06:00:00+09:00,0.0,0.0,0.0001993928017327562,0.0001993928017327562,0.0,0.0,0.0
2023-10-24 07:00:00+09:00,0.002226739,0.0,0.0012915759580209851,0.0012915759580209851,0.0,0.0,0.0
2023-10-24 08:00:00+09:00,0.057165296,0.002226739,0.07179081327787781,0.07179081327787781,0.0,0.07475864142179489,0.07475864142179489
2023-10-24 09:00:00+09:00,0.152193374,0.057165296,0.21342070512151337,0.21342070512151337,0.0,0.232796311378479,0.232796311378479
2023-10-24 10:00:00+09:00,0.373431068,0.152193374,0.2928418433288803,0.2928418433288803,0.002226739,0.3153102088677063,0.3153102088677063
2023-10-24 11:00:00+09:00,0.373431068,0.373431068,0.48948005968014524,0.48948005968014524,0.057165296,0.47130534164285276,0.47130534164285276
2023-10-24 12:00:00+09:00,0.467716899,0.373431068,0.37332452315496095,0.37332452315496095,0.152193374,0.387003771028923,0.387003771028923
2023-10-24 13:00:00+09:00,0.527109961,0.467716899,0.415046766631197,0.415046766631197,0.373431068,0.4045534339664392,0.4045534339664392
2023-10-24 14:00:00+09:00,0.550866981,0.527109961,0.533414519366537,0.533414519366537,0.373431068,0.40285282031873987,0.40285282031873987
2023-10-24 15:00:00+09:00,0.280630755,0.550866981,0.4565303520861206,0.4565303520861206,0.467716899,0.32859128364164736,0.32859128364164736
2023-10-24 16:00:00+09:00,0.199707413,0.280630755,0.1706623833106804,0.1706623833106804,0.527109961,0.31988425084642025,0.31988425084642025
2023-10-24 17:00:00+09:00,0.091315819,0.199707413,0.08054415313614655,0.08054415313614655,0.550866981,0.20558624431520078,0.20558624431520078
2023-10-24 18:00:00+09:00,0.014105762,0.091315819,0.0016387682902755801,0.0016387682902755801,0.280630755,0.0,0.0
2023-10-24 19:00:00+09:00,0.0,0.014105762,0.0,0.0,0.199707413,0.0,0.0
2023-10-24 20:00:00+09:00,0.0,0.0,0.0,0.0,0.091315819,0.0,0.0
2023-10-24 21:00:00+09:00,0.0,0.0,0.0,0.0,0.014105762,0.0,0.0
2023-10-24 22:00:00+09:00,0.0,0.0,0.00020040551316924393,0.00020040551316924393,0.0,0.0,0.0
2023-10-24 23:00:00+09:00,0.0,0.0,0.00020040551316924393,0.00020040551316924393,0.0,0.0012296800268813968,0.0012296800268813968
2023-10-25 00:00:00+09:00,0.0,0.0,0.0005072793574072421,0.0005072793574072421,0.0,0.0009467365453019738,0.0009467365453019738
2023-10-25 01:00:00+09:00,0.0,0.0,0.0005072793574072421,0.0005072793574072421,0.0,0.0009467365453019738,0.0009467365453019738
2023-10-25 02:00:00+09:00,0.0,0.0,0.0005072793574072421,0.0005072793574072421,0.0,0.0009467365453019738,0.0009467365453019738
2023-10-25 03:00:00+09:00,0.0,0.0,0.0005072793574072421,0.0005072793574072421,0.0,0.0009467365453019738,0.0009467365453019738
2023-10-25 04:00:00+09:00,0.0,0.0,0.0005072793574072421,0.0005072793574072421,0.0,0.0009467365453019738,0.0009467365453019738
2023-10-25 05:00:00+09:00,0.0,0.0,0.0005072793574072421,0.0005072793574072421,0.0,0.0009467365453019738,0.0009467365453019738
2023-10-25 06:00:00+09:00,0.0,0.0,0.0005271463305689394,0.0005271463305689394,0.0,0.0006504023913294077,0.0006504023913294077
2023-10-25 07:00:00+09:00,0.001484493,0.0,0.00115307723172009,0.00115307723172009,0.0,0.008060700260102749,0.008060700260102749
2023-10-25 08:00:00+09:00,0.068302073,0.001484493,0.04970527647206116,0.04970527647206116,0.0,0.05800648033618927,0.05800648033618927
2023-10-25 09:00:00+09:00,0.213070929,0.068302073,0.16874776822142412,0.16874776822142412,0.0,0.1524621695280075,0.1524621695280075
2023-10-25 10:00:00+09:00,0.36526533,0.213070929,0.39832875127516176,0.39832875127516176,0.001484493,0.3289961612052612,0.3289961612052612
2023-10-25 11:00:00+09:00,0.478853676,0.36526533,0.4962462835741806,0.4962462835741806,0.068302073,0.4295984585266571,0.4295984585266571
2023-10-25 12:00:00+09:00,0.541215724,0.478853676,0.5400443482187995,0.5400443482187995,0.213070929,0.505286425301651,0.505286425301651
2023-10-25 13:00:00+09:00,0.538988984,0.541215724,0.5741817938771476,0.5741817938771476,0.36526533,0.5508615427447128,0.5508615427447128
2023-10-25 14:00:00+09:00,0.490731672,0.538988984,0.5538640346341457,0.5538640346341457,0.478853676,0.46961888530975676,0.46961888530975676
2023-10-25 15:00:00+09:00,0.383825598,0.490731672,0.41639705802113725,0.41639705802113725,0.541215724,0.47254656130936046,0.47254656130936046
2023-10-25 16:00:00+09:00,0.244994713,0.383825598,0.27188160055727767,0.27188160055727767,0.538988984,0.3018954161517944,0.3018954161517944
2023-10-25 17:00:00+09:00,0.104679335,0.244994713,0.12819222175234604,0.12819222175234604,0.490731672,0.20168335790545655,0.20168335790545655
2023-10-25 18:00:00+09:00,0.009651257,0.104679335,0.00864635044523239,0.00864635044523239,0.383825598,0.0700322070106964,0.0700322070106964
2023-10-25 19:00:00+09:00,0.0,0.009651257,0.0,0.0,0.244994713,0.0,0.0
2023-10-25 20:00:00+09:00,0.0,0.0,0.0,0.0,0.104679335,0.0,0.0
2023-10-25 21:00:00+09:00,0.0,0.0,0.0,0.0,0.009651257,0.0,0.0
2023-10-25 22:00:00+09:00,0.0,0.0,0.0,0.0,0.0,0.0,0.0
2023-10-25 23:00:00+09:00,0.0,0.0,0.0,0.0,0.0,0.0,0.0
2023-10-26 00:00:00+09:00,0.0,0.0,0.00023573500220663846,0.00023573500220663846,0.0,0.00037545294617302716,0.00037545294617302716
2023-10-26 01:00:00+09:00,0.0,0.0,0.00023573500220663846,0.00023573500220663846,0.0,0.00037545294617302716,0.00037545294617302716
2023-10-26 02:00:00+09:00,0.0,0.0,0.00023573500220663846,0.00023573500220663846,0.0,0.00037545294617302716,0.00037545294617302716
2023-10-26 03:00:00+09:00,0.0,0.0,0.00023573500220663846,0.00023573500220663846,0.0,0.00037545294617302716,0.00037545294617302716
2023-10-26 04:00:00+09:00,0.0,0.0,0.00023573500220663846,0.00023573500220663846,0.0,0.00037545294617302716,0.00037545294617302716
2023-10-26 05:00:00+09:00,0.0,0.0,0.00023573500220663846,0.00023573500220663846,0.0,0.00037545294617302716,0.00037545294617302716
2023-10-26 06:00:00+09:00,0.0,0.0,0.00025049937539733946,0.00025049937539733946,0.0,0.0003141940978821367,0.0003141940978821367
2023-10-26 07:00:00+09:00,0.001484493,0.0,0.002569635398685932,0.002569635398685932,0.0,0.006663516163825989,0.006663516163825989
2023-10-26 08:00:00+09:00,0.066816553,0.001484493,0.06721173433729935,0.06721173433729935,0.0,0.08956807106733322,0.08956807106733322
2023-10-26 09:00:00+09:00,0.207874177,0.066816553,0.16137492609360504,0.16137492609360504,0.0,0.14823094010353088,0.14823094010353088
2023-10-26 10:00:00+09:00,0.349674048,0.207874177,0.3308347742766876,0.3308347742766876,0.001484493,0.25757111070820615,0.25757111070820615
2023-10-26 11:00:00+09:00,0.413521615,0.349674048,0.4297604207927208,0.4297604207927208,0.066816553,0.39128540408947754,0.39128540408947754
2023-10-26 12:00:00+09:00,0.54195797,0.413521615,0.49640623960041047,0.49640623960041047,0.207874177,0.5243227761001129,0.5243227761001129
2023-10-26 13:00:00+09:00,0.490731672,0.54195797,0.5456879094607544,0.5456879094607544,0.349674048,0.5311325808102112,0.5311325808102112
2023-10-26 14:00:00+09:00,0.443217633,0.490731672,0.4923865254622416,0.4923865254622416,0.413521615,0.4248451703726554,0.4248451703726554
2023-10-26 15:00:00+09:00,0.36526533,0.443217633,0.3558950030118065,0.3558950030118065,0.54195797,0.38739704642364503,0.38739704642364503
2023-10-26 16:00:00+09:00,0.228662211,0.36526533,0.24778581194408417,0.24778581194408417,0.490731672,0.20636947507769776,0.20636947507769776
2023-10-26 17:00:00+09:00,0.096513598,0.228662211,0.10710749357846833,0.10710749357846833,0.443217633,0.0949003972917633,0.0949003972917633
2023-10-26 18:00:00+09:00,0.008166764,0.096513598,0.0039179313530426085,0.0039179313530426085,0.36526533,0.025943686885910033,0.025943686885910033
2023-10-26 19:00:00+09:00,0.0,0.008166764,0.0,0.0,0.228662211,0.0,0.0
2023-10-26 20:00:00+09:00,0.0,0.0,0.0,0.0,0.096513598,0.0,0.0
2023-10-26 21:00:00+09:00,0.0,0.0,0.0,0.0,0.008166764,0.0,0.0
2023-10-26 22:00:00+09:00,0.0,0.0,0.0,0.0,0.0,0.0,0.0
2023-10-26 23:00:00+09:00,0.0,0.0,0.0,0.0,0.0,0.0,0.0
2023-10-27 00:00:00+09:00,0.0,0.0,0.00025344188907183707,0.00025344188907183707,0.0,0.0006802923744544387,0.0006802923744544387
2023-10-27 01:00:00+09:00,0.0,0.0,0.00025344188907183707,0.00025344188907183707,0.0,0.0006802923744544387,0.0006802923744544387
2023-10-27 02:00:00+09:00,0.0,0.0,0.00025344188907183707,0.00025344188907183707,0.0,0.0006802923744544387,0.0006802923744544387
2023-10-27 03:00:00+09:00,0.0,0.0,0.00025344188907183707,0.00025344188907183707,0.0,0.0006802923744544387,0.0006802923744544387
2023-10-27 04:00:00+09:00,0.0,0.0,0.00025344188907183707,0.00025344188907183707,0.0,0.0006802923744544387,0.0006802923744544387
2023-10-27 05:00:00+09:00,0.0,0.0,0.00025344188907183707,0.00025344188907183707,0.0,0.0006802923744544387,0.0006802923744544387
2023-10-27 06:00:00+09:00,0.0,0.0,0.0002018826053244993,0.0002018826053244993,0.0,0.0007161524845287204,0.0007161524845287204
2023-10-27 07:00:00+09:00,0.000742246,0.0,0.0022736238315701485,0.0022736238315701485,0.0,0.008481962606310844,0.008481962606310844
2023-10-27 08:00:00+09:00,0.059393062,0.000742246,0.06886404433650589,0.06886404433650589,0.0,0.07845502346754074,0.07845502346754074
2023-10-27 09:00:00+09:00,0.184117158,0.059393062,0.1551160353467102,0.1551160353467102,0.0,0.18790653347969055,0.18790653347969055
2023-10-27 10:00:00+09:00,0.314039032,0.184117158,0.3379838215751724,0.3379838215751724,0.000742246,0.32761927375001526,0.32761927375001526
2023-10-27 11:00:00+09:00,0.451384397,0.314039032,0.419933567779953,0.419933567779953,0.059393062,0.47048963487597656,0.47048963487597656
2023-10-27 12:00:00+09:00,0.523397702,0.451384397,0.5194936634599419,0.5194936634599419,0.184117158,0.5239637094183045,0.5239637094183045
2023-10-27 13:00:00+09:00,0.53304896,0.523397702,0.5259621832267274,0.5259621832267274,0.314039032,0.4961972637352295,0.4961972637352295
2023-10-27 14:00:00+09:00,0.426885131,0.53304896,0.5202273135927534,0.5202273135927534,0.451384397,0.5216932462155075,0.5216932462155075
2023-10-27 15:00:00+09:00,0.340765037,0.426885131,0.31746537536235425,0.31746537536235425,0.523397702,0.36392744185672,0.36392744185672
2023-10-27 16:00:00+09:00,0.227918938,0.340765037,0.2181412730215187,0.2181412730215187,0.53304896,0.2934690439996338,0.2934690439996338
2023-10-27 17:00:00+09:00,0.10913384,0.227918938,0.08397503216961669,0.08397503216961669,0.426885131,0.11138168275209043,0.11138168275209043
2023-10-27 18:00:00+09:00,0.008909011,0.10913384,0.013883486782875057,0.013883486782875057,0.340765037,0.003223218381225579,0.003223218381225579
2023-10-27 19:00:00+09:00,0.0,0.008909011,0.0,0.0,0.227918938,0.0,0.0
2023-10-27 20:00:00+09:00,0.0,0.0,0.0,0.0,0.10913384,0.0,0.0
2023-10-27 21:00:00+09:00,0.0,0.0,0.0,0.0,0.008909011,0.0,0.0
2023-10-27 22:00:00+09:00,0.0,0.0,0.0,0.0,0.0,0.0,0.0
2023-10-27 23:00:00+09:00,0.0,0.0,0.0,0.0,0.0,0.0,0.0
2023-10-28 00:00:00+09:00,0.0,0.0,0.0002508641919121146,0.0002508641919121146,0.0,0.00041511759627610445,0.00041511759627610445
2023-10-28 01:00:00+09:00,0.0,0.0,0.0002508641919121146,0.0002508641919121146,0.0,0.00041511759627610445,0.00041511759627610445
2023-10-28 02:00:00+09:00,0.0,0.0,0.0002508641919121146,0.0002508641919121146,0.0,0.00041511759627610445,0.00041511759627610445
2023-10-28 03:00:00+09:00,0.0,0.0,0.0002508641919121146,0.0002508641919121146,0.0,0.00041511759627610445,0.00041511759627610445
2023-10-28 04:00:00+09:00,0.0,0.0,0.0002508641919121146,0.0002508641919121146,0.0,0.00041511759627610445,0.00041511759627610445
2023-10-28 05:00:00+09:00,0.0,0.0,0.0002508641919121146,0.0002508641919121146,0.0,0.00041511759627610445,0.00041511759627610445
2023-10-28 06:00:00+09:00,0.0,0.0,0.00019930489361286163,0.00019930489361286163,0.0,0.00012690783478319645,0.00012690783478319645
2023-10-28 07:00:00+09:00,0.001484493,0.0,0.004942513071000576,0.004942513071000576,0.0,0.022307824343442917,0.022307824343442917
2023-10-28 08:00:00+09:00,0.063104294,0.001484493,0.03576700968810845,0.03576700968810845,0.0,0.04799085482954979,0.04799085482954979
2023-10-28 09:00:00+09:00,0.21084419,0.063104294,0.18377752578052903,0.18377752578052903,0.0,0.1616438627243042,0.1616438627243042
2023-10-28 10:00:00+09:00,0.359325305,0.21084419,0.3713135133966827,0.3713135133966827,0.001484493,0.3231394088096313,0.3231394088096313
2023-10-28 11:00:00+09:00,0.458065642,0.359325305,0.46481326259677885,0.46481326259677885,0.063104294,0.4371894819119873,0.4371894819119873
2023-10-28 12:00:00+09:00,0.504095188,0.458065642,0.533896556080143,0.533896556080143,0.21084419,0.5407673727259064,0.5407673727259064
2023-10-28 13:00:00+09:00,0.500382929,0.504095188,0.4806783689490919,0.4806783689490919,0.359325305,0.5081293586642075,0.5081293586642075
2023-10-28 14:00:00+09:00,0.469202419,0.500382929,0.43923587620530513,0.43923587620530513,0.458065642,0.4043900239773197,0.4043900239773197
2023-10-28 15:00:00+09:00,0.370462082,0.469202419,0.29907835014376066,0.29907835014376066,0.504095188,0.37146992109040067,0.37146992109040067
2023-10-28 16:00:00+09:00,0.269493979,0.370462082,0.27985462513707354,0.27985462513707354,0.500382929,0.28153428331289676,0.28153428331289676
2023-10-28 17:00:00+09:00,0.075725564,0.269493979,0.16159321793213272,0.16159321793213272,0.469202419,0.15618424602064512,0.15618424602064512
2023-10-28 18:00:00+09:00,0.002226739,0.075725564,0.0,0.0,0.370462082,0.10532879051707461,0.10532879051707461
2023-10-28 19:00:00+09:00,0.0,0.002226739,0.0,0.0,0.269493979,0.028850984357742304,0.028850984357742304
2023-10-28 20:00:00+09:00,0.0,0.0,0.0,0.0,0.075725564,0.0,0.0
2023-10-28 21:00:00+09:00,0.0,0.0,0.0002942323626484722,0.0002942323626484722,0.002226739,0.0,0.0
2023-10-28 22:00:00+09:00,0.0,0.0,0.0005656929570250213,0.0005656929570250213,0.0,0.0,0.0
2023-10-28 23:00:00+09:00,0.0,0.0,0.0005656929570250213,0.0005656929570250213,0.0,0.0013976219343021512,0.0013976219343021512
2023-10-29 00:00:00+09:00,0.0,0.0,0.0,0.0,0.0,0.0,0.0
2023-10-29 01:00:00+09:00,0.0,0.0,0.0,0.0,0.0,0.0,0.0
2023-10-29 02:00:00+09:00,0.0,0.0,0.0,0.0,0.0,0.0,0.0
2023-10-29 03:00:00+09:00,0.0,0.0,0.0,0.0,0.0,0.0,0.0
2023-10-29 04:00:00+09:00,0.0,0.0,0.0,0.0,0.0,0.0,0.0
2023-10-29 05:00:00+09:00,0.0,0.0,0.0,0.0,0.0,0.0,0.0
2023-10-29 06:00:00+09:00,0.0,0.0,0.0,0.0,0.0,0.0,0.0
2023-10-29 07:00:00+09:00,0.000742246,0.0,0.0023077705409377813,0.0023077705409377813,0.0,0.004414496943354607,0.004414496943354607
2023-10-29 08:00:00+09:00,0.060135309,0.000742246,0.07399579563541031,0.07399579563541031,0.0,0.0698227807879448,0.0698227807879448
2023-10-29 09:00:00+09:00,0.201935179,0.060135309,0.16234332730291748,0.16234332730291748,0.0,0.14481642842292786,0.14481642842292786
2023-10-29 10:00:00+09:00,0.354128553,0.201935179,0.34688291645536806,0.34688291645536806,0.000742246,0.3147073579709015,0.3147073579709015
2023-10-29 11:00:00+09:00,0.469202419,0.354128553,0.469139194515255,0.469139194515255,0.060135309,0.38822180439947507,0.38822180439947507
2023-10-29 12:00:00+09:00,0.528594454,0.469202419,0.5189737651518287,0.5189737651518287,0.201935179,0.48756635880957033,0.48756635880957033
2023-10-29 13:00:00+09:00,0.420946133,0.528594454,0.5260323555620798,0.5260323555620798,0.354128553,0.47384935471108247,0.47384935471108247
2023-10-29 14:00:00+09:00,0.475883663,0.420946133,0.4127844857547121,0.4127844857547121,0.469202419,0.48263999372932337,0.48263999372932337
2023-10-29 15:00:00+09:00,0.268751732,0.475883663,0.3668159919990425,0.3668159919990425,0.528594454,0.35071304924250035,0.35071304924250035
2023-10-29 16:00:00+09:00,0.207874177,0.268751732,0.18135061014521792,0.18135061014521792,0.420946133,0.20339151905213165,0.20339151905213165
2023-10-29 17:00:00+09:00,0.093543585,0.207874177,0.07731513490386199,0.07731513490386199,0.475883663,0.2185505333556061,0.2185505333556061
2023-10-29 18:00:00+09:00,0.009651257,0.093543585,0.025570634362659453,0.025570634362659453,0.268751732,0.019232666977531454,0.019232666977531454
2023-10-29 19:00:00+09:00,0.0,0.009651257,0.0,0.0,0.207874177,0.0,0.0
2023-10-29 20:00:00+09:00,0.0,0.0,0.0,0.0,0.093543585,0.0,0.0
2023-10-29 21:00:00+09:00,0.0,0.0,0.0,0.0,0.009651257,0.0,0.0
2023-10-29 22:00:00+09:00,0.0,0.0,0.0,0.0,0.0,0.0,0.0
2023-10-29 23:00:00+09:00,0.0,0.0,0.0,0.0,0.0,0.0011175164254382253,0.0011175164254382253
2023-10-30 00:00:00+09:00,0.0,0.0,0.00012142469495302066,0.00012142469495302066,0.0,0.0,0.0
2023-10-30 01:00:00+09:00,0.0,0.0,0.00012142469495302066,0.00012142469495302066,0.0,0.0,0.0
2023-10-30 02:00:00+09:00,0.0,0.0,0.00012142469495302066,0.00012142469495302066,0.0,0.0,0.0
2023-10-30 03:00:00+09:00,0.0,0.0,0.00012142469495302066,0.00012142469495302066,0.0,0.0,0.0
2023-10-30 04:00:00+09:00,0.0,0.0,0.00012142469495302066,0.00012142469495302066,0.0,0.0,0.0
2023-10-30 05:00:00+09:00,0.0,0.0,0.00012142469495302066,0.00012142469495302066,0.0,0.0,0.0
2023-10-30 06:00:00+09:00,0.0,0.0,0.00019493259605951607,0.00019493259605951607,0.0,0.0,0.0
2023-10-30 07:00:00+09:00,0.000742246,0.0,0.005005877930670977,0.005005877930670977,0.0,0.02158522605895996,0.02158522605895996
2023-10-30 08:00:00+09:00,0.057907543,0.000742246,0.09942775645656204,0.09942775645656204,0.0,0.14369173347949982,0.14369173347949982
2023-10-30 09:00:00+09:00,0.194510661,0.057907543,0.15207740556837845,0.15207740556837845,0.0,0.15506000816822052,0.15506000816822052
2023-10-30 10:00:00+09:00,0.340765037,0.194510661,0.3420678451001511,0.3420678451001511,0.000742246,0.3543855143467865,0.3543855143467865
2023-10-30 11:00:00+09:00,0.456581149,0.340765037,0.46298441326600265,0.46298441326600265,0.057907543,0.4949120495879822,0.4949120495879822
2023-10-30 12:00:00+09:00,0.506322954,0.456581149,0.5080483478785267,0.5080483478785267,0.194510661,0.5536368116080628,0.5536368116080628
2023-10-30 13:00:00+09:00,0.513746445,0.506322954,0.47641664013362317,0.47641664013362317,0.340765037,0.5065067637560958,0.5065067637560958
2023-10-30 14:00:00+09:00,0.466974653,0.513746445,0.48172591713053703,0.48172591713053703,0.456581149,0.4596633112349322,0.4596633112349322
2023-10-30 15:00:00+09:00,0.356356319,0.466974653,0.38420215218699266,0.38420215218699266,0.506322954,0.3912129738936463,0.3912129738936463
2023-10-30 16:00:00+09:00,0.219010954,0.356356319,0.21012962978052518,0.21012962978052518,0.513746445,0.22235462528450012,0.22235462528450012
2023-10-30 17:00:00+09:00,0.085376821,0.219010954,0.10365895668411637,0.10365895668411637,0.466974653,0.1747739386502533,0.1747739386502533
2023-10-30 18:00:00+09:00,0.005938998,0.085376821,0.0,0.0,0.356356319,0.03106051306890867,0.03106051306890867
2023-10-30 19:00:00+09:00,0.0,0.005938998,0.0,0.0,0.219010954,0.0,0.0
2023-10-30 20:00:00+09:00,0.0,0.0,0.0,0.0,0.085376821,0.0,0.0
2023-10-30 21:00:00+09:00,0.0,0.0,3.223968087695539e-05,3.223968087695539e-05,0.005938998,0.0,0.0
2023-10-30 22:00:00+09:00,0.0,0.0,0.00042181764729321003,0.00042181764729321003,0.0,0.0,0.0
2023-10-30 23:00:00+09:00,0.0,0.0,0.00042181764729321003,0.00042181764729321003,0.0,0.0017654774710536003,0.0017654774710536003
2023-10-31 00:00:00+09:00,0.0,0.0,0.0001500001089880243,0.0001500001089880243,0.0,0.0004155873029958457,0.0004155873029958457
2023-10-31 01:00:00+09:00,0.0,0.0,0.0001500001089880243,0.0001500001089880243,0.0,0.0004155873029958457,0.0004155873029958457
2023-10-31 02:00:00+09:00,0.0,0.0,0.0001500001089880243,0.0001500001089880243,0.0,0.0004155873029958457,0.0004155873029958457
2023-10-31 03:00:00+09:00,0.0,0.0,0.0001500001089880243,0.0001500001089880243,0.0,0.0004155873029958457,0.0004155873029958457
2023-10-31 04:00:00+09:00,0.0,0.0,0.0001500001089880243,0.0001500001089880243,0.0,0.0004155873029958457,0.0004155873029958457
2023-10-31 05:00:00+09:00,0.0,0.0,0.0001500001089880243,0.0001500001089880243,0.0,0.0004155873029958457,0.0004155873029958457
2023-10-31 06:00:00+09:00,0.0,0.0,0.0001993928017327562,0.0001993928017327562,0.0,0.0,0.0
2023-10-31 07:00:00+09:00,0.000742246,0.0,0.004810068290680647,0.004810068290680647,0.0,0.01875094324350357,0.01875094324350357
2023-10-31 08:00:00+09:00,0.05642305,0.000742246,0.04860532337231255,0.04860532337231255,0.0,0.0627824142575264,0.0627824142575264
2023-10-31 09:00:00+09:00,0.193768415,0.05642305,0.2162028966682434,0.2162028966682434,0.0,0.21542611718177795,0.21542611718177795
2023-10-31 10:00:00+09:00,0.347447309,0.193768415,0.3499449969787979,0.3499449969787979,0.000742246,0.3558116746823273,0.3558116746823273
2023-10-31 11:00:00+09:00,0.461035655,0.347447309,0.46458721469114683,0.46458721469114683,0.05642305,0.46335677488021854,0.46335677488021854
2023-10-31 12:00:00+09:00,0.524883222,0.461035655,0.5191459778032589,0.5191459778032589,0.193768415,0.555265966202774,0.555265966202774
2023-10-31 13:00:00+09:00,0.526367715,0.524883222,0.48351447300731853,0.48351447300731853,0.347447309,0.5077817619867172,0.5077817619867172
2023-10-31 14:00:00+09:00,0.470686912,0.526367715,0.46569601297267915,0.46569601297267915,0.461035655,0.44452502683618544,0.44452502683618544
2023-10-31 15:00:00+09:00,0.363037564,0.470686912,0.37180913931113435,0.37180913931113435,0.524883222,0.36037018539130405,0.36037018539130405
2023-10-31 16:00:00+09:00,0.2197532,0.363037564,0.25623657568346403,0.25623657568346403,0.526367715,0.2706275790918732,0.2706275790918732
2023-10-31 17:00:00+09:00,0.088346833,0.2197532,0.11384380776233674,0.11384380776233674,0.470686912,0.1406381422875519,0.1406381422875519
2023-10-31 18:00:00+09:00,0.005196752,0.088346833,0.0,0.0,0.363037564,0.06641966863523863,0.06641966863523863
2023-10-31 19:00:00+09:00,0.0,0.005196752,0.0,0.0,0.2197532,0.0,0.0
2023-10-31 20:00:00+09:00,0.0,0.0,0.0,0.0,0.088346833,0.0,0.0
2023-10-31 21:00:00+09:00,0.0,0.0,0.0,0.0,0.005196752,0.0,0.0
2023-10-31 22:00:00+09:00,0.0,0.0,0.00020040551316924393,0.00020040551316924393,0.0,0.0,0.0
2023-10-31 23:00:00+09:00,0.0,0.0,0.00020040551316924393,0.00020040551316924393,0.0,0.0012296800268813968,0.0012296800268813968
2023-11-01 00:00:00+09:00,0.0,0.0,0.00018449785420671105,0.00018449785420671105,0.0,0.0008448524749837816,0.0008448524749837816
2023-11-01 01:00:00+09:00,0.0,0.0,0.00018449785420671105,0.00018449785420671105,0.0,0.0008448524749837816,0.0008448524749837816
2023-11-01 02:00:00+09:00,0.0,0.0,0.00018449785420671105,0.00018449785420671105,0.0,0.0008448524749837816,0.0008448524749837816
2023-11-01 03:00:00+09:00,0.0,0.0,0.00018449785420671105,0.00018449785420671105,0.0,0.0008448524749837816,0.0008448524749837816
2023-11-01 04:00:00+09:00,0.0,0.0,0.00018449785420671105,0.00018449785420671105,0.0,0.0008448524749837816,0.0008448524749837816
2023-11-01 05:00:00+09:00,0.0,0.0,0.00018449785420671105,0.00018449785420671105,0.0,0.0008448524749837816,0.0008448524749837816
2023-11-01 06:00:00+09:00,0.0,0.0,0.0002727799292188138,0.0002727799292188138,0.0,0.0005028398591093719,0.0005028398591093719
2023-11-01 07:00:00+09:00,0.0,0.0,0.002375297248363495,0.002375297248363495,0.0,0.0123963113874197,0.0123963113874197
2023-11-01 08:00:00+09:00,0.052710791,0.0,0.023662960156798363,0.023662960156798363,0.0,0.0,0.0
2023-11-01 09:00:00+09:00,0.187829417,0.052710791,0.18348360515462495,0.18348360515462495,0.0,0.15443125367164612,0.15443125367164612
2023-11-01 10:00:00+09:00,0.34150831,0.187829417,0.3274727881051941,0.3274727881051941,0.0,0.25522100925445557,0.25522100925445557
2023-11-01 11:00:00+09:00,0.44395988,0.34150831,0.4463072602549171,0.4463072602549171,0.052710791,0.42525421536790464,0.42525421536790464
2023-11-01 12:00:00+09:00,0.495186178,0.44395988,0.5128025369104194,0.5128025369104194,0.187829417,0.5200990557767792,0.5200990557767792
2023-11-01 13:00:00+09:00,0.502610695,0.495186178,0.519917998449233,0.519917998449233,0.34150831,0.5503793914714432,0.5503793914714432
2023-11-01 14:00:00+09:00,0.448414385,0.502610695,0.4575860913947296,0.4575860913947296,0.44395988,0.42570277055168626,0.42570277055168626
2023-11-01 15:00:00+09:00,0.338538298,0.448414385,0.34123297748876574,0.34123297748876574,0.495186178,0.3072639535975723,0.3072639535975723
2023-11-01 16:00:00+09:00,0.19822292,0.338538298,0.2120873123299103,0.2120873123299103,0.502610695,0.2212677117541504,0.2212677117541504
2023-11-01 17:00:00+09:00,0.07646781,0.19822292,0.08312551647369384,0.08312551647369384,0.448414385,0.090169071832428,0.090169071832428
2023-11-01 18:00:00+09:00,0.004454505,0.07646781,0.0,0.0,0.338538298,0.03790430127491762,0.03790430127491762
2023-11-01 19:00:00+09:00,0.0,0.004454505,0.0,0.0,0.19822292,0.002329811155242917,0.002329811155242917
2023-11-01 20:00:00+09:00,0.0,0.0,0.0,0.0,0.07646781,0.00127847286563873,0.00127847286563873
2023-11-01 21:00:00+09:00,0.0,0.0,7.57378147682175e-05,7.57378147682175e-05,0.004454505,0.0013542883784669639,0.0013542883784669639
2023-11-01 22:00:00+09:00,0.0,0.0,0.00043471562094055116,0.00043471562094055116,0.0,0.00086868746438995,0.00086868746438995
2023-11-01 23:00:00+09:00,0.0,0.0,0.00043471562094055116,0.00043471562094055116,0.0,0.001507486216723919,0.001507486216723919
2023-11-02 00:00:00+09:00,0.0,0.0,0.0,0.0,0.0,9.632219189370517e-06,9.632219189370517e-06
2023-11-02 01:00:00+09:00,0.0,0.0,0.0,0.0,0.0,9.632219189370517e-06,9.632219189370517e-06
2023-11-02 02:00:00+09:00,0.0,0.0,0.0,0.0,0.0,9.632219189370517e-06,9.632219189370517e-06
2023-11-02 03:00:00+09:00,0.0,0.0,0.0,0.0,0.0,9.632219189370517e-06,9.632219189370517e-06
2023-11-02 04:00:00+09:00,0.0,0.0,0.0,0.0,0.0,9.632219189370517e-06,9.632219189370517e-06
2023-11-02 05:00:00+09:00,0.0,0.0,0.0,0.0,0.0,9.632219189370517e-06,9.632219189370517e-06
2023-11-02 06:00:00+09:00,0.0,0.0,1.8983142581419088e-05,1.8983142581419088e-05,0.0,0.0,0.0
2023-11-02 07:00:00+09:00,0.0,0.0,0.0007382936310023069,0.0007382936310023069,0.0,0.0004331242525950074,0.0004331242525950074
2023-11-02 08:00:00+09:00,0.049741805,0.0,0.03529498353600502,0.03529498353600502,0.0,0.017674481496214867,0.017674481496214867
2023-11-02 09:00:00+09:00,0.179662653,0.049741805,0.1598533395954895,0.1598533395954895,0.0,0.11192464083433151,0.11192464083433151
2023-11-02 10:00:00+09:00,0.325917029,0.179662653,0.3110447160311966,0.3110447160311966,0.0,0.27747640013694763,0.27747640013694763
2023-11-02 11:00:00+09:00,0.43282413,0.325917029,0.4567217614419022,0.4567217614419022,0.049741805,0.45439946691482547,0.45439946691482547
2023-11-02 12:00:00+09:00,0.492959438,0.43282413,0.4785182800306129,0.4785182800306129,0.179662653,0.46199131825650025,0.46199131825650025
2023-11-02 13:00:00+09:00,0.501868449,0.492959438,0.48993696376321366,0.48993696376321366,0.325917029,0.4522470619446793,0.4522470619446793
2023-11-02 14:00:00+09:00,0.45435441,0.501868449,0.428337611106514,0.428337611106514,0.43282413,0.42670538631958244,0.42670538631958244
2023-11-02 15:00:00+09:00,0.355614073,0.45435441,0.3767938883377647,0.3767938883377647,0.492959438,0.38574479344872287,0.38574479344872287
2023-11-02 16:00:00+09:00,0.216040942,0.355614073,0.2557117858744125,0.2557117858744125,0.501868449,0.2563498242174378,0.2563498242174378
2023-11-02 17:00:00+09:00,0.083892328,0.216040942,0.08470557920798494,0.08470557920798494,0.45435441,0.16187575919166564,0.16187575919166564
2023-11-02 18:00:00+09:00,0.003712259,0.083892328,0.01435456917279053,0.01435456917279053,0.355614073,0.06241960021023557,0.06241960021023557
2023-11-02 19:00:00+09:00,0.0,0.003712259,0.0,0.0,0.216040942,0.03571756474837495,0.03571756474837495
2023-11-02 20:00:00+09:00,0.0,0.0,0.0010766544146463275,0.0010766544146463275,0.083892328,0.01788589105599213,0.01788589105599213
2023-11-02 21:00:00+09:00,0.0,0.0,0.0005098212277516723,0.0005098212277516723,0.003712259,0.0008708327075656651,0.0008708327075656651
2023-11-02 22:00:00+09:00,0.0,0.0,0.0009206582326442003,0.0009206582326442003,0.0,0.002720904303714633,0.002720904303714633
2023-11-02 23:00:00+09:00,0.0,0.0,0.0009206582326442003,0.0009206582326442003,0.0,0.0026028284337371588,0.0026028284337371588
2023-11-03 00:00:00+09:00,0.0,0.0,9.593543654773384e-05,9.593543654773384e-05,0.0,1.0048305739474017e-05,1.0048305739474017e-05
2023-11-03 01:00:00+09:00,0.0,0.0,9.593543654773384e-05,9.593543654773384e-05,0.0,1.0048305739474017e-05,1.0048305739474017e-05
2023-11-03 02:00:00+09:00,0.0,0.0,9.593543654773384e-05,9.593543654773384e-05,0.0,1.0048305739474017e-05,1.0048305739474017e-05
2023-11-03 03:00:00+09:00,0.0,0.0,9.593543654773384e-05,9.593543654773384e-05,0.0,1.0048305739474017e-05,1.0048305739474017e-05
2023-11-03 04:00:00+09:00,0.0,0.0,9.593543654773384e-05,9.593543654773384e-05,0.0,1.0048305739474017e-05,1.0048305739474017e-05
2023-11-03 05:00:00+09:00,0.0,0.0,9.593543654773384e-05,9.593543654773384e-05,0.0,1.0048305739474017e-05,1.0048305739474017e-05
2023-11-03 06:00:00+09:00,0.0,0.0,9.705919364932925e-05,9.705919364932925e-05,0.0,0.0,0.0
2023-11-03 07:00:00+09:00,0.0,0.0,0.0005561420693993568,0.0005561420693993568,0.0,0.0004119586374145001,0.0004119586374145001
2023-11-03 08:00:00+09:00,0.05419631,0.0,0.029249241575598717,0.029249241575598717,0.0,0.013417569920420647,0.013417569920420647
2023-11-03 09:00:00+09:00,0.162587904,0.05419631,0.166247670309124,0.166247670309124,0.0,0.12509484589099884,0.12509484589099884
2023-11-03 10:00:00+09:00,0.327402548,0.162587904,0.31394455637903596,0.31394455637903596,0.0,0.30198562145233154,0.30198562145233154
2023-11-03 11:00:00+09:00,0.437278635,0.327402548,0.4492423767892342,0.4492423767892342,0.05419631,0.41999424691635134,0.41999424691635134
2023-11-03 12:00:00+09:00,0.48553492,0.437278635,0.4747073083567715,0.4747073083567715,0.162587904,0.47083907630415345,0.47083907630415345
2023-11-03 13:00:00+09:00,0.439505374,0.48553492,0.4855285490660116,0.4855285490660116,0.327402548,0.4695701311079483,0.4695701311079483
2023-11-03 14:00:00+09:00,0.435051896,0.439505374,0.395673120335268,0.395673120335268,0.437278635,0.455231183339963,0.455231183339963
2023-11-03 15:00:00+09:00,0.340765037,0.435051896,0.32871281387815093,0.32871281387815093,0.48553492,0.29948699345485685,0.29948699345485685
2023-11-03 16:00:00+09:00,0.21084419,0.340765037,0.2089782286284561,0.2089782286284561,0.439505374,0.15655696944944764,0.15655696944944764
2023-11-03 17:00:00+09:00,0.079437823,0.21084419,0.09302652734369277,0.09302652734369277,0.435051896,0.058819808387847894,0.058819808387847894
2023-11-03 18:00:00+09:00,0.002970012,0.079437823,0.014250212314174657,0.014250212314174657,0.340765037,0.01394728606921386,0.01394728606921386
2023-11-03 19:00:00+09:00,0.0,0.002970012,0.0,0.0,0.21084419,0.00648014354557036,0.00648014354557036
2023-11-03 20:00:00+09:00,0.0,0.0,0.0,0.0,0.079437823,0.0021763229394416855,0.0021763229394416855
2023-11-03 21:00:00+09:00,0.0,0.0,0.0,0.0,0.002970012,0.0,0.0
2023-11-03 22:00:00+09:00,0.0,0.0,0.0,0.0,0.0,0.0,0.0
2023-11-03 23:00:00+09:00,0.0,0.0,0.0,0.0,0.0,0.0,0.0
2023-11-04 00:00:00+09:00,0.0,0.0,0.0,0.0,0.0,0.00035821468918584287,0.00035821468918584287
2023-11-04 01:00:00+09:00,0.0,0.0,0.0,0.0,0.0,0.00035821468918584287,0.00035821468918584287
2023-11-04 02:00:00+09:00,0.0,0.0,0.0,0.0,0.0,0.00035821468918584287,0.00035821468918584287
2023-11-04 03:00:00+09:00,0.0,0.0,0.0,0.0,0.0,0.00035821468918584287,0.00035821468918584287
2023-11-04 04:00:00+09:00,0.0,0.0,0.0,0.0,0.0,0.00035821468918584287,0.00035821468918584287
2023-11-04 05:00:00+09:00,0.0,0.0,0.0,0.0,0.0,0.00035821468918584287,0.00035821468918584287
2023-11-04 06:00:00+09:00,0.0,0.0,0.0,0.0,0.0,1.1590655049076304e-06,1.1590655049076304e-06
2023-11-04 07:00:00+09:00,0.0,0.0,0.0,0.0,0.0,0.0003693607577588409,0.0003693607577588409
2023-11-04 08:00:00+09:00,0.020787007,0.0,0.017781401053071022,0.017781401053071022,0.0,0.009811745956540108,0.009811745956540108
2023-11-04 09:00:00+09:00,0.131406367,0.020787007,0.0679056707878418,0.0679056707878418,0.0,0.04746101796627045,0.04746101796627045
2023-11-04 10:00:00+09:00,0.232373443,0.131406367,0.2817760558685226,0.2817760558685226,0.0,0.27518728375434875,0.27518728375434875
2023-11-04 11:00:00+09:00,0.380113339,0.232373443,0.40106793915478517,0.40106793915478517,0.020787007,0.41114989557460024,0.41114989557460024
2023-11-04 12:00:00+09:00,0.351901814,0.380113339,0.4659345801403656,0.4659345801403656,0.131406367,0.44205644744242856,0.44205644744242856
2023-11-04 13:00:00+09:00,0.192283922,0.351901814,0.3200682957035198,0.3200682957035198,0.232373443,0.35976801490036775,0.35976801490036775
2023-11-04 14:00:00+09:00,0.059393062,0.192283922,0.10436120734936905,0.10436120734936905,0.380113339,0.315567737393631,0.315567737393631
2023-11-04 15:00:00+09:00,0.060877555,0.059393062,0.0,0.0,0.351901814,0.21430291201292417,0.21430291201292417
2023-11-04 16:00:00+09:00,0.126209615,0.060877555,0.0,0.0,0.192283922,0.0,0.0
2023-11-04 17:00:00+09:00,0.072755551,0.126209615,0.0,0.0,0.059393062,0.0,0.0
2023-11-04 18:00:00+09:00,0.000742246,0.072755551,0.011082829941869737,0.011082829941869737,0.060877555,0.0,0.0
2023-11-04 19:00:00+09:00,0.0,0.000742246,0.0,0.0,0.126209615,0.0,0.0
2023-11-04 20:00:00+09:00,0.0,0.0,0.000743968179449439,0.000743968179449439,0.072755551,0.0015183594421157853,0.0015183594421157853
2023-11-04 21:00:00+09:00,0.0,0.0,0.0006630724528804421,0.0006630724528804421,0.000742246,0.0016361064150898755,0.0016361064150898755
2023-11-04 22:00:00+09:00,0.0,0.0,0.0008517490932717919,0.0008517490932717919,0.0,0.0005506029701791704,0.0005506029701791704
2023-11-04 23:00:00+09:00,0.0,0.0,0.0008517490932717919,0.0008517490932717919,0.0,0.001922517316415906,0.001922517316415906
2023-11-05 00:00:00+09:00,0.0,0.0,0.0,0.0,0.0,0.0,0.0
2023-11-05 01:00:00+09:00,0.0,0.0,0.0,0.0,0.0,0.0,0.0
2023-11-05 02:00:00+09:00,0.0,0.0,0.0,0.0,0.0,0.0,0.0
2023-11-05 03:00:00+09:00,0.0,0.0,0.0,0.0,0.0,0.0,0.0
2023-11-05 04:00:00+09:00,0.0,0.0,0.0,0.0,0.0,0.0,0.0
2023-11-05 05:00:00+09:00,0.0,0.0,0.0,0.0,0.0,0.0,0.0
2023-11-05 06:00:00+09:00,0.0,0.0,0.0,0.0,0.0,0.0,0.0
2023-11-05 07:00:00+09:00,0.0,0.0,0.0,0.0,0.0,0.0,0.0
2023-11-05 08:00:00+09:00,0.022272527,0.0,0.015438220463693142,0.015438220463693142,0.0,0.018893159925937653,0.018893159925937653
2023-11-05 09:00:00+09:00,0.118042851,0.022272527,0.10685260572104645,0.10685260572104645,0.0,0.09277831017971039,0.09277831017971039
2023-11-05 10:00:00+09:00,0.206389685,0.118042851,0.2480746304084549,0.2480746304084549,0.0,0.21467609703540802,0.21467609703540802
2023-11-05 11:00:00+09:00,0.209359697,0.206389685,0.278795753444252,0.278795753444252,0.022272527,0.2653908429351349,0.2653908429351349
2023-11-05 12:00:00+09:00,0.202677426,0.209359697,0.24586814169666482,0.24586814169666482,0.118042851,0.36863690069215393,0.36863690069215393
2023-11-05 13:00:00+09:00,0.244252466,0.202677426,0.2239044188306341,0.2239044188306341,0.206389685,0.40121952148777007,0.40121952148777007
2023-11-05 14:00:00+09:00,0.247964725,0.244252466,0.20263732630697823,0.20263732630697823,0.209359697,0.19450629402777864,0.19450629402777864
2023-11-05 15:00:00+09:00,0.233116716,0.247964725,0.20983964587483406,0.20983964587483406,0.202677426,0.03676937248265838,0.03676937248265838
2023-11-05 16:00:00+09:00,0.146996622,0.233116716,0.13649677470580673,0.13649677470580673,0.244252466,0.07718078080503082,0.07718078080503082
2023-11-05 17:00:00+09:00,0.034150523,0.146996622,0.01702301672484588,0.01702301672484588,0.247964725,0.0,0.0
2023-11-05 18:00:00+09:00,0.0,0.034150523,0.0005794697036724111,0.0005794697036724111,0.233116716,0.06528006479398346,0.06528006479398346
2023-11-05 19:00:00+09:00,0.0,0.0,0.0,0.0,0.146996622,0.0,0.0
2023-11-05 20:00:00+09:00,0.0,0.0,0.0006757228402420878,0.0006757228402420878,0.034150523,0.0,0.0
2023-11-05 21:00:00+09:00,0.0,0.0,0.0003232322633266449,0.0003232322633266449,0.0,0.0,0.0
2023-11-05 22:00:00+09:00,0.0,0.0,0.00047143170377239585,0.00047143170377239585,0.0,0.002660051453858614,0.002660051453858614
2023-11-05 23:00:00+09:00,0.0,0.0,0.00047143170377239585,0.00047143170377239585,0.0,0.0033149318769574165,0.0033149318769574165
2023-11-06 00:00:00+09:00,0.0,0.0,0.0,0.0,0.0,0.0,0.0
2023-11-06 01:00:00+09:00,0.0,0.0,0.0,0.0,0.0,0.0,0.0
2023-11-06 02:00:00+09:00,0.0,0.0,0.0,0.0,0.0,0.0,0.0
2023-11-06 03:00:00+09:00,0.0,0.0,0.0,0.0,0.0,0.0,0.0
2023-11-06 04:00:00+09:00,0.0,0.0,0.0,0.0,0.0,0.0,0.0
2023-11-06 05:00:00+09:00,0.0,0.0,0.0,0.0,0.0,0.0,0.0
2023-11-06 06:00:00+09:00,0.0,0.0,0.0,0.0,0.0,0.0,0.0
2023-11-06 07:00:00+09:00,0.0,0.0,0.00047000814811326563,0.00047000814811326563,0.0,0.0,0.0
2023-11-06 08:00:00+09:00,0.000742246,0.0,0.016670092940330505,0.016670092940330505,0.0,0.005875610280781984,0.005875610280781984
2023-11-06 09:00:00+09:00,0.028211525,0.000742246,0.048617855248876574,0.048617855248876574,0.0,0.07159990817308426,0.07159990817308426
2023-11-06 10:00:00+09:00,0.066816553,0.028211525,0.11343361280050278,0.11343361280050278,0.0,0.12163614481687546,0.12163614481687546
2023-11-06 11:00:00+09:00,0.086119067,0.066816553,0.08907385309377003,0.08907385309377003,0.000742246,0.16101652809781647,0.16101652809781647
2023-11-06 12:00:00+09:00,0.117300605,0.086119067,0.13434319578274917,0.13434319578274917,0.028211525,0.25352274469223024,0.25352274469223024
2023-11-06 13:00:00+09:00,0.094285832,0.117300605,0.17123953771684647,0.17123953771684647,0.066816553,0.310950874808815,0.310950874808815
2023-11-06 14:00:00+09:00,0.122497356,0.094285832,0.07142148653886986,0.07142148653886986,0.086119067,0.11595030881628227,0.11595030881628227
2023-11-06 15:00:00+09:00,0.195253935,0.122497356,0.09244925385957337,0.09244925385957337,0.117300605,0.05703171488736153,0.05703171488736153
2023-11-06 16:00:00+09:00,0.141799871,0.195253935,0.11083498998552321,0.11083498998552321,0.094285832,0.0,0.0
2023-11-06 17:00:00+09:00,0.099482583,0.141799871,0.027562637003608698,0.027562637003608698,0.122497356,0.0,0.0
2023-11-06 18:00:00+09:00,0.005196752,0.099482583,0.04298791114860344,0.04298791114860344,0.195253935,0.0,0.0
2023-11-06 19:00:00+09:00,0.0,0.005196752,0.0,0.0,0.141799871,0.0,0.0
2023-11-06 20:00:00+09:00,0.0,0.0,0.0,0.0,0.099482583,0.010475078715618133,0.010475078715618133
2023-11-06 21:00:00+09:00,0.0,0.0,0.0,0.0,0.005196752,0.0,0.0
2023-11-06 22:00:00+09:00,0.0,0.0,4.92027320433408e-05,4.92027320433408e-05,0.0,0.0,0.0
2023-11-06 23:00:00+09:00,0.0,0.0,4.92027320433408e-05,4.92027320433408e-05,0.0,0.0008869605953805149,0.0008869605953805149
2023-11-07 00:00:00+09:00,0.0,0.0,0.00016914610750973225,0.00016914610750973225,0.0,0.000752252759411931,0.000752252759411931
2023-11-07 01:00:00+09:00,0.0,0.0,0.00016914610750973225,0.00016914610750973225,0.0,0.000752252759411931,0.000752252759411931
2023-11-07 02:00:00+09:00,0.0,0.0,0.00016914610750973225,0.00016914610750973225,0.0,0.000752252759411931,0.000752252759411931
2023-11-07 03:00:00+09:00,0.0,0.0,0.00016914610750973225,0.00016914610750973225,0.0,0.000752252759411931,0.000752252759411931
2023-11-07 04:00:00+09:00,0.0,0.0,0.00016914610750973225,0.00016914610750973225,0.0,0.000752252759411931,0.000752252759411931
2023-11-07 05:00:00+09:00,0.0,0.0,0.00016914610750973225,0.00016914610750973225,0.0,0.000752252759411931,0.000752252759411931
2023-11-07 06:00:00+09:00,0.0,0.0,0.00027918614796362817,0.00027918614796362817,0.0,0.00022711076599080116,0.00022711076599080116
2023-11-07 07:00:00+09:00,0.0,0.0,0.0007541092927567661,0.0007541092927567661,0.0,0.0004644326982088387,0.0004644326982088387
2023-11-07 08:00:00+09:00,0.050484051,0.0,0.012286314740777016,0.012286314740777016,0.0,0.025739137083292007,0.025739137083292007
2023-11-07 09:00:00+09:00,0.195996181,0.050484051,0.1541088940609703,0.1541088940609703,0.0,0.12265592068433762,0.12265592068433762
2023-11-07 10:00:00+09:00,0.359325305,0.195996181,0.31852560572696303,0.31852560572696303,0.0,0.18286806344985962,0.18286806344985962
2023-11-07 11:00:00+09:00,0.480338169,0.359325305,0.49365577138965605,0.49365577138965605,0.050484051,0.37413512636315915,0.37413512636315915
2023-11-07 12:00:00+09:00,0.539731231,0.480338169,0.5406768188987674,0.5406768188987674,0.195996181,0.476064220894104,0.476064220894104
2023-11-07 13:00:00+09:00,0.539731231,0.539731231,0.5236375634034214,0.5236375634034214,0.359325305,0.5373227749020386,0.5373227749020386
2023-11-07 14:00:00+09:00,0.484792674,0.539731231,0.4950735349615154,0.4950735349615154,0.480338169,0.4957567618404331,0.4957567618404331
2023-11-07 15:00:00+09:00,0.37640108,0.484792674,0.4291988220462551,0.4291988220462551,0.539731231,0.4341759574075279,0.4341759574075279
2023-11-07 16:00:00+09:00,0.227918938,0.37640108,0.284840157436924,0.284840157436924,0.539731231,0.34981509711938474,0.34981509711938474
2023-11-07 17:00:00+09:00,0.085376821,0.227918938,0.0947443248818283,0.0947443248818283,0.484792674,0.1604689900228729,0.1604689900228729
2023-11-07 18:00:00+09:00,0.003712259,0.085376821,0.005765728194137579,0.005765728194137579,0.37640108,0.06070871483047485,0.06070871483047485
2023-11-07 19:00:00+09:00,0.0,0.003712259,0.0,0.0,0.227918938,0.026992827851570117,0.026992827851570117
2023-11-07 20:00:00+09:00,0.0,0.0,0.0,0.0,0.085376821,0.008078678984066015,0.008078678984066015
2023-11-07 21:00:00+09:00,0.0,0.0,0.0,0.0,0.003712259,0.0,0.0
2023-11-07 22:00:00+09:00,0.0,0.0,0.0,0.0,0.0,0.0,0.0
2023-11-07 23:00:00+09:00,0.0,0.0,0.0,0.0,0.0,0.0,0.0
2023-11-08 00:00:00+09:00,0.0,0.0,0.00018449785420671105,0.00018449785420671105,0.0,0.0008448524749837816,0.0008448524749837816
2023-11-08 01:00:00+09:00,0.0,0.0,0.00018449785420671105,0.00018449785420671105,0.0,0.0008448524749837816,0.0008448524749837816
2023-11-08 02:00:00+09:00,0.0,0.0,0.00018449785420671105,0.00018449785420671105,0.0,0.0008448524749837816,0.0008448524749837816
2023-11-08 03:00:00+09:00,0.0,0.0,0.00018449785420671105,0.00018449785420671105,0.0,0.0008448524749837816,0.0008448524749837816
2023-11-08 04:00:00+09:00,0.0,0.0,0.00018449785420671105,0.00018449785420671105,0.0,0.0008448524749837816,0.0008448524749837816
2023-11-08 05:00:00+09:00,0.0,0.0,0.00018449785420671105,0.00018449785420671105,0.0,0.0008448524749837816,0.0008448524749837816
2023-11-08 06:00:00+09:00,0.0,0.0,0.0002727799292188138,0.0002727799292188138,0.0,0.0005028398591093719,0.0005028398591093719
2023-11-08 07:00:00+09:00,0.0,0.0,0.0,0.0,0.0,0.0008441084064543247,0.0008441084064543247
2023-11-08 08:00:00+09:00,0.048256285,0.0,0.03659743070602417,0.03659743070602417,0.0,0.017852969467639923,0.017852969467639923
2023-11-08 09:00:00+09:00,0.192283922,0.048256285,0.17864473860279084,0.17864473860279084,0.0,0.16138270497322083,0.16138270497322083
2023-11-08 10:00:00+09:00,0.3548708,0.192283922,0.31025601284033966,0.31025601284033966,0.0,0.20904913544654846,0.20904913544654846
2023-11-08 11:00:00+09:00,0.46549016,0.3548708,0.4633246176655769,0.4633246176655769,0.048256285,0.4017155240060425,0.4017155240060425
2023-11-08 12:00:00+09:00,0.518943197,0.46549016,0.5362831255909538,0.5362831255909538,0.192283922,0.5469123061133118,0.5469123061133118
2023-11-08 13:00:00+09:00,0.511519706,0.518943197,0.5166434570207925,0.5166434570207925,0.3548708,0.5662686862762452,0.5662686862762452
2023-11-08 14:00:00+09:00,0.461035655,0.511519706,0.49594800745359036,0.49594800745359036,0.46549016,0.4874051152285671,0.4874051152285671
2023-11-08 15:00:00+09:00,0.329629287,0.461035655,0.36024586961486815,0.36024586961486815,0.518943197,0.3679974739432068,0.3679974739432068
2023-11-08 16:00:00+09:00,0.215298695,0.329629287,0.20778211938887786,0.20778211938887786,0.511519706,0.2562914845835266,0.2562914845835266
2023-11-08 17:00:00+09:00,0.07795333,0.215298695,0.12437990072566987,0.12437990072566987,0.461035655,0.1327081482193756,0.1327081482193756
2023-11-08 18:00:00+09:00,0.001484493,0.07795333,0.01661062495882988,0.01661062495882988,0.329629287,0.034283235545455926,0.034283235545455926
2023-11-08 19:00:00+09:00,0.0,0.001484493,0.0,0.0,0.215298695,0.019405586155242932,0.019405586155242932
2023-11-08 20:00:00+09:00,0.0,0.0,0.0,0.0,0.07795333,0.002763992865638734,0.002763992865638734
2023-11-08 21:00:00+09:00,0.0,0.0,7.57378147682175e-05,7.57378147682175e-05,0.001484493,0.0,0.0
2023-11-08 22:00:00+09:00,0.0,0.0,0.00043471562094055116,0.00043471562094055116,0.0,0.00086868746438995,0.00086868746438995
2023-11-08 23:00:00+09:00,0.0,0.0,0.00043471562094055116,0.00043471562094055116,0.0,0.001507486216723919,0.001507486216723919
2023-11-09 00:00:00+09:00,0.0,0.0,0.0,0.0,0.0,9.632219189370517e-06,9.632219189370517e-06
2023-11-09 01:00:00+09:00,0.0,0.0,0.0,0.0,0.0,9.632219189370517e-06,9.632219189370517e-06
2023-11-09 02:00:00+09:00,0.0,0.0,0.0,0.0,0.0,9.632219189370517e-06,9.632219189370517e-06
2023-11-09 03:00:00+09:00,0.0,0.0,0.0,0.0,0.0,9.632219189370517e-06,9.632219189370517e-06
2023-11-09 04:00:00+09:00,0.0,0.0,0.0,0.0,0.0,9.632219189370517e-06,9.632219189370517e-06
2023-11-09 05:00:00+09:00,0.0,0.0,0.0,0.0,0.0,9.632219189370517e-06,9.632219189370517e-06
2023-11-09 06:00:00+09:00,0.0,0.0,1.8983142581419088e-05,1.8983142581419088e-05,0.0,0.0,0.0
2023-11-09 07:00:00+09:00,0.0,0.0,0.0007382936310023069,0.0007382936310023069,0.0,0.0004331242525950074,0.0004331242525950074
2023-11-09 08:00:00+09:00,0.037120535,0.0,0.03784095495939255,0.03784095495939255,0.0,0.030240468680858612,0.030240468680858612
2023-11-09 09:00:00+09:00,0.177435913,0.037120535,0.16169948033872605,0.16169948033872605,0.0,0.12867684662342072,0.12867684662342072
2023-11-09 10:00:00+09:00,0.340765037,0.177435913,0.29453129402149963,0.29453129402149963,0.0,0.1973676085472107,0.1973676085472107
2023-11-09 11:00:00+09:00,0.426142885,0.340765037,0.42942523992043685,0.42942523992043685,0.037120535,0.4004345079499817,0.4004345079499817
2023-11-09 12:00:00+09:00,0.484050428,0.426142885,0.45692970103074076,0.45692970103074076,0.177435913,0.4449285649393921,0.4449285649393921
2023-11-09 13:00:00+09:00,0.429111871,0.484050428,0.4791455655067234,0.4791455655067234,0.340765037,0.5405272770522231,0.5405272770522231
2023-11-09 14:00:00+09:00,0.274690731,0.429111871,0.3602474732953987,0.3602474732953987,0.426142885,0.4238700395212716,0.4238700395212716
2023-11-09 15:00:00+09:00,0.251676984,0.274690731,0.19405716521649935,0.19405716521649935,0.484050428,0.3751565715937881,0.3751565715937881
2023-11-09 16:00:00+09:00,0.115072839,0.251676984,0.12015707032659911,0.12015707032659911,0.429111871,0.14338460850305174,0.14338460850305174
2023-11-09 17:00:00+09:00,0.039347275,0.115072839,0.0,0.0,0.274690731,0.0,0.0
2023-11-09 18:00:00+09:00,0.0,0.039347275,0.0,0.0,0.251676984,0.013130627441200249,0.013130627441200249
2023-11-09 19:00:00+09:00,0.0,0.0,0.0,0.0,0.115072839,0.0,0.0
2023-11-09 20:00:00+09:00,0.0,0.0,0.0010766544146463275,0.0010766544146463275,0.039347275,0.0,0.0
2023-11-09 21:00:00+09:00,0.0,0.0,0.0005098212277516723,0.0005098212277516723,0.0,0.0,0.0
2023-11-09 22:00:00+09:00,0.0,0.0,0.0009206582326442003,0.0009206582326442003,0.0,0.002720904303714633,0.002720904303714633
2023-11-09 23:00:00+09:00,0.0,0.0,0.0009206582326442003,0.0009206582326442003,0.0,0.0026028284337371588,0.0026028284337371588
2023-11-10 00:00:00+09:00,0.0,0.0,9.593543654773384e-05,9.593543654773384e-05,0.0,1.0048305739474017e-05,1.0048305739474017e-05
2023-11-10 01:00:00+09:00,0.0,0.0,9.593543654773384e-05,9.593543654773384e-05,0.0,1.0048305739474017e-05,1.0048305739474017e-05
2023-11-10 02:00:00+09:00,0.0,0.0,9.593543654773384e-05,9.593543654773384e-05,0.0,1.0048305739474017e-05,1.0048305739474017e-05
2023-11-10 03:00:00+09:00,0.0,0.0,9.593543654773384e-05,9.593543654773384e-05,0.0,1.0048305739474017e-05,1.0048305739474017e-05
2023-11-10 04:00:00+09:00,0.0,0.0,9.593543654773384e-05,9.593543654773384e-05,0.0,1.0048305739474017e-05,1.0048305739474017e-05
2023-11-10 05:00:00+09:00,0.0,0.0,9.593543654773384e-05,9.593543654773384e-05,0.0,1.0048305739474017e-05,1.0048305739474017e-05
2023-11-10 06:00:00+09:00,0.0,0.0,9.705919364932925e-05,9.705919364932925e-05,0.0,0.0,0.0
2023-11-10 07:00:00+09:00,0.0,0.0,0.0005561420693993568,0.0005561420693993568,0.0,0.0004119586374145001,0.0004119586374145001
2023-11-10 08:00:00+09:00,0.000742246,0.0,0.02359084039926529,0.02359084039926529,0.0,0.010014169849455357,0.010014169849455357
2023-11-10 09:00:00+09:00,0.059393062,0.000742246,0.10147450545234299,0.10147450545234299,0.0,0.11809809505939484,0.11809809505939484
2023-11-10 10:00:00+09:00,0.164814644,0.059393062,0.19877210140677642,0.19877210140677642,0.0,0.29334020614624023,0.29334020614624023
2023-11-10 11:00:00+09:00,0.209359697,0.164814644,0.2759822313398781,0.2759822313398781,0.000742246,0.3317320836464844,0.3317320836464844
2023-11-10 12:00:00+09:00,0.306614514,0.209359697,0.2814955105342598,0.2814955105342598,0.059393062,0.3749267000004883,0.3749267000004883
2023-11-10 13:00:00+09:00,0.48702044,0.306614514,0.3145235791124716,0.3145235791124716,0.164814644,0.3067279834956589,0.3067279834956589
2023-11-10 14:00:00+09:00,0.394219101,0.48702044,0.45257539262145996,0.45257539262145996,0.209359697,0.3449284796871872,0.3449284796871872
2023-11-10 15:00:00+09:00,0.3325993,0.394219101,0.3092463543297539,0.3092463543297539,0.306614514,0.25376330644565964,0.25376330644565964
2023-11-10 16:00:00+09:00,0.158875645,0.3325993,0.24481767699413298,0.24481767699413298,0.48702044,0.23245278705924988,0.23245278705924988
2023-11-10 17:00:00+09:00,0.063104294,0.158875645,0.050311476785202036,0.050311476785202036,0.394219101,0.05025941185968019,0.05025941185968019
2023-11-10 18:00:00+09:00,0.000742246,0.063104294,0.00635464092883492,0.00635464092883492,0.3325993,0.11323000774078368,0.11323000774078368
2023-11-10 19:00:00+09:00,0.0,0.000742246,0.0,0.0,0.158875645,0.0,0.0
2023-11-10 20:00:00+09:00,0.0,0.0,0.0,0.0,0.063104294,0.0,0.0
2023-11-10 21:00:00+09:00,0.0,0.0,0.0,0.0,0.000742246,0.0,0.0
2023-11-10 22:00:00+09:00,0.0,0.0,0.0,0.0,0.0,0.0,0.0
2023-11-10 23:00:00+09:00,0.0,0.0,0.0,0.0,0.0,0.0,0.0
2023-11-11 00:00:00+09:00,0.0,0.0,0.0,0.0,0.0,0.00035821468918584287,0.00035821468918584287
2023-11-11 01:00:00+09:00,0.0,0.0,0.0,0.0,0.0,0.00035821468918584287,0.00035821468918584287
2023-11-11 02:00:00+09:00,0.0,0.0,0.0,0.0,0.0,0.00035821468918584287,0.00035821468918584287
2023-11-11 03:00:00+09:00,0.0,0.0,0.0,0.0,0.0,0.00035821468918584287,0.00035821468918584287
2023-11-11 04:00:00+09:00,0.0,0.0,0.0,0.0,0.0,0.00035821468918584287,0.00035821468918584287
2023-11-11 05:00:00+09:00,0.0,0.0,0.0,0.0,0.0,0.00035821468918584287,0.00035821468918584287
2023-11-11 06:00:00+09:00,0.0,0.0,0.0,0.0,0.0,1.1590655049076304e-06,1.1590655049076304e-06
2023-11-11 07:00:00+09:00,0.0,0.0,0.0,0.0,0.0,0.0003693607577588409,0.0003693607577588409
2023-11-11 08:00:00+09:00,0.03266603,0.0,0.014484180137515068,0.014484180137515068,0.0,0.02851732447743416,0.02851732447743416
2023-11-11 09:00:00+09:00,0.155163387,0.03266603,0.1136720205052185,0.1136720205052185,0.0,0.11485658586025238,0.11485658586025238
2023-11-11 10:00:00+09:00,0.342992803,0.155163387,0.30132667177859496,0.30132667177859496,0.0,0.22631758451461792,0.22631758451461792
2023-11-11 11:00:00+09:00,0.45435441,0.342992803,0.4163481052146225,0.4163481052146225,0.03266603,0.3451392377121735,0.3451392377121735
2023-11-11 12:00:00+09:00,0.50929194,0.45435441,0.5786751182152367,0.5786751182152367,0.155163387,0.52487854117099,0.52487854117099
2023-11-11 13:00:00+09:00,0.523397702,0.50929194,0.5342851789706373,0.5342851789706373,0.342992803,0.5209095831141739,0.5209095831141739
2023-11-11 14:00:00+09:00,0.360810825,0.523397702,0.4709772385869999,0.4709772385869999,0.45435441,0.46873520122453927,0.46873520122453927
2023-11-11 15:00:00+09:00,0.235343456,0.360810825,0.29017990208644867,0.29017990208644867,0.50929194,0.3655776908659363,0.3655776908659363
2023-11-11 16:00:00+09:00,0.179662653,0.235343456,0.12692037197938538,0.12692037197938538,0.523397702,0.3006608069156189,0.3006608069156189
2023-11-11 17:00:00+09:00,0.072755551,0.179662653,0.07524031469309617,0.07524031469309617,0.360810825,0.0474708763458252,0.0474708763458252
2023-11-11 18:00:00+09:00,0.002226739,0.072755551,0.04318382035648918,0.04318382035648918,0.235343456,0.09000691744676209,0.09000691744676209
2023-11-11 19:00:00+09:00,0.0,0.002226739,0.0,0.0,0.179662653,0.0,0.0
2023-11-11 20:00:00+09:00,0.0,0.0,0.000743968179449439,0.000743968179449439,0.072755551,0.0015183594421157853,0.0015183594421157853
2023-11-11 21:00:00+09:00,0.0,0.0,0.0006630724528804421,0.0006630724528804421,0.002226739,0.0031205994150898756,0.0031205994150898756
2023-11-11 22:00:00+09:00,0.0,0.0,0.0008517490932717919,0.0008517490932717919,0.0,0.0005506029701791704,0.0005506029701791704
2023-11-11 23:00:00+09:00,0.0,0.0,0.0008517490932717919,0.0008517490932717919,0.0,0.001922517316415906,0.001922517316415906
2023-11-12 00:00:00+09:00,0.0,0.0,0.0,0.0,0.0,0.0,0.0
2023-11-12 01:00:00+09:00,0.0,0.0,0.0,0.0,0.0,0.0,0.0
2023-11-12 02:00:00+09:00,0.0,0.0,0.0,0.0,0.0,0.0,0.0
2023-11-12 03:00:00+09:00,0.0,0.0,0.0,0.0,0.0,0.0,0.0
2023-11-12 04:00:00+09:00,0.0,0.0,0.0,0.0,0.0,0.0,0.0
2023-11-12 05:00:00+09:00,0.0,0.0,0.0,0.0,0.0,0.0,0.0
2023-11-12 06:00:00+09:00,0.0,0.0,0.0,0.0,0.0,0.0,0.0
2023-11-12 07:00:00+09:00,0.0,0.0,0.0,0.0,0.0,0.0,0.0
2023-11-12 08:00:00+09:00,0.041575041,0.0,0.04010186344385147,0.04010186344385147,0.0,0.022651739418506622,0.022651739418506622
2023-11-12 09:00:00+09:00,0.116558358,0.041575041,0.12446441162025071,0.12446441162025071,0.0,0.08687682449817657,0.08687682449817657
2023-11-12 10:00:00+09:00,0.166299137,0.116558358,0.2494941353065567,0.2494941353065567,0.0,0.25439953804016113,0.25439953804016113
2023-11-12 11:00:00+09:00,0.464005667,0.166299137,0.2979689265526886,0.2979689265526886,0.041575041,0.3661265339294586,0.3661265339294586
2023-11-12 12:00:00+09:00,0.54195797,0.464005667,0.5406276092221184,0.5406276092221184,0.116558358,0.5135192721349793,0.5135192721349793
2023-11-12 13:00:00+09:00,0.547897995,0.54195797,0.55549491871068,0.55549491871068,0.166299137,0.37810357165709685,0.37810357165709685
2023-11-12 14:00:00+09:00,0.491474945,0.547897995,0.46427518177520755,0.46427518177520755,0.464005667,0.4557850139503522,0.4557850139503522
2023-11-12 15:00:00+09:00,0.369719835,0.491474945,0.4063751584799957,0.4063751584799957,0.54195797,0.43644795123407365,0.43644795123407365
2023-11-12 16:00:00+09:00,0.220495447,0.369719835,0.28054761327978134,0.28054761327978134,0.547897995,0.3150266413737488,0.3150266413737488
2023-11-12 17:00:00+09:00,0.075725564,0.220495447,0.0905218417248459,0.0905218417248459,0.491474945,0.17036502425987243,0.17036502425987243
2023-11-12 18:00:00+09:00,0.001484493,0.075725564,0.014458702144016261,0.014458702144016261,0.369719835,0.10672739334579467,0.10672739334579467
2023-11-12 19:00:00+09:00,0.0,0.001484493,0.0,0.0,0.220495447,0.031706675370666515,0.031706675370666515
2023-11-12 20:00:00+09:00,0.0,0.0,0.0006757228402420878,0.0006757228402420878,0.075725564,0.001752839621891017,0.001752839621891017
2023-11-12 21:00:00+09:00,0.0,0.0,0.0003232322633266449,0.0003232322633266449,0.001484493,0.0,0.0
2023-11-12 22:00:00+09:00,0.0,0.0,0.00047143170377239585,0.00047143170377239585,0.0,0.002660051453858614,0.002660051453858614
2023-11-12 23:00:00+09:00,0.0,0.0,0.00047143170377239585,0.00047143170377239585,0.0,0.0033149318769574165,0.0033149318769574165
2023-11-13 00:00:00+09:00,0.0,0.0,0.0,0.0,0.0,0.0,0.0
2023-11-13 01:00:00+09:00,0.0,0.0,0.0,0.0,0.0,0.0,0.0
2023-11-13 02:00:00+09:00,0.0,0.0,0.0,0.0,0.0,0.0,0.0
2023-11-13 03:00:00+09:00,0.0,0.0,0.0,0.0,0.0,0.0,0.0
2023-11-13 04:00:00+09:00,0.0,0.0,0.0,0.0,0.0,0.0,0.0
2023-11-13 05:00:00+09:00,0.0,0.0,0.0,0.0,0.0,0.0,0.0
2023-11-13 06:00:00+09:00,0.0,0.0,0.0,0.0,0.0,0.0,0.0
2023-11-13 07:00:00+09:00,0.0,0.0,0.00047000814811326563,0.00047000814811326563,0.0,0.0,0.0
2023-11-13 08:00:00+09:00,0.039347275,0.0,0.02967677265405655,0.02967677265405655,0.0,0.026885826140642166,0.026885826140642166
2023-11-13 09:00:00+09:00,0.184859404,0.039347275,0.11636288354911804,0.11636288354911804,0.0,0.08486010134220123,0.08486010134220123
2023-11-13 10:00:00+09:00,0.361553071,0.184859404,0.3281973392092743,0.3281973392092743,0.0,0.2679536044597626,0.2679536044597626
2023-11-13 11:00:00+09:00,0.48702044,0.361553071,0.4553328807729683,0.4553328807729683,0.039347275,0.40431268404045106,0.40431268404045106
2023-11-13 12:00:00+09:00,0.547154722,0.48702044,0.5430561188337231,0.5430561188337231,0.184859404,0.5290775686823883,0.5290775686823883
2023-11-13 13:00:00+09:00,0.547897995,0.547154722,0.5667490840055914,0.5667490840055914,0.361553071,0.55969440744104,0.55969440744104
2023-11-13 14:00:00+09:00,0.488504933,0.547897995,0.5454704060845477,0.5454704060845477,0.48702044,0.5277291495081806,0.5277291495081806
2023-11-13 15:00:00+09:00,0.368976562,0.488504933,0.41171085256377027,0.41171085256377027,0.547154722,0.3937969330795975,0.3937969330795975
2023-11-13 16:00:00+09:00,0.221237693,0.368976562,0.25828557339974595,0.25828557339974595,0.547897995,0.316513792162056,0.316513792162056
2023-11-13 17:00:00+09:00,0.079437823,0.221237693,0.09212442116753389,0.09212442116753389,0.488504933,0.19129912722149656,0.19129912722149656
2023-11-13 18:00:00+09:00,0.002226739,0.079437823,0.012059726717517857,0.012059726717517857,0.368976562,0.11924184737273408,0.11924184737273408
2023-11-13 19:00:00+09:00,0.0,0.002226739,0.0,0.0,0.221237693,0.02033891158119966,0.02033891158119966
2023-11-13 20:00:00+09:00,0.0,0.0,0.0,0.0,0.079437823,0.0,0.0
2023-11-13 21:00:00+09:00,0.0,0.0,0.0,0.0,0.002226739,0.0,0.0
2023-11-13 22:00:00+09:00,0.0,0.0,4.92027320433408e-05,4.92027320433408e-05,0.0,0.0,0.0
2023-11-13 23:00:00+09:00,0.0,0.0,4.92027320433408e-05,4.92027320433408e-05,0.0,0.0008869605953805149,0.0008869605953805149
2023-11-14 00:00:00+09:00,0.0,0.0,0.00016914610750973225,0.00016914610750973225,0.0,0.000752252759411931,0.000752252759411931
2023-11-14 01:00:00+09:00,0.0,0.0,0.00016914610750973225,0.00016914610750973225,0.0,0.000752252759411931,0.000752252759411931
2023-11-14 02:00:00+09:00,0.0,0.0,0.00016914610750973225,0.00016914610750973225,0.0,0.000752252759411931,0.000752252759411931
2023-11-14 03:00:00+09:00,0.0,0.0,0.00016914610750973225,0.00016914610750973225,0.0,0.000752252759411931,0.000752252759411931
2023-11-14 04:00:00+09:00,0.0,0.0,0.00016914610750973225,0.00016914610750973225,0.0,0.000752252759411931,0.000752252759411931
2023-11-14 05:00:00+09:00,0.0,0.0,0.00016914610750973225,0.00016914610750973225,0.0,0.000752252759411931,0.000752252759411931
2023-11-14 06:00:00+09:00,0.0,0.0,0.00027918614796362817,0.00027918614796362817,0.0,0.00022711076599080116,0.00022711076599080116
2023-11-14 07:00:00+09:00,0.0,0.0,0.0007541092927567661,0.0007541092927567661,0.0,0.0004644326982088387,0.0004644326982088387
2023-11-14 08:00:00+09:00,0.037862782,0.0,0.05244176462292671,0.05244176462292671,0.0,0.030988233163952827,0.030988233163952827
2023-11-14 09:00:00+09:00,0.176693667,0.037862782,0.17660320234149168,0.17660320234149168,0.0,0.156209334731102,0.156209334731102
2023-11-14 10:00:00+09:00,0.345219543,0.176693667,0.31988004249877167,0.31988004249877167,0.0,0.2602003514766693,0.2602003514766693
2023-11-14 11:00:00+09:00,0.469944665,0.345219543,0.47131518067910005,0.47131518067910005,0.037862782,0.4489265127167053,0.4489265127167053
2023-11-14 12:00:00+09:00,0.53082222,0.469944665,0.5171783583016777,0.5171783583016777,0.176693667,0.5098628888780518,0.5098628888780518
2023-11-14 13:00:00+09:00,0.53082222,0.53082222,0.5277117723343235,0.5277117723343235,0.345219543,0.5267127210099869,0.5267127210099869
2023-11-14 14:00:00+09:00,0.470686912,0.53082222,0.5292704771016997,0.5292704771016997,0.469944665,0.4841555429400587,0.4841555429400587
2023-11-14 15:00:00+09:00,0.353386307,0.470686912,0.3623480418918724,0.3623480418918724,0.53082222,0.3565796937071991,0.3565796937071991
2023-11-14 16:00:00+09:00,0.209359697,0.353386307,0.23910885476954652,0.23910885476954652,0.53082222,0.2627771522128296,0.2627771522128296
2023-11-14 17:00:00+09:00,0.071271059,0.209359697,0.07911606778285218,0.07911606778285218,0.470686912,0.12740206664782716,0.12740206664782716
2023-11-14 18:00:00+09:00,0.002226739,0.071271059,0.008039598249897001,0.008039598249897001,0.353386307,0.06989246034510804,0.06989246034510804
2023-11-14 19:00:00+09:00,0.0,0.002226739,0.0,0.0,0.209359697,0.00843358685157014,0.00843358685157014
2023-11-14 20:00:00+09:00,0.0,0.0,0.0,0.0,0.071271059,0.0,0.0
2023-11-14 21:00:00+09:00,0.0,0.0,0.0,0.0,0.002226739,0.0,0.0
2023-11-14 22:00:00+09:00,0.0,0.0,0.0,0.0,0.0,0.0,0.0
2023-11-14 23:00:00+09:00,0.0,0.0,0.0,0.0,0.0,0.0,0.0
2023-11-15 00:00:00+09:00,0.0,0.0,0.00018449785420671105,0.00018449785420671105,0.0,0.0008448524749837816,0.0008448524749837816
2023-11-15 01:00:00+09:00,0.0,0.0,0.00018449785420671105,0.00018449785420671105,0.0,0.0008448524749837816,0.0008448524749837816
2023-11-15 02:00:00+09:00,0.0,0.0,0.00018449785420671105,0.00018449785420671105,0.0,0.0008448524749837816,0.0008448524749837816
2023-11-15 03:00:00+09:00,0.0,0.0,0.00018449785420671105,0.00018449785420671105,0.0,0.0008448524749837816,0.0008448524749837816
2023-11-15 04:00:00+09:00,0.0,0.0,0.00018449785420671105,0.00018449785420671105,0.0,0.0008448524749837816,0.0008448524749837816
2023-11-15 05:00:00+09:00,0.0,0.0,0.00018449785420671105,0.00018449785420671105,0.0,0.0008448524749837816,0.0008448524749837816
2023-11-15 06:00:00+09:00,0.0,0.0,0.0002727799292188138,0.0002727799292188138,0.0,0.0005028398591093719,0.0005028398591093719
2023-11-15 07:00:00+09:00,0.0,0.0,0.0,0.0,0.0,0.0008441084064543247,0.0008441084064543247
2023-11-15 08:00:00+09:00,0.033408277,0.0,0.025669410824775696,0.025669410824775696,0.0,0.017583269625902176,0.017583269625902176
2023-11-15 09:00:00+09:00,0.15664788,0.033408277,0.14065170314412306,0.14065170314412306,0.0,0.14041614532470703,0.14041614532470703
2023-11-15 10:00:00+09:00,0.317008018,0.15664788,0.29768348149669643,0.29768348149669643,0.0,0.2739774286746979,0.2739774286746979
2023-11-15 11:00:00+09:00,0.440990894,0.317008018,0.44022315691220093,0.44022315691220093,0.033408277,0.3946652042518158,0.3946652042518158
2023-11-15 12:00:00+09:00,0.501126202,0.440990894,0.5133633305234375,0.5133633305234375,0.15664788,0.5082636069477844,0.5082636069477844
2023-11-15 13:00:00+09:00,0.502610695,0.501126202,0.5061829049975355,0.5061829049975355,0.317008018,0.5238724047969513,0.5238724047969513
2023-11-15 14:00:00+09:00,0.44395988,0.502610695,0.4575860913947296,0.4575860913947296,0.440990894,0.4227337845516863,0.4227337845516863
2023-11-15 15:00:00+09:00,0.33111378,0.44395988,0.3578438640888977,0.3578438640888977,0.501126202,0.3221031149753113,0.3221031149753113
2023-11-15 16:00:00+09:00,0.193026169,0.33111378,0.21400975630500796,0.21400975630500796,0.502610695,0.2663455721095276,0.2663455721095276
2023-11-15 17:00:00+09:00,0.063104294,0.193026169,0.08215663468632126,0.08215663468632126,0.44395988,0.16227300775611875,0.16227300775611875
2023-11-15 18:00:00+09:00,0.001484493,0.063104294,0.002792104838222509,0.002792104838222509,0.33111378,0.06538345859268191,0.06538345859268191
2023-11-15 19:00:00+09:00,0.0,0.001484493,0.0,0.0,0.193026169,0.0,0.0
2023-11-15 20:00:00+09:00,0.0,0.0,0.0,0.0,0.063104294,0.0,0.0
2023-11-15 21:00:00+09:00,0.0,0.0,7.57378147682175e-05,7.57378147682175e-05,0.001484493,0.0,0.0
2023-11-15 22:00:00+09:00,0.0,0.0,0.00043471562094055116,0.00043471562094055116,0.0,0.00086868746438995,0.00086868746438995
2023-11-15 23:00:00+09:00,0.0,0.0,0.00043471562094055116,0.00043471562094055116,0.0,0.001507486216723919,0.001507486216723919
2023-11-16 00:00:00+09:00,0.0,0.0,0.0,0.0,0.0,9.632219189370517e-06,9.632219189370517e-06
2023-11-16 01:00:00+09:00,0.0,0.0,0.0,0.0,0.0,9.632219189370517e-06,9.632219189370517e-06
2023-11-16 02:00:00+09:00,0.0,0.0,0.0,0.0,0.0,9.632219189370517e-06,9.632219189370517e-06
2023-11-16 03:00:00+09:00,0.0,0.0,0.0,0.0,0.0,9.632219189370517e-06,9.632219189370517e-06
2023-11-16 04:00:00+09:00,0.0,0.0,0.0,0.0,0.0,9.632219189370517e-06,9.632219189370517e-06
2023-11-16 05:00:00+09:00,0.0,0.0,0.0,0.0,0.0,9.632219189370517e-06,9.632219189370517e-06
2023-11-16 06:00:00+09:00,0.0,0.0,1.8983142581419088e-05,1.8983142581419088e-05,0.0,0.0,0.0
2023-11-16 07:00:00+09:00,0.0,0.0,0.0007382936310023069,0.0007382936310023069,0.0,0.0004331242525950074,0.0004331242525950074
2023-11-16 08:00:00+09:00,0.01262127,0.0,0.026161516085267067,0.026161516085267067,0.0,0.012929517775774002,0.012929517775774002
2023-11-16 09:00:00+09:00,0.068302073,0.01262127,0.08560394632722855,0.08560394632722855,0.0,0.09026597440242767,0.09026597440242767
2023-11-16 10:00:00+09:00,0.114330592,0.068302073,0.20823020529560854,0.20823020529560854,0.0,0.26857128739356995,0.26857128739356995
2023-11-16 11:00:00+09:00,0.140315378,0.114330592,0.24142001792144013,0.24142001792144013,0.01262127,0.3982419534316254,0.3982419534316254
2023-11-16 12:00:00+09:00,0.24351022,0.140315378,0.18853416844175147,0.18853416844175147,0.068302073,0.32324416231922914,0.32324416231922914
2023-11-16 13:00:00+09:00,0.205647438,0.24351022,0.24048774576321363,0.24048774576321363,0.114330592,0.24066062494467927,0.24066062494467927
2023-11-16 14:00:00+09:00,0.124725122,0.205647438,0.1627021834059124,0.1627021834059124,0.140315378,0.1952082718806057,0.1952082718806057
2023-11-16 15:00:00+09:00,0.059393062,0.124725122,0.04409155621649932,0.04409155621649932,0.24351022,0.13461636359378815,0.13461636359378815
2023-11-16 16:00:00+09:00,0.074241071,0.059393062,0.0,0.0,0.205647438,0.0,0.0
2023-11-16 17:00:00+09:00,0.001484493,0.074241071,0.0,0.0,0.124725122,0.0,0.0
2023-11-16 18:00:00+09:00,0.0,0.001484493,0.0,0.0,0.059393062,0.0,0.0
2023-11-16 19:00:00+09:00,0.0,0.0,0.0,0.0,0.074241071,0.0,0.0
2023-11-16 20:00:00+09:00,0.0,0.0,0.0010766544146463275,0.0010766544146463275,0.001484493,0.0,0.0
2023-11-16 21:00:00+09:00,0.0,0.0,0.0005098212277516723,0.0005098212277516723,0.0,0.0,0.0
2023-11-16 22:00:00+09:00,0.0,0.0,0.0009206582326442003,0.0009206582326442003,0.0,0.002720904303714633,0.002720904303714633
2023-11-16 23:00:00+09:00,0.0,0.0,0.0009206582326442003,0.0009206582326442003,0.0,0.0026028284337371588,0.0026028284337371588
2023-11-17 00:00:00+09:00,0.0,0.0,9.593543654773384e-05,9.593543654773384e-05,0.0,1.0048305739474017e-05,1.0048305739474017e-05
2023-11-17 01:00:00+09:00,0.0,0.0,9.593543654773384e-05,9.593543654773384e-05,0.0,1.0048305739474017e-05,1.0048305739474017e-05
2023-11-17 02:00:00+09:00,0.0,0.0,9.593543654773384e-05,9.593543654773384e-05,0.0,1.0048305739474017e-05,1.0048305739474017e-05
2023-11-17 03:00:00+09:00,0.0,0.0,9.593543654773384e-05,9.593543654773384e-05,0.0,1.0048305739474017e-05,1.0048305739474017e-05
2023-11-17 04:00:00+09:00,0.0,0.0,9.593543654773384e-05,9.593543654773384e-05,0.0,1.0048305739474017e-05,1.0048305739474017e-05
2023-11-17 05:00:00+09:00,0.0,0.0,9.593543654773384e-05,9.593543654773384e-05,0.0,1.0048305739474017e-05,1.0048305739474017e-05
2023-11-17 06:00:00+09:00,0.0,0.0,9.705919364932925e-05,9.705919364932925e-05,0.0,0.0,0.0
2023-11-17 07:00:00+09:00,0.0,0.0,0.0005561420693993568,0.0005561420693993568,0.0,0.0004119586374145001,0.0004119586374145001
2023-11-17 08:00:00+09:00,0.020044761,0.0,0.01833636313676834,0.01833636313676834,0.0,0.026984937489032745,0.026984937489032745
2023-11-17 09:00:00+09:00,0.146254376,0.020044761,0.1121865233758316,0.1121865233758316,0.0,0.12179963290691376,0.12179963290691376
2023-11-17 10:00:00+09:00,0.322948043,0.146254376,0.2748780552802811,0.2748780552802811,0.0,0.20323362946510315,0.20323362946510315
2023-11-17 11:00:00+09:00,0.45435441,0.322948043,0.40072439308096697,0.40072439308096697,0.020044761,0.3554642668345795,0.3554642668345795
2023-11-17 12:00:00+09:00,0.518943197,0.45435441,0.5479774893595314,0.5479774893595314,0.146254376,0.5039405677972565,0.5039405677972565
2023-11-17 13:00:00+09:00,0.511519706,0.518943197,0.539871790352437,0.539871790352437,0.322948043,0.5401047363393479,0.5401047363393479
2023-11-17 14:00:00+09:00,0.461035655,0.511519706,0.4478284997235832,0.4478284997235832,0.45435441,0.4469512588678336,0.4469512588678336
2023-11-17 15:00:00+09:00,0.205647438,0.461035655,0.38198338554122924,0.38198338554122924,0.518943197,0.35146362231967165,0.35146362231967165
2023-11-17 16:00:00+09:00,0.187829417,0.205647438,0.11397710366085814,0.11397710366085814,0.511519706,0.289481034625679,0.289481034625679
2023-11-17 17:00:00+09:00,0.038605028,0.187829417,0.09855835587758255,0.09855835587758255,0.461035655,0.22345098958232879,0.22345098958232879
2023-11-17 18:00:00+09:00,0.000742246,0.038605028,0.0,0.0,0.205647438,0.0,0.0
2023-11-17 19:00:00+09:00,0.0,0.000742246,0.0,0.0,0.187829417,0.0,0.0
2023-11-17 20:00:00+09:00,0.0,0.0,0.0,0.0,0.038605028,0.0,0.0
2023-11-17 21:00:00+09:00,0.0,0.0,0.0,0.0,0.000742246,0.0,0.0
2023-11-17 22:00:00+09:00,0.0,0.0,0.0,0.0,0.0,0.0,0.0
2023-11-17 23:00:00+09:00,0.0,0.0,0.0,0.0,0.0,0.0,0.0
2023-11-18 00:00:00+09:00,0.0,0.0,0.0,0.0,0.0,0.00035821468918584287,0.00035821468918584287
2023-11-18 01:00:00+09:00,0.0,0.0,0.0,0.0,0.0,0.00035821468918584287,0.00035821468918584287
2023-11-18 02:00:00+09:00,0.0,0.0,0.0,0.0,0.0,0.00035821468918584287,0.00035821468918584287
2023-11-18 03:00:00+09:00,0.0,0.0,0.0,0.0,0.0,0.00035821468918584287,0.00035821468918584287
2023-11-18 04:00:00+09:00,0.0,0.0,0.0,0.0,0.0,0.00035821468918584287,0.00035821468918584287
2023-11-18 05:00:00+09:00,0.0,0.0,0.0,0.0,0.0,0.00035821468918584287,0.00035821468918584287
2023-11-18 06:00:00+09:00,0.0,0.0,0.0,0.0,0.0,1.1590655049076304e-06,1.1590655049076304e-06
2023-11-18 07:00:00+09:00,0.0,0.0,0.0,0.0,0.0,0.0003693607577588409,0.0003693607577588409
2023-11-18 08:00:00+09:00,0.004454505,0.0,0.014776659198105335,0.014776659198105335,0.0,0.02042347565293312,0.02042347565293312
2023-11-18 09:00:00+09:00,0.040090548,0.004454505,0.10385200038898468,0.10385200038898468,0.0,0.0967450961470604,0.0967450961470604
2023-11-18 10:00:00+09:00,0.262812734,0.040090548,0.18898152013745118,0.18898152013745118,0.0,0.2636053264141083,0.2636053264141083
2023-11-18 11:00:00+09:00,0.460293408,0.262812734,0.4006889763992157,0.4006889763992157,0.004454505,0.3824522610043335,0.3824522610043335
2023-11-18 12:00:00+09:00,0.524883222,0.460293408,0.5252861338491517,0.5252861338491517,0.040090548,0.3864922096344452,0.3864922096344452
2023-11-18 13:00:00+09:00,0.522655456,0.524883222,0.5286426350262733,0.5286426350262733,0.262812734,0.5214086178462829,0.5214086178462829
2023-11-18 14:00:00+09:00,0.461777901,0.522655456,0.46531252437177273,0.46531252437177273,0.460293408,0.47538597460938264,0.47538597460938264
2023-11-18 15:00:00+09:00,0.348189555,0.461777901,0.3568911829056511,0.3568911829056511,0.524883222,0.38204107822596745,0.38204107822596745
2023-11-18 16:00:00+09:00,0.203419672,0.348189555,0.22865644831531523,0.22865644831531523,0.522655456,0.2480482744509277,0.2480482744509277
2023-11-18 17:00:00+09:00,0.068302073,0.203419672,0.1079306543346138,0.1079306543346138,0.461777901,0.1515075915517578,0.1515075915517578
2023-11-18 18:00:00+09:00,0.001484493,0.068302073,0.038730342356489186,0.038730342356489186,0.348189555,0.20285301644676207,0.20285301644676207
2023-11-18 19:00:00+09:00,0.0,0.001484493,0.0,0.0,0.203419672,0.01101003740985107,0.01101003740985107
2023-11-18 20:00:00+09:00,0.0,0.0,0.000743968179449439,0.000743968179449439,0.068302073,0.0,0.0
2023-11-18 21:00:00+09:00,0.0,0.0,0.0006630724528804421,0.0006630724528804421,0.001484493,0.0023783534150898754,0.0023783534150898754
2023-11-18 22:00:00+09:00,0.0,0.0,0.0008517490932717919,0.0008517490932717919,0.0,0.0005506029701791704,0.0005506029701791704
2023-11-18 23:00:00+09:00,0.0,0.0,0.0008517490932717919,0.0008517490932717919,0.0,0.001922517316415906,0.001922517316415906
2023-11-19 00:00:00+09:00,0.0,0.0,0.0,0.0,0.0,0.0,0.0
2023-11-19 01:00:00+09:00,0.0,0.0,0.0,0.0,0.0,0.0,0.0
2023-11-19 02:00:00+09:00,0.0,0.0,0.0,0.0,0.0,0.0,0.0
2023-11-19 03:00:00+09:00,0.0,0.0,0.0,0.0,0.0,0.0,0.0
2023-11-19 04:00:00+09:00,0.0,0.0,0.0,0.0,0.0,0.0,0.0
2023-11-19 05:00:00+09:00,0.0,0.0,0.0,0.0,0.0,0.0,0.0
2023-11-19 06:00:00+09:00,0.0,0.0,0.0,0.0,0.0,0.0,0.0
2023-11-19 07:00:00+09:00,0.0,0.0,0.0,0.0,0.0,0.0,0.0
2023-11-19 08:00:00+09:00,0.030438264,0.0,0.005051105748862028,0.005051105748862028,0.0,0.0,0.0
2023-11-19 09:00:00+09:00,0.155163387,0.030438264,0.11505254833656692,0.11505254833656692,0.0,0.09643145650625229,0.09643145650625229
2023-11-19 10:00:00+09:00,0.317008018,0.155163387,0.2731552367800827,0.2731552367800827,0.0,0.30019187927246094,0.30019187927246094
2023-11-19 11:00:00+09:00,0.435794142,0.317008018,0.44768150101410675,0.44768150101410675,0.030438264,0.38634966789442443,0.38634966789442443
2023-11-19 12:00:00+09:00,0.494443931,0.435794142,0.5116310612481041,0.5116310612481041,0.155163387,0.4981995915764923,0.4981995915764923
2023-11-19 13:00:00+09:00,0.497413944,0.494443931,0.50798087971068,0.50798087971068,0.317008018,0.5288124526570969,0.5288124526570969
2023-11-19 14:00:00+09:00,0.442475387,0.497413944,0.4380383785009327,0.4380383785009327,0.435794142,0.45797450181059074,0.45797450181059074
2023-11-19 15:00:00+09:00,0.334083793,0.442475387,0.37227079375878525,0.37227079375878525,0.494443931,0.33793414415574646,0.33793414415574646
2023-11-19 16:00:00+09:00,0.192283922,0.334083793,0.2365913440144234,0.2365913440144234,0.497413944,0.2730908799111786,0.2730908799111786
2023-11-19 17:00:00+09:00,0.060877555,0.192283922,0.08033509658105087,0.08033509658105087,0.442475387,0.17197445883647156,0.17197445883647156
2023-11-19 18:00:00+09:00,0.000742246,0.060877555,0.0001380340627956389,0.0001380340627956389,0.334083793,0.10527752085091402,0.10527752085091402
2023-11-19 19:00:00+09:00,0.0,0.000742246,0.0,0.0,0.192283922,0.0034951503706665,0.0034951503706665
2023-11-19 20:00:00+09:00,0.0,0.0,0.0006757228402420878,0.0006757228402420878,0.060877555,0.0,0.0
2023-11-19 21:00:00+09:00,0.0,0.0,0.0003232322633266449,0.0003232322633266449,0.000742246,0.0,0.0
2023-11-19 22:00:00+09:00,0.0,0.0,0.00047143170377239585,0.00047143170377239585,0.0,0.002660051453858614,0.002660051453858614
2023-11-19 23:00:00+09:00,0.0,0.0,0.00047143170377239585,0.00047143170377239585,0.0,0.0033149318769574165,0.0033149318769574165
2023-11-20 00:00:00+09:00,0.0,0.0,0.0,0.0,0.0,0.0,0.0
2023-11-20 01:00:00+09:00,0.0,0.0,0.0,0.0,0.0,0.0,0.0
2023-11-20 02:00:00+09:00,0.0,0.0,0.0,0.0,0.0,0.0,0.0
2023-11-20 03:00:00+09:00,0.0,0.0,0.0,0.0,0.0,0.0,0.0
2023-11-20 04:00:00+09:00,0.0,0.0,0.0,0.0,0.0,0.0,0.0
2023-11-20 05:00:00+09:00,0.0,0.0,0.0,0.0,0.0,0.0,0.0
2023-11-20 06:00:00+09:00,0.0,0.0,0.0,0.0,0.0,0.0,0.0
2023-11-20 07:00:00+09:00,0.0,0.0,0.00047000814811326563,0.00047000814811326563,0.0,0.0,0.0
2023-11-20 08:00:00+09:00,0.027469278,0.0,0.024368848651647568,0.024368848651647568,0.0,0.021467037498950958,0.021467037498950958
2023-11-20 09:00:00+09:00,0.153678894,0.027469278,0.09875685038388061,0.09875685038388061,0.0,0.09221222251653671,0.09221222251653671
2023-11-20 10:00:00+09:00,0.322205796,0.153678894,0.3115177601146164,0.3115177601146164,0.0,0.21000972390174866,0.21000972390174866
2023-11-20 11:00:00+09:00,0.440990894,0.322205796,0.42077689534091567,0.42077689534091567,0.027469278,0.38917189898312377,0.38917189898312377
2023-11-20 12:00:00+09:00,0.505580708,0.440990894,0.4890325804156723,0.4890325804156723,0.153678894,0.4951614737080994,0.4951614737080994
2023-11-20 13:00:00+09:00,0.507807447,0.505580708,0.5140641420959787,0.5140641420959787,0.322205796,0.5145549020733795,0.5145549020733795
2023-11-20 14:00:00+09:00,0.453611137,0.507807447,0.4668098188774319,0.4668098188774319,0.440990894,0.4524483046410146,0.4524483046410146
2023-11-20 15:00:00+09:00,0.337796052,0.453611137,0.4064268633994217,0.4064268633994217,0.505580708,0.4189960654705124,0.4189960654705124
2023-11-20 16:00:00+09:00,0.193026169,0.337796052,0.23311622907824708,0.23311622907824708,0.507807447,0.3023571058945389,0.3023571058945389
2023-11-20 17:00:00+09:00,0.062362048,0.193026169,0.11901512628588104,0.11901512628588104,0.453611137,0.2809686526927109,0.2809686526927109
2023-11-20 18:00:00+09:00,0.000742246,0.062362048,0.02336853292574692,0.02336853292574692,0.337796052,0.14976875950999452,0.14976875950999452
2023-11-20 19:00:00+09:00,0.0,0.000742246,0.0,0.0,0.193026169,0.0,0.0
2023-11-20 20:00:00+09:00,0.0,0.0,0.0,0.0,0.062362048,0.0,0.0
2023-11-20 21:00:00+09:00,0.0,0.0,0.0,0.0,0.000742246,0.0,0.0
2023-11-20 22:00:00+09:00,0.0,0.0,4.92027320433408e-05,4.92027320433408e-05,0.0,0.0,0.0
2023-11-20 23:00:00+09:00,0.0,0.0,4.92027320433408e-05,4.92027320433408e-05,0.0,0.0008869605953805149,0.0008869605953805149
2023-11-21 00:00:00+09:00,0.0,0.0,0.00016914610750973225,0.00016914610750973225,0.0,0.000752252759411931,0.000752252759411931
2023-11-21 01:00:00+09:00,0.0,0.0,0.00016914610750973225,0.00016914610750973225,0.0,0.000752252759411931,0.000752252759411931
2023-11-21 02:00:00+09:00,0.0,0.0,0.00016914610750973225,0.00016914610750973225,0.0,0.000752252759411931,0.000752252759411931
2023-11-21 03:00:00+09:00,0.0,0.0,0.00016914610750973225,0.00016914610750973225,0.0,0.000752252759411931,0.000752252759411931
2023-11-21 04:00:00+09:00,0.0,0.0,0.00016914610750973225,0.00016914610750973225,0.0,0.000752252759411931,0.000752252759411931
2023-11-21 05:00:00+09:00,0.0,0.0,0.00016914610750973225,0.00016914610750973225,0.0,0.000752252759411931,0.000752252759411931
2023-11-21 06:00:00+09:00,0.0,0.0,0.00027918614796362817,0.00027918614796362817,0.0,0.00022711076599080116,0.00022711076599080116
2023-11-21 07:00:00+09:00,0.0,0.0,0.0007541092927567661,0.0007541092927567661,0.0,0.0004644326982088387,0.0004644326982088387
2023-11-21 08:00:00+09:00,0.026727032,0.0,0.0268084853887558,0.0268084853887558,0.0,0.028809793293476105,0.028809793293476105
2023-11-21 09:00:00+09:00,0.146254376,0.026727032,0.11594388269799423,0.11594388269799423,0.0,0.11700402200222015,0.11700402200222015
2023-11-21 10:00:00+09:00,0.31106902,0.146254376,0.30948336464746096,0.30948336464746096,0.0,0.28333401679992676,0.28333401679992676
2023-11-21 11:00:00+09:00,0.425399612,0.31106902,0.4389678918986511,0.4389678918986511,0.026727032,0.4391701334060974,0.4391701334060974
2023-11-21 12:00:00+09:00,0.483308181,0.425399612,0.48462757404686163,0.48462757404686163,0.146254376,0.530315176075531,0.530315176075531
2023-11-21 13:00:00+09:00,0.493701685,0.483308181,0.495581252333766,0.495581252333766,0.31106902,0.5357102536826324,0.5357102536826324
2023-11-21 14:00:00+09:00,0.438020881,0.493701685,0.4502325577324009,0.4502325577324009,0.425399612,0.41495966661513994,0.41495966661513994
2023-11-21 15:00:00+09:00,0.328887041,0.438020881,0.36375466335101697,0.36375466335101697,0.483308181,0.35801549239183045,0.35801549239183045
2023-11-21 16:00:00+09:00,0.192283922,0.328887041,0.2381090776001129,0.2381090776001129,0.493701685,0.24766035728507996,0.24766035728507996
2023-11-21 17:00:00+09:00,0.063847567,0.192283922,0.08854855702645492,0.08854855702645492,0.438020881,0.15576359230561826,0.15576359230561826
2023-11-21 18:00:00+09:00,0.000742246,0.063847567,0.02817752123674583,0.02817752123674583,0.328887041,0.1295861856018219,0.1295861856018219
2023-11-21 19:00:00+09:00,0.0,0.000742246,0.0,0.0,0.192283922,0.0,0.0
2023-11-21 20:00:00+09:00,0.0,0.0,0.0,0.0,0.063847567,0.0,0.0
2023-11-21 21:00:00+09:00,0.0,0.0,0.0,0.0,0.000742246,0.0,0.0
2023-11-21 22:00:00+09:00,0.0,0.0,0.0,0.0,0.0,0.0,0.0
2023-11-21 23:00:00+09:00,0.0,0.0,0.0,0.0,0.0,0.0,0.0
2023-11-22 00:00:00+09:00,0.0,0.0,0.00018449785420671105,0.00018449785420671105,0.0,0.0008448524749837816,0.0008448524749837816
2023-11-22 01:00:00+09:00,0.0,0.0,0.00018449785420671105,0.00018449785420671105,0.0,0.0008448524749837816,0.0008448524749837816
2023-11-22 02:00:00+09:00,0.0,0.0,0.00018449785420671105,0.00018449785420671105,0.0,0.0008448524749837816,0.0008448524749837816
2023-11-22 03:00:00+09:00,0.0,0.0,0.00018449785420671105,0.00018449785420671105,0.0,0.0008448524749837816,0.0008448524749837816
2023-11-22 04:00:00+09:00,0.0,0.0,0.00018449785420671105,0.00018449785420671105,0.0,0.0008448524749837816,0.0008448524749837816
2023-11-22 05:00:00+09:00,0.0,0.0,0.00018449785420671105,0.00018449785420671105,0.0,0.0008448524749837816,0.0008448524749837816
2023-11-22 06:00:00+09:00,0.0,0.0,0.0002727799292188138,0.0002727799292188138,0.0,0.0005028398591093719,0.0005028398591093719
2023-11-22 07:00:00+09:00,0.0,0.0,0.0,0.0,0.0,0.0008441084064543247,0.0008441084064543247
2023-11-22 08:00:00+09:00,0.022272527,0.0,0.029902147129178047,0.029902147129178047,0.0,0.01020974200218916,0.01020974200218916
2023-11-22 09:00:00+09:00,0.136603119,0.022272527,0.15417410411505889,0.15417410411505889,0.0,0.1428654044866562,0.1428654044866562
2023-11-22 10:00:00+09:00,0.296221011,0.136603119,0.25539431177000427,0.25539431177000427,0.0,0.2525305151939392,0.2525305151939392
2023-11-22 11:00:00+09:00,0.405354851,0.296221011,0.3950668952039108,0.3950668952039108,0.022272527,0.3578450379577179,0.3578450379577179
2023-11-22 12:00:00+09:00,0.458808915,0.405354851,0.4578534039482365,0.4578534039482365,0.136603119,0.42379376493315124,0.42379376493315124
2023-11-22 13:00:00+09:00,0.475883663,0.458808915,0.460713354763166,0.460713354763166,0.296221011,0.48760628016503904,0.48760628016503904
2023-11-22 14:00:00+09:00,0.435794142,0.475883663,0.40297878563536454,0.40297878563536454,0.405354851,0.38867959108202554,0.38867959108202554
2023-11-22 15:00:00+09:00,0.320720277,0.435794142,0.34967604737691116,0.34967604737691116,0.458808915,0.3442371946382904,0.3442371946382904
2023-11-22 16:00:00+09:00,0.181890419,0.320720277,0.22029117422156524,0.22029117422156524,0.475883663,0.24420309096707155,0.24420309096707155
2023-11-22 17:00:00+09:00,0.057165296,0.181890419,0.08699035482963943,0.08699035482963943,0.435794142,0.1501287491243286,0.1501287491243286
2023-11-22 18:00:00+09:00,0.000742246,0.057165296,0.0240096349236927,0.0240096349236927,0.320720277,0.13672801034503174,0.13672801034503174
2023-11-22 19:00:00+09:00,0.0,0.000742246,0.0,0.0,0.181890419,0.0,0.0
2023-11-22 20:00:00+09:00,0.0,0.0,0.0,0.0,0.057165296,0.0,0.0
2023-11-22 21:00:00+09:00,0.0,0.0,7.57378147682175e-05,7.57378147682175e-05,0.000742246,0.0,0.0
2023-11-22 22:00:00+09:00,0.0,0.0,0.00043471562094055116,0.00043471562094055116,0.0,0.00086868746438995,0.00086868746438995
2023-11-22 23:00:00+09:00,0.0,0.0,0.00043471562094055116,0.00043471562094055116,0.0,0.001507486216723919,0.001507486216723919
2023-11-23 00:00:00+09:00,0.0,0.0,0.0,0.0,0.0,9.632219189370517e-06,9.632219189370517e-06
2023-11-23 01:00:00+09:00,0.0,0.0,0.0,0.0,0.0,9.632219189370517e-06,9.632219189370517e-06
2023-11-23 02:00:00+09:00,0.0,0.0,0.0,0.0,0.0,9.632219189370517e-06,9.632219189370517e-06
2023-11-23 03:00:00+09:00,0.0,0.0,0.0,0.0,0.0,9.632219189370517e-06,9.632219189370517e-06
2023-11-23 04:00:00+09:00,0.0,0.0,0.0,0.0,0.0,9.632219189370517e-06,9.632219189370517e-06
2023-11-23 05:00:00+09:00,0.0,0.0,0.0,0.0,0.0,9.632219189370517e-06,9.632219189370517e-06
2023-11-23 06:00:00+09:00,0.0,0.0,1.8983142581419088e-05,1.8983142581419088e-05,0.0,0.0,0.0
2023-11-23 07:00:00+09:00,0.0,0.0,0.0007382936310023069,0.0007382936310023069,0.0,0.0004331242525950074,0.0004331242525950074
2023-11-23 08:00:00+09:00,0.015590255,0.0,0.016407793387770653,0.016407793387770653,0.0,0.015380688942968845,0.015380688942968845
2023-11-23 09:00:00+09:00,0.116558358,0.015590255,0.11207310561120987,0.11207310561120987,0.0,0.12342551350593567,0.12342551350593567
2023-11-23 10:00:00+09:00,0.241282454,0.116558358,0.23515567176171112,0.23515567176171112,0.0,0.21568803489208221,0.21568803489208221
2023-11-23 11:00:00+09:00,0.334083793,0.241282454,0.35056830035257724,0.35056830035257724,0.015590255,0.3742265746372986,0.3742265746372986
2023-11-23 12:00:00+09:00,0.293250998,0.334083793,0.3878029782927208,0.3878029782927208,0.116558358,0.38700337700672915,0.38700337700672915
2023-11-23 13:00:00+09:00,0.394961348,0.293250998,0.2893621132078956,0.2893621132078956,0.241282454,0.41328095482397464,0.41328095482397464
2023-11-23 14:00:00+09:00,0.342250557,0.394961348,0.3248503116993408,0.3248503116993408,0.334083793,0.2962720219648056,0.2962720219648056
2023-11-23 15:00:00+09:00,0.27617625,0.342250557,0.27000101780350877,0.27000101780350877,0.293250998,0.18427044663796233,0.18427044663796233
2023-11-23 16:00:00+09:00,0.163330151,0.27617625,0.20461650790691377,0.20461650790691377,0.394961348,0.16477104109806823,0.16477104109806823
2023-11-23 17:00:00+09:00,0.044544027,0.163330151,0.06305500701902009,0.06305500701902009,0.342250557,0.06451073413546754,0.06451073413546754
2023-11-23 18:00:00+09:00,0.0,0.044544027,0.0175806608044405,0.0175806608044405,0.27617625,0.10887094439983369,0.10887094439983369
2023-11-23 19:00:00+09:00,0.0,0.0,0.0,0.0,0.163330151,0.0,0.0
2023-11-23 20:00:00+09:00,0.0,0.0,0.0010766544146463275,0.0010766544146463275,0.044544027,0.0,0.0
2023-11-23 21:00:00+09:00,0.0,0.0,0.0005098212277516723,0.0005098212277516723,0.0,0.0,0.0
2023-11-23 22:00:00+09:00,0.0,0.0,0.0009206582326442003,0.0009206582326442003,0.0,0.002720904303714633,0.002720904303714633
2023-11-23 23:00:00+09:00,0.0,0.0,0.0009206582326442003,0.0009206582326442003,0.0,0.0026028284337371588,0.0026028284337371588
2023-11-24 00:00:00+09:00,0.0,0.0,9.593543654773384e-05,9.593543654773384e-05,0.0,1.0048305739474017e-05,1.0048305739474017e-05
2023-11-24 01:00:00+09:00,0.0,0.0,9.593543654773384e-05,9.593543654773384e-05,0.0,1.0048305739474017e-05,1.0048305739474017e-05
2023-11-24 02:00:00+09:00,0.0,0.0,9.593543654773384e-05,9.593543654773384e-05,0.0,1.0048305739474017e-05,1.0048305739474017e-05
2023-11-24 03:00:00+09:00,0.0,0.0,9.593543654773384e-05,9.593543654773384e-05,0.0,1.0048305739474017e-05,1.0048305739474017e-05
2023-11-24 04:00:00+09:00,0.0,0.0,9.593543654773384e-05,9.593543654773384e-05,0.0,1.0048305739474017e-05,1.0048305739474017e-05
2023-11-24 05:00:00+09:00,0.0,0.0,9.593543654773384e-05,9.593543654773384e-05,0.0,1.0048305739474017e-05,1.0048305739474017e-05
2023-11-24 06:00:00+09:00,0.0,0.0,9.705919364932925e-05,9.705919364932925e-05,0.0,0.0,0.0
2023-11-24 07:00:00+09:00,0.0,0.0,0.0005561420693993568,0.0005561420693993568,0.0,0.0004119586374145001,0.0004119586374145001
2023-11-24 08:00:00+09:00,0.022272527,0.0,0.016964731737971306,0.016964731737971306,0.0,0.029750380665063858,0.029750380665063858
2023-11-24 09:00:00+09:00,0.141799871,0.022272527,0.12198860176472855,0.12198860176472855,0.0,0.10689011216163635,0.10689011216163635
2023-11-24 10:00:00+09:00,0.308100034,0.141799871,0.2960878798090897,0.2960878798090897,0.0,0.2734534442424774,0.2734534442424774
2023-11-24 11:00:00+09:00,0.435794142,0.308100034,0.5160939139142837,0.5160939139142837,0.022272527,0.3735652265754242,0.3735652265754242
2023-11-24 12:00:00+09:00,0.503352942,0.435794142,0.52484792929105,0.52484792929105,0.141799871,0.4251596966111145,0.4251596966111145
2023-11-24 13:00:00+09:00,0.511519706,0.503352942,0.5379537102383061,0.5379537102383061,0.308100034,0.4818178308025208,0.4818178308025208
2023-11-24 14:00:00+09:00,0.45435441,0.511519706,0.4605059084784088,0.4605059084784088,0.435794142,0.4880354338508053,0.4880354338508053
2023-11-24 15:00:00+09:00,0.336311559,0.45435441,0.38498727691904067,0.38498727691904067,0.503352942,0.46336754230674937,0.46336754230674937
2023-11-24 16:00:00+09:00,0.194510661,0.336311559,0.20743514112471007,0.20743514112471007,0.511519706,0.24202141736856075,0.24202141736856075
2023-11-24 17:00:00+09:00,0.061619801,0.194510661,0.07826765620111084,0.07826765620111084,0.45435441,0.1422220216466522,0.1422220216466522
2023-11-24 18:00:00+09:00,0.001484493,0.061619801,0.004870147928834917,0.004870147928834917,0.336311559,0.11694226674078367,0.11694226674078367
2023-11-24 19:00:00+09:00,0.0,0.001484493,0.0,0.0,0.194510661,0.0,0.0
2023-11-24 20:00:00+09:00,0.0,0.0,0.0,0.0,0.061619801,0.0,0.0
2023-11-24 21:00:00+09:00,0.0,0.0,0.0,0.0,0.001484493,0.0,0.0
2023-11-24 22:00:00+09:00,0.0,0.0,0.0,0.0,0.0,0.0,0.0
2023-11-24 23:00:00+09:00,0.0,0.0,0.0,0.0,0.0,0.0,0.0
2023-11-25 00:00:00+09:00,0.0,0.0,0.0,0.0,0.0,0.00035821468918584287,0.00035821468918584287
2023-11-25 01:00:00+09:00,0.0,0.0,0.0,0.0,0.0,0.00035821468918584287,0.00035821468918584287
2023-11-25 02:00:00+09:00,0.0,0.0,0.0,0.0,0.0,0.00035821468918584287,0.00035821468918584287
2023-11-25 03:00:00+09:00,0.0,0.0,0.0,0.0,0.0,0.00035821468918584287,0.00035821468918584287
2023-11-25 04:00:00+09:00,0.0,0.0,0.0,0.0,0.0,0.00035821468918584287,0.00035821468918584287
2023-11-25 05:00:00+09:00,0.0,0.0,0.0,0.0,0.0,0.00035821468918584287,0.00035821468918584287
2023-11-25 06:00:00+09:00,0.0,0.0,0.0,0.0,0.0,1.1590655049076304e-06,1.1590655049076304e-06
2023-11-25 07:00:00+09:00,0.0,0.0,0.0,0.0,0.0,0.0003693607577588409,0.0003693607577588409
2023-11-25 08:00:00+09:00,0.022272527,0.0,0.01580161042511463,0.01580161042511463,0.0,0.022730236873030663,0.022730236873030663
2023-11-25 09:00:00+09:00,0.142542117,0.022272527,0.11406476773886871,0.11406476773886871,0.0,0.10208751261234283,0.10208751261234283
2023-11-25 10:00:00+09:00,0.308100034,0.142542117,0.2758748165372772,0.2758748165372772,0.0,0.2529270350933075,0.2529270350933075
2023-11-25 11:00:00+09:00,0.434308623,0.308100034,0.4294808995738831,0.4294808995738831,0.022272527,0.3925442395415802,0.3925442395415802
2023-11-25 12:00:00+09:00,0.493701685,0.434308623,0.4970922889550667,0.4970922889550667,0.142542117,0.45783569729365536,0.45783569729365536
2023-11-25 13:00:00+09:00,0.497413944,0.493701685,0.49746109802627325,0.49746109802627325,0.308100034,0.5666959178462829,0.5666959178462829
2023-11-25 14:00:00+09:00,0.439505374,0.497413944,0.44309397369026565,0.44309397369026565,0.434308623,0.4234146066372733,0.4234146066372733
2023-11-25 15:00:00+09:00,0.325174782,0.439505374,0.3457813020204773,0.3457813020204773,0.493701685,0.35531473510318756,0.35531473510318756
2023-11-25 16:00:00+09:00,0.187829417,0.325174782,0.2226769063095398,0.2226769063095398,0.497413944,0.24213154196142578,0.24213154196142578
2023-11-25 17:00:00+09:00,0.059393062,0.187829417,0.0951492160655899,0.0951492160655899,0.439505374,0.14094916538946534,0.14094916538946534
2023-11-25 18:00:00+09:00,0.000742246,0.059393062,0.001953913573944095,0.001953913573944095,0.325174782,0.10536799164813232,0.10536799164813232
2023-11-25 19:00:00+09:00,0.0,0.000742246,0.0,0.0,0.187829417,0.0,0.0
2023-11-25 20:00:00+09:00,0.0,0.0,0.000743968179449439,0.000743968179449439,0.059393062,0.0,0.0
2023-11-25 21:00:00+09:00,0.0,0.0,0.0006630724528804421,0.0006630724528804421,0.000742246,0.0016361064150898755,0.0016361064150898755
2023-11-25 22:00:00+09:00,0.0,0.0,0.0008517490932717919,0.0008517490932717919,0.0,0.0005506029701791704,0.0005506029701791704
2023-11-25 23:00:00+09:00,0.0,0.0,0.0008517490932717919,0.0008517490932717919,0.0,0.001922517316415906,0.001922517316415906
2023-11-26 00:00:00+09:00,0.0,0.0,0.0,0.0,0.0,0.0,0.0
2023-11-26 01:00:00+09:00,0.0,0.0,0.0,0.0,0.0,0.0,0.0
2023-11-26 02:00:00+09:00,0.0,0.0,0.0,0.0,0.0,0.0,0.0
2023-11-26 03:00:00+09:00,0.0,0.0,0.0,0.0,0.0,0.0,0.0
2023-11-26 04:00:00+09:00,0.0,0.0,0.0,0.0,0.0,0.0,0.0
2023-11-26 05:00:00+09:00,0.0,0.0,0.0,0.0,0.0,0.0,0.0
2023-11-26 06:00:00+09:00,0.0,0.0,0.0,0.0,0.0,0.0,0.0
2023-11-26 07:00:00+09:00,0.0,0.0,0.0,0.0,0.0,0.0,0.0
2023-11-26 08:00:00+09:00,0.019302514,0.0,0.02089998871088028,0.02089998871088028,0.0,0.025383176282048225,0.025383176282048225
2023-11-26 09:00:00+09:00,0.117300605,0.019302514,0.12674076537615203,0.12674076537615203,0.0,0.12978798151016235,0.12978798151016235
2023-11-26 10:00:00+09:00,0.206389685,0.117300605,0.22993238788936615,0.22993238788936615,0.0,0.2365862876176834,0.2365862876176834
2023-11-26 11:00:00+09:00,0.195996181,0.206389685,0.29873478117090224,0.29873478117090224,0.019302514,0.3282791344357147,0.3282791344357147
2023-11-26 12:00:00+09:00,0.302902255,0.195996181,0.23658118851852988,0.23658118851852988,0.117300605,0.36990610283706665,0.36990610283706665
2023-11-26 13:00:00+09:00,0.271721745,0.302902255,0.31904913836849214,0.31904913836849214,0.206389685,0.38498907240730285,0.38498907240730285
2023-11-26 14:00:00+09:00,0.18708717,0.271721745,0.18393453405868532,0.18393453405868532,0.195996181,0.16473173432422256,0.16473173432422256
2023-11-26 15:00:00+09:00,0.181890419,0.18708717,0.09835523288957596,0.09835523288957596,0.302902255,0.2357311581982422,0.2357311581982422
2023-11-26 16:00:00+09:00,0.082407835,0.181890419,0.07460495668014908,0.07460495668014908,0.271721745,0.02389366374980928,0.02389366374980928
2023-11-26 17:00:00+09:00,0.025241512,0.082407835,0.0,0.0,0.18708717,0.0,0.0
2023-11-26 18:00:00+09:00,0.0,0.025241512,0.0,0.0,0.181890419,0.014053767793983457,0.014053767793983457
2023-11-26 19:00:00+09:00,0.0,0.0,0.0,0.0,0.082407835,0.0,0.0
2023-11-26 20:00:00+09:00,0.0,0.0,0.0006757228402420878,0.0006757228402420878,0.025241512,0.0,0.0
2023-11-26 21:00:00+09:00,0.0,0.0,0.0003232322633266449,0.0003232322633266449,0.0,0.0,0.0
2023-11-26 22:00:00+09:00,0.0,0.0,0.00047143170377239585,0.00047143170377239585,0.0,0.002660051453858614,0.002660051453858614
2023-11-26 23:00:00+09:00,0.0,0.0,0.00047143170377239585,0.00047143170377239585,0.0,0.0033149318769574165,0.0033149318769574165
2023-11-27 00:00:00+09:00,0.0,0.0,0.0,0.0,0.0,0.0,0.0
2023-11-27 01:00:00+09:00,0.0,0.0,0.0,0.0,0.0,0.0,0.0
2023-11-27 02:00:00+09:00,0.0,0.0,0.0,0.0,0.0,0.0,0.0
2023-11-27 03:00:00+09:00,0.0,0.0,0.0,0.0,0.0,0.0,0.0
2023-11-27 04:00:00+09:00,0.0,0.0,0.0,0.0,0.0,0.0,0.0
2023-11-27 05:00:00+09:00,0.0,0.0,0.0,0.0,0.0,0.0,0.0
2023-11-27 06:00:00+09:00,0.0,0.0,0.0,0.0,0.0,0.0,0.0
2023-11-27 07:00:00+09:00,0.0,0.0,0.00047000814811326563,0.00047000814811326563,0.0,0.0,0.0
2023-11-27 08:00:00+09:00,0.011879023,0.0,0.02140878699719906,0.02140878699719906,0.0,0.027045145630836487,0.027045145630836487
2023-11-27 09:00:00+09:00,0.036378289,0.011879023,0.08889463154911804,0.08889463154911804,0.0,0.08486010134220123,0.08486010134220123
2023-11-27 10:00:00+09:00,0.10913384,0.036378289,0.12160037680050279,0.12160037680050279,0.0,0.12163614481687546,0.12163614481687546
2023-11-27 11:00:00+09:00,0.123981849,0.10913384,0.20854377040800093,0.20854377040800093,0.011879023,0.2775999268734436,0.2775999268734436
2023-11-27 12:00:00+09:00,0.216040942,0.123981849,0.2572430825681915,0.2572430825681915,0.036378289,0.3674184031643524,0.3674184031643524
2023-11-27 13:00:00+09:00,0.190056156,0.216040942,0.22948100987985565,0.22948100987985565,0.10913384,0.2081105191462898,0.2081105191462898
2023-11-27 14:00:00+09:00,0.192283922,0.190056156,0.14215214513788796,0.14215214513788796,0.123981849,0.15087070007636452,0.15087070007636452
2023-11-27 15:00:00+09:00,0.223465459,0.192283922,0.18379790627784443,0.18379790627784443,0.216040942,0.17441893287166788,0.17441893287166788
2023-11-27 16:00:00+09:00,0.166299137,0.223465459,0.16328454534305,0.16328454534305,0.190056156,0.03802790828595734,0.03802790828595734
2023-11-27 17:00:00+09:00,0.050484051,0.166299137,0.05695761990920259,0.05695761990920259,0.192283922,0.0,0.0
2023-11-27 18:00:00+09:00,0.0,0.050484051,0.0,0.0,0.223465459,0.016114474784263616,0.016114474784263616
2023-11-27 19:00:00+09:00,0.0,0.0,0.0,0.0,0.166299137,0.0,0.0
2023-11-27 20:00:00+09:00,0.0,0.0,0.0,0.0,0.050484051,0.0,0.0
2023-11-27 21:00:00+09:00,0.0,0.0,0.0,0.0,0.0,0.0,0.0
2023-11-27 22:00:00+09:00,0.0,0.0,4.92027320433408e-05,4.92027320433408e-05,0.0,0.0,0.0
2023-11-27 23:00:00+09:00,0.0,0.0,4.92027320433408e-05,4.92027320433408e-05,0.0,0.0008869605953805149,0.0008869605953805149
2023-11-28 00:00:00+09:00,0.0,0.0,0.00016914610750973225,0.00016914610750973225,0.0,0.000752252759411931,0.000752252759411931
2023-11-28 01:00:00+09:00,0.0,0.0,0.00016914610750973225,0.00016914610750973225,0.0,0.000752252759411931,0.000752252759411931
2023-11-28 02:00:00+09:00,0.0,0.0,0.00016914610750973225,0.00016914610750973225,0.0,0.000752252759411931,0.000752252759411931
2023-11-28 03:00:00+09:00,0.0,0.0,0.00016914610750973225,0.00016914610750973225,0.0,0.000752252759411931,0.000752252759411931
2023-11-28 04:00:00+09:00,0.0,0.0,0.00016914610750973225,0.00016914610750973225,0.0,0.000752252759411931,0.000752252759411931
2023-11-28 05:00:00+09:00,0.0,0.0,0.00016914610750973225,0.00016914610750973225,0.0,0.000752252759411931,0.000752252759411931
2023-11-28 06:00:00+09:00,0.0,0.0,0.00027918614796362817,0.00027918614796362817,0.0,0.00022711076599080116,0.00022711076599080116
2023-11-28 07:00:00+09:00,0.0,0.0,0.0007541092927567661,0.0007541092927567661,0.0,0.0004644326982088387,0.0004644326982088387
2023-11-28 08:00:00+09:00,0.016332502,0.0,0.022885294631123543,0.022885294631123543,0.0,0.026918020099401474,0.026918020099401474
2023-11-28 09:00:00+09:00,0.109876087,0.016332502,0.10164920472350311,0.10164920472350311,0.0,0.10116738080978394,0.10116738080978394
2023-11-28 10:00:00+09:00,0.227176692,0.109876087,0.24377920298777772,0.24377920298777772,0.0,0.3150457441806793,0.3150457441806793
2023-11-28 11:00:00+09:00,0.382340078,0.227176692,0.4012649763732834,0.4012649763732834,0.016332502,0.362103039853241,0.362103039853241
2023-11-28 12:00:00+09:00,0.469202419,0.382340078,0.43715782532470515,0.43715782532470515,0.109876087,0.35928889184199525,0.35928889184199525
2023-11-28 13:00:00+09:00,0.479595922,0.469202419,0.4927467528751793,0.4927467528751793,0.227176692,0.39850276302394105,0.39850276302394105
2023-11-28 14:00:00+09:00,0.43282413,0.479595922,0.4669143129803629,0.4669143129803629,0.382340078,0.46445387298243335,0.46445387298243335
2023-11-28 15:00:00+09:00,0.317751291,0.43282413,0.3498200949443626,0.3498200949443626,0.469202419,0.3371429044774475,0.3371429044774475
2023-11-28 16:00:00+09:00,0.183374911,0.317751291,0.2533177759281311,0.2533177759281311,0.479595922,0.3309935108490677,0.3309935108490677
2023-11-28 17:00:00+09:00,0.054938557,0.183374911,0.08375008349584198,0.08375008349584198,0.43282413,0.18766942137611387,0.18766942137611387
2023-11-28 18:00:00+09:00,0.000742246,0.054938557,0.0018430337320156087,0.0018430337320156087,0.317751291,0.10032524427091216,0.10032524427091216
2023-11-28 19:00:00+09:00,0.0,0.000742246,0.0,0.0,0.183374911,0.0,0.0
2023-11-28 20:00:00+09:00,0.0,0.0,0.0,0.0,0.054938557,0.0,0.0
2023-11-28 21:00:00+09:00,0.0,0.0,0.0,0.0,0.000742246,0.0,0.0
2023-11-28 22:00:00+09:00,0.0,0.0,0.0,0.0,0.0,0.0,0.0
2023-11-28 23:00:00+09:00,0.0,0.0,0.0,0.0,0.0,0.0,0.0
2023-11-29 00:00:00+09:00,0.0,0.0,0.00018449785420671105,0.00018449785420671105,0.0,0.0008448524749837816,0.0008448524749837816
2023-11-29 01:00:00+09:00,0.0,0.0,0.00018449785420671105,0.00018449785420671105,0.0,0.0008448524749837816,0.0008448524749837816
2023-11-29 02:00:00+09:00,0.0,0.0,0.00018449785420671105,0.00018449785420671105,0.0,0.0008448524749837816,0.0008448524749837816
2023-11-29 03:00:00+09:00,0.0,0.0,0.00018449785420671105,0.00018449785420671105,0.0,0.0008448524749837816,0.0008448524749837816
2023-11-29 04:00:00+09:00,0.0,0.0,0.00018449785420671105,0.00018449785420671105,0.0,0.0008448524749837816,0.0008448524749837816
2023-11-29 05:00:00+09:00,0.0,0.0,0.00018449785420671105,0.00018449785420671105,0.0,0.0008448524749837816,0.0008448524749837816
2023-11-29 06:00:00+09:00,0.0,0.0,0.0002727799292188138,0.0002727799292188138,0.0,0.0005028398591093719,0.0005028398591093719
2023-11-29 07:00:00+09:00,0.0,0.0,0.0,0.0,0.0,0.0008441084064543247,0.0008441084064543247
2023-11-29 08:00:00+09:00,0.003712259,0.0,0.01957930251955986,0.01957930251955986,0.0,0.027560070157051086,0.027560070157051086
2023-11-29 09:00:00+09:00,0.082407835,0.003712259,0.09395068115538024,0.09395068115538024,0.0,0.10171744227409363,0.10171744227409363
2023-11-29 10:00:00+09:00,0.136603119,0.082407835,0.22184536146446227,0.22184536146446227,0.0,0.23914751410484314,0.23914751410484314
2023-11-29 11:00:00+09:00,0.211586436,0.136603119,0.2554135789714279,0.2554135789714279,0.003712259,0.3233563227111664,0.3233563227111664
2023-11-29 12:00:00+09:00,0.241282454,0.211586436,0.2739049882854328,0.2739049882854328,0.082407835,0.35928303288742064,0.35928303288742064
2023-11-29 13:00:00+09:00,0.242767974,0.241282454,0.23930699611749137,0.23930699611749137,0.136603119,0.30066693030218505,0.30066693030218505
2023-11-29 14:00:00+09:00,0.186344924,0.242767974,0.16593348161461258,0.16593348161461258,0.211586436,0.1889604103977785,0.1889604103977785
2023-11-29 15:00:00+09:00,0.126209615,0.186344924,0.11344656589338684,0.11344656589338684,0.241282454,0.12529961602497483,0.12529961602497483
2023-11-29 16:00:00+09:00,0.083150082,0.126209615,0.05413268340419769,0.05413268340419769,0.242767974,0.005978360037826536,0.005978360037826536
2023-11-29 17:00:00+09:00,0.019302514,0.083150082,0.0,0.0,0.186344924,0.0,0.0
2023-11-29 18:00:00+09:00,0.0,0.019302514,0.0,0.0,0.126209615,0.0,0.0
2023-11-29 19:00:00+09:00,0.0,0.0,0.0,0.0,0.083150082,0.0,0.0
2023-11-29 20:00:00+09:00,0.0,0.0,0.0,0.0,0.019302514,0.0,0.0
2023-11-29 21:00:00+09:00,0.0,0.0,7.57378147682175e-05,7.57378147682175e-05,0.0,0.0,0.0
2023-11-29 22:00:00+09:00,0.0,0.0,0.00043471562094055116,0.00043471562094055116,0.0,0.00086868746438995,0.00086868746438995
2023-11-29 23:00:00+09:00,0.0,0.0,0.00043471562094055116,0.00043471562094055116,0.0,0.001507486216723919,0.001507486216723919
2023-11-30 00:00:00+09:00,0.0,0.0,0.0,0.0,0.0,9.632219189370517e-06,9.632219189370517e-06
2023-11-30 01:00:00+09:00,0.0,0.0,0.0,0.0,0.0,9.632219189370517e-06,9.632219189370517e-06
2023-11-30 02:00:00+09:00,0.0,0.0,0.0,0.0,0.0,9.632219189370517e-06,9.632219189370517e-06
2023-11-30 03:00:00+09:00,0.0,0.0,0.0,0.0,0.0,9.632219189370517e-06,9.632219189370517e-06
2023-11-30 04:00:00+09:00,0.0,0.0,0.0,0.0,0.0,9.632219189370517e-06,9.632219189370517e-06
2023-11-30 05:00:00+09:00,0.0,0.0,0.0,0.0,0.0,9.632219189370517e-06,9.632219189370517e-06
2023-11-30 06:00:00+09:00,0.0,0.0,1.8983142581419088e-05,1.8983142581419088e-05,0.0,0.0,0.0
2023-11-30 07:00:00+09:00,0.0,0.0,0.0007382936310023069,0.0007382936310023069,0.0,0.0004331242525950074,0.0004331242525950074
2023-11-30 08:00:00+09:00,0.017075775,0.0,0.0068964604288339615,0.0068964604288339615,0.0,0.0,0.0
2023-11-30 09:00:00+09:00,0.125467369,0.017075775,0.13259373399868013,0.13259373399868013,0.0,0.14182326197624207,0.14182326197624207
2023-11-30 10:00:00+09:00,0.288054247,0.125467369,0.24675785903124237,0.24675785903124237,0.0,0.2365386039018631,0.2365386039018631
2023-11-30 11:00:00+09:00,0.42168838,0.288054247,0.3680816931507797,0.3680816931507797,0.017075775,0.2956188896621704,0.2956188896621704
2023-11-30 12:00:00+09:00,0.487762686,0.42168838,0.5015435687273788,0.5015435687273788,0.125467369,0.4558034331002655,0.4558034331002655
2023-11-30 13:00:00+09:00,0.495928424,0.487762686,0.5088165441013679,0.5088165441013679,0.288054247,0.5388505948565216,0.5388505948565216
2023-11-30 14:00:00+09:00,0.440248647,0.495928424,0.45726156473085783,0.45726156473085783,0.42168838,0.4880374467939186,0.4880374467939186
2023-11-30 15:00:00+09:00,0.326659275,0.440248647,0.371140786673233,0.371140786673233,0.487762686,0.3909875342108116,0.3909875342108116
2023-11-30 16:00:00+09:00,0.169269149,0.326659275,0.23304492772092822,0.23304492772092822,0.495928424,0.21754877507612608,0.21754877507612608
2023-11-30 17:00:00+09:00,0.048256285,0.169269149,0.07092509865219498,0.07092509865219498,0.440248647,0.1794504609362335,0.1794504609362335
2023-11-30 18:00:00+09:00,0.0,0.048256285,0.0,0.0,0.326659275,0.12304840773811343,0.12304840773811343
2023-11-30 19:00:00+09:00,0.0,0.0,0.0,0.0,0.169269149,0.0,0.0
2023-11-30 20:00:00+09:00,0.0,0.0,0.0010766544146463275,0.0010766544146463275,0.048256285,0.0,0.0
2023-11-30 21:00:00+09:00,0.0,0.0,0.0005098212277516723,0.0005098212277516723,0.0,0.0,0.0
2023-11-30 22:00:00+09:00,0.0,0.0,0.0009206582326442003,0.0009206582326442003,0.0,0.002720904303714633,0.002720904303714633
2023-11-30 23:00:00+09:00,0.0,0.0,0.0009206582326442003,0.0009206582326442003,0.0,0.0026028284337371588,0.0026028284337371588
2023-12-01 00:00:00+09:00,0.0,0.0,0.00012573107960633934,0.00012573107960633934,0.0,0.00037134127342142165,0.00037134127342142165
2023-12-01 01:00:00+09:00,0.0,0.0,0.00012573107960633934,0.00012573107960633934,0.0,0.00037134127342142165,0.00037134127342142165
2023-12-01 02:00:00+09:00,0.0,0.0,0.00012573107960633934,0.00012573107960633934,0.0,0.00037134127342142165,0.00037134127342142165
2023-12-01 03:00:00+09:00,0.0,0.0,0.00012573107960633934,0.00012573107960633934,0.0,0.00037134127342142165,0.00037134127342142165
2023-12-01 04:00:00+09:00,0.0,0.0,0.00012573107960633934,0.00012573107960633934,0.0,0.00037134127342142165,0.00037134127342142165
2023-12-01 05:00:00+09:00,0.0,0.0,0.00012573107960633934,0.00012573107960633934,0.0,0.00037134127342142165,0.00037134127342142165
2023-12-01 06:00:00+09:00,0.0,0.0,0.0001268548658117652,0.0001268548658117652,0.0,0.0004362765175756067,0.0004362765175756067
2023-12-01 07:00:00+09:00,0.0,0.0,0.0005239560850895941,0.0005239560850895941,0.0,0.0008420887752436101,0.0008420887752436101
2023-12-01 08:00:00+09:00,0.015590255,0.0,0.009844166226685047,0.009844166226685047,0.0,0.007107027806341648,0.007107027806341648
2023-12-01 09:00:00+09:00,0.120270617,0.015590255,0.06600637812197685,0.06600637812197685,0.0,0.06979373842477798,0.06979373842477798
2023-12-01 10:00:00+09:00,0.277660743,0.120270617,0.22331260859145355,0.22331260859145355,0.0,0.1922639012336731,0.1922639012336731
2023-12-01 11:00:00+09:00,0.406840371,0.277660743,0.3893029248733215,0.3893029248733215,0.015590255,0.29551986310661316,0.29551986310661316
2023-12-01 12:00:00+09:00,0.475883663,0.406840371,0.48785924355907057,0.48785924355907057,0.120270617,0.47008881687297055,0.47008881687297055
2023-12-01 13:00:00+09:00,0.483308181,0.475883663,0.48896116607023526,0.48896116607023526,0.277660743,0.5095455056447677,0.5095455056447677
2023-12-01 14:00:00+09:00,0.391991335,0.483308181,0.44809898344898796,0.44809898344898796,0.406840371,0.47630839239282224,0.47630839239282224
2023-12-01 15:00:00+09:00,0.311811266,0.391991335,0.30401336684366226,0.30401336684366226,0.475883663,0.4019611629856949,0.4019611629856949
2023-12-01 16:00:00+09:00,0.181148172,0.311811266,0.2438631257960472,0.2438631257960472,0.483308181,0.32525777800107575,0.32525777800107575
2023-12-01 17:00:00+09:00,0.05642305,0.181148172,0.07231804040963363,0.07231804040963363,0.391991335,0.1241823910131073,0.1241823910131073
2023-12-01 18:00:00+09:00,0.0,0.05642305,0.006206818504858019,0.006206818504858019,0.311811266,0.13929226761552427,0.13929226761552427
2023-12-01 19:00:00+09:00,0.0,0.0,0.0,0.0,0.181148172,0.014601499417373653,0.014601499417373653
2023-12-01 20:00:00+09:00,0.0,0.0,0.00041872693691402674,0.00041872693691402674,0.05642305,0.002174575461673739,0.002174575461673739
2023-12-01 21:00:00+09:00,0.0,0.0,0.0,0.0,0.0,0.0,0.0
2023-12-01 22:00:00+09:00,0.0,0.0,0.0,0.0,0.0,0.0,0.0
2023-12-01 23:00:00+09:00,0.0,0.0,0.0,0.0,0.0,0.0002558200212661177,0.0002558200212661177
2023-12-02 00:00:00+09:00,0.0,0.0,0.0,0.0,0.0,0.0,0.0
2023-12-02 01:00:00+09:00,0.0,0.0,0.0,0.0,0.0,0.0,0.0
2023-12-02 02:00:00+09:00,0.0,0.0,0.0,0.0,0.0,0.0,0.0
2023-12-02 03:00:00+09:00,0.0,0.0,0.0,0.0,0.0,0.0,0.0
2023-12-02 04:00:00+09:00,0.0,0.0,0.0,0.0,0.0,0.0,0.0
2023-12-02 05:00:00+09:00,0.0,0.0,0.0,0.0,0.0,0.0,0.0
2023-12-02 06:00:00+09:00,0.0,0.0,0.0,0.0,0.0,0.0,0.0
2023-12-02 07:00:00+09:00,0.0,0.0,0.0,0.0,0.0,0.0,0.0
2023-12-02 08:00:00+09:00,0.014848009,0.0,0.01471131294965744,0.01471131294965744,0.0,0.028403783217072487,0.028403783217072487
2023-12-02 09:00:00+09:00,0.118042851,0.014848009,0.07070440451281929,0.07070440451281929,0.0,0.05229803919792175,0.05229803919792175
2023-12-02 10:00:00+09:00,0.274690731,0.118042851,0.23447545817391968,0.23447545817391968,0.0,0.23091529309749603,0.23091529309749603
2023-12-02 11:00:00+09:00,0.400900346,0.274690731,0.413513733576828,0.413513733576828,0.014848009,0.34595246637838745,0.34595246637838745
2023-12-02 12:00:00+09:00,0.46549016,0.400900346,0.46677442337970354,0.46677442337970354,0.118042851,0.4526770358373413,0.4526770358373413
2023-12-02 13:00:00+09:00,0.46549016,0.46549016,0.48249532045093535,0.48249532045093535,0.274690731,0.5081115202417907,0.5081115202417907
2023-12-02 14:00:00+09:00,0.406840371,0.46549016,0.4641927507030329,0.4641927507030329,0.400900346,0.48080251063804247,0.48080251063804247
2023-12-02 15:00:00+09:00,0.300675516,0.406840371,0.2783525456063232,0.2783525456063232,0.46549016,0.3469777530547714,0.3469777530547714
2023-12-02 16:00:00+09:00,0.175208147,0.300675516,0.18490838723441694,0.18490838723441694,0.46549016,0.21516999365058898,0.21516999365058898
2023-12-02 17:00:00+09:00,0.051226298,0.175208147,0.031539704035446176,0.031539704035446176,0.406840371,0.07644109617395017,0.07644109617395017
2023-12-02 18:00:00+09:00,0.0,0.051226298,0.0,0.0,0.300675516,0.12346995340844724,0.12346995340844724
2023-12-02 19:00:00+09:00,0.0,0.0,0.0,0.0,0.175208147,0.0010798232065887536,0.0010798232065887536
2023-12-02 20:00:00+09:00,0.0,0.0,0.0003119457105640322,0.0003119457105640322,0.051226298,0.0,0.0
2023-12-02 21:00:00+09:00,0.0,0.0,0.00016050931299105287,0.00016050931299105287,0.0,0.0007282204460352659,0.0007282204460352659
2023-12-02 22:00:00+09:00,0.0,0.0,0.00036933718365617096,0.00036933718365617096,0.0,0.0,0.0
2023-12-02 23:00:00+09:00,0.0,0.0,0.00036933718365617096,0.00036933718365617096,0.0,0.0004843920178245753,0.0004843920178245753
2023-12-03 00:00:00+09:00,0.0,0.0,0.00010172653128392994,0.00010172653128392994,0.0,0.0,0.0
2023-12-03 01:00:00+09:00,0.0,0.0,0.00010172653128392994,0.00010172653128392994,0.0,0.0,0.0
2023-12-03 02:00:00+09:00,0.0,0.0,0.00010172653128392994,0.00010172653128392994,0.0,0.0,0.0
2023-12-03 03:00:00+09:00,0.0,0.0,0.00010172653128392994,0.00010172653128392994,0.0,0.0,0.0
2023-12-03 04:00:00+09:00,0.0,0.0,0.00010172653128392994,0.00010172653128392994,0.0,0.0,0.0
2023-12-03 05:00:00+09:00,0.0,0.0,0.00010172653128392994,0.00010172653128392994,0.0,0.0,0.0
2023-12-03 06:00:00+09:00,0.0,0.0,4.636712037608959e-05,4.636712037608959e-05,0.0,0.0,0.0
2023-12-03 07:00:00+09:00,0.0,0.0,0.0,0.0,0.0,0.0,0.0
2023-12-03 08:00:00+09:00,0.013363516,0.0,0.015268920920789242,0.015268920920789242,0.0,0.02010052651166916,0.02010052651166916
2023-12-03 09:00:00+09:00,0.103937089,0.013363516,0.07939569469997025,0.07939569469997025,0.0,0.07745808362960815,0.07745808362960815
2023-12-03 10:00:00+09:00,0.246479206,0.103937089,0.19679293737198256,0.19679293737198256,0.0,0.20805197954177856,0.20805197954177856
2023-12-03 11:00:00+09:00,0.370462082,0.246479206,0.3570661770445404,0.3570661770445404,0.013363516,0.32700640526124575,0.32700640526124575
2023-12-03 12:00:00+09:00,0.440990894,0.370462082,0.45228211549065783,0.45228211549065783,0.103937089,0.4617536659577026,0.4617536659577026
2023-12-03 13:00:00+09:00,0.45435441,0.440990894,0.4911690716547432,0.4911690716547432,0.246479206,0.5184855388742982,0.5184855388742982
2023-12-03 14:00:00+09:00,0.403128112,0.45435441,0.4212483697904682,0.4212483697904682,0.370462082,0.4356097054197617,0.4356097054197617
2023-12-03 15:00:00+09:00,0.293994271,0.403128112,0.33394438241101454,0.33394438241101454,0.440990894,0.41247285799211886,0.41247285799211886
2023-12-03 16:00:00+09:00,0.174465901,0.293994271,0.19319666250524137,0.19319666250524137,0.45435441,0.21990515751377104,0.21990515751377104
2023-12-03 17:00:00+09:00,0.05419631,0.174465901,0.053312307936645514,0.053312307936645514,0.403128112,0.1263123399434204,0.1263123399434204
2023-12-03 18:00:00+09:00,0.0,0.05419631,0.0,0.0,0.293994271,0.09969011767682645,0.09969011767682645
2023-12-03 19:00:00+09:00,0.0,0.0,0.0,0.0,0.174465901,0.0,0.0
2023-12-03 20:00:00+09:00,0.0,0.0,0.0,0.0,0.05419631,0.0,0.0
2023-12-03 21:00:00+09:00,0.0,0.0,0.0,0.0,0.0,0.0,0.0
2023-12-03 22:00:00+09:00,0.0,0.0,0.0,0.0,0.0,0.0,0.0
2023-12-03 23:00:00+09:00,0.0,0.0,0.0,0.0,0.0,0.0,0.0
2023-12-04 00:00:00+09:00,0.0,0.0,0.0,0.0,0.0,0.0,0.0
2023-12-04 01:00:00+09:00,0.0,0.0,0.0,0.0,0.0,0.0,0.0
2023-12-04 02:00:00+09:00,0.0,0.0,0.0,0.0,0.0,0.0,0.0
2023-12-04 03:00:00+09:00,0.0,0.0,0.0,0.0,0.0,0.0,0.0
2023-12-04 04:00:00+09:00,0.0,0.0,0.0,0.0,0.0,0.0,0.0
2023-12-04 05:00:00+09:00,0.0,0.0,0.0,0.0,0.0,0.0,0.0
2023-12-04 06:00:00+09:00,0.0,0.0,0.0,0.0,0.0,0.0,0.0
2023-12-04 07:00:00+09:00,0.0,0.0,0.000304503773804754,0.000304503773804754,0.0,0.0,0.0
2023-12-04 08:00:00+09:00,0.013363516,0.0,0.013332300819456577,0.013332300819456577,0.0,0.014348586089909077,0.014348586089909077
2023-12-04 09:00:00+09:00,0.111361606,0.013363516,0.07030891072460747,0.07030891072460747,0.0,0.07278501987457275,0.07278501987457275
2023-12-04 10:00:00+09:00,0.260584968,0.111361606,0.24728524493985748,0.24728524493985748,0.0,0.20091238617897034,0.20091238617897034
2023-12-04 11:00:00+09:00,0.381597832,0.260584968,0.38223029193217084,0.38223029193217084,0.013363516,0.2504316326648865,0.2504316326648865
2023-12-04 12:00:00+09:00,0.444703153,0.381597832,0.4274995105025597,0.4274995105025597,0.111361606,0.40788863408380127,0.40788863408380127
2023-12-04 13:00:00+09:00,0.449157658,0.444703153,0.46236793570292284,0.46236793570292284,0.260584968,0.4617580052905731,0.4617580052905731
2023-12-04 14:00:00+09:00,0.392734608,0.449157658,0.4221009714198189,0.4221009714198189,0.381597832,0.39339568574552014,0.39339568574552014
2023-12-04 15:00:00+09:00,0.314781279,0.392734608,0.3509283497387962,0.3509283497387962,0.444703153,0.3806601154066353,0.3806601154066353
2023-12-04 16:00:00+09:00,0.175208147,0.314781279,0.2505207366072693,0.2505207366072693,0.449157658,0.32093413450241853,0.32093413450241853
2023-12-04 17:00:00+09:00,0.057907543,0.175208147,0.10882857752911759,0.10882857752911759,0.392734608,0.25487076336689757,0.25487076336689757
2023-12-04 18:00:00+09:00,0.0,0.057907543,0.018239042576568602,0.018239042576568602,0.314781279,0.16522659424181368,0.16522659424181368
2023-12-04 19:00:00+09:00,0.0,0.0,0.0,0.0,0.175208147,0.029730837176963815,0.029730837176963815
2023-12-04 20:00:00+09:00,0.0,0.0,0.0005437747458927333,0.0005437747458927333,0.057907543,0.005620292242782592,0.005620292242782592
2023-12-04 21:00:00+09:00,0.0,0.0,0.00040610553696751595,0.00040610553696751595,0.0,0.0,0.0
2023-12-04 22:00:00+09:00,0.0,0.0,0.0007218220853246748,0.0007218220853246748,0.0,0.0023080422542989254,0.0023080422542989254
2023-12-04 23:00:00+09:00,0.0,0.0,0.0007218220853246748,0.0007218220853246748,0.0,0.004133777227252722,0.004133777227252722
2023-12-05 00:00:00+09:00,0.0,0.0,0.0,0.0,0.0,0.0002534926461521536,0.0002534926461521536
2023-12-05 01:00:00+09:00,0.0,0.0,0.0,0.0,0.0,0.0002534926461521536,0.0002534926461521536
2023-12-05 02:00:00+09:00,0.0,0.0,0.0,0.0,0.0,0.0002534926461521536,0.0002534926461521536
2023-12-05 03:00:00+09:00,0.0,0.0,0.0,0.0,0.0,0.0002534926461521536,0.0002534926461521536
2023-12-05 04:00:00+09:00,0.0,0.0,0.0,0.0,0.0,0.0002534926461521536,0.0002534926461521536
2023-12-05 05:00:00+09:00,0.0,0.0,0.0,0.0,0.0,0.0002534926461521536,0.0002534926461521536
2023-12-05 06:00:00+09:00,0.0,0.0,5.130182398715988e-05,5.130182398715988e-05,0.0,0.0,0.0
2023-12-05 07:00:00+09:00,0.0,0.0,0.0002632868418004364,0.0002632868418004364,0.0,0.0,0.0
2023-12-05 08:00:00+09:00,0.013363516,0.0,0.017776934430003166,0.017776934430003166,0.0,0.017797797918319702,0.017797797918319702
2023-12-05 09:00:00+09:00,0.083892328,0.013363516,0.07464115512081719,0.07464115512081719,0.0,0.06742991507053375,0.06742991507053375
2023-12-05 10:00:00+09:00,0.228662211,0.083892328,0.22486658141606142,0.22486658141606142,0.0,0.2540111839771271,0.2540111839771271
2023-12-05 11:00:00+09:00,0.409809357,0.228662211,0.3590097758164749,0.3590097758164749,0.013363516,0.3588654455215607,0.3588654455215607
2023-12-05 12:00:00+09:00,0.235343456,0.409809357,0.46361794553459357,0.46361794553459357,0.083892328,0.3988078956364899,0.3988078956364899
2023-12-05 13:00:00+09:00,0.363037564,0.235343456,0.22366368930032826,0.22366368930032826,0.228662211,0.37117827266362763,0.37117827266362763
2023-12-05 14:00:00+09:00,0.304387775,0.363037564,0.33089294298540495,0.33089294298540495,0.409809357,0.4005097239068217,0.4005097239068217
2023-12-05 15:00:00+09:00,0.259842722,0.304387775,0.24229128726925853,0.24229128726925853,0.235343456,0.05875702175489045,0.05875702175489045
2023-12-05 16:00:00+09:00,0.161102385,0.259842722,0.18347801852357104,0.18347801852357104,0.363037564,0.1913579480255737,0.1913579480255737
2023-12-05 17:00:00+09:00,0.060877555,0.161102385,0.07151126928688048,0.07151126928688048,0.304387775,0.08403767340984347,0.08403767340984347
2023-12-05 18:00:00+09:00,0.000742246,0.060877555,0.01618008403699875,0.01618008403699875,0.259842722,0.0970315023077698,0.0970315023077698
2023-12-05 19:00:00+09:00,0.0,0.000742246,0.0,0.0,0.161102385,0.011861846522102343,0.011861846522102343
2023-12-05 20:00:00+09:00,0.0,0.0,0.0005632131942547858,0.0005632131942547858,0.060877555,0.012719840692691803,0.012719840692691803
2023-12-05 21:00:00+09:00,0.0,0.0,0.0,0.0,0.000742246,7.604201228082188e-06,7.604201228082188e-06
2023-12-05 22:00:00+09:00,0.0,0.0,0.0002466516161803156,0.0002466516161803156,0.0,0.0005387748242355883,0.0005387748242355883
2023-12-05 23:00:00+09:00,0.0,0.0,0.0002466516161803156,0.0002466516161803156,0.0,0.0011645675403997302,0.0011645675403997302
2023-12-06 00:00:00+09:00,0.0,0.0,3.4130785934394225e-05,3.4130785934394225e-05,0.0,0.0006294932099990547,0.0006294932099990547
2023-12-06 01:00:00+09:00,0.0,0.0,3.4130785934394225e-05,3.4130785934394225e-05,0.0,0.0006294932099990547,0.0006294932099990547
2023-12-06 02:00:00+09:00,0.0,0.0,3.4130785934394225e-05,3.4130785934394225e-05,0.0,0.0006294932099990547,0.0006294932099990547
2023-12-06 03:00:00+09:00,0.0,0.0,3.4130785934394225e-05,3.4130785934394225e-05,0.0,0.0006294932099990547,0.0006294932099990547
2023-12-06 04:00:00+09:00,0.0,0.0,3.4130785934394225e-05,3.4130785934394225e-05,0.0,0.0006294932099990547,0.0006294932099990547
2023-12-06 05:00:00+09:00,0.0,0.0,3.4130785934394225e-05,3.4130785934394225e-05,0.0,0.0006294932099990547,0.0006294932099990547
2023-12-06 06:00:00+09:00,0.0,0.0,0.0001224128354806453,0.0001224128354806453,0.0,0.0004035399470012635,0.0004035399470012635
2023-12-06 07:00:00+09:00,0.0,0.0,0.0,0.0,0.0,0.0005813532043248415,0.0005813532043248415
2023-12-06 08:00:00+09:00,0.010393504,0.0,0.016602151095867157,0.016602151095867157,0.0,0.01770343817770481,0.01770343817770481
2023-12-06 09:00:00+09:00,0.07646781,0.010393504,0.07872465620069885,0.07872465620069885,0.0,0.08451705425977707,0.08451705425977707
2023-12-06 10:00:00+09:00,0.223465459,0.07646781,0.21355430575710296,0.21355430575710296,0.0,0.20602358877658844,0.20602358877658844
2023-12-06 11:00:00+09:00,0.301417763,0.223465459,0.3529900922883835,0.3529900922883835,0.010393504,0.34890351066618347,0.34890351066618347
2023-12-06 12:00:00+09:00,0.368976562,0.301417763,0.38590822613762665,0.38590822613762665,0.07646781,0.4073154309640503,0.4073154309640503
2023-12-06 13:00:00+09:00,0.360068578,0.368976562,0.37787042064138604,0.37787042064138604,0.223465459,0.3624622389186707,0.3624622389186707
2023-12-06 14:00:00+09:00,0.203419672,0.360068578,0.3057394621025829,0.3057394621025829,0.301417763,0.44440561032818604,0.44440561032818604
2023-12-06 15:00:00+09:00,0.12175511,0.203419672,0.09566897307593536,0.09566897307593536,0.368976562,0.23139178631373597,0.23139178631373597
2023-12-06 16:00:00+09:00,0.063104294,0.12175511,0.01787511435590744,0.01787511435590744,0.360068578,0.10900955247395322,0.10900955247395322
2023-12-06 17:00:00+09:00,0.02375702,0.063104294,0.005484927205175405,0.005484927205175405,0.203419672,0.0,0.0
2023-12-06 18:00:00+09:00,0.0,0.02375702,0.0,0.0,0.12175511,0.002660320971832275,0.002660320971832275
2023-12-06 19:00:00+09:00,0.0,0.0,0.0,0.0,0.063104294,0.0,0.0
2023-12-06 20:00:00+09:00,0.0,0.0,0.0013909664703533053,0.0013909664703533053,0.02375702,0.0,0.0
2023-12-06 21:00:00+09:00,0.0,0.0,0.0009681966039352119,0.0009681966039352119,0.0,0.0,0.0
2023-12-06 22:00:00+09:00,0.0,0.0,0.0013473264407366514,0.0013473264407366514,0.0,0.0016633563209325075,0.0016633563209325075
2023-12-06 23:00:00+09:00,0.0,0.0,0.0013473264407366514,0.0013473264407366514,0.0,0.002151440130546689,0.002151440130546689
2023-12-07 00:00:00+09:00,0.0,0.0,0.0,0.0,0.0,0.0,0.0
2023-12-07 01:00:00+09:00,0.0,0.0,0.0,0.0,0.0,0.0,0.0
2023-12-07 02:00:00+09:00,0.0,0.0,0.0,0.0,0.0,0.0,0.0
2023-12-07 03:00:00+09:00,0.0,0.0,0.0,0.0,0.0,0.0,0.0
2023-12-07 04:00:00+09:00,0.0,0.0,0.0,0.0,0.0,0.0,0.0
2023-12-07 05:00:00+09:00,0.0,0.0,0.0,0.0,0.0,0.0,0.0
2023-12-07 06:00:00+09:00,0.0,0.0,0.0,0.0,0.0,0.0,0.0
2023-12-07 07:00:00+09:00,0.0,0.0,0.00041908465209417045,0.00041908465209417045,0.0,0.00026213546516373754,0.00026213546516373754
2023-12-07 08:00:00+09:00,0.01113575,0.0,0.017660358920693398,0.017660358920693398,0.0,0.011527744121849537,0.011527744121849537
2023-12-07 09:00:00+09:00,0.11061936,0.01113575,0.0716903661532402,0.0716903661532402,0.0,0.07350854575634003,0.07350854575634003
2023-12-07 10:00:00+09:00,0.262070488,0.11061936,0.2093783704341507,0.2093783704341507,0.0,0.15579555928707123,0.15579555928707123
2023-12-07 11:00:00+09:00,0.380855585,0.262070488,0.4091142823935394,0.4091142823935394,0.01113575,0.36992450851631165,0.36992450851631165
2023-12-07 12:00:00+09:00,0.449899905,0.380855585,0.4244073056788063,0.4244073056788063,0.11061936,0.35894557216773987,0.35894557216773987
2023-12-07 13:00:00+09:00,0.461035655,0.449899905,0.4403991229945111,0.4403991229945111,0.262070488,0.38535727914580153,0.38535727914580153
2023-12-07 14:00:00+09:00,0.412037123,0.461035655,0.42319471866705893,0.42319471866705893,0.380855585,0.4593547531575775,0.4593547531575775
2023-12-07 15:00:00+09:00,0.304387775,0.412037123,0.26681107655701447,0.26681107655701447,0.449899905,0.3338587364294815,0.3338587364294815
2023-12-07 16:00:00+09:00,0.176693667,0.304387775,0.24617708915081027,0.24617708915081027,0.461035655,0.24474865303256987,0.24474865303256987
2023-12-07 17:00:00+09:00,0.052710791,0.176693667,0.07774001759833526,0.07774001759833526,0.412037123,0.16392566636738587,0.16392566636738587
2023-12-07 18:00:00+09:00,0.000742246,0.052710791,0.0014215119861278533,0.0014215119861278533,0.304387775,0.14394204014148715,0.14394204014148715
2023-12-07 19:00:00+09:00,0.0,0.000742246,0.0,0.0,0.176693667,0.03058220846003723,0.03058220846003723
2023-12-07 20:00:00+09:00,0.0,0.0,0.0008441990939900279,0.0008441990939900279,0.052710791,0.0038368561051998137,0.0038368561051998137
2023-12-07 21:00:00+09:00,0.0,0.0,0.0,0.0,0.000742246,0.00013245678171208502,0.00013245678171208502
2023-12-07 22:00:00+09:00,0.0,0.0,0.00028456177096813917,0.00028456177096813917,0.0,0.003236623713746667,0.003236623713746667
2023-12-07 23:00:00+09:00,0.0,0.0,0.00028456177096813917,0.00028456177096813917,0.0,0.0029678361024707556,0.0029678361024707556
2023-12-08 00:00:00+09:00,0.0,0.0,0.00012573107960633934,0.00012573107960633934,0.0,0.00037134127342142165,0.00037134127342142165
2023-12-08 01:00:00+09:00,0.0,0.0,0.00012573107960633934,0.00012573107960633934,0.0,0.00037134127342142165,0.00037134127342142165
2023-12-08 02:00:00+09:00,0.0,0.0,0.00012573107960633934,0.00012573107960633934,0.0,0.00037134127342142165,0.00037134127342142165
2023-12-08 03:00:00+09:00,0.0,0.0,0.00012573107960633934,0.00012573107960633934,0.0,0.00037134127342142165,0.00037134127342142165
2023-12-08 04:00:00+09:00,0.0,0.0,0.00012573107960633934,0.00012573107960633934,0.0,0.00037134127342142165,0.00037134127342142165
2023-12-08 05:00:00+09:00,0.0,0.0,0.00012573107960633934,0.00012573107960633934,0.0,0.00037134127342142165,0.00037134127342142165
2023-12-08 06:00:00+09:00,0.0,0.0,0.0001268548658117652,0.0001268548658117652,0.0,0.0004362765175756067,0.0004362765175756067
2023-12-08 07:00:00+09:00,0.0,0.0,0.0005239560850895941,0.0005239560850895941,0.0,0.0008420887752436101,0.0008420887752436101
2023-12-08 08:00:00+09:00,0.009651257,0.0,0.01643984019756317,0.01643984019756317,0.0,0.013532757759094238,0.013532757759094238
2023-12-08 09:00:00+09:00,0.0675588,0.009651257,0.08541151722434234,0.08541151722434234,0.0,0.07930443435907364,0.07930443435907364
2023-12-08 10:00:00+09:00,0.211586436,0.0675588,0.20738035919075012,0.20738035919075012,0.0,0.2753496766090393,0.2753496766090393
2023-12-08 11:00:00+09:00,0.342250557,0.211586436,0.3418846034671173,0.3418846034671173,0.009651257,0.3620617820835419,0.3620617820835419
2023-12-08 12:00:00+09:00,0.364523084,0.342250557,0.37607116004284097,0.37607116004284097,0.0675588,0.3501414406478882,0.3501414406478882
2023-12-08 13:00:00+09:00,0.400900346,0.364523084,0.4224756519349899,0.4224756519349899,0.211586436,0.4977977478171692,0.4977977478171692
2023-12-08 14:00:00+09:00,0.339280545,0.400900346,0.37023965898553945,0.37023965898553945,0.342250557,0.41748064135964585,0.41748064135964585
2023-12-08 15:00:00+09:00,0.2420247,0.339280545,0.2633559845723343,0.2633559845723343,0.364523084,0.3567416957619276,0.3567416957619276
2023-12-08 16:00:00+09:00,0.144769883,0.2420247,0.1273771774312973,0.1273771774312973,0.400900346,0.1392739235947571,0.1392739235947571
2023-12-08 17:00:00+09:00,0.05642305,0.144769883,0.029443508230789173,0.029443508230789173,0.339280545,0.05339559841529845,0.05339559841529845
2023-12-08 18:00:00+09:00,0.0,0.05642305,0.031108158289122584,0.031108158289122584,0.2420247,0.11730150397033692,0.11730150397033692
2023-12-08 19:00:00+09:00,0.0,0.0,0.0,0.0,0.144769883,0.0,0.0
2023-12-08 20:00:00+09:00,0.0,0.0,0.00041872693691402674,0.00041872693691402674,0.05642305,0.002174575461673739,0.002174575461673739
2023-12-08 21:00:00+09:00,0.0,0.0,0.0,0.0,0.0,0.0,0.0
2023-12-08 22:00:00+09:00,0.0,0.0,0.0,0.0,0.0,0.0,0.0
2023-12-08 23:00:00+09:00,0.0,0.0,0.0,0.0,0.0,0.0002558200212661177,0.0002558200212661177
2023-12-09 00:00:00+09:00,0.0,0.0,0.0,0.0,0.0,0.0,0.0
2023-12-09 01:00:00+09:00,0.0,0.0,0.0,0.0,0.0,0.0,0.0
2023-12-09 02:00:00+09:00,0.0,0.0,0.0,0.0,0.0,0.0,0.0
2023-12-09 03:00:00+09:00,0.0,0.0,0.0,0.0,0.0,0.0,0.0
2023-12-09 04:00:00+09:00,0.0,0.0,0.0,0.0,0.0,0.0,0.0
2023-12-09 05:00:00+09:00,0.0,0.0,0.0,0.0,0.0,0.0,0.0
2023-12-09 06:00:00+09:00,0.0,0.0,0.0,0.0,0.0,0.0,0.0
2023-12-09 07:00:00+09:00,0.0,0.0,0.0,0.0,0.0,0.0,0.0
2023-12-09 08:00:00+09:00,0.007424518,0.0,0.013851121068000793,0.013851121068000793,0.0,0.01770600490272045,0.01770600490272045
2023-12-09 09:00:00+09:00,0.057907543,0.007424518,0.06198502285372543,0.06198502285372543,0.0,0.07585299015045166,0.07585299015045166
2023-12-09 10:00:00+09:00,0.135118626,0.057907543,0.1406811912024193,0.1406811912024193,0.0,0.12789663672447205,0.12789663672447205
2023-12-09 11:00:00+09:00,0.201192933,0.135118626,0.23247845465095138,0.23247845465095138,0.007424518,0.32135559571873473,0.32135559571873473
2023-12-09 12:00:00+09:00,0.262070488,0.201192933,0.25626755026665493,0.25626755026665493,0.057907543,0.3512515340411835,0.3512515340411835
2023-12-09 13:00:00+09:00,0.392734608,0.262070488,0.30694207530626105,0.30694207530626105,0.135118626,0.35856095695645906,0.35856095695645906
2023-12-09 14:00:00+09:00,0.295478764,0.392734608,0.3408808282966213,0.3408808282966213,0.201192933,0.27547224131909176,0.27547224131909176
2023-12-09 15:00:00+09:00,0.233858963,0.295478764,0.2078688396239891,0.2078688396239891,0.262070488,0.2062845824302082,0.2062845824302082
2023-12-09 16:00:00+09:00,0.149966635,0.233858963,0.1486659697167282,0.1486659697167282,0.392734608,0.1861969291622238,0.1861969291622238
2023-12-09 17:00:00+09:00,0.044544027,0.149966635,0.006298192035446154,0.006298192035446154,0.295478764,0.0,0.0
2023-12-09 18:00:00+09:00,0.000742246,0.044544027,0.0,0.0,0.233858963,0.05665340040844727,0.05665340040844727
2023-12-09 19:00:00+09:00,0.0,0.000742246,0.0,0.0,0.149966635,0.0,0.0
2023-12-09 20:00:00+09:00,0.0,0.0,0.0003119457105640322,0.0003119457105640322,0.044544027,0.0,0.0
2023-12-09 21:00:00+09:00,0.0,0.0,0.00016050931299105287,0.00016050931299105287,0.000742246,0.001470466446035266,0.001470466446035266
2023-12-09 22:00:00+09:00,0.0,0.0,0.00036933718365617096,0.00036933718365617096,0.0,0.0,0.0
2023-12-09 23:00:00+09:00,0.0,0.0,0.00036933718365617096,0.00036933718365617096,0.0,0.0004843920178245753,0.0004843920178245753
2023-12-10 00:00:00+09:00,0.0,0.0,0.00010172653128392994,0.00010172653128392994,0.0,0.0,0.0
2023-12-10 01:00:00+09:00,0.0,0.0,0.00010172653128392994,0.00010172653128392994,0.0,0.0,0.0
2023-12-10 02:00:00+09:00,0.0,0.0,0.00010172653128392994,0.00010172653128392994,0.0,0.0,0.0
2023-12-10 03:00:00+09:00,0.0,0.0,0.00010172653128392994,0.00010172653128392994,0.0,0.0,0.0
2023-12-10 04:00:00+09:00,0.0,0.0,0.00010172653128392994,0.00010172653128392994,0.0,0.0,0.0
2023-12-10 05:00:00+09:00,0.0,0.0,0.00010172653128392994,0.00010172653128392994,0.0,0.0,0.0
2023-12-10 06:00:00+09:00,0.0,0.0,4.636712037608959e-05,4.636712037608959e-05,0.0,0.0,0.0
2023-12-10 07:00:00+09:00,0.0,0.0,0.0,0.0,0.0,0.0,0.0
2023-12-10 08:00:00+09:00,0.007424518,0.0,0.012705194763839245,0.012705194763839245,0.0,0.02195102907717228,0.02195102907717228
2023-12-10 09:00:00+09:00,0.087604587,0.007424518,0.06436211941730309,0.06436211941730309,0.0,0.045831359922885895,0.045831359922885895
2023-12-10 10:00:00+09:00,0.219010954,0.087604587,0.2244107919150467,0.2244107919150467,0.0,0.20807678997516632,0.20807678997516632
2023-12-10 11:00:00+09:00,0.326659275,0.219010954,0.33259173969173816,0.33259173969173816,0.007424518,0.32964636338841247,0.32964636338841247
2023-12-10 12:00:00+09:00,0.371204328,0.326659275,0.3895205238508225,0.3895205238508225,0.087604587,0.4224750148469086,0.4224750148469086
2023-12-10 13:00:00+09:00,0.370462082,0.371204328,0.42114201208894536,0.42114201208894536,0.219010954,0.45307125637674717,0.45307125637674717
2023-12-10 14:00:00+09:00,0.336311559,0.370462082,0.30696942624591067,0.30696942624591067,0.326659275,0.3896827974962235,0.3896827974962235
2023-12-10 15:00:00+09:00,0.269493979,0.336311559,0.24258392564295195,0.24258392564295195,0.371204328,0.27854991352503583,0.27854991352503583
2023-12-10 16:00:00+09:00,0.167784656,0.269493979,0.1805645493496933,0.1805645493496933,0.370462082,0.1837827038481064,0.1837827038481064
2023-12-10 17:00:00+09:00,0.039347275,0.167784656,0.048089581143718724,0.048089581143718724,0.336311559,0.04050378016470335,0.04050378016470335
2023-12-10 18:00:00+09:00,0.0,0.039347275,0.00717620442428589,0.00717620442428589,0.269493979,0.10215818562403106,0.10215818562403106
2023-12-10 19:00:00+09:00,0.0,0.0,0.0,0.0,0.167784656,0.0,0.0
2023-12-10 20:00:00+09:00,0.0,0.0,0.0,0.0,0.039347275,0.0,0.0
2023-12-10 21:00:00+09:00,0.0,0.0,0.0,0.0,0.0,0.0,0.0
2023-12-10 22:00:00+09:00,0.0,0.0,0.0,0.0,0.0,0.0,0.0
2023-12-10 23:00:00+09:00,0.0,0.0,0.0,0.0,0.0,0.0,0.0
2023-12-11 00:00:00+09:00,0.0,0.0,0.0,0.0,0.0,0.0,0.0
2023-12-11 01:00:00+09:00,0.0,0.0,0.0,0.0,0.0,0.0,0.0
2023-12-11 02:00:00+09:00,0.0,0.0,0.0,0.0,0.0,0.0,0.0
2023-12-11 03:00:00+09:00,0.0,0.0,0.0,0.0,0.0,0.0,0.0
2023-12-11 04:00:00+09:00,0.0,0.0,0.0,0.0,0.0,0.0,0.0
2023-12-11 05:00:00+09:00,0.0,0.0,0.0,0.0,0.0,0.0,0.0
2023-12-11 06:00:00+09:00,0.0,0.0,0.0,0.0,0.0,0.0,0.0
2023-12-11 07:00:00+09:00,0.0,0.0,0.000304503773804754,0.000304503773804754,0.0,0.0,0.0
2023-12-11 08:00:00+09:00,0.0,0.0,0.009249181486666203,0.009249181486666203,0.0,0.011093497276306152,0.011093497276306152
2023-12-11 09:00:00+09:00,0.000742246,0.0,0.08489947766065598,0.08489947766065598,0.0,0.060852792114019394,0.060852792114019394
2023-12-11 10:00:00+09:00,0.040832794,0.000742246,0.1047180635611496,0.1047180635611496,0.0,0.15228214859962463,0.15228214859962463
2023-12-11 11:00:00+09:00,0.031923784,0.040832794,0.1492019134653511,0.1492019134653511,0.0,0.272335022687912,0.272335022687912
2023-12-11 12:00:00+09:00,0.016332502,0.031923784,0.055850151983222004,0.055850151983222004,0.000742246,0.19847429224652863,0.19847429224652863
2023-12-11 13:00:00+09:00,0.023014773,0.016332502,0.035184838332201956,0.035184838332201956,0.040832794,0.1392798635257187,0.1392798635257187
2023-12-11 14:00:00+09:00,0.020044761,0.023014773,0.0,0.0,0.031923784,0.041589952130934235,0.041589952130934235
2023-12-11 15:00:00+09:00,0.027469278,0.020044761,0.0,0.0,0.016332502,0.0,0.0
2023-12-11 16:00:00+09:00,0.01262127,0.027469278,0.0,0.0,0.023014773,0.0,0.0
2023-12-11 17:00:00+09:00,0.0,0.01262127,0.0,0.0,0.020044761,0.0,0.0
2023-12-11 18:00:00+09:00,0.0,0.0,0.0,0.0,0.027469278,0.0,0.0
2023-12-11 19:00:00+09:00,0.0,0.0,0.0,0.0,0.01262127,0.0,0.0
2023-12-11 20:00:00+09:00,0.0,0.0,0.0005437747458927333,0.0005437747458927333,0.0,0.0,0.0
2023-12-11 21:00:00+09:00,0.0,0.0,0.00040610553696751595,0.00040610553696751595,0.0,0.0,0.0
2023-12-11 22:00:00+09:00,0.0,0.0,0.0007218220853246748,0.0007218220853246748,0.0,0.0023080422542989254,0.0023080422542989254
2023-12-11 23:00:00+09:00,0.0,0.0,0.0007218220853246748,0.0007218220853246748,0.0,0.004133777227252722,0.004133777227252722
2023-12-12 00:00:00+09:00,0.0,0.0,0.0,0.0,0.0,0.0002534926461521536,0.0002534926461521536
2023-12-12 01:00:00+09:00,0.0,0.0,0.0,0.0,0.0,0.0002534926461521536,0.0002534926461521536
2023-12-12 02:00:00+09:00,0.0,0.0,0.0,0.0,0.0,0.0002534926461521536,0.0002534926461521536
2023-12-12 03:00:00+09:00,0.0,0.0,0.0,0.0,0.0,0.0002534926461521536,0.0002534926461521536
2023-12-12 04:00:00+09:00,0.0,0.0,0.0,0.0,0.0,0.0002534926461521536,0.0002534926461521536
2023-12-12 05:00:00+09:00,0.0,0.0,0.0,0.0,0.0,0.0002534926461521536,0.0002534926461521536
2023-12-12 06:00:00+09:00,0.0,0.0,5.130182398715988e-05,5.130182398715988e-05,0.0,0.0,0.0
2023-12-12 07:00:00+09:00,0.0,0.0,0.0002632868418004364,0.0002632868418004364,0.0,0.0,0.0
2023-12-12 08:00:00+09:00,0.0,0.0,0.0007569589652121067,0.0007569589652121067,0.0,0.008700357750058174,0.008700357750058174
2023-12-12 09:00:00+09:00,0.035636043,0.0,0.024749815464019775,0.024749815464019775,0.0,0.05703866481781006,0.05703866481781006
2023-12-12 10:00:00+09:00,0.081664562,0.035636043,0.0902198793468647,0.0902198793468647,0.0,0.09288286417722702,0.09288286417722702
2023-12-12 11:00:00+09:00,0.120270617,0.081664562,0.13563187770363044,0.13563187770363044,0.0,0.13970758020877838,0.13970758020877838
2023-12-12 12:00:00+09:00,0.172239161,0.120270617,0.16290745481027794,0.16290745481027794,0.035636043,0.20126544480301667,0.20126544480301667
2023-12-12 13:00:00+09:00,0.135860872,0.172239161,0.15062070162628746,0.15062070162628746,0.081664562,0.14082210488434982,0.14082210488434982
2023-12-12 14:00:00+09:00,0.112103853,0.135860872,0.11639936502232265,0.11639936502232265,0.120270617,0.15054532109870147,0.15054532109870147
2023-12-12 15:00:00+09:00,0.114330592,0.112103853,0.1026496333979516,0.1026496333979516,0.172239161,0.13784544067119217,0.13784544067119217
2023-12-12 16:00:00+09:00,0.058649789,0.114330592,0.07799596934866142,0.07799596934866142,0.135860872,0.0679347780640335,0.0679347780640335
2023-12-12 17:00:00+09:00,0.024499266,0.058649789,0.0,0.0,0.112103853,0.0018738541730194125,0.0018738541730194125
2023-12-12 18:00:00+09:00,0.0,0.024499266,0.0,0.0,0.114330592,0.0,0.0
2023-12-12 19:00:00+09:00,0.0,0.0,0.0,0.0,0.058649789,0.0,0.0
2023-12-12 20:00:00+09:00,0.0,0.0,0.0005632131942547858,0.0005632131942547858,0.024499266,0.0,0.0
2023-12-12 21:00:00+09:00,0.0,0.0,0.0,0.0,0.0,0.0,0.0
2023-12-12 22:00:00+09:00,0.0,0.0,0.0002466516161803156,0.0002466516161803156,0.0,0.0005387748242355883,0.0005387748242355883
2023-12-12 23:00:00+09:00,0.0,0.0,0.0002466516161803156,0.0002466516161803156,0.0,0.0011645675403997302,0.0011645675403997302
2023-12-13 00:00:00+09:00,0.0,0.0,3.4130785934394225e-05,3.4130785934394225e-05,0.0,0.0006294932099990547,0.0006294932099990547
2023-12-13 01:00:00+09:00,0.0,0.0,3.4130785934394225e-05,3.4130785934394225e-05,0.0,0.0006294932099990547,0.0006294932099990547
2023-12-13 02:00:00+09:00,0.0,0.0,3.4130785934394225e-05,3.4130785934394225e-05,0.0,0.0006294932099990547,0.0006294932099990547
2023-12-13 03:00:00+09:00,0.0,0.0,3.4130785934394225e-05,3.4130785934394225e-05,0.0,0.0006294932099990547,0.0006294932099990547
2023-12-13 04:00:00+09:00,0.0,0.0,3.4130785934394225e-05,3.4130785934394225e-05,0.0,0.0006294932099990547,0.0006294932099990547
2023-12-13 05:00:00+09:00,0.0,0.0,3.4130785934394225e-05,3.4130785934394225e-05,0.0,0.0006294932099990547,0.0006294932099990547
2023-12-13 06:00:00+09:00,0.0,0.0,0.0001224128354806453,0.0001224128354806453,0.0,0.0004035399470012635,0.0004035399470012635
2023-12-13 07:00:00+09:00,0.0,0.0,0.0,0.0,0.0,0.0005813532043248415,0.0005813532043248415
2023-12-13 08:00:00+09:00,0.007424518,0.0,0.0,0.0,0.0,0.00683977734297514,0.00683977734297514
2023-12-13 09:00:00+09:00,0.092801339,0.007424518,0.049672696273439405,0.049672696273439405,0.0,0.044330790638923645,0.044330790638923645
2023-12-13 10:00:00+09:00,0.244994713,0.092801339,0.27190785762621306,0.27190785762621306,0.0,0.2611464560031891,0.2611464560031891
2023-12-13 11:00:00+09:00,0.372688821,0.244994713,0.3410366531526451,0.3410366531526451,0.007424518,0.29945681942593383,0.29945681942593383
2023-12-13 12:00:00+09:00,0.44395988,0.372688821,0.4539002240122757,0.4539002240122757,0.092801339,0.4024670785362854,0.4024670785362854
2023-12-13 13:00:00+09:00,0.392734608,0.44395988,0.4654748712983179,0.4654748712983179,0.244994713,0.4659513663565521,0.4659513663565521
2023-12-13 14:00:00+09:00,0.230146704,0.392734608,0.26624775523491667,0.26624775523491667,0.372688821,0.274381479662796,0.274381479662796
2023-12-13 15:00:00+09:00,0.121012864,0.230146704,0.14145483611202622,0.14145483611202622,0.44395988,0.22367574585044858,0.22367574585044858
2023-12-13 16:00:00+09:00,0.164814644,0.121012864,0.07612171519438171,0.07612171519438171,0.392734608,0.20310335451908873,0.20310335451908873
2023-12-13 17:00:00+09:00,0.052710791,0.164814644,0.06631266369528199,0.06631266369528199,0.230146704,0.0,0.0
2023-12-13 18:00:00+09:00,0.000742246,0.052710791,0.0,0.0,0.121012864,0.0,0.0
2023-12-13 19:00:00+09:00,0.0,0.000742246,0.0,0.0,0.164814644,0.016754068872398387,0.016754068872398387
2023-12-13 20:00:00+09:00,0.0,0.0,0.0013909664703533053,0.0013909664703533053,0.052710791,0.002785888382068634,0.002785888382068634
2023-12-13 21:00:00+09:00,0.0,0.0,0.0009681966039352119,0.0009681966039352119,0.000742246,0.0005001455826188475,0.0005001455826188475
2023-12-13 22:00:00+09:00,0.0,0.0,0.0013473264407366514,0.0013473264407366514,0.0,0.0016633563209325075,0.0016633563209325075
2023-12-13 23:00:00+09:00,0.0,0.0,0.0013473264407366514,0.0013473264407366514,0.0,0.002151440130546689,0.002151440130546689
2023-12-14 00:00:00+09:00,0.0,0.0,0.0,0.0,0.0,0.0,0.0
2023-12-14 01:00:00+09:00,0.0,0.0,0.0,0.0,0.0,0.0,0.0
2023-12-14 02:00:00+09:00,0.0,0.0,0.0,0.0,0.0,0.0,0.0
2023-12-14 03:00:00+09:00,0.0,0.0,0.0,0.0,0.0,0.0,0.0
2023-12-14 04:00:00+09:00,0.0,0.0,0.0,0.0,0.0,0.0,0.0
2023-12-14 05:00:00+09:00,0.0,0.0,0.0,0.0,0.0,0.0,0.0
2023-12-14 06:00:00+09:00,0.0,0.0,0.0,0.0,0.0,0.0,0.0
2023-12-14 07:00:00+09:00,0.0,0.0,0.00041908465209417045,0.00041908465209417045,0.0,0.00026213546516373754,0.00026213546516373754
2023-12-14 08:00:00+09:00,0.002970012,0.0,0.01263207197189331,0.01263207197189331,0.0,0.017678214237093925,0.017678214237093925
2023-12-14 09:00:00+09:00,0.054938557,0.002970012,0.05696532326022339,0.05696532326022339,0.0,0.04711906239390373,0.04711906239390373
2023-12-14 10:00:00+09:00,0.093543585,0.054938557,0.16411462649806213,0.16411462649806213,0.0,0.15452425181865692,0.15452425181865692
2023-12-14 11:00:00+09:00,0.057165296,0.093543585,0.20140132641550063,0.20140132641550063,0.002970012,0.25901097255030825,0.25901097255030825
2023-12-14 12:00:00+09:00,0.037120535,0.057165296,0.13252357504939652,0.13252357504939652,0.054938557,0.37463966235621643,0.37463966235621643
2023-12-14 13:00:00+09:00,0.039347275,0.037120535,0.08163444228354455,0.08163444228354455,0.093543585,0.3080768395042038,0.3080768395042038
2023-12-14 14:00:00+09:00,0.036378289,0.039347275,0.0,0.0,0.057165296,0.12601821981048203,0.12601821981048203
2023-12-14 15:00:00+09:00,0.047514039,0.036378289,0.0,0.0,0.037120535,0.0,0.0
2023-12-14 16:00:00+09:00,0.01262127,0.047514039,0.0,0.0,0.039347275,0.0,0.0
2023-12-14 17:00:00+09:00,0.0,0.01262127,0.0,0.0,0.036378289,0.0,0.0
2023-12-14 18:00:00+09:00,0.0,0.0,0.0,0.0,0.047514039,0.0,0.0
2023-12-14 19:00:00+09:00,0.0,0.0,0.0,0.0,0.01262127,0.0,0.0
2023-12-14 20:00:00+09:00,0.0,0.0,0.0008441990939900279,0.0008441990939900279,0.0,0.0,0.0
2023-12-14 21:00:00+09:00,0.0,0.0,0.0,0.0,0.0,0.0,0.0
2023-12-14 22:00:00+09:00,0.0,0.0,0.00028456177096813917,0.00028456177096813917,0.0,0.003236623713746667,0.003236623713746667
2023-12-14 23:00:00+09:00,0.0,0.0,0.00028456177096813917,0.00028456177096813917,0.0,0.0029678361024707556,0.0029678361024707556
2023-12-15 00:00:00+09:00,0.0,0.0,0.00012573107960633934,0.00012573107960633934,0.0,0.00037134127342142165,0.00037134127342142165
2023-12-15 01:00:00+09:00,0.0,0.0,0.00012573107960633934,0.00012573107960633934,0.0,0.00037134127342142165,0.00037134127342142165
2023-12-15 02:00:00+09:00,0.0,0.0,0.00012573107960633934,0.00012573107960633934,0.0,0.00037134127342142165,0.00037134127342142165
2023-12-15 03:00:00+09:00,0.0,0.0,0.00012573107960633934,0.00012573107960633934,0.0,0.00037134127342142165,0.00037134127342142165
2023-12-15 04:00:00+09:00,0.0,0.0,0.00012573107960633934,0.00012573107960633934,0.0,0.00037134127342142165,0.00037134127342142165
2023-12-15 05:00:00+09:00,0.0,0.0,0.00012573107960633934,0.00012573107960633934,0.0,0.00037134127342142165,0.00037134127342142165
2023-12-15 06:00:00+09:00,0.0,0.0,0.0001268548658117652,0.0001268548658117652,0.0,0.0004362765175756067,0.0004362765175756067
2023-12-15 07:00:00+09:00,0.0,0.0,0.0005239560850895941,0.0005239560850895941,0.0,0.0008420887752436101,0.0008420887752436101
2023-12-15 08:00:00+09:00,0.0,0.0,0.0,0.0,0.0,0.0,0.0
2023-12-15 09:00:00+09:00,0.000742246,0.0,0.04684463515877724,0.04684463515877724,0.0,0.048813238739967346,0.048813238739967346
2023-12-15 10:00:00+09:00,0.011879023,0.000742246,0.11434991338653183,0.11434991338653183,0.0,0.18316903710365295,0.18316903710365295
2023-12-15 11:00:00+09:00,0.02153028,0.011879023,0.07633510588049698,0.07633510588049698,0.0,0.1070929542183876,0.1070929542183876
2023-12-15 12:00:00+09:00,0.017818021,0.02153028,0.03717012714448452,0.03717012714448452,0.000742246,0.08249246009988404,0.08249246009988404
2023-12-15 13:00:00+09:00,0.015590255,0.017818021,0.014286285842405915,0.014286285842405915,0.011879023,0.02217757685422707,0.02217757685422707
2023-12-15 14:00:00+09:00,0.013363516,0.015590255,0.0,0.0,0.02153028,0.0,0.0
2023-12-15 15:00:00+09:00,0.007424518,0.013363516,0.0,0.0,0.017818021,0.0,0.0
2023-12-15 16:00:00+09:00,0.003712259,0.007424518,0.0,0.0,0.015590255,0.0,0.0
2023-12-15 17:00:00+09:00,0.0,0.003712259,0.0,0.0,0.013363516,0.0,0.0
2023-12-15 18:00:00+09:00,0.0,0.0,0.0,0.0,0.007424518,0.0,0.0
2023-12-15 19:00:00+09:00,0.0,0.0,0.0,0.0,0.003712259,0.0,0.0
2023-12-15 20:00:00+09:00,0.0,0.0,0.00041872693691402674,0.00041872693691402674,0.0,0.0,0.0
2023-12-15 21:00:00+09:00,0.0,0.0,0.0,0.0,0.0,0.0,0.0
2023-12-15 22:00:00+09:00,0.0,0.0,0.0,0.0,0.0,0.0,0.0
2023-12-15 23:00:00+09:00,0.0,0.0,0.0,0.0,0.0,0.0002558200212661177,0.0002558200212661177
2023-12-16 00:00:00+09:00,0.0,0.0,0.0,0.0,0.0,0.0,0.0
2023-12-16 01:00:00+09:00,0.0,0.0,0.0,0.0,0.0,0.0,0.0
2023-12-16 02:00:00+09:00,0.0,0.0,0.0,0.0,0.0,0.0,0.0
2023-12-16 03:00:00+09:00,0.0,0.0,0.0,0.0,0.0,0.0,0.0
2023-12-16 04:00:00+09:00,0.0,0.0,0.0,0.0,0.0,0.0,0.0
2023-12-16 05:00:00+09:00,0.0,0.0,0.0,0.0,0.0,0.0,0.0
2023-12-16 06:00:00+09:00,0.0,0.0,0.0,0.0,0.0,0.0,0.0
2023-12-16 07:00:00+09:00,0.0,0.0,0.0,0.0,0.0,0.0,0.0
2023-12-16 08:00:00+09:00,0.0,0.0,0.0,0.0,0.0,0.0046595362946391106,0.0046595362946391106
2023-12-16 09:00:00+09:00,0.028953771,0.0,0.03519969806075096,0.03519969806075096,0.0,0.06247960776090622,0.06247960776090622
2023-12-16 10:00:00+09:00,0.113588346,0.028953771,0.11281718582400894,0.11281718582400894,0.0,0.1052110344171524,0.1052110344171524
2023-12-16 11:00:00+09:00,0.198965167,0.113588346,0.16687460413126565,0.16687460413126565,0.0,0.16638387739658356,0.16638387739658356
2023-12-16 12:00:00+09:00,0.250933711,0.198965167,0.24306903158039284,0.24306903158039284,0.028953771,0.17700187385568236,0.17700187385568236
2023-12-16 13:00:00+09:00,0.12175511,0.250933711,0.24955211107361025,0.24955211107361025,0.113588346,0.24151930009870148,0.24151930009870148
2023-12-16 14:00:00+09:00,0.238313468,0.12175511,0.15201496322892666,0.15201496322892666,0.198965167,0.24183184404582214,0.24183184404582214
2023-12-16 15:00:00+09:00,0.216040942,0.238313468,0.20551671629220772,0.20551671629220772,0.250933711,0.21683972007802582,0.21683972007802582
2023-12-16 16:00:00+09:00,0.210101943,0.216040942,0.18522799678310586,0.18522799678310586,0.12175511,0.04982739863239288,0.04982739863239288
2023-12-16 17:00:00+09:00,0.057165296,0.210101943,0.09695449052635957,0.09695449052635957,0.238313468,0.09833628108174133,0.09833628108174133
2023-12-16 18:00:00+09:00,0.000742246,0.057165296,0.0003733720598182652,0.0003733720598182652,0.216040942,0.03883537940844728,0.03883537940844728
2023-12-16 19:00:00+09:00,0.0,0.000742246,0.0,0.0,0.210101943,0.03597361920658876,0.03597361920658876
2023-12-16 20:00:00+09:00,0.0,0.0,0.0003119457105640322,0.0003119457105640322,0.057165296,0.0017535846648178074,0.0017535846648178074
2023-12-16 21:00:00+09:00,0.0,0.0,0.00016050931299105287,0.00016050931299105287,0.000742246,0.001470466446035266,0.001470466446035266
2023-12-16 22:00:00+09:00,0.0,0.0,0.00036933718365617096,0.00036933718365617096,0.0,0.0,0.0
2023-12-16 23:00:00+09:00,0.0,0.0,0.00036933718365617096,0.00036933718365617096,0.0,0.0004843920178245753,0.0004843920178245753
2023-12-17 00:00:00+09:00,0.0,0.0,0.00010172653128392994,0.00010172653128392994,0.0,0.0,0.0
2023-12-17 01:00:00+09:00,0.0,0.0,0.00010172653128392994,0.00010172653128392994,0.0,0.0,0.0
2023-12-17 02:00:00+09:00,0.0,0.0,0.00010172653128392994,0.00010172653128392994,0.0,0.0,0.0
2023-12-17 03:00:00+09:00,0.0,0.0,0.00010172653128392994,0.00010172653128392994,0.0,0.0,0.0
2023-12-17 04:00:00+09:00,0.0,0.0,0.00010172653128392994,0.00010172653128392994,0.0,0.0,0.0
2023-12-17 05:00:00+09:00,0.0,0.0,0.00010172653128392994,0.00010172653128392994,0.0,0.0,0.0
2023-12-17 06:00:00+09:00,0.0,0.0,4.636712037608959e-05,4.636712037608959e-05,0.0,0.0,0.0
2023-12-17 07:00:00+09:00,0.0,0.0,0.0,0.0,0.0,0.0,0.0
2023-12-17 08:00:00+09:00,0.005938998,0.0,0.0,0.0,0.0,0.004539091140031815,0.004539091140031815
2023-12-17 09:00:00+09:00,0.09799809,0.005938998,0.06015401198086548,0.06015401198086548,0.0,0.04726836830377579,0.04726836830377579
2023-12-17 10:00:00+09:00,0.260584968,0.09799809,0.21556740245326994,0.21556740245326994,0.0,0.17091885209083557,0.17091885209083557
2023-12-17 11:00:00+09:00,0.403128112,0.260584968,0.37072903928095624,0.37072903928095624,0.005938998,0.3130158097904663,0.3130158097904663
2023-12-17 12:00:00+09:00,0.481822662,0.403128112,0.4920497855959053,0.4920497855959053,0.09799809,0.39605823895439146,0.39605823895439146
2023-12-17 13:00:00+09:00,0.496671697,0.481822662,0.47795244952702476,0.47795244952702476,0.260584968,0.4894912567430191,0.4894912567430191
2023-12-17 14:00:00+09:00,0.446187646,0.496671697,0.47193263831171706,0.47193263831171706,0.403128112,0.5143284595427627,0.5143284595427627
2023-12-17 15:00:00+09:00,0.334083793,0.446187646,0.3341418512745819,0.3341418512745819,0.481822662,0.37180769437962724,0.37180769437962724
2023-12-17 16:00:00+09:00,0.19822292,0.334083793,0.20379577322365572,0.20379577322365572,0.496671697,0.25013538251254275,0.25013538251254275
2023-12-17 17:00:00+09:00,0.062362048,0.19822292,0.06246735125724792,0.06246735125724792,0.446187646,0.11050677379808044,0.11050677379808044
2023-12-17 18:00:00+09:00,0.000742246,0.062362048,0.030190977424285892,0.030190977424285892,0.334083793,0.16674799962403108,0.16674799962403108
2023-12-17 19:00:00+09:00,0.0,0.000742246,0.0,0.0,0.19822292,0.008573680817527768,0.008573680817527768
2023-12-17 20:00:00+09:00,0.0,0.0,0.0,0.0,0.062362048,0.0,0.0
2023-12-17 21:00:00+09:00,0.0,0.0,0.0,0.0,0.000742246,0.0,0.0
2023-12-17 22:00:00+09:00,0.0,0.0,0.0,0.0,0.0,0.0,0.0
2023-12-17 23:00:00+09:00,0.0,0.0,0.0,0.0,0.0,0.0,0.0
2023-12-18 00:00:00+09:00,0.0,0.0,0.0,0.0,0.0,0.0,0.0
2023-12-18 01:00:00+09:00,0.0,0.0,0.0,0.0,0.0,0.0,0.0
2023-12-18 02:00:00+09:00,0.0,0.0,0.0,0.0,0.0,0.0,0.0
2023-12-18 03:00:00+09:00,0.0,0.0,0.0,0.0,0.0,0.0,0.0
2023-12-18 04:00:00+09:00,0.0,0.0,0.0,0.0,0.0,0.0,0.0
2023-12-18 05:00:00+09:00,0.0,0.0,0.0,0.0,0.0,0.0,0.0
2023-12-18 06:00:00+09:00,0.0,0.0,0.0,0.0,0.0,0.0,0.0
2023-12-18 07:00:00+09:00,0.0,0.0,0.000304503773804754,0.000304503773804754,0.0,0.0,0.0
2023-12-18 08:00:00+09:00,0.007424518,0.0,0.01208835281431675,0.01208835281431675,0.0,0.006734121590852737,0.006734121590852737
2023-12-18 09:00:00+09:00,0.10022483,0.007424518,0.048516153823249815,0.048516153823249815,0.0,0.062264759093523026,0.062264759093523026
2023-12-18 10:00:00+09:00,0.260584968,0.10022483,0.23834384211738585,0.23834384211738585,0.0,0.23383842408657074,0.23383842408657074
2023-12-18 11:00:00+09:00,0.363037564,0.260584968,0.3840016153150253,0.3840016153150253,0.007424518,0.3516792799342804,0.3516792799342804
2023-12-18 12:00:00+09:00,0.426142885,0.363037564,0.40761604546557806,0.40761604546557806,0.10022483,0.422963745681839,0.422963745681839
2023-12-18 13:00:00+09:00,0.433566376,0.426142885,0.44883411249567035,0.44883411249567035,0.260584968,0.4744308319383316,0.4744308319383316
2023-12-18 14:00:00+09:00,0.351901814,0.433566376,0.3921404139989147,0.3921404139989147,0.363037564,0.3822647353167429,0.3822647353167429
2023-12-18 15:00:00+09:00,0.27840299,0.351901814,0.2982467186015739,0.2982467186015739,0.426142885,0.3455615924899674,0.3455615924899674
2023-12-18 16:00:00+09:00,0.103937089,0.27840299,0.17665654261564256,0.17665654261564256,0.433566376,0.2161324465566406,0.2161324465566406
2023-12-18 17:00:00+09:00,0.026727032,0.103937089,0.012579835508121487,0.012579835508121487,0.351901814,0.10742501880346678,0.10742501880346678
2023-12-18 18:00:00+09:00,0.0,0.026727032,0.004867164501721383,0.004867164501721383,0.27840299,0.15306060601924898,0.15306060601924898
2023-12-18 19:00:00+09:00,0.0,0.0,0.0,0.0,0.103937089,0.0,0.0
2023-12-18 20:00:00+09:00,0.0,0.0,0.0005437747458927333,0.0005437747458927333,0.026727032,0.0,0.0
2023-12-18 21:00:00+09:00,0.0,0.0,0.00040610553696751595,0.00040610553696751595,0.0,0.0,0.0
2023-12-18 22:00:00+09:00,0.0,0.0,0.0007218220853246748,0.0007218220853246748,0.0,0.0023080422542989254,0.0023080422542989254
2023-12-18 23:00:00+09:00,0.0,0.0,0.0007218220853246748,0.0007218220853246748,0.0,0.004133777227252722,0.004133777227252722
2023-12-19 00:00:00+09:00,0.0,0.0,0.0,0.0,0.0,0.0002534926461521536,0.0002534926461521536
2023-12-19 01:00:00+09:00,0.0,0.0,0.0,0.0,0.0,0.0002534926461521536,0.0002534926461521536
2023-12-19 02:00:00+09:00,0.0,0.0,0.0,0.0,0.0,0.0002534926461521536,0.0002534926461521536
2023-12-19 03:00:00+09:00,0.0,0.0,0.0,0.0,0.0,0.0002534926461521536,0.0002534926461521536
2023-12-19 04:00:00+09:00,0.0,0.0,0.0,0.0,0.0,0.0002534926461521536,0.0002534926461521536
2023-12-19 05:00:00+09:00,0.0,0.0,0.0,0.0,0.0,0.0002534926461521536,0.0002534926461521536
2023-12-19 06:00:00+09:00,0.0,0.0,5.130182398715988e-05,5.130182398715988e-05,0.0,0.0,0.0
2023-12-19 07:00:00+09:00,0.0,0.0,0.0002632868418004364,0.0002632868418004364,0.0,0.0,0.0
2023-12-19 08:00:00+09:00,0.002226739,0.0,0.012345980852842331,0.012345980852842331,0.0,0.01447436586022377,0.01447436586022377
2023-12-19 09:00:00+09:00,0.040832794,0.002226739,0.05448910854331398,0.05448910854331398,0.0,0.06368867307901382,0.06368867307901382
2023-12-19 10:00:00+09:00,0.191541676,0.040832794,0.1818070474160614,0.1818070474160614,0.0,0.2540111839771271,0.2540111839771271
2023-12-19 11:00:00+09:00,0.268009486,0.191541676,0.30487412638986205,0.30487412638986205,0.002226739,0.2776102710472717,0.2776102710472717
2023-12-19 12:00:00+09:00,0.295478764,0.268009486,0.280329731616138,0.280329731616138,0.040832794,0.3045075598252716,0.3045075598252716
2023-12-19 13:00:00+09:00,0.256130463,0.295478764,0.28657910880690957,0.28657910880690957,0.191541676,0.31340869195783233,0.31340869195783233
2023-12-19 14:00:00+09:00,0.27617625,0.256130463,0.24345326844936654,0.24345326844936654,0.268009486,0.27624961672997334,0.27624961672997334
2023-12-19 15:00:00+09:00,0.235343456,0.27617625,0.20674797745466234,0.20674797745466234,0.295478764,0.19848598075157547,0.19848598075157547
2023-12-19 16:00:00+09:00,0.126951862,0.235343456,0.12717040601363755,0.12717040601363755,0.256130463,0.027551090832412695,0.027551090832412695
2023-12-19 17:00:00+09:00,0.040090548,0.126951862,0.03348065527535629,0.03348065527535629,0.27617625,0.01682597996711732,0.01682597996711732
2023-12-19 18:00:00+09:00,0.0,0.040090548,0.0,0.0,0.235343456,0.07253223630776978,0.07253223630776978
2023-12-19 19:00:00+09:00,0.0,0.0,0.0,0.0,0.126951862,0.0,0.0
2023-12-19 20:00:00+09:00,0.0,0.0,0.0005632131942547858,0.0005632131942547858,0.040090548,0.0,0.0
2023-12-19 21:00:00+09:00,0.0,0.0,0.0,0.0,0.0,0.0,0.0
2023-12-19 22:00:00+09:00,0.0,0.0,0.0002466516161803156,0.0002466516161803156,0.0,0.0005387748242355883,0.0005387748242355883
2023-12-19 23:00:00+09:00,0.0,0.0,0.0002466516161803156,0.0002466516161803156,0.0,0.0011645675403997302,0.0011645675403997302
2023-12-20 00:00:00+09:00,0.0,0.0,3.4130785934394225e-05,3.4130785934394225e-05,0.0,0.0006294932099990547,0.0006294932099990547
2023-12-20 01:00:00+09:00,0.0,0.0,3.4130785934394225e-05,3.4130785934394225e-05,0.0,0.0006294932099990547,0.0006294932099990547
2023-12-20 02:00:00+09:00,0.0,0.0,3.4130785934394225e-05,3.4130785934394225e-05,0.0,0.0006294932099990547,0.0006294932099990547
2023-12-20 03:00:00+09:00,0.0,0.0,3.4130785934394225e-05,3.4130785934394225e-05,0.0,0.0006294932099990547,0.0006294932099990547
2023-12-20 04:00:00+09:00,0.0,0.0,3.4130785934394225e-05,3.4130785934394225e-05,0.0,0.0006294932099990547,0.0006294932099990547
2023-12-20 05:00:00+09:00,0.0,0.0,3.4130785934394225e-05,3.4130785934394225e-05,0.0,0.0006294932099990547,0.0006294932099990547
2023-12-20 06:00:00+09:00,0.0,0.0,0.0001224128354806453,0.0001224128354806453,0.0,0.0004035399470012635,0.0004035399470012635
2023-12-20 07:00:00+09:00,0.0,0.0,0.0,0.0,0.0,0.0005813532043248415,0.0005813532043248415
2023-12-20 08:00:00+09:00,0.000742246,0.0,0.0008371887961402535,0.0008371887961402535,0.0,0.005058327689766884,0.005058327689766884
2023-12-20 09:00:00+09:00,0.034150523,0.000742246,0.03225554579300499,0.03225554579300499,0.0,0.052356451749801636,0.052356451749801636
2023-12-20 10:00:00+09:00,0.106164855,0.034150523,0.1722827077438812,0.1722827077438812,0.0,0.21482811868190765,0.21482811868190765
2023-12-20 11:00:00+09:00,0.21084419,0.106164855,0.20553583377264023,0.20553583377264023,0.000742246,0.24374469050569153,0.24374469050569153
2023-12-20 12:00:00+09:00,0.451384397,0.21084419,0.27402486759275435,0.27402486759275435,0.034150523,0.3297803223659973,0.3297803223659973
2023-12-20 13:00:00+09:00,0.45286889,0.451384397,0.48200905673198413,0.48200905673198413,0.106164855,0.26350420438907624,0.26350420438907624
2023-12-20 14:00:00+09:00,0.303645529,0.45286889,0.3726646862751389,0.3726646862751389,0.21084419,0.2747774879917526,0.2747774879917526
2023-12-20 15:00:00+09:00,0.146996622,0.303645529,0.21634081765814211,0.21634081765814211,0.451384397,0.32183525130145263,0.32183525130145263
2023-12-20 16:00:00+09:00,0.144769883,0.146996622,0.09164313322689246,0.09164313322689246,0.45286889,0.27239678425849917,0.27239678425849917
2023-12-20 17:00:00+09:00,0.034150523,0.144769883,0.04001018240366744,0.04001018240366744,0.303645529,0.06736841067476657,0.06736841067476657
2023-12-20 18:00:00+09:00,0.000742246,0.034150523,0.0,0.0,0.146996622,0.0,0.0
2023-12-20 19:00:00+09:00,0.0,0.000742246,0.0,0.0,0.144769883,0.0,0.0
2023-12-20 20:00:00+09:00,0.0,0.0,0.0013909664703533053,0.0013909664703533053,0.034150523,0.0,0.0
2023-12-20 21:00:00+09:00,0.0,0.0,0.0009681966039352119,0.0009681966039352119,0.000742246,0.0005001455826188475,0.0005001455826188475
2023-12-20 22:00:00+09:00,0.0,0.0,0.0013473264407366514,0.0013473264407366514,0.0,0.0016633563209325075,0.0016633563209325075
2023-12-20 23:00:00+09:00,0.0,0.0,0.0013473264407366514,0.0013473264407366514,0.0,0.002151440130546689,0.002151440130546689
2023-12-21 00:00:00+09:00,0.0,0.0,0.0,0.0,0.0,0.0,0.0
2023-12-21 01:00:00+09:00,0.0,0.0,0.0,0.0,0.0,0.0,0.0
2023-12-21 02:00:00+09:00,0.0,0.0,0.0,0.0,0.0,0.0,0.0
2023-12-21 03:00:00+09:00,0.0,0.0,0.0,0.0,0.0,0.0,0.0
2023-12-21 04:00:00+09:00,0.0,0.0,0.0,0.0,0.0,0.0,0.0
2023-12-21 05:00:00+09:00,0.0,0.0,0.0,0.0,0.0,0.0,0.0
2023-12-21 06:00:00+09:00,0.0,0.0,0.0,0.0,0.0,0.0,0.0
2023-12-21 07:00:00+09:00,0.0,0.0,0.00041908465209417045,0.00041908465209417045,0.0,0.00026213546516373754,0.00026213546516373754
2023-12-21 08:00:00+09:00,0.010393504,0.0,0.004738389514386654,0.004738389514386654,0.0,0.022894110530614853,0.022894110530614853
2023-12-21 09:00:00+09:00,0.09799809,0.010393504,0.05365250999360466,0.05365250999360466,0.0,0.019332027062773705,0.019332027062773705
2023-12-21 10:00:00+09:00,0.247222479,0.09799809,0.21414463213190077,0.21414463213190077,0.0,0.2361595630645752,0.2361595630645752
2023-12-21 11:00:00+09:00,0.38753683,0.247222479,0.3230072963379898,0.3230072963379898,0.010393504,0.2515445537331619,0.2515445537331619
2023-12-21 12:00:00+09:00,0.472171405,0.38753683,0.4415371778527069,0.4415371778527069,0.09799809,0.4235556795309448,0.4235556795309448
2023-12-21 13:00:00+09:00,0.492959438,0.472171405,0.48804984022429465,0.48804984022429465,0.247222479,0.4987839716815033,0.4987839716815033
2023-12-21 14:00:00+09:00,0.440248647,0.492959438,0.4974093554691737,0.4974093554691737,0.38753683,0.5058269712248611,0.5058269712248611
2023-12-21 15:00:00+09:00,0.333341546,0.440248647,0.3521122049943657,0.3521122049943657,0.472171405,0.3912052900021362,0.3912052900021362
2023-12-21 16:00:00+09:00,0.19822292,0.333341546,0.251142218352314,0.251142218352314,0.492959438,0.2794412952998047,0.2794412952998047
2023-12-21 17:00:00+09:00,0.06533206,0.19822292,0.09592185139600753,0.09592185139600753,0.440248647,0.11654565599124145,0.11654565599124145
2023-12-21 18:00:00+09:00,0.001484493,0.06533206,0.04281312531798839,0.04281312531798839,0.333341546,0.21542905980443572,0.21542905980443572
2023-12-21 19:00:00+09:00,0.0,0.001484493,0.0,0.0,0.19822292,0.05211146146003723,0.05211146146003723
2023-12-21 20:00:00+09:00,0.0,0.0,0.0008441990939900279,0.0008441990939900279,0.06533206,0.01645812510519981,0.01645812510519981
2023-12-21 21:00:00+09:00,0.0,0.0,0.0,0.0,0.001484493,0.0008747037817120849,0.0008747037817120849
2023-12-21 22:00:00+09:00,0.0,0.0,0.00028456177096813917,0.00028456177096813917,0.0,0.003236623713746667,0.003236623713746667
2023-12-21 23:00:00+09:00,0.0,0.0,0.00028456177096813917,0.00028456177096813917,0.0,0.0029678361024707556,0.0029678361024707556
2023-12-22 00:00:00+09:00,0.0,0.0,0.00012573107960633934,0.00012573107960633934,0.0,0.00037134127342142165,0.00037134127342142165
2023-12-22 01:00:00+09:00,0.0,0.0,0.00012573107960633934,0.00012573107960633934,0.0,0.00037134127342142165,0.00037134127342142165
2023-12-22 02:00:00+09:00,0.0,0.0,0.00012573107960633934,0.00012573107960633934,0.0,0.00037134127342142165,0.00037134127342142165
2023-12-22 03:00:00+09:00,0.0,0.0,0.00012573107960633934,0.00012573107960633934,0.0,0.00037134127342142165,0.00037134127342142165
2023-12-22 04:00:00+09:00,0.0,0.0,0.00012573107960633934,0.00012573107960633934,0.0,0.00037134127342142165,0.00037134127342142165
2023-12-22 05:00:00+09:00,0.0,0.0,0.00012573107960633934,0.00012573107960633934,0.0,0.00037134127342142165,0.00037134127342142165
2023-12-22 06:00:00+09:00,0.0,0.0,0.0001268548658117652,0.0001268548658117652,0.0,0.0004362765175756067,0.0004362765175756067
2023-12-22 07:00:00+09:00,0.0,0.0,0.0005239560850895941,0.0005239560850895941,0.0,0.0008420887752436101,0.0008420887752436101
2023-12-22 08:00:00+09:00,0.005196752,0.0,0.01643984019756317,0.01643984019756317,0.0,0.013532757759094238,0.013532757759094238
2023-12-22 09:00:00+09:00,0.089831326,0.005196752,0.07231841419949722,0.07231841419949722,0.0,0.07797158509492874,0.07797158509492874
2023-12-22 10:00:00+09:00,0.249449218,0.089831326,0.217140976182724,0.217140976182724,0.0,0.16783003509044647,0.16783003509044647
2023-12-22 11:00:00+09:00,0.393476855,0.249449218,0.3627338580141716,0.3627338580141716,0.005196752,0.3394340593101044,0.3394340593101044
2023-12-22 12:00:00+09:00,0.47662591,0.393476855,0.47099140657995225,0.47099140657995225,0.089831326,0.45056763648202514,0.45056763648202514
2023-12-22 13:00:00+09:00,0.494443931,0.47662591,0.48970341307023524,0.48970341307023524,0.249449218,0.48133398064476773,0.48133398064476773
2023-12-22 14:00:00+09:00,0.44395988,0.494443931,0.45923473344898796,0.45923473344898796,0.393476855,0.4629448763928223,0.4629448763928223
2023-12-22 15:00:00+09:00,0.334826039,0.44395988,0.37913910610044477,0.37913910610044477,0.47662591,0.38809184540906905,0.38809184540906905
2023-12-22 16:00:00+09:00,0.199707413,0.334826039,0.2192850949601784,0.2192850949601784,0.494443931,0.24917619706845856,0.24917619706845856
2023-12-22 17:00:00+09:00,0.068302073,0.199707413,0.06908550290478516,0.06908550290478516,0.44395988,0.09739803088272092,0.09739803088272092
2023-12-22 18:00:00+09:00,0.000742246,0.068302073,0.010079328386114125,0.010079328386114125,0.334826039,0.09503628484770205,0.09503628484770205
2023-12-22 19:00:00+09:00,0.0,0.000742246,0.0,0.0,0.199707413,0.03316074041737366,0.03316074041737366
2023-12-22 20:00:00+09:00,0.0,0.0,0.00041872693691402674,0.00041872693691402674,0.068302073,0.014053598461673741,0.014053598461673741
2023-12-22 21:00:00+09:00,0.0,0.0,0.0,0.0,0.000742246,0.0,0.0
2023-12-22 22:00:00+09:00,0.0,0.0,0.0,0.0,0.0,0.0,0.0
2023-12-22 23:00:00+09:00,0.0,0.0,0.0,0.0,0.0,0.0002558200212661177,0.0002558200212661177
2023-12-23 00:00:00+09:00,0.0,0.0,0.0,0.0,0.0,0.0,0.0
2023-12-23 01:00:00+09:00,0.0,0.0,0.0,0.0,0.0,0.0,0.0
2023-12-23 02:00:00+09:00,0.0,0.0,0.0,0.0,0.0,0.0,0.0
2023-12-23 03:00:00+09:00,0.0,0.0,0.0,0.0,0.0,0.0,0.0
2023-12-23 04:00:00+09:00,0.0,0.0,0.0,0.0,0.0,0.0,0.0
2023-12-23 05:00:00+09:00,0.0,0.0,0.0,0.0,0.0,0.0,0.0
2023-12-23 06:00:00+09:00,0.0,0.0,0.0,0.0,0.0,0.0,0.0
2023-12-23 07:00:00+09:00,0.0,0.0,0.0,0.0,0.0,0.0,0.0
2023-12-23 08:00:00+09:00,0.004454505,0.0,0.0007977300556376576,0.0007977300556376576,0.0,0.0,0.0
2023-12-23 09:00:00+09:00,0.091315819,0.004454505,0.053100791129951475,0.053100791129951475,0.0,0.04301786422729492,0.04301786422729492
2023-12-23 10:00:00+09:00,0.246479206,0.091315819,0.21791769382833864,0.21791769382833864,0.0,0.1802850067615509,0.1802850067615509
2023-12-23 11:00:00+09:00,0.359325305,0.246479206,0.37754602006497956,0.37754602006497956,0.004454505,0.33051602200019836,0.33051602200019836
2023-12-23 12:00:00+09:00,0.438763128,0.359325305,0.4251993823797035,0.4251993823797035,0.091315819,0.42595000383734133,0.42595000383734133
2023-12-23 13:00:00+09:00,0.470686912,0.438763128,0.4676638686681776,0.4676638686681776,0.246479206,0.47646655908647156,0.47646655908647156
2023-12-23 14:00:00+09:00,0.446187646,0.470686912,0.4347423682211037,0.4347423682211037,0.359325305,0.4214221838862228,0.4214221838862228
2023-12-23 15:00:00+09:00,0.296221011,0.446187646,0.36684953501662826,0.36684953501662826,0.438763128,0.3301953686053543,0.3301953686053543
2023-12-23 16:00:00+09:00,0.163330151,0.296221011,0.17872653217824552,0.17872653217824552,0.470686912,0.22617278939467622,0.22617278939467622
2023-12-23 17:00:00+09:00,0.054938557,0.163330151,0.046975231029964454,0.046975231029964454,0.446187646,0.135617018549057,0.135617018549057
2023-12-23 18:00:00+09:00,0.0,0.054938557,0.028383016959864615,0.028383016959864615,0.296221011,0.17094449015172575,0.17094449015172575
2023-12-23 19:00:00+09:00,0.0,0.0,0.0,0.0,0.163330151,0.0,0.0
2023-12-23 20:00:00+09:00,0.0,0.0,0.0003119457105640322,0.0003119457105640322,0.054938557,0.0,0.0
2023-12-23 21:00:00+09:00,0.0,0.0,0.00016050931299105287,0.00016050931299105287,0.0,0.0007282204460352659,0.0007282204460352659
2023-12-23 22:00:00+09:00,0.0,0.0,0.00036933718365617096,0.00036933718365617096,0.0,0.0,0.0
2023-12-23 23:00:00+09:00,0.0,0.0,0.00036933718365617096,0.00036933718365617096,0.0,0.0004843920178245753,0.0004843920178245753
2023-12-24 00:00:00+09:00,0.0,0.0,0.00010172653128392994,0.00010172653128392994,0.0,0.0,0.0
2023-12-24 01:00:00+09:00,0.0,0.0,0.00010172653128392994,0.00010172653128392994,0.0,0.0,0.0
2023-12-24 02:00:00+09:00,0.0,0.0,0.00010172653128392994,0.00010172653128392994,0.0,0.0,0.0
2023-12-24 03:00:00+09:00,0.0,0.0,0.00010172653128392994,0.00010172653128392994,0.0,0.0,0.0
2023-12-24 04:00:00+09:00,0.0,0.0,0.00010172653128392994,0.00010172653128392994,0.0,0.0,0.0
2023-12-24 05:00:00+09:00,0.0,0.0,0.00010172653128392994,0.00010172653128392994,0.0,0.0,0.0
2023-12-24 06:00:00+09:00,0.0,0.0,4.636712037608959e-05,4.636712037608959e-05,0.0,0.0,0.0
2023-12-24 07:00:00+09:00,0.0,0.0,0.0,0.0,0.0,0.0,0.0
2023-12-24 08:00:00+09:00,0.001484493,0.0,0.0,0.0,0.0,0.0,0.0
2023-12-24 09:00:00+09:00,0.029696018,0.001484493,0.07090928612419892,0.07090928612419892,0.0,0.05484052002429962,0.05484052002429962
2023-12-24 10:00:00+09:00,0.109876087,0.029696018,0.14904061754500197,0.14904061754500197,0.0,0.16964168846607208,0.16964168846607208
2023-12-24 11:00:00+09:00,0.201192933,0.109876087,0.1978389006754036,0.1978389006754036,0.001484493,0.2799224054641418,0.2799224054641418
2023-12-24 12:00:00+09:00,0.273948484,0.201192933,0.2428668540486412,0.2428668540486412,0.029696018,0.30109861542736815,0.30109861542736815
2023-12-24 13:00:00+09:00,0.455838903,0.273948484,0.36016264640930556,0.36016264640930556,0.109876087,0.3835742381116028,0.3835742381116028
2023-12-24 14:00:00+09:00,0.412779369,0.455838903,0.41652268465364267,0.41652268465364267,0.201192933,0.2979860779413299,0.2979860779413299
2023-12-24 15:00:00+09:00,0.305872268,0.412779369,0.30182027870754624,0.30182027870754624,0.273948484,0.19513014787081145,0.19513014787081145
2023-12-24 16:00:00+09:00,0.177435913,0.305872268,0.18268825761353302,0.18268825761353302,0.455838903,0.19172130446636965,0.19172130446636965
2023-12-24 17:00:00+09:00,0.058649789,0.177435913,0.055220269474876404,0.055220269474876404,0.412779369,0.13727483952383424,0.13727483952383424
2023-12-24 18:00:00+09:00,0.000742246,0.058649789,0.0,0.0,0.305872268,0.11156811467682648,0.11156811467682648
2023-12-24 19:00:00+09:00,0.0,0.000742246,0.0,0.0,0.177435913,0.0,0.0
2023-12-24 20:00:00+09:00,0.0,0.0,0.0,0.0,0.058649789,0.0,0.0
2023-12-24 21:00:00+09:00,0.0,0.0,0.0,0.0,0.000742246,0.0,0.0
2023-12-24 22:00:00+09:00,0.0,0.0,0.0,0.0,0.0,0.0,0.0
2023-12-24 23:00:00+09:00,0.0,0.0,0.0,0.0,0.0,0.0,0.0
2023-12-25 00:00:00+09:00,0.0,0.0,0.0,0.0,0.0,0.0,0.0
2023-12-25 01:00:00+09:00,0.0,0.0,0.0,0.0,0.0,0.0,0.0
2023-12-25 02:00:00+09:00,0.0,0.0,0.0,0.0,0.0,0.0,0.0
2023-12-25 03:00:00+09:00,0.0,0.0,0.0,0.0,0.0,0.0,0.0
2023-12-25 04:00:00+09:00,0.0,0.0,0.0,0.0,0.0,0.0,0.0
2023-12-25 05:00:00+09:00,0.0,0.0,0.0,0.0,0.0,0.0,0.0
2023-12-25 06:00:00+09:00,0.0,0.0,0.0,0.0,0.0,0.0,0.0
2023-12-25 07:00:00+09:00,0.0,0.0,0.000304503773804754,0.000304503773804754,0.0,0.0,0.0
2023-12-25 08:00:00+09:00,0.004454505,0.0,0.0,0.0,0.0,0.003792525501921773,0.003792525501921773
2023-12-25 09:00:00+09:00,0.083892328,0.004454505,0.03558932647455215,0.03558932647455215,0.0,0.03952294588088989,0.03952294588088989
2023-12-25 10:00:00+09:00,0.222722186,0.083892328,0.18075083688490678,0.18075083688490678,0.0,0.15246695280075073,0.15246695280075073
2023-12-25 11:00:00+09:00,0.355614073,0.222722186,0.2945762930818901,0.2945762930818901,0.004454505,0.246125590357666,0.246125590357666
2023-12-25 12:00:00+09:00,0.435794142,0.355614073,0.4131287479615669,0.4131287479615669,0.083892328,0.2909780566453247,0.2909780566453247
2023-12-25 13:00:00+09:00,0.458808915,0.435794142,0.4534589247029228,0.4534589247029228,0.222722186,0.4238952232905731,0.4238952232905731
2023-12-25 14:00:00+09:00,0.414263862,0.458808915,0.42955358071211813,0.42955358071211813,0.355614073,0.38997959288124845,0.38997959288124845
2023-12-25 15:00:00+09:00,0.316265771,0.414263862,0.3674798484902496,0.3674798484902496,0.435794142,0.4238299736004276,0.4238299736004276
2023-12-25 16:00:00+09:00,0.182632665,0.316265771,0.23291021755179975,0.23291021755179975,0.458808915,0.28558954713825224,0.28558954713825224
2023-12-25 17:00:00+09:00,0.060135309,0.182632665,0.11685435738328934,0.11685435738328934,0.414263862,0.28730377815772246,0.28730377815772246
2023-12-25 18:00:00+09:00,0.001484493,0.060135309,0.03827544150172138,0.03827544150172138,0.316265771,0.19092338701924894,0.19092338701924894
2023-12-25 19:00:00+09:00,0.0,0.001484493,0.0,0.0,0.182632665,0.037155355176963806,0.037155355176963806
2023-12-25 20:00:00+09:00,0.0,0.0,0.0005437747458927333,0.0005437747458927333,0.060135309,0.00784805824278259,0.00784805824278259
2023-12-25 21:00:00+09:00,0.0,0.0,0.00040610553696751595,0.00040610553696751595,0.001484493,0.000601583890649706,0.000601583890649706
2023-12-25 22:00:00+09:00,0.0,0.0,0.0007218220853246748,0.0007218220853246748,0.0,0.0023080422542989254,0.0023080422542989254
2023-12-25 23:00:00+09:00,0.0,0.0,0.0007218220853246748,0.0007218220853246748,0.0,0.004133777227252722,0.004133777227252722
2023-12-26 00:00:00+09:00,0.0,0.0,0.0,0.0,0.0,0.0002534926461521536,0.0002534926461521536
2023-12-26 01:00:00+09:00,0.0,0.0,0.0,0.0,0.0,0.0002534926461521536,0.0002534926461521536
2023-12-26 02:00:00+09:00,0.0,0.0,0.0,0.0,0.0,0.0002534926461521536,0.0002534926461521536
2023-12-26 03:00:00+09:00,0.0,0.0,0.0,0.0,0.0,0.0002534926461521536,0.0002534926461521536
2023-12-26 04:00:00+09:00,0.0,0.0,0.0,0.0,0.0,0.0002534926461521536,0.0002534926461521536
2023-12-26 05:00:00+09:00,0.0,0.0,0.0,0.0,0.0,0.0002534926461521536,0.0002534926461521536
2023-12-26 06:00:00+09:00,0.0,0.0,5.130182398715988e-05,5.130182398715988e-05,0.0,0.0,0.0
2023-12-26 07:00:00+09:00,0.0,0.0,0.0002632868418004364,0.0002632868418004364,0.0,0.0,0.0
2023-12-26 08:00:00+09:00,0.004454505,0.0,0.0,0.0,0.0,0.001032899715937674,0.001032899715937674
2023-12-26 09:00:00+09:00,0.086119067,0.004454505,0.07006789401519775,0.07006789401519775,0.0,0.08372679352760315,0.08372679352760315
2023-12-26 10:00:00+09:00,0.225692199,0.086119067,0.20796254657372665,0.20796254657372665,0.0,0.17443044483661652,0.17443044483661652
2023-12-26 11:00:00+09:00,0.357840812,0.225692199,0.30484431368935017,0.30484431368935017,0.004454505,0.27941657260406494,0.27941657260406494
2023-12-26 12:00:00+09:00,0.429111871,0.357840812,0.3625027925507362,0.3625027925507362,0.086119067,0.32350809507235717,0.32350809507235717
2023-12-26 13:00:00+09:00,0.44395988,0.429111871,0.43718565354830835,0.43718565354830835,0.225692199,0.442248390444397,0.442248390444397
2023-12-26 14:00:00+09:00,0.386794584,0.44395988,0.40396182177031514,0.40396182177031514,0.357840812,0.37771884182330323,0.37771884182330323
2023-12-26 15:00:00+09:00,0.292508752,0.386794584,0.3246980962692585,0.3246980962692585,0.429111871,0.2525254367548904,0.2525254367548904
2023-12-26 16:00:00+09:00,0.136603119,0.292508752,0.2203474574800987,0.2203474574800987,0.44395988,0.22148819578254697,0.22148819578254697
2023-12-26 17:00:00+09:00,0.044544027,0.136603119,0.06557865641931915,0.06557865641931915,0.386794584,0.19879865845430755,0.19879865845430755
2023-12-26 18:00:00+09:00,0.001484493,0.044544027,0.0,0.0,0.292508752,0.0605460562821884,0.0605460562821884
2023-12-26 19:00:00+09:00,0.0,0.001484493,0.0,0.0,0.136603119,0.0,0.0
2023-12-26 20:00:00+09:00,0.0,0.0,0.0005632131942547858,0.0005632131942547858,0.044544027,0.0,0.0
2023-12-26 21:00:00+09:00,0.0,0.0,0.0,0.0,0.001484493,0.0007498512012280821,0.0007498512012280821
2023-12-26 22:00:00+09:00,0.0,0.0,0.0002466516161803156,0.0002466516161803156,0.0,0.0005387748242355883,0.0005387748242355883
2023-12-26 23:00:00+09:00,0.0,0.0,0.0002466516161803156,0.0002466516161803156,0.0,0.0011645675403997302,0.0011645675403997302
2023-12-27 00:00:00+09:00,0.0,0.0,3.4130785934394225e-05,3.4130785934394225e-05,0.0,0.0006294932099990547,0.0006294932099990547
2023-12-27 01:00:00+09:00,0.0,0.0,3.4130785934394225e-05,3.4130785934394225e-05,0.0,0.0006294932099990547,0.0006294932099990547
2023-12-27 02:00:00+09:00,0.0,0.0,3.4130785934394225e-05,3.4130785934394225e-05,0.0,0.0006294932099990547,0.0006294932099990547
2023-12-27 03:00:00+09:00,0.0,0.0,3.4130785934394225e-05,3.4130785934394225e-05,0.0,0.0006294932099990547,0.0006294932099990547
2023-12-27 04:00:00+09:00,0.0,0.0,3.4130785934394225e-05,3.4130785934394225e-05,0.0,0.0006294932099990547,0.0006294932099990547
2023-12-27 05:00:00+09:00,0.0,0.0,3.4130785934394225e-05,3.4130785934394225e-05,0.0,0.0006294932099990547,0.0006294932099990547
2023-12-27 06:00:00+09:00,0.0,0.0,0.0001224128354806453,0.0001224128354806453,0.0,0.0004035399470012635,0.0004035399470012635
2023-12-27 07:00:00+09:00,0.0,0.0,0.0,0.0,0.0,0.0005813532043248415,0.0005813532043248415
2023-12-27 08:00:00+09:00,0.002226739,0.0,0.0,0.0,0.0,0.0006995550356805325,0.0006995550356805325
2023-12-27 09:00:00+09:00,0.053453037,0.002226739,0.07654206342569733,0.07654206342569733,0.0,0.07912924885749817,0.07912924885749817
2023-12-27 10:00:00+09:00,0.213070929,0.053453037,0.1838408945563431,0.1838408945563431,0.0,0.19418524205684662,0.19418524205684662
2023-12-27 11:00:00+09:00,0.346705062,0.213070929,0.29899647826872255,0.29899647826872255,0.002226739,0.23492923266760254,0.23492923266760254
2023-12-27 12:00:00+09:00,0.423915119,0.346705062,0.38114074772402,0.38114074772402,0.053453037,0.3014114140036697,0.3014114140036697
2023-12-27 13:00:00+09:00,0.437278635,0.423915119,0.49857142669729615,0.49857142669729615,0.213070929,0.45916704828462984,0.45916704828462984
2023-12-27 14:00:00+09:00,0.398673607,0.437278635,0.40451068723679545,0.40451068723679545,0.346705062,0.3972884618322487,0.3972884618322487
2023-12-27 15:00:00+09:00,0.305130021,0.398673607,0.25851149667132567,0.25851149667132567,0.423915119,0.3260920505004349,0.3260920505004349
2023-12-27 16:00:00+09:00,0.184859404,0.305130021,0.26033467175969693,0.26033467175969693,0.437278635,0.2411782957065201,0.2411782957065201
2023-12-27 17:00:00+09:00,0.063104294,0.184859404,0.0840080246650734,0.0840080246650734,0.398673607,0.14136864055026244,0.14136864055026244
2023-12-27 18:00:00+09:00,0.000742246,0.063104294,0.010054852573007589,0.010054852573007589,0.305130021,0.09511515619763944,0.09511515619763944
2023-12-27 19:00:00+09:00,0.0,0.000742246,0.0,0.0,0.184859404,0.03679882887239838,0.03679882887239838
2023-12-27 20:00:00+09:00,0.0,0.0,0.0013909664703533053,0.0013909664703533053,0.063104294,0.01317939138206864,0.01317939138206864
2023-12-27 21:00:00+09:00,0.0,0.0,0.0009681966039352119,0.0009681966039352119,0.000742246,0.0005001455826188475,0.0005001455826188475
2023-12-27 22:00:00+09:00,0.0,0.0,0.0013473264407366514,0.0013473264407366514,0.0,0.0016633563209325075,0.0016633563209325075
2023-12-27 23:00:00+09:00,0.0,0.0,0.0013473264407366514,0.0013473264407366514,0.0,0.002151440130546689,0.002151440130546689
2023-12-28 00:00:00+09:00,0.0,0.0,0.0,0.0,0.0,0.0,0.0
2023-12-28 01:00:00+09:00,0.0,0.0,0.0,0.0,0.0,0.0,0.0
2023-12-28 02:00:00+09:00,0.0,0.0,0.0,0.0,0.0,0.0,0.0
2023-12-28 03:00:00+09:00,0.0,0.0,0.0,0.0,0.0,0.0,0.0
2023-12-28 04:00:00+09:00,0.0,0.0,0.0,0.0,0.0,0.0,0.0
2023-12-28 05:00:00+09:00,0.0,0.0,0.0,0.0,0.0,0.0,0.0
2023-12-28 06:00:00+09:00,0.0,0.0,0.0,0.0,0.0,0.0,0.0
2023-12-28 07:00:00+09:00,0.0,0.0,0.00041908465209417045,0.00041908465209417045,0.0,0.00026213546516373754,0.00026213546516373754
2023-12-28 08:00:00+09:00,0.003712259,0.0,0.0009737251093611121,0.0009737251093611121,0.0,0.0,0.0
2023-12-28 09:00:00+09:00,0.07795333,0.003712259,0.06170348054712677,0.06170348054712677,0.0,0.053737618029117584,0.053737618029117584
2023-12-28 10:00:00+09:00,0.212328683,0.07795333,0.15357788534934996,0.15357788534934996,0.0,0.1287742704153061,0.1287742704153061
2023-12-28 11:00:00+09:00,0.337796052,0.212328683,0.3228354634455757,0.3228354634455757,0.003712259,0.28677793568914794,0.28677793568914794
2023-12-28 12:00:00+09:00,0.410551603,0.337796052,0.3725616866857548,0.3725616866857548,0.07795333,0.2751326623755264,0.2751326623755264
2023-12-28 13:00:00+09:00,0.437278635,0.410551603,0.40664989110207544,0.40664989110207544,0.212328683,0.367468829613121,0.367468829613121
2023-12-28 14:00:00+09:00,0.394961348,0.437278635,0.4059115267741776,0.4059115267741776,0.337796052,0.4013505773753662,0.4013505773753662
2023-12-28 15:00:00+09:00,0.29844775,0.394961348,0.32145329398197936,0.32145329398197936,0.410551603,0.39741045520766066,0.39741045520766066
2023-12-28 16:00:00+09:00,0.174465901,0.29844775,0.23248988339090348,0.23248988339090348,0.437278635,0.2163997359025574,0.2163997359025574
2023-12-28 17:00:00+09:00,0.057907543,0.174465901,0.08920895938346482,0.08920895938346482,0.394961348,0.1131491867928009,0.1131491867928009
2023-12-28 18:00:00+09:00,0.000742246,0.057907543,0.035388608317988395,0.035388608317988395,0.29844775,0.18053526380443574,0.18053526380443574
2023-12-28 19:00:00+09:00,0.0,0.000742246,0.0,0.0,0.174465901,0.028354442460037238,0.028354442460037238
2023-12-28 20:00:00+09:00,0.0,0.0,0.0008441990939900279,0.0008441990939900279,0.057907543,0.009033608105199813,0.009033608105199813
2023-12-28 21:00:00+09:00,0.0,0.0,0.0,0.0,0.000742246,0.00013245678171208502,0.00013245678171208502
2023-12-28 22:00:00+09:00,0.0,0.0,0.00028456177096813917,0.00028456177096813917,0.0,0.003236623713746667,0.003236623713746667
2023-12-28 23:00:00+09:00,0.0,0.0,0.00028456177096813917,0.00028456177096813917,0.0,0.0029678361024707556,0.0029678361024707556
2023-12-29 00:00:00+09:00,0.0,0.0,0.00012573107960633934,0.00012573107960633934,0.0,0.00037134127342142165,0.00037134127342142165
2023-12-29 01:00:00+09:00,0.0,0.0,0.00012573107960633934,0.00012573107960633934,0.0,0.00037134127342142165,0.00037134127342142165
2023-12-29 02:00:00+09:00,0.0,0.0,0.00012573107960633934,0.00012573107960633934,0.0,0.00037134127342142165,0.00037134127342142165
2023-12-29 03:00:00+09:00,0.0,0.0,0.00012573107960633934,0.00012573107960633934,0.0,0.00037134127342142165,0.00037134127342142165
2023-12-29 04:00:00+09:00,0.0,0.0,0.00012573107960633934,0.00012573107960633934,0.0,0.00037134127342142165,0.00037134127342142165
2023-12-29 05:00:00+09:00,0.0,0.0,0.00012573107960633934,0.00012573107960633934,0.0,0.00037134127342142165,0.00037134127342142165
2023-12-29 06:00:00+09:00,0.0,0.0,0.0001268548658117652,0.0001268548658117652,0.0,0.0004362765175756067,0.0004362765175756067
2023-12-29 07:00:00+09:00,0.0,0.0,0.0005239560850895941,0.0005239560850895941,0.0,0.0008420887752436101,0.0008420887752436101
2023-12-29 08:00:00+09:00,0.003712259,0.0,0.000352000177372247,0.000352000177372247,0.0,0.0,0.0
2023-12-29 09:00:00+09:00,0.07646781,0.003712259,0.07234896696155929,0.07234896696155929,0.0,0.05885062739253044,0.05885062739253044
2023-12-29 10:00:00+09:00,0.209359697,0.07646781,0.16446753385168075,0.16446753385168075,0.0,0.1347227245569229,0.1347227245569229
2023-12-29 11:00:00+09:00,0.342250557,0.209359697,0.3522119884648056,0.3522119884648056,0.003712259,0.32086630887335205,0.32086630887335205
2023-12-29 12:00:00+09:00,0.42168838,0.342250557,0.4219966543262787,0.4219966543262787,0.07646781,0.40395989807945254,0.40395989807945254
2023-12-29 13:00:00+09:00,0.438763128,0.42168838,0.43185675172210214,0.43185675172210214,0.209359697,0.4019675915398331,0.4019675915398331
2023-12-29 14:00:00+09:00,0.398673607,0.438763128,0.4232924732963233,0.4232924732963233,0.342250557,0.41357348238881303,0.41357348238881303
2023-12-29 15:00:00+09:00,0.302160009,0.398673607,0.3589181843780346,0.3589181843780346,0.42168838,0.3807569875389385,0.3807569875389385
2023-12-29 16:00:00+09:00,0.182632665,0.302160009,0.20734549984663392,0.20734549984663392,0.438763128,0.20961527653286743,0.20961527653286743
2023-12-29 17:00:00+09:00,0.053453037,0.182632665,0.06310351457361221,0.06310351457361221,0.398673607,0.08094192851412962,0.08094192851412962
2023-12-29 18:00:00+09:00,0.000742246,0.053453037,0.028138145289122583,0.028138145289122583,0.302160009,0.17743681297033692,0.17743681297033692
2023-12-29 19:00:00+09:00,0.0,0.000742246,0.0,0.0,0.182632665,0.016085992417373657,0.016085992417373657
2023-12-29 20:00:00+09:00,0.0,0.0,0.00041872693691402674,0.00041872693691402674,0.053453037,0.0,0.0
2023-12-29 21:00:00+09:00,0.0,0.0,0.0,0.0,0.000742246,0.0,0.0
2023-12-29 22:00:00+09:00,0.0,0.0,0.0,0.0,0.0,0.0,0.0
2023-12-29 23:00:00+09:00,0.0,0.0,0.0,0.0,0.0,0.0002558200212661177,0.0002558200212661177
2023-12-30 00:00:00+09:00,0.0,0.0,0.0,0.0,0.0,0.0,0.0
2023-12-30 01:00:00+09:00,0.0,0.0,0.0,0.0,0.0,0.0,0.0
2023-12-30 02:00:00+09:00,0.0,0.0,0.0,0.0,0.0,0.0,0.0
2023-12-30 03:00:00+09:00,0.0,0.0,0.0,0.0,0.0,0.0,0.0
2023-12-30 04:00:00+09:00,0.0,0.0,0.0,0.0,0.0,0.0,0.0
2023-12-30 05:00:00+09:00,0.0,0.0,0.0,0.0,0.0,0.0,0.0
2023-12-30 06:00:00+09:00,0.0,0.0,0.0,0.0,0.0,0.0,0.0
2023-12-30 07:00:00+09:00,0.0,0.0,0.0,0.0,0.0,0.0,0.0
2023-12-30 08:00:00+09:00,0.003712259,0.0,0.0007838870515115559,0.0007838870515115559,0.0,0.0,0.0
2023-12-30 09:00:00+09:00,0.063847567,0.003712259,0.07055247551744842,0.07055247551744842,0.0,0.06495718657970428,0.06495718657970428
2023-12-30 10:00:00+09:00,0.159617892,0.063847567,0.1451909644981308,0.1451909644981308,0.0,0.15548336505889893,0.15548336505889893
2023-12-30 11:00:00+09:00,0.2420247,0.159617892,0.25697772065095137,0.25697772065095137,0.003712259,0.31764333671873474,0.31764333671873474
2023-12-30 12:00:00+09:00,0.361553071,0.2420247,0.30472146238298414,0.30472146238298414,0.063847567,0.24590244428118896,0.24590244428118896
2023-12-30 13:00:00+09:00,0.368976562,0.361553071,0.3596689280153639,0.3596689280153639,0.159617892,0.33609530934981535,0.33609530934981535
2023-12-30 14:00:00+09:00,0.371204328,0.368976562,0.36528497044474734,0.36528497044474734,0.2420247,0.314200158073616,0.314200158073616
2023-12-30 15:00:00+09:00,0.244994713,0.371204328,0.31885705909078405,0.31885705909078405,0.361553071,0.30341822088541603,0.30341822088541603
2023-12-30 16:00:00+09:00,0.121012864,0.244994713,0.16456017457598496,0.16456017457598496,0.368976562,0.11873876926966859,0.11873876926966859
2023-12-30 17:00:00+09:00,0.019302514,0.121012864,0.003036086744464872,0.003036086744464872,0.371204328,0.106900733172348,0.106900733172348
2023-12-30 18:00:00+09:00,0.000742246,0.019302514,0.0,0.0,0.244994713,0.11971819215172577,0.11971819215172577
2023-12-30 19:00:00+09:00,0.0,0.000742246,0.0,0.0,0.121012864,0.0,0.0
2023-12-30 20:00:00+09:00,0.0,0.0,0.0003119457105640322,0.0003119457105640322,0.019302514,0.0,0.0
2023-12-30 21:00:00+09:00,0.0,0.0,0.00016050931299105287,0.00016050931299105287,0.000742246,0.001470466446035266,0.001470466446035266
2023-12-30 22:00:00+09:00,0.0,0.0,0.00036933718365617096,0.00036933718365617096,0.0,0.0,0.0
2023-12-30 23:00:00+09:00,0.0,0.0,0.00036933718365617096,0.00036933718365617096,0.0,0.0004843920178245753,0.0004843920178245753
2023-12-31 00:00:00+09:00,0.0,0.0,0.00010172653128392994,0.00010172653128392994,0.0,0.0,0.0
2023-12-31 01:00:00+09:00,0.0,0.0,0.00010172653128392994,0.00010172653128392994,0.0,0.0,0.0
2023-12-31 02:00:00+09:00,0.0,0.0,0.00010172653128392994,0.00010172653128392994,0.0,0.0,0.0
2023-12-31 03:00:00+09:00,0.0,0.0,0.00010172653128392994,0.00010172653128392994,0.0,0.0,0.0
2023-12-31 04:00:00+09:00,0.0,0.0,0.00010172653128392994,0.00010172653128392994,0.0,0.0,0.0
2023-12-31 05:00:00+09:00,0.0,0.0,0.00010172653128392994,0.00010172653128392994,0.0,0.0,0.0
2023-12-31 06:00:00+09:00,0.0,0.0,4.636712037608959e-05,4.636712037608959e-05,0.0,0.0,0.0
2023-12-31 07:00:00+09:00,0.0,0.0,0.0,0.0,0.0,0.0,0.0
2023-12-31 08:00:00+09:00,0.000742246,0.0,0.0010571039747446775,0.0010571039747446775,0.0,0.0010136062046512961,0.0010136062046512961
2023-12-31 09:00:00+09:00,0.044544027,0.000742246,0.0786875528971634,0.0786875528971634,0.0,0.07273449748754501,0.07273449748754501
2023-12-31 10:00:00+09:00,0.138830885,0.044544027,0.13910581245951842,0.13910581245951842,0.0,0.1311233788728714,0.1311233788728714
2023-12-31 11:00:00+09:00,0.325917029,0.138830885,0.26392562658287044,0.26392562658287044,0.000742246,0.3413658929745636,0.3413658929745636
2023-12-31 12:00:00+09:00,0.44173314,0.325917029,0.35985494888492014,0.35985494888492014,0.044544027,0.3256031431251068,0.3256031431251068
2023-12-31 13:00:00+09:00,0.435051896,0.44173314,0.477502163001194,0.477502163001194,0.138830885,0.35347922117210384,0.35347922117210384
2023-12-31 14:00:00+09:00,0.448414385,0.435051896,0.4096103798092327,0.4096103798092327,0.325917029,0.3998542066580811,0.3998542066580811
2023-12-31 15:00:00+09:00,0.262812734,0.448414385,0.34784075585914614,0.34784075585914614,0.44173314,0.3481439607821846,0.3481439607821846
2023-12-31 16:00:00+09:00,0.194510661,0.262812734,0.12744331394842529,0.12744331394842529,0.435051896,0.2215535718441925,0.2215535718441925
2023-12-31 17:00:00+09:00,0.022272527,0.194510661,0.06981234990953064,0.06981234990953064,0.448414385,0.17559152809692385,0.17559152809692385
2023-12-31 18:00:00+09:00,0.002226739,0.022272527,0.0,0.0,0.262812734,0.09547694062403106,0.09547694062403106
2023-12-31 19:00:00+09:00,0.0,0.002226739,0.0,0.0,0.194510661,0.004861421817527772,0.004861421817527772
2023-12-31 20:00:00+09:00,0.0,0.0,0.0,0.0,0.022272527,0.0,0.0
2023-12-31 21:00:00+09:00,0.0,0.0,0.0,0.0,0.002226739,0.0,0.0
2023-12-31 22:00:00+09:00,0.0,0.0,0.0,0.0,0.0,0.0,0.0
2023-12-31 23:00:00+09:00,0.0,0.0,0.0,0.0,0.0,0.0,0.0
2024-01-01 00:00:00+09:00,0.0,0.0,0.00023431330919265747,0.00023431330919265747,0.0,0.00036047722096554935,0.00036047722096554935
2024-01-01 01:00:00+09:00,0.0,0.0,0.00023431330919265747,0.00023431330919265747,0.0,0.00036047722096554935,0.00036047722096554935
2024-01-01 02:00:00+09:00,0.0,0.0,0.00023431330919265747,0.00023431330919265747,0.0,0.00036047722096554935,0.00036047722096554935
2024-01-01 03:00:00+09:00,0.0,0.0,0.00023431330919265747,0.00023431330919265747,0.0,0.00036047722096554935,0.00036047722096554935
2024-01-01 04:00:00+09:00,0.0,0.0,0.00023431330919265747,0.00023431330919265747,0.0,0.00036047722096554935,0.00036047722096554935
2024-01-01 05:00:00+09:00,0.0,0.0,0.00023431330919265747,0.00023431330919265747,0.0,0.00036047722096554935,0.00036047722096554935
2024-01-01 06:00:00+09:00,0.0,0.0,0.0004553886246867478,0.0004553886246867478,0.0,0.0,0.0
2024-01-01 07:00:00+09:00,0.0,0.0,0.013320459052920341,0.013320459052920341,0.0,0.006033738609403372,0.006033738609403372
2024-01-01 08:00:00+09:00,0.003712259,0.0,0.05640821531414986,0.05640821531414986,0.0,0.0662907212972641,0.0662907212972641
2024-01-01 09:00:00+09:00,0.074983317,0.003712259,0.1484476996118393,0.1484476996118393,0.0,0.23721444606781006,0.23721444606781006
2024-01-01 10:00:00+09:00,0.21084419,0.074983317,0.13036847819122505,0.13036847819122505,0.0,0.22795423865318298,0.22795423865318298
2024-01-01 11:00:00+09:00,0.347447309,0.21084419,0.31903395163864134,0.31903395163864134,0.003712259,0.24102159566229248,0.24102159566229248
2024-01-01 12:00:00+09:00,0.431339637,0.347447309,0.39103782112668417,0.39103782112668417,0.074983317,0.32428948913249206,0.32428948913249206
2024-01-01 13:00:00+09:00,0.455838903,0.431339637,0.4070726266092415,0.4070726266092415,0.21084419,0.24153133030086993,0.24153133030086993
2024-01-01 14:00:00+09:00,0.367492069,0.455838903,0.4559916450972707,0.4559916450972707,0.347447309,0.32279186258982084,0.32279186258982084
2024-01-01 15:00:00+09:00,0.200450686,0.367492069,0.33474462523459814,0.33474462523459814,0.431339637,0.44301583673421097,0.44301583673421097
2024-01-01 16:00:00+09:00,0.112846099,0.200450686,0.12672582753718947,0.12672582753718947,0.455838903,0.24485579054558565,0.24485579054558565
2024-01-01 17:00:00+09:00,0.040090548,0.112846099,0.0,0.0,0.367492069,0.17501706301569364,0.17501706301569364
2024-01-01 18:00:00+09:00,0.002970012,0.040090548,0.0,0.0,0.200450686,0.0,0.0
2024-01-01 19:00:00+09:00,0.0,0.002970012,0.0,0.0,0.112846099,0.0,0.0
2024-01-01 20:00:00+09:00,0.0,0.0,0.0,0.0,0.040090548,0.0,0.0
2024-01-01 21:00:00+09:00,0.0,0.0,0.0,0.0,0.002970012,0.0,0.0
2024-01-01 22:00:00+09:00,0.0,0.0,0.0,0.0,0.0,0.0,0.0
2024-01-01 23:00:00+09:00,0.0,0.0,0.0,0.0,0.0,0.0,0.0
2024-01-02 00:00:00+09:00,0.0,0.0,0.0,0.0,0.0,0.0,0.0
2024-01-02 01:00:00+09:00,0.0,0.0,0.0,0.0,0.0,0.0,0.0
2024-01-02 02:00:00+09:00,0.0,0.0,0.0,0.0,0.0,0.0,0.0
2024-01-02 03:00:00+09:00,0.0,0.0,0.0,0.0,0.0,0.0,0.0
2024-01-02 04:00:00+09:00,0.0,0.0,0.0,0.0,0.0,0.0,0.0
2024-01-02 05:00:00+09:00,0.0,0.0,0.0,0.0,0.0,0.0,0.0
2024-01-02 06:00:00+09:00,0.0,0.0,0.0,0.0,0.0,0.0,0.0
2024-01-02 07:00:00+09:00,0.0,0.0,0.012111610732972622,0.012111610732972622,0.0,0.007639830466359854,0.007639830466359854
2024-01-02 08:00:00+09:00,0.0,0.0,0.03721216693520546,0.03721216693520546,0.0,0.0371965654194355,0.0371965654194355
2024-01-02 09:00:00+09:00,0.028211525,0.0,0.10517281293869019,0.10517281293869019,0.0,0.22311460971832275,0.22311460971832275
2024-01-02 10:00:00+09:00,0.194510661,0.028211525,0.13893303117837907,0.13893303117837907,0.0,0.25318655371665955,0.25318655371665955
2024-01-02 11:00:00+09:00,0.328144795,0.194510661,0.2809247001349793,0.2809247001349793,0.0,0.207113578915596,0.207113578915596
2024-01-02 12:00:00+09:00,0.405354851,0.328144795,0.3158698675403428,0.3158698675403428,0.028211525,0.11382954410400391,0.11382954410400391
2024-01-02 13:00:00+09:00,0.426885131,0.405354851,0.39013228759168483,0.39013228759168483,0.194510661,0.24017742269633865,0.24017742269633865
2024-01-02 14:00:00+09:00,0.394961348,0.426885131,0.3448100268826065,0.3448100268826065,0.328144795,0.25345484793130874,0.25345484793130874
2024-01-02 15:00:00+09:00,0.301417763,0.394961348,0.33474448901696013,0.33474448901696013,0.405354851,0.2907696003839264,0.2907696003839264
2024-01-02 16:00:00+09:00,0.179662653,0.301417763,0.2745314972751026,0.2745314972751026,0.426885131,0.32897316217275235,0.32897316217275235
2024-01-02 17:00:00+09:00,0.061619801,0.179662653,0.07983218202078629,0.07983218202078629,0.394961348,0.35465760734958457,0.35465760734958457
2024-01-02 18:00:00+09:00,0.002226739,0.061619801,0.01738682530844307,0.01738682530844307,0.301417763,0.10518374538945008,0.10518374538945008
2024-01-02 19:00:00+09:00,0.0,0.002226739,0.0,0.0,0.179662653,0.007243060261848455,0.007243060261848455
2024-01-02 20:00:00+09:00,0.0,0.0,0.0,0.0,0.061619801,0.0,0.0
2024-01-02 21:00:00+09:00,0.0,0.0,0.004079765174537897,0.004079765174537897,0.002226739,0.0,0.0
2024-01-02 22:00:00+09:00,0.0,0.0,0.004770586732774973,0.004770586732774973,0.0,0.0031557101756334305,0.0031557101756334305
2024-01-02 23:00:00+09:00,0.0,0.0,0.004770586732774973,0.004770586732774973,0.0,0.022660119459033012,0.022660119459033012
2024-01-03 00:00:00+09:00,0.0,0.0,0.0,0.0,0.0,0.0,0.0
2024-01-03 01:00:00+09:00,0.0,0.0,0.0,0.0,0.0,0.0,0.0
2024-01-03 02:00:00+09:00,0.0,0.0,0.0,0.0,0.0,0.0,0.0
2024-01-03 03:00:00+09:00,0.0,0.0,0.0,0.0,0.0,0.0,0.0
2024-01-03 04:00:00+09:00,0.0,0.0,0.0,0.0,0.0,0.0,0.0
2024-01-03 05:00:00+09:00,0.0,0.0,0.0,0.0,0.0,0.0,0.0
2024-01-03 06:00:00+09:00,0.0,0.0,0.0,0.0,0.0,0.0,0.0
2024-01-03 07:00:00+09:00,0.0,0.0,0.02248341776430607,0.02248341776430607,0.0,0.01750962994992733,0.01750962994992733
2024-01-03 08:00:00+09:00,0.0,0.0,0.05065309256315231,0.05065309256315231,0.0,0.017297981306910515,0.017297981306910515
2024-01-03 09:00:00+09:00,0.011879023,0.0,0.12003380060195923,0.12003380060195923,0.0,0.26315727829933167,0.26315727829933167
2024-01-03 10:00:00+09:00,0.104679335,0.011879023,0.13456102071642684,0.13456102071642684,0.0,0.2622676491737366,0.2622676491737366
2024-01-03 11:00:00+09:00,0.178920406,0.104679335,0.1837900542635536,0.1837900542635536,0.0,0.22195768356323242,0.22195768356323242
2024-01-03 12:00:00+09:00,0.320720277,0.178920406,0.21763507191954232,0.21763507191954232,0.011879023,0.13904171793103026,0.13904171793103026
2024-01-03 13:00:00+09:00,0.290282013,0.320720277,0.2989430103635092,0.2989430103635092,0.104679335,0.16939457142539976,0.16939457142539976
2024-01-03 14:00:00+09:00,0.388280103,0.290282013,0.2939166753674035,0.2939166753674035,0.178920406,0.1805561348695872,0.1805561348695872
2024-01-03 15:00:00+09:00,0.340022791,0.388280103,0.38125723508943604,0.38125723508943604,0.320720277,0.41374521629862976,0.41374521629862976
2024-01-03 16:00:00+09:00,0.19822292,0.340022791,0.2400188779550705,0.2400188779550705,0.290282013,0.08596947985981751,0.08596947985981751
2024-01-03 17:00:00+09:00,0.073498825,0.19822292,0.11097787290756225,0.11097787290756225,0.388280103,0.19045237639744567,0.19045237639744567
2024-01-03 18:00:00+09:00,0.002970012,0.073498825,8.394049234390633e-05,8.394049234390633e-05,0.340022791,0.1348395234066162,0.1348395234066162
2024-01-03 19:00:00+09:00,0.0,0.002970012,0.0,0.0,0.19822292,0.0,0.0
2024-01-03 20:00:00+09:00,0.0,0.0,0.0,0.0,0.073498825,0.0,0.0
2024-01-03 21:00:00+09:00,0.0,0.0,0.0,0.0,0.002970012,0.0,0.0
2024-01-03 22:00:00+09:00,0.0,0.0,0.0,0.0,0.0,0.0,0.0
2024-01-03 23:00:00+09:00,0.0,0.0,0.0,0.0,0.0,0.0,0.0
2024-01-04 00:00:00+09:00,0.0,0.0,0.0005077158566564322,0.0005077158566564322,0.0,0.001400443841703236,0.001400443841703236
2024-01-04 01:00:00+09:00,0.0,0.0,0.0005077158566564322,0.0005077158566564322,0.0,0.001400443841703236,0.001400443841703236
2024-01-04 02:00:00+09:00,0.0,0.0,0.0005077158566564322,0.0005077158566564322,0.0,0.001400443841703236,0.001400443841703236
2024-01-04 03:00:00+09:00,0.0,0.0,0.0005077158566564322,0.0005077158566564322,0.0,0.001400443841703236,0.001400443841703236
2024-01-04 04:00:00+09:00,0.0,0.0,0.0005077158566564322,0.0005077158566564322,0.0,0.001400443841703236,0.001400443841703236
2024-01-04 05:00:00+09:00,0.0,0.0,0.0005077158566564322,0.0005077158566564322,0.0,0.001400443841703236,0.001400443841703236
2024-01-04 06:00:00+09:00,0.0,0.0,0.00031330244382843375,0.00031330244382843375,0.0,7.431963604176417e-05,7.431963604176417e-05
2024-01-04 07:00:00+09:00,0.0,0.0,0.024175256490707397,0.024175256490707397,0.0,0.022600846365094185,0.022600846365094185
2024-01-04 08:00:00+09:00,0.003712259,0.0,0.06444820761680603,0.06444820761680603,0.0,0.055967699736356735,0.055967699736356735
2024-01-04 09:00:00+09:00,0.085376821,0.003712259,0.13896547979658508,0.13896547979658508,0.0,0.2723120450973511,0.2723120450973511
2024-01-04 10:00:00+09:00,0.233116716,0.085376821,0.22087349696817016,0.22087349696817016,0.0,0.43348821997642517,0.43348821997642517
2024-01-04 11:00:00+09:00,0.377885573,0.233116716,0.3240155278171692,0.3240155278171692,0.003712259,0.26200466579740905,0.26200466579740905
2024-01-04 12:00:00+09:00,0.46549016,0.377885573,0.4499310333433609,0.4499310333433609,0.085376821,0.27731142147245025,0.27731142147245025
2024-01-04 13:00:00+09:00,0.490731672,0.46549016,0.4265973469730949,0.4265973469730949,0.233116716,0.4624039529289398,0.4624039529289398
2024-01-04 14:00:00+09:00,0.445445399,0.490731672,0.46876218410939885,0.46876218410939885,0.377885573,0.3970155179652433,0.3970155179652433
2024-01-04 15:00:00+09:00,0.334083793,0.445445399,0.3769623220103493,0.3769623220103493,0.46549016,0.3633054471131897,0.3633054471131897
2024-01-04 16:00:00+09:00,0.214556449,0.334083793,0.24645564450384905,0.24645564450384905,0.490731672,0.25121221001059724,0.25121221001059724
2024-01-04 17:00:00+09:00,0.080922316,0.214556449,0.08242376977598573,0.08242376977598573,0.445445399,0.23744143099958803,0.23744143099958803
2024-01-04 18:00:00+09:00,0.003712259,0.080922316,0.0,0.0,0.334083793,0.0,0.0
2024-01-04 19:00:00+09:00,0.0,0.003712259,0.0,0.0,0.214556449,0.0,0.0
2024-01-04 20:00:00+09:00,0.0,0.0,0.0,0.0,0.080922316,0.0,0.0
2024-01-04 21:00:00+09:00,0.0,0.0,0.0,0.0,0.003712259,0.0,0.0
2024-01-04 22:00:00+09:00,0.0,0.0,0.0,0.0,0.0,0.0,0.0
2024-01-04 23:00:00+09:00,0.0,0.0,0.0,0.0,0.0,0.0,0.0
2024-01-05 00:00:00+09:00,0.0,0.0,0.00010028106044046581,0.00010028106044046581,0.0,0.0004019767511636019,0.0004019767511636019
2024-01-05 01:00:00+09:00,0.0,0.0,0.00010028106044046581,0.00010028106044046581,0.0,0.0004019767511636019,0.0004019767511636019
2024-01-05 02:00:00+09:00,0.0,0.0,0.00010028106044046581,0.00010028106044046581,0.0,0.0004019767511636019,0.0004019767511636019
2024-01-05 03:00:00+09:00,0.0,0.0,0.00010028106044046581,0.00010028106044046581,0.0,0.0004019767511636019,0.0004019767511636019
2024-01-05 04:00:00+09:00,0.0,0.0,0.00010028106044046581,0.00010028106044046581,0.0,0.0004019767511636019,0.0004019767511636019
2024-01-05 05:00:00+09:00,0.0,0.0,0.00010028106044046581,0.00010028106044046581,0.0,0.0004019767511636019,0.0004019767511636019
2024-01-05 06:00:00+09:00,0.0,0.0,4.917444312013686e-05,4.917444312013686e-05,0.0,0.0,0.0
2024-01-05 07:00:00+09:00,0.0,0.0,0.02320602536201477,0.02320602536201477,0.0,0.022499393671751022,0.022499393671751022
2024-01-05 08:00:00+09:00,0.003712259,0.0,0.06682012975215912,0.06682012975215912,0.0,0.08522356301546097,0.08522356301546097
2024-01-05 09:00:00+09:00,0.071271059,0.003712259,0.14292750484293365,0.14292750484293365,0.0,0.29926031827926636,0.29926031827926636
2024-01-05 10:00:00+09:00,0.198965167,0.071271059,0.18660999544809723,0.18660999544809723,0.0,0.2783355712890625,0.2783355712890625
2024-01-05 11:00:00+09:00,0.3325993,0.198965167,0.27363911767214966,0.27363911767214966,0.003712259,0.2972486836368408,0.2972486836368408
2024-01-05 12:00:00+09:00,0.394961348,0.3325993,0.39046579137735365,0.39046579137735365,0.071271059,0.3671573669547882,0.3671573669547882
2024-01-05 13:00:00+09:00,0.458808915,0.394961348,0.3829068245468836,0.3829068245468836,0.198965167,0.42341506977290344,0.42341506977290344
2024-01-05 14:00:00+09:00,0.437278635,0.458808915,0.4561172714545959,0.4561172714545959,0.3325993,0.41667527243785857,0.41667527243785857
2024-01-05 15:00:00+09:00,0.288796493,0.437278635,0.41213850038231375,0.41213850038231375,0.394961348,0.3141442818669777,0.3141442818669777
2024-01-05 16:00:00+09:00,0.190799429,0.288796493,0.19926180053374098,0.19926180053374098,0.458808915,0.2779742640066528,0.2779742640066528
2024-01-05 17:00:00+09:00,0.077210057,0.190799429,0.07213870334682845,0.07213870334682845,0.437278635,0.2385526067960358,0.2385526067960358
2024-01-05 18:00:00+09:00,0.003712259,0.077210057,0.0,0.0,0.288796493,0.002134570068328845,0.002134570068328845
2024-01-05 19:00:00+09:00,0.0,0.003712259,0.0,0.0,0.190799429,0.0,0.0
2024-01-05 20:00:00+09:00,0.0,0.0,0.0,0.0,0.077210057,0.0,0.0
2024-01-05 21:00:00+09:00,0.0,0.0,0.0002893940545618534,0.0002893940545618534,0.003712259,0.0,0.0
2024-01-05 22:00:00+09:00,0.0,0.0,0.0008124064770527184,0.0008124064770527184,0.0,0.0,0.0
2024-01-05 23:00:00+09:00,0.0,0.0,0.0008124064770527184,0.0008124064770527184,0.0,0.0028157844208180904,0.0028157844208180904
2024-01-06 00:00:00+09:00,0.0,0.0,0.0,0.0,0.0,0.0,0.0
2024-01-06 01:00:00+09:00,0.0,0.0,0.0,0.0,0.0,0.0,0.0
2024-01-06 02:00:00+09:00,0.0,0.0,0.0,0.0,0.0,0.0,0.0
2024-01-06 03:00:00+09:00,0.0,0.0,0.0,0.0,0.0,0.0,0.0
2024-01-06 04:00:00+09:00,0.0,0.0,0.0,0.0,0.0,0.0,0.0
2024-01-06 05:00:00+09:00,0.0,0.0,0.0,0.0,0.0,0.0,0.0
2024-01-06 06:00:00+09:00,0.0,0.0,0.0,0.0,0.0,0.0,0.0
2024-01-06 07:00:00+09:00,0.0,0.0,0.021729690954089165,0.021729690954089165,0.0,0.021262746304273605,0.021262746304273605
2024-01-06 08:00:00+09:00,0.002226739,0.0,0.05744593217968941,0.05744593217968941,0.0,0.06318619102239609,0.06318619102239609
2024-01-06 09:00:00+09:00,0.072013305,0.002226739,0.10394941158167267,0.10394941158167267,0.0,0.2318195402622223,0.2318195402622223
2024-01-06 10:00:00+09:00,0.208616424,0.072013305,0.15512700515144348,0.15512700515144348,0.0,0.1888527274131775,0.1888527274131775
2024-01-06 11:00:00+09:00,0.357098566,0.208616424,0.3853915516493073,0.3853915516493073,0.002226739,0.28560623414389036,0.28560623414389036
2024-01-06 12:00:00+09:00,0.451384397,0.357098566,0.42145247906877137,0.42145247906877137,0.072013305,0.2550011290823746,0.2550011290823746
2024-01-06 13:00:00+09:00,0.481080415,0.451384397,0.46903552278868865,0.46903552278868865,0.208616424,0.3676550124046555,0.3676550124046555
2024-01-06 14:00:00+09:00,0.435794142,0.481080415,0.45141414952723025,0.45141414952723025,0.357098566,0.33622166105045415,0.33622166105045415
2024-01-06 15:00:00+09:00,0.342250557,0.435794142,0.41462594728879165,0.41462594728879165,0.451384397,0.5216623337566109,0.5216623337566109
2024-01-06 16:00:00+09:00,0.144027637,0.342250557,0.22449967389758302,0.22449967389758302,0.481080415,0.23581406687644957,0.23581406687644957
2024-01-06 17:00:00+09:00,0.063847567,0.144027637,0.0,0.0,0.435794142,0.2467948914688034,0.2467948914688034
2024-01-06 18:00:00+09:00,0.002970012,0.063847567,0.0,0.0,0.342250557,0.0980113757198639,0.0980113757198639
2024-01-06 19:00:00+09:00,0.0,0.002970012,0.0,0.0,0.144027637,0.0,0.0
2024-01-06 20:00:00+09:00,0.0,0.0,0.0,0.0,0.063847567,0.0,0.0
2024-01-06 21:00:00+09:00,0.0,0.0,0.001444439752958715,0.001444439752958715,0.002970012,0.0,0.0
2024-01-06 22:00:00+09:00,0.0,0.0,0.001967452932149172,0.001967452932149172,0.0,0.0,0.0
2024-01-06 23:00:00+09:00,0.0,0.0,0.001967452932149172,0.001967452932149172,0.0,0.00564777385443449,0.00564777385443449
2024-01-07 00:00:00+09:00,0.0,0.0,0.00046919664600864053,0.00046919664600864053,0.0,0.0011268154485151172,0.0011268154485151172
2024-01-07 01:00:00+09:00,0.0,0.0,0.00046919664600864053,0.00046919664600864053,0.0,0.0011268154485151172,0.0011268154485151172
2024-01-07 02:00:00+09:00,0.0,0.0,0.00046919664600864053,0.00046919664600864053,0.0,0.0011268154485151172,0.0011268154485151172
2024-01-07 03:00:00+09:00,0.0,0.0,0.00046919664600864053,0.00046919664600864053,0.0,0.0011268154485151172,0.0011268154485151172
2024-01-07 04:00:00+09:00,0.0,0.0,0.00046919664600864053,0.00046919664600864053,0.0,0.0011268154485151172,0.0011268154485151172
2024-01-07 05:00:00+09:00,0.0,0.0,0.00046919664600864053,0.00046919664600864053,0.0,0.0011268154485151172,0.0011268154485151172
2024-01-07 06:00:00+09:00,0.0,0.0,0.0005116335232742131,0.0005116335232742131,0.0,0.0015473495004698634,0.0015473495004698634
2024-01-07 07:00:00+09:00,0.0,0.0,0.027198484167456627,0.027198484167456627,0.0,0.025518236681818962,0.025518236681818962
2024-01-07 08:00:00+09:00,0.002970012,0.0,0.0739021971821785,0.0739021971821785,0.0,0.1256088763475418,0.1256088763475418
2024-01-07 09:00:00+09:00,0.078695576,0.002970012,0.11866104798594665,0.11866104798594665,0.0,0.29728230834007263,0.29728230834007263
2024-01-07 10:00:00+09:00,0.228662211,0.078695576,0.1779380099056015,0.1779380099056015,0.0,0.3676006495952606,0.3676006495952606
2024-01-07 11:00:00+09:00,0.379371092,0.228662211,0.2830561618497715,0.2830561618497715,0.002970012,0.2580119390992279,0.2580119390992279
2024-01-07 12:00:00+09:00,0.468460172,0.379371092,0.43833708045720293,0.43833708045720293,0.078695576,0.36568058590867614,0.36568058590867614
2024-01-07 13:00:00+09:00,0.481822662,0.468460172,0.45933828368283225,0.45933828368283225,0.228662211,0.3879646691670761,0.3879646691670761
2024-01-07 14:00:00+09:00,0.457323396,0.481822662,0.41894694412165834,0.41894694412165834,0.379371092,0.34755671797036364,0.34755671797036364
2024-01-07 15:00:00+09:00,0.360810825,0.457323396,0.35563863942298507,0.35563863942298507,0.468460172,0.2448530789042206,0.2448530789042206
2024-01-07 16:00:00+09:00,0.223465459,0.360810825,0.24453807003278732,0.24453807003278732,0.481822662,0.2236158772748108,0.2236158772748108
2024-01-07 17:00:00+09:00,0.087604587,0.223465459,0.12564341868055726,0.12564341868055726,0.457323396,0.16650753596696471,0.16650753596696471
2024-01-07 18:00:00+09:00,0.004454505,0.087604587,0.0,0.0,0.360810825,0.023664065966796877,0.023664065966796877
2024-01-07 19:00:00+09:00,0.0,0.004454505,0.0,0.0,0.223465459,0.0,0.0
2024-01-07 20:00:00+09:00,0.0,0.0,0.0,0.0,0.087604587,0.0,0.0
2024-01-07 21:00:00+09:00,0.0,0.0,0.0,0.0,0.004454505,0.0,0.0
2024-01-07 22:00:00+09:00,0.0,0.0,0.0,0.0,0.0,0.0,0.0
2024-01-07 23:00:00+09:00,0.0,0.0,0.0,0.0,0.0,0.0,0.0
2024-01-08 00:00:00+09:00,0.0,0.0,0.00023431330919265747,0.00023431330919265747,0.0,0.00036047722096554935,0.00036047722096554935
2024-01-08 01:00:00+09:00,0.0,0.0,0.00023431330919265747,0.00023431330919265747,0.0,0.00036047722096554935,0.00036047722096554935
2024-01-08 02:00:00+09:00,0.0,0.0,0.00023431330919265747,0.00023431330919265747,0.0,0.00036047722096554935,0.00036047722096554935
2024-01-08 03:00:00+09:00,0.0,0.0,0.00023431330919265747,0.00023431330919265747,0.0,0.00036047722096554935,0.00036047722096554935
2024-01-08 04:00:00+09:00,0.0,0.0,0.00023431330919265747,0.00023431330919265747,0.0,0.00036047722096554935,0.00036047722096554935
2024-01-08 05:00:00+09:00,0.0,0.0,0.00023431330919265747,0.00023431330919265747,0.0,0.00036047722096554935,0.00036047722096554935
2024-01-08 06:00:00+09:00,0.0,0.0,0.0004553886246867478,0.0004553886246867478,0.0,0.0,0.0
2024-01-08 07:00:00+09:00,0.0,0.0,0.013320459052920341,0.013320459052920341,0.0,0.006033738609403372,0.006033738609403372
2024-01-08 08:00:00+09:00,0.002970012,0.0,0.054140716791152954,0.054140716791152954,0.0,0.05290181562304497,0.05290181562304497
2024-01-08 09:00:00+09:00,0.085376821,0.002970012,0.08856520997563552,0.08856520997563552,0.0,0.20208606123924255,0.20208606123924255
2024-01-08 10:00:00+09:00,0.245736959,0.085376821,0.2327520172184906,0.2327520172184906,0.0,0.3091011047363281,0.3091011047363281
2024-01-08 11:00:00+09:00,0.396445841,0.245736959,0.3476170698002663,0.3476170698002663,0.002970012,0.2949356456307526,0.2949356456307526
2024-01-08 12:00:00+09:00,0.482565935,0.396445841,0.4811566327070389,0.4811566327070389,0.085376821,0.38544171257676696,0.38544171257676696
2024-01-08 13:00:00+09:00,0.502610695,0.482565935,0.48324269678878173,0.48324269678878173,0.245736959,0.37405924739397434,0.37405924739397434
2024-01-08 14:00:00+09:00,0.461777901,0.502610695,0.4634026479080391,0.4634026479080391,0.396445841,0.33600135932914355,0.33600135932914355
2024-01-08 15:00:00+09:00,0.360068578,0.461777901,0.39425395960233306,0.39425395960233306,0.482565935,0.39764683251005173,0.39764683251005173
2024-01-08 16:00:00+09:00,0.223465459,0.360068578,0.2273933325957565,0.2273933325957565,0.502610695,0.2771981176093292,0.2771981176093292
2024-01-08 17:00:00+09:00,0.085376821,0.223465459,0.1933851722140398,0.1933851722140398,0.461777901,0.27585980827233886,0.27585980827233886
2024-01-08 18:00:00+09:00,0.002226739,0.085376821,0.0,0.0,0.360068578,0.11788711297028348,0.11788711297028348
2024-01-08 19:00:00+09:00,0.0,0.002226739,0.0,0.0,0.223465459,0.0,0.0
2024-01-08 20:00:00+09:00,0.0,0.0,0.0,0.0,0.085376821,0.0,0.0
2024-01-08 21:00:00+09:00,0.0,0.0,0.0,0.0,0.002226739,0.0,0.0
2024-01-08 22:00:00+09:00,0.0,0.0,0.0,0.0,0.0,0.0,0.0
2024-01-08 23:00:00+09:00,0.0,0.0,0.0,0.0,0.0,0.0,0.0
2024-01-09 00:00:00+09:00,0.0,0.0,0.0,0.0,0.0,0.0,0.0
2024-01-09 01:00:00+09:00,0.0,0.0,0.0,0.0,0.0,0.0,0.0
2024-01-09 02:00:00+09:00,0.0,0.0,0.0,0.0,0.0,0.0,0.0
2024-01-09 03:00:00+09:00,0.0,0.0,0.0,0.0,0.0,0.0,0.0
2024-01-09 04:00:00+09:00,0.0,0.0,0.0,0.0,0.0,0.0,0.0
2024-01-09 05:00:00+09:00,0.0,0.0,0.0,0.0,0.0,0.0,0.0
2024-01-09 06:00:00+09:00,0.0,0.0,0.0,0.0,0.0,0.0,0.0
2024-01-09 07:00:00+09:00,0.0,0.0,0.012111610732972622,0.012111610732972622,0.0,0.007639830466359854,0.007639830466359854
2024-01-09 08:00:00+09:00,0.002226739,0.0,0.03579676151275635,0.03579676151275635,0.0,0.0,0.0
2024-01-09 09:00:00+09:00,0.071271059,0.002226739,0.11424144245258713,0.11424144245258713,0.0,0.2521529197692871,0.2521529197692871
2024-01-09 10:00:00+09:00,0.16704241,0.071271059,0.16470251687715912,0.16470251687715912,0.0,0.14629076421260834,0.14629076421260834
2024-01-09 11:00:00+09:00,0.138830885,0.16704241,0.204405611379776,0.204405611379776,0.002226739,0.1674520362126007,0.1674520362126007
2024-01-09 12:00:00+09:00,0.129178601,0.138830885,0.1778936159679985,0.1778936159679985,0.071271059,0.2514107198352661,0.2514107198352661
2024-01-09 13:00:00+09:00,0.17817816,0.129178601,0.13552441602527,0.13552441602527,0.16704241,0.30787431262317655,0.30787431262317655
2024-01-09 14:00:00+09:00,0.208616424,0.17817816,0.07944705199018479,0.07944705199018479,0.138830885,0.022424153692493426,0.022424153692493426
2024-01-09 15:00:00+09:00,0.129178601,0.208616424,0.15118125045869255,0.15118125045869255,0.129178601,0.0,0.0
2024-01-09 16:00:00+09:00,0.058649789,0.129178601,0.04784313091962433,0.04784313091962433,0.17817816,0.0,0.0
2024-01-09 17:00:00+09:00,0.019302514,0.058649789,0.011595650965417863,0.011595650965417863,0.208616424,0.10022820124599838,0.10022820124599838
2024-01-09 18:00:00+09:00,0.0,0.019302514,0.0,0.0,0.129178601,0.06538440534799195,0.06538440534799195
2024-01-09 19:00:00+09:00,0.0,0.0,0.0,0.0,0.058649789,0.0,0.0
2024-01-09 20:00:00+09:00,0.0,0.0,0.0,0.0,0.019302514,0.0,0.0
2024-01-09 21:00:00+09:00,0.0,0.0,0.004079765174537897,0.004079765174537897,0.0,0.0,0.0
2024-01-09 22:00:00+09:00,0.0,0.0,0.004770586732774973,0.004770586732774973,0.0,0.0031557101756334305,0.0031557101756334305
2024-01-09 23:00:00+09:00,0.0,0.0,0.004770586732774973,0.004770586732774973,0.0,0.022660119459033012,0.022660119459033012
2024-01-10 00:00:00+09:00,0.0,0.0,0.0,0.0,0.0,0.0,0.0
2024-01-10 01:00:00+09:00,0.0,0.0,0.0,0.0,0.0,0.0,0.0
2024-01-10 02:00:00+09:00,0.0,0.0,0.0,0.0,0.0,0.0,0.0
2024-01-10 03:00:00+09:00,0.0,0.0,0.0,0.0,0.0,0.0,0.0
2024-01-10 04:00:00+09:00,0.0,0.0,0.0,0.0,0.0,0.0,0.0
2024-01-10 05:00:00+09:00,0.0,0.0,0.0,0.0,0.0,0.0,0.0
2024-01-10 06:00:00+09:00,0.0,0.0,0.0,0.0,0.0,0.0,0.0
2024-01-10 07:00:00+09:00,0.0,0.0,0.02248341776430607,0.02248341776430607,0.0,0.01750962994992733,0.01750962994992733
2024-01-10 08:00:00+09:00,0.002226739,0.0,0.062142059206962585,0.062142059206962585,0.0,0.10814209282398224,0.10814209282398224
2024-01-10 09:00:00+09:00,0.062362048,0.002226739,0.0990009073125496,0.0990009073125496,0.0,0.21713687479496002,0.21713687479496002
2024-01-10 10:00:00+09:00,0.085376821,0.062362048,0.17015343454470444,0.17015343454470444,0.0,0.2567553222179413,0.2567553222179413
2024-01-10 11:00:00+09:00,0.225692199,0.085376821,0.09169242857756234,0.09169242857756234,0.002226739,0.177808894585289,0.177808894585289
2024-01-10 12:00:00+09:00,0.424657365,0.225692199,0.26166192946660427,0.26166192946660427,0.062362048,0.2988694637714844,0.2988694637714844
2024-01-10 13:00:00+09:00,0.442475387,0.424657365,0.5086858250853921,0.5086858250853921,0.085376821,0.191135257024189,0.191135257024189
2024-01-10 14:00:00+09:00,0.431339637,0.442475387,0.4181120424647684,0.4181120424647684,0.225692199,0.36112162602770237,0.36112162602770237
2024-01-10 15:00:00+09:00,0.301417763,0.431339637,0.41652689184609604,0.41652689184609604,0.424657365,0.4393408816960955,0.4393408816960955
2024-01-10 16:00:00+09:00,0.168526903,0.301417763,0.21932585782336045,0.21932585782336045,0.442475387,0.3933742913533802,0.3933742913533802
2024-01-10 17:00:00+09:00,0.064589814,0.168526903,0.0454022886420517,0.0454022886420517,0.431339637,0.2178192591256256,0.2178192591256256
2024-01-10 18:00:00+09:00,0.003712259,0.064589814,0.0,0.0,0.301417763,0.0,0.0
2024-01-10 19:00:00+09:00,0.0,0.003712259,0.0,0.0,0.168526903,0.0,0.0
2024-01-10 20:00:00+09:00,0.0,0.0,0.0,0.0,0.064589814,0.0,0.0
2024-01-10 21:00:00+09:00,0.0,0.0,0.0,0.0,0.003712259,0.0,0.0
2024-01-10 22:00:00+09:00,0.0,0.0,0.0,0.0,0.0,0.0,0.0
2024-01-10 23:00:00+09:00,0.0,0.0,0.0,0.0,0.0,0.0,0.0
2024-01-11 00:00:00+09:00,0.0,0.0,0.0005077158566564322,0.0005077158566564322,0.0,0.001400443841703236,0.001400443841703236
2024-01-11 01:00:00+09:00,0.0,0.0,0.0005077158566564322,0.0005077158566564322,0.0,0.001400443841703236,0.001400443841703236
2024-01-11 02:00:00+09:00,0.0,0.0,0.0005077158566564322,0.0005077158566564322,0.0,0.001400443841703236,0.001400443841703236
2024-01-11 03:00:00+09:00,0.0,0.0,0.0005077158566564322,0.0005077158566564322,0.0,0.001400443841703236,0.001400443841703236
2024-01-11 04:00:00+09:00,0.0,0.0,0.0005077158566564322,0.0005077158566564322,0.0,0.001400443841703236,0.001400443841703236
2024-01-11 05:00:00+09:00,0.0,0.0,0.0005077158566564322,0.0005077158566564322,0.0,0.001400443841703236,0.001400443841703236
2024-01-11 06:00:00+09:00,0.0,0.0,0.00031330244382843375,0.00031330244382843375,0.0,7.431963604176417e-05,7.431963604176417e-05
2024-01-11 07:00:00+09:00,0.0,0.0,0.024175256490707397,0.024175256490707397,0.0,0.022600846365094185,0.022600846365094185
2024-01-11 08:00:00+09:00,0.002226739,0.0,0.07482393831014633,0.07482393831014633,0.0,0.13795778155326843,0.13795778155326843
2024-01-11 09:00:00+09:00,0.072013305,0.002226739,0.1294838178860321,0.1294838178860321,0.0,0.30109190940856934,0.30109190940856934
2024-01-11 10:00:00+09:00,0.22197994,0.072013305,0.22062257068508148,0.22062257068508148,0.0,0.3971535265445709,0.3971535265445709
2024-01-11 11:00:00+09:00,0.377143326,0.22197994,0.2855039254454994,0.2855039254454994,0.002226739,0.28861540443769834,0.28861540443769834
2024-01-11 12:00:00+09:00,0.46549016,0.377143326,0.4081139422661314,0.4081139422661314,0.072013305,0.30196954446189883,0.30196954446189883
2024-01-11 13:00:00+09:00,0.489247179,0.46549016,0.48538943515387534,0.48538943515387534,0.22197994,0.42048695093673705,0.42048695093673705
2024-01-11 14:00:00+09:00,0.449157658,0.489247179,0.45310206559143446,0.45310206559143446,0.377143326,0.3991268060809622,0.3991268060809622
2024-01-11 15:00:00+09:00,0.351159568,0.449157658,0.4433886804287212,0.4433886804287212,0.46549016,0.5744782513496017,0.5744782513496017
2024-01-11 16:00:00+09:00,0.224207706,0.351159568,0.2741379542829208,0.2741379542829208,0.489247179,0.37036550637922666,0.37036550637922666
2024-01-11 17:00:00+09:00,0.090573573,0.224207706,0.07785377576509095,0.07785377576509095,0.449157658,0.17952242769718935,0.17952242769718935
2024-01-11 18:00:00+09:00,0.005938998,0.090573573,0.0,0.0,0.351159568,0.0037405146838836445,0.0037405146838836445
2024-01-11 19:00:00+09:00,0.0,0.005938998,0.0,0.0,0.224207706,0.0,0.0
2024-01-11 20:00:00+09:00,0.0,0.0,0.0,0.0,0.090573573,0.0,0.0
2024-01-11 21:00:00+09:00,0.0,0.0,0.0,0.0,0.005938998,0.0,0.0
2024-01-11 22:00:00+09:00,0.0,0.0,0.0,0.0,0.0,0.0,0.0
2024-01-11 23:00:00+09:00,0.0,0.0,0.0,0.0,0.0,0.0,0.0
2024-01-12 00:00:00+09:00,0.0,0.0,0.00010028106044046581,0.00010028106044046581,0.0,0.0004019767511636019,0.0004019767511636019
2024-01-12 01:00:00+09:00,0.0,0.0,0.00010028106044046581,0.00010028106044046581,0.0,0.0004019767511636019,0.0004019767511636019
2024-01-12 02:00:00+09:00,0.0,0.0,0.00010028106044046581,0.00010028106044046581,0.0,0.0004019767511636019,0.0004019767511636019
2024-01-12 03:00:00+09:00,0.0,0.0,0.00010028106044046581,0.00010028106044046581,0.0,0.0004019767511636019,0.0004019767511636019
2024-01-12 04:00:00+09:00,0.0,0.0,0.00010028106044046581,0.00010028106044046581,0.0,0.0004019767511636019,0.0004019767511636019
2024-01-12 05:00:00+09:00,0.0,0.0,0.00010028106044046581,0.00010028106044046581,0.0,0.0004019767511636019,0.0004019767511636019
2024-01-12 06:00:00+09:00,0.0,0.0,4.917444312013686e-05,4.917444312013686e-05,0.0,0.0,0.0
2024-01-12 07:00:00+09:00,0.0,0.0,0.02320602536201477,0.02320602536201477,0.0,0.022499393671751022,0.022499393671751022
2024-01-12 08:00:00+09:00,0.002970012,0.0,0.06972352415323257,0.06972352415323257,0.0,0.11981155723333359,0.11981155723333359
2024-01-12 09:00:00+09:00,0.077210057,0.002970012,0.11233552741090011,0.11233552741090011,0.0,0.2734990119934082,0.2734990119934082
2024-01-12 10:00:00+09:00,0.209359697,0.077210057,0.15039981476433945,0.15039981476433945,0.0,0.24031463265419006,0.24031463265419006
2024-01-12 11:00:00+09:00,0.334826039,0.209359697,0.28403364767214967,0.28403364767214967,0.002970012,0.29650643663684084,0.29650643663684084
2024-01-12 12:00:00+09:00,0.418718367,0.334826039,0.3926925303773537,0.3926925303773537,0.077210057,0.3730963649547882,0.3730963649547882
2024-01-12 13:00:00+09:00,0.453611137,0.418718367,0.40666384354688356,0.40666384354688356,0.209359697,0.43380959977290345,0.43380959977290345
2024-01-12 14:00:00+09:00,0.419460614,0.453611137,0.4384227279844637,0.4384227279844637,0.334826039,0.37876908652349855,0.37876908652349855
2024-01-12 15:00:00+09:00,0.34150831,0.419460614,0.37177151886049653,0.37177151886049653,0.418718367,0.3819806977406902,0.3819806977406902
2024-01-12 16:00:00+09:00,0.207131931,0.34150831,0.20058692590385435,0.20058692590385435,0.453611137,0.24226150068370056,0.24226150068370056
2024-01-12 17:00:00+09:00,0.086861314,0.207131931,0.1821825703611431,0.1821825703611431,0.419460614,0.2770135000092163,0.2770135000092163
2024-01-12 18:00:00+09:00,0.006681245,0.086861314,0.0,0.0,0.34150831,0.09022713796287535,0.09022713796287535
2024-01-12 19:00:00+09:00,0.0,0.006681245,0.0,0.0,0.207131931,0.0,0.0
2024-01-12 20:00:00+09:00,0.0,0.0,0.0,0.0,0.086861314,0.0,0.0
2024-01-12 21:00:00+09:00,0.0,0.0,0.0002893940545618534,0.0002893940545618534,0.006681245,0.0,0.0
2024-01-12 22:00:00+09:00,0.0,0.0,0.0008124064770527184,0.0008124064770527184,0.0,0.0,0.0
2024-01-12 23:00:00+09:00,0.0,0.0,0.0008124064770527184,0.0008124064770527184,0.0,0.0028157844208180904,0.0028157844208180904
2024-01-13 00:00:00+09:00,0.0,0.0,0.0,0.0,0.0,0.0,0.0
2024-01-13 01:00:00+09:00,0.0,0.0,0.0,0.0,0.0,0.0,0.0
2024-01-13 02:00:00+09:00,0.0,0.0,0.0,0.0,0.0,0.0,0.0
2024-01-13 03:00:00+09:00,0.0,0.0,0.0,0.0,0.0,0.0,0.0
2024-01-13 04:00:00+09:00,0.0,0.0,0.0,0.0,0.0,0.0,0.0
2024-01-13 05:00:00+09:00,0.0,0.0,0.0,0.0,0.0,0.0,0.0
2024-01-13 06:00:00+09:00,0.0,0.0,0.0,0.0,0.0,0.0,0.0
2024-01-13 07:00:00+09:00,0.0,0.0,0.021729690954089165,0.021729690954089165,0.0,0.021262746304273605,0.021262746304273605
2024-01-13 08:00:00+09:00,0.003712259,0.0,0.056030530482530594,0.056030530482530594,0.0,0.040372710675001144,0.040372710675001144
2024-01-13 09:00:00+09:00,0.081664562,0.003712259,0.0740433854514923,0.0740433854514923,0.0,0.20570659637451172,0.20570659637451172
2024-01-13 10:00:00+09:00,0.233858963,0.081664562,0.14080210380073738,0.14080210380073738,0.0,0.2748466730117798,0.2748466730117798
2024-01-13 11:00:00+09:00,0.383082325,0.233858963,0.4106340906493072,0.4106340906493072,0.003712259,0.2870917541438904,0.2870917541438904
2024-01-13 12:00:00+09:00,0.472171405,0.383082325,0.4163547776524544,0.4163547776524544,0.081664562,0.231579974068367,0.231579974068367
2024-01-13 13:00:00+09:00,0.496671697,0.472171405,0.4554030295883703,0.4554030295883703,0.233858963,0.4084792486302261,0.4084792486302261
2024-01-13 14:00:00+09:00,0.464005667,0.496671697,0.4444050657245846,0.4444050657245846,0.383082325,0.3191109768931389,0.3191109768931389
2024-01-13 15:00:00+09:00,0.366749823,0.464005667,0.39061439338225556,0.39061439338225556,0.472171405,0.36825692061832427,0.36825692061832427
2024-01-13 16:00:00+09:00,0.232373443,0.366749823,0.27247185995774076,0.27247185995774076,0.496671697,0.3832212145123215,0.3832212145123215
2024-01-13 17:00:00+09:00,0.095770325,0.232373443,0.16562639599291612,0.16562639599291612,0.464005667,0.2859717637588425,0.2859717637588425
2024-01-13 18:00:00+09:00,0.007424518,0.095770325,0.0,0.0,0.366749823,0.06617879858212278,0.06617879858212278
2024-01-13 19:00:00+09:00,0.0,0.007424518,0.0,0.0,0.232373443,0.0,0.0
2024-01-13 20:00:00+09:00,0.0,0.0,0.0,0.0,0.095770325,0.0,0.0
2024-01-13 21:00:00+09:00,0.0,0.0,0.001444439752958715,0.001444439752958715,0.007424518,0.0,0.0
2024-01-13 22:00:00+09:00,0.0,0.0,0.001967452932149172,0.001967452932149172,0.0,0.0,0.0
2024-01-13 23:00:00+09:00,0.0,0.0,0.001967452932149172,0.001967452932149172,0.0,0.00564777385443449,0.00564777385443449
2024-01-14 00:00:00+09:00,0.0,0.0,0.00046919664600864053,0.00046919664600864053,0.0,0.0011268154485151172,0.0011268154485151172
2024-01-14 01:00:00+09:00,0.0,0.0,0.00046919664600864053,0.00046919664600864053,0.0,0.0011268154485151172,0.0011268154485151172
2024-01-14 02:00:00+09:00,0.0,0.0,0.00046919664600864053,0.00046919664600864053,0.0,0.0011268154485151172,0.0011268154485151172
2024-01-14 03:00:00+09:00,0.0,0.0,0.00046919664600864053,0.00046919664600864053,0.0,0.0011268154485151172,0.0011268154485151172
2024-01-14 04:00:00+09:00,0.0,0.0,0.00046919664600864053,0.00046919664600864053,0.0,0.0011268154485151172,0.0011268154485151172
2024-01-14 05:00:00+09:00,0.0,0.0,0.00046919664600864053,0.00046919664600864053,0.0,0.0011268154485151172,0.0011268154485151172
2024-01-14 06:00:00+09:00,0.0,0.0,0.0005116335232742131,0.0005116335232742131,0.0,0.0015473495004698634,0.0015473495004698634
2024-01-14 07:00:00+09:00,0.0,0.0,0.027198484167456627,0.027198484167456627,0.0,0.025518236681818962,0.025518236681818962
2024-01-14 08:00:00+09:00,0.003712259,0.0,0.07083884626626968,0.07083884626626968,0.0,0.08759523928165436,0.08759523928165436
2024-01-14 09:00:00+09:00,0.085376821,0.003712259,0.15866181976145172,0.15866181976145172,0.0,0.3313162326812744,0.3313162326812744
2024-01-14 10:00:00+09:00,0.218267681,0.085376821,0.21768339677514648,0.21768339677514648,0.0,0.3075348138809204,0.3075348138809204
2024-01-14 11:00:00+09:00,0.36526533,0.218267681,0.258127057847744,0.258127057847744,0.003712259,0.26116298860853576,0.26116298860853576
2024-01-14 12:00:00+09:00,0.458808915,0.36526533,0.4343697779608536,0.4343697779608536,0.085376821,0.3410947243756256,0.3410947243756256
2024-01-14 13:00:00+09:00,0.483308181,0.458808915,0.4543449713471913,0.4543449713471913,0.218267681,0.4226332771751938,0.4226332771751938
2024-01-14 14:00:00+09:00,0.45435441,0.483308181,0.4415313190045414,0.4415313190045414,0.36526533,0.3875914846343565,0.3875914846343565
2024-01-14 15:00:00+09:00,0.363037564,0.45435441,0.33526251179710387,0.33526251179710387,0.458808915,0.2738759827423477,0.2738759827423477
2024-01-14 16:00:00+09:00,0.224949952,0.363037564,0.20837058885942839,0.20837058885942839,0.483308181,0.14338122291589356,0.14338122291589356
2024-01-14 17:00:00+09:00,0.090573573,0.224949952,0.17169203960261537,0.17169203960261537,0.45435441,0.18073541385665892,0.18073541385665892
2024-01-14 18:00:00+09:00,0.007424518,0.090573573,0.0,0.0,0.363037564,0.13403738304029844,0.13403738304029844
2024-01-14 19:00:00+09:00,0.0,0.007424518,0.0,0.0,0.224949952,0.0,0.0
2024-01-14 20:00:00+09:00,0.0,0.0,0.0,0.0,0.090573573,0.0,0.0
2024-01-14 21:00:00+09:00,0.0,0.0,0.0,0.0,0.007424518,0.0,0.0
2024-01-14 22:00:00+09:00,0.0,0.0,0.0,0.0,0.0,0.0,0.0
2024-01-14 23:00:00+09:00,0.0,0.0,0.0,0.0,0.0,0.0,0.0
2024-01-15 00:00:00+09:00,0.0,0.0,0.00023431330919265747,0.00023431330919265747,0.0,0.00036047722096554935,0.00036047722096554935
2024-01-15 01:00:00+09:00,0.0,0.0,0.00023431330919265747,0.00023431330919265747,0.0,0.00036047722096554935,0.00036047722096554935
2024-01-15 02:00:00+09:00,0.0,0.0,0.00023431330919265747,0.00023431330919265747,0.0,0.00036047722096554935,0.00036047722096554935
2024-01-15 03:00:00+09:00,0.0,0.0,0.00023431330919265747,0.00023431330919265747,0.0,0.00036047722096554935,0.00036047722096554935
2024-01-15 04:00:00+09:00,0.0,0.0,0.00023431330919265747,0.00023431330919265747,0.0,0.00036047722096554935,0.00036047722096554935
2024-01-15 05:00:00+09:00,0.0,0.0,0.00023431330919265747,0.00023431330919265747,0.0,0.00036047722096554935,0.00036047722096554935
2024-01-15 06:00:00+09:00,0.0,0.0,0.0004553886246867478,0.0004553886246867478,0.0,0.0,0.0
2024-01-15 07:00:00+09:00,0.0,0.0,0.013320459052920341,0.013320459052920341,0.0,0.006033738609403372,0.006033738609403372
2024-01-15 08:00:00+09:00,0.002970012,0.0,0.05555611476302147,0.05555611476302147,0.0,0.07888404279947281,0.07888404279947281
2024-01-15 09:00:00+09:00,0.083150082,0.002970012,0.148354293873703,0.148354293873703,0.0,0.2861194312572479,0.2861194312572479
2024-01-15 10:00:00+09:00,0.235343456,0.083150082,0.20428202367613985,0.20428202367613985,0.0,0.28964075446128845,0.28964075446128845
2024-01-15 11:00:00+09:00,0.386052337,0.235343456,0.2920003083645401,0.2920003083645401,0.002970012,0.25378638701716616,0.25378638701716616
2024-01-15 12:00:00+09:00,0.479595922,0.386052337,0.42147540346704676,0.42147540346704676,0.083150082,0.3012420914251633,0.3012420914251633
2024-01-15 13:00:00+09:00,0.513746445,0.479595922,0.48027268378878174,0.48027268378878174,0.235343456,0.3636657443939743,0.3636657443939743
2024-01-15 14:00:00+09:00,0.484050428,0.513746445,0.47404246491176605,0.47404246491176605,0.386052337,0.3294092868360157,0.3294092868360157
2024-01-15 15:00:00+09:00,0.384567844,0.484050428,0.4053573733835487,0.4053573733835487,0.479595922,0.35850159085471345,0.35850159085471345
2024-01-15 16:00:00+09:00,0.247222479,0.384567844,0.2522331348325195,0.2522331348325195,0.513746445,0.3054928527472687,0.3054928527472687
2024-01-15 17:00:00+09:00,0.109876087,0.247222479,0.21968286813726806,0.21968286813726806,0.484050428,0.3473352393775253,0.3473352393775253
2024-01-15 18:00:00+09:00,0.008909011,0.109876087,0.0023230221768493625,0.0023230221768493625,0.384567844,0.16074289592756652,0.16074289592756652
2024-01-15 19:00:00+09:00,0.0,0.008909011,0.0,0.0,0.247222479,0.0,0.0
2024-01-15 20:00:00+09:00,0.0,0.0,0.0,0.0,0.109876087,0.0,0.0
2024-01-15 21:00:00+09:00,0.0,0.0,0.0,0.0,0.008909011,0.0,0.0
2024-01-15 22:00:00+09:00,0.0,0.0,0.0,0.0,0.0,0.0,0.0
2024-01-15 23:00:00+09:00,0.0,0.0,0.0,0.0,0.0,0.0,0.0
2024-01-16 00:00:00+09:00,0.0,0.0,0.0,0.0,0.0,0.0,0.0
2024-01-16 01:00:00+09:00,0.0,0.0,0.0,0.0,0.0,0.0,0.0
2024-01-16 02:00:00+09:00,0.0,0.0,0.0,0.0,0.0,0.0,0.0
2024-01-16 03:00:00+09:00,0.0,0.0,0.0,0.0,0.0,0.0,0.0
2024-01-16 04:00:00+09:00,0.0,0.0,0.0,0.0,0.0,0.0,0.0
2024-01-16 05:00:00+09:00,0.0,0.0,0.0,0.0,0.0,0.0,0.0
2024-01-16 06:00:00+09:00,0.0,0.0,0.0,0.0,0.0,0.0,0.0
2024-01-16 07:00:00+09:00,0.0,0.0,0.012111610732972622,0.012111610732972622,0.0,0.007639830466359854,0.007639830466359854
2024-01-16 08:00:00+09:00,0.002970012,0.0,0.03579676151275635,0.03579676151275635,0.0,0.0,0.0
2024-01-16 09:00:00+09:00,0.086119067,0.002970012,0.09535313593426895,0.09535313593426895,0.0,0.2537938058376312,0.2537938058376312
2024-01-16 10:00:00+09:00,0.2420247,0.086119067,0.2061245702968521,0.2061245702968521,0.0,0.22506475448608398,0.22506475448608398
2024-01-16 11:00:00+09:00,0.386052337,0.2420247,0.3255602669260025,0.3255602669260025,0.002970012,0.20040364759246063,0.20040364759246063
2024-01-16 12:00:00+09:00,0.464005667,0.386052337,0.42249440819941714,0.42249440819941714,0.086119067,0.2628806792961044,0.2628806792961044
2024-01-16 13:00:00+09:00,0.479595922,0.464005667,0.3641422421028061,0.3641422421028061,0.2420247,0.21396041738898755,0.21396041738898755
2024-01-16 14:00:00+09:00,0.45286889,0.479595922,0.43674725300748063,0.43674725300748063,0.386052337,0.2782732513638611,0.2782732513638611
2024-01-16 15:00:00+09:00,0.296963257,0.45286889,0.3978243805295372,0.3978243805295372,0.464005667,0.27511000934142305,0.27511000934142305
2024-01-16 16:00:00+09:00,0.213070929,0.296963257,0.22216838340476225,0.22216838340476225,0.479595922,0.23674608028609467,0.23674608028609467
2024-01-16 17:00:00+09:00,0.099482583,0.213070929,0.13627137238703155,0.13627137238703155,0.45286889,0.30939355118335726,0.30939355118335726
2024-01-16 18:00:00+09:00,0.01113575,0.099482583,0.05289190833144951,0.05289190833144951,0.296963257,0.2286162201614685,0.2286162201614685
2024-01-16 19:00:00+09:00,0.0,0.01113575,0.0,0.0,0.213070929,0.04065133626184844,0.04065133626184844
2024-01-16 20:00:00+09:00,0.0,0.0,0.0,0.0,0.099482583,0.02081233461075592,0.02081233461075592
2024-01-16 21:00:00+09:00,0.0,0.0,0.004079765174537897,0.004079765174537897,0.01113575,0.0,0.0
2024-01-16 22:00:00+09:00,0.0,0.0,0.004770586732774973,0.004770586732774973,0.0,0.0031557101756334305,0.0031557101756334305
2024-01-16 23:00:00+09:00,0.0,0.0,0.004770586732774973,0.004770586732774973,0.0,0.022660119459033012,0.022660119459033012
2024-01-17 00:00:00+09:00,0.0,0.0,0.0,0.0,0.0,0.0,0.0
2024-01-17 01:00:00+09:00,0.0,0.0,0.0,0.0,0.0,0.0,0.0
2024-01-17 02:00:00+09:00,0.0,0.0,0.0,0.0,0.0,0.0,0.0
2024-01-17 03:00:00+09:00,0.0,0.0,0.0,0.0,0.0,0.0,0.0
2024-01-17 04:00:00+09:00,0.0,0.0,0.0,0.0,0.0,0.0,0.0
2024-01-17 05:00:00+09:00,0.0,0.0,0.0,0.0,0.0,0.0,0.0
2024-01-17 06:00:00+09:00,0.0,0.0,0.0,0.0,0.0,0.0,0.0
2024-01-17 07:00:00+09:00,0.0,0.0,0.02248341776430607,0.02248341776430607,0.0,0.01750962994992733,0.01750962994992733
2024-01-17 08:00:00+09:00,0.001484493,0.0,0.05717021971940994,0.05717021971940994,0.0,0.008431176654994488,0.008431176654994488
2024-01-17 09:00:00+09:00,0.048256285,0.001484493,0.12881053446003723,0.12881053446003723,0.0,0.26219335198402405,0.26219335198402405
2024-01-17 10:00:00+09:00,0.085376821,0.048256285,0.15091008644119264,0.15091008644119264,0.0,0.25023722648620605,0.25023722648620605
2024-01-17 11:00:00+09:00,0.138830885,0.085376821,0.1787729184216461,0.1787729184216461,0.001484493,0.20759520886608887,0.20759520886608887
2024-01-17 12:00:00+09:00,0.161844631,0.138830885,0.1647482921252346,0.1647482921252346,0.048256285,0.2247491399528122,0.2247491399528122
2024-01-17 13:00:00+09:00,0.086861314,0.161844631,0.15516694290055608,0.15516694290055608,0.085376821,0.1706751058882675,0.1706751058882675
2024-01-17 14:00:00+09:00,0.086119067,0.086861314,0.06765023966263675,0.06765023966263675,0.138830885,0.17527718812919615,0.17527718812919615
2024-01-17 15:00:00+09:00,0.05642305,0.086119067,0.08419299005228859,0.08419299005228859,0.161844631,0.22719711558385466,0.22719711558385466
2024-01-17 16:00:00+09:00,0.057907543,0.05642305,0.0,0.0,0.086861314,0.0,0.0
2024-01-17 17:00:00+09:00,0.010393504,0.057907543,0.0,0.0,0.086119067,0.0,0.0
2024-01-17 18:00:00+09:00,0.0,0.010393504,0.0,0.0,0.05642305,0.0,0.0
2024-01-17 19:00:00+09:00,0.0,0.0,0.0,0.0,0.057907543,0.0,0.0
2024-01-17 20:00:00+09:00,0.0,0.0,0.0,0.0,0.010393504,0.0,0.0
2024-01-17 21:00:00+09:00,0.0,0.0,0.0,0.0,0.0,0.0,0.0
2024-01-17 22:00:00+09:00,0.0,0.0,0.0,0.0,0.0,0.0,0.0
2024-01-17 23:00:00+09:00,0.0,0.0,0.0,0.0,0.0,0.0,0.0
2024-01-18 00:00:00+09:00,0.0,0.0,0.0005077158566564322,0.0005077158566564322,0.0,0.001400443841703236,0.001400443841703236
2024-01-18 01:00:00+09:00,0.0,0.0,0.0005077158566564322,0.0005077158566564322,0.0,0.001400443841703236,0.001400443841703236
2024-01-18 02:00:00+09:00,0.0,0.0,0.0005077158566564322,0.0005077158566564322,0.0,0.001400443841703236,0.001400443841703236
2024-01-18 03:00:00+09:00,0.0,0.0,0.0005077158566564322,0.0005077158566564322,0.0,0.001400443841703236,0.001400443841703236
2024-01-18 04:00:00+09:00,0.0,0.0,0.0005077158566564322,0.0005077158566564322,0.0,0.001400443841703236,0.001400443841703236
2024-01-18 05:00:00+09:00,0.0,0.0,0.0005077158566564322,0.0005077158566564322,0.0,0.001400443841703236,0.001400443841703236
2024-01-18 06:00:00+09:00,0.0,0.0,0.00031330244382843375,0.00031330244382843375,0.0,7.431963604176417e-05,7.431963604176417e-05
2024-01-18 07:00:00+09:00,0.0,0.0,0.024175256490707397,0.024175256490707397,0.0,0.022600846365094185,0.022600846365094185
2024-01-18 08:00:00+09:00,0.0,0.0,0.07476137578487396,0.07476137578487396,0.0,0.11588943749666214,0.11588943749666214
2024-01-18 09:00:00+09:00,0.007424518,0.0,0.1375376582145691,0.1375376582145691,0.0,0.31779903173446655,0.31779903173446655
2024-01-18 10:00:00+09:00,0.051968544,0.007424518,0.15603378368508147,0.15603378368508147,0.0,0.3971535265445709,0.3971535265445709
2024-01-18 11:00:00+09:00,0.029696018,0.051968544,0.06433863306900883,0.06433863306900883,0.0,0.2254182994365692,0.2254182994365692
2024-01-18 12:00:00+09:00,0.066816553,0.029696018,0.04298894715761471,0.04298894715761471,0.007424518,0.1698676045049362,0.1698676045049362
2024-01-18 13:00:00+09:00,0.03266603,0.066816553,0.10985749912598419,0.10985749912598419,0.051968544,0.24773269819578553,0.24773269819578553
2024-01-18 14:00:00+09:00,0.014848009,0.03266603,0.07398559398487091,0.07398559398487091,0.029696018,0.16251693715607451,0.16251693715607451
2024-01-18 15:00:00+09:00,0.008166764,0.014848009,0.0,0.0,0.066816553,0.0,0.0
2024-01-18 16:00:00+09:00,0.016332502,0.008166764,0.0,0.0,0.03266603,0.0,0.0
2024-01-18 17:00:00+09:00,0.006681245,0.016332502,0.0,0.0,0.014848009,0.0,0.0
2024-01-18 18:00:00+09:00,0.0,0.006681245,0.0,0.0,0.008166764,0.0,0.0
2024-01-18 19:00:00+09:00,0.0,0.0,0.0,0.0,0.016332502,0.0,0.0
2024-01-18 20:00:00+09:00,0.0,0.0,0.0,0.0,0.006681245,0.0,0.0
2024-01-18 21:00:00+09:00,0.0,0.0,0.0,0.0,0.0,0.0,0.0
2024-01-18 22:00:00+09:00,0.0,0.0,0.0,0.0,0.0,0.0,0.0
2024-01-18 23:00:00+09:00,0.0,0.0,0.0,0.0,0.0,0.0,0.0
2024-01-19 00:00:00+09:00,0.0,0.0,0.00010028106044046581,0.00010028106044046581,0.0,0.0004019767511636019,0.0004019767511636019
2024-01-19 01:00:00+09:00,0.0,0.0,0.00010028106044046581,0.00010028106044046581,0.0,0.0004019767511636019,0.0004019767511636019
2024-01-19 02:00:00+09:00,0.0,0.0,0.00010028106044046581,0.00010028106044046581,0.0,0.0004019767511636019,0.0004019767511636019
2024-01-19 03:00:00+09:00,0.0,0.0,0.00010028106044046581,0.00010028106044046581,0.0,0.0004019767511636019,0.0004019767511636019
2024-01-19 04:00:00+09:00,0.0,0.0,0.00010028106044046581,0.00010028106044046581,0.0,0.0004019767511636019,0.0004019767511636019
2024-01-19 05:00:00+09:00,0.0,0.0,0.00010028106044046581,0.00010028106044046581,0.0,0.0004019767511636019,0.0004019767511636019
2024-01-19 06:00:00+09:00,0.0,0.0,4.917444312013686e-05,4.917444312013686e-05,0.0,0.0,0.0
2024-01-19 07:00:00+09:00,0.0,0.0,0.02320602536201477,0.02320602536201477,0.0,0.022499393671751022,0.022499393671751022
2024-01-19 08:00:00+09:00,0.0,0.0,0.059873297810554504,0.059873297810554504,0.0,0.04662963002920151,0.04662963002920151
2024-01-19 09:00:00+09:00,0.03266603,0.0,0.1462557166814804,0.1462557166814804,0.0,0.27173328399658203,0.27173328399658203
2024-01-19 10:00:00+09:00,0.225692199,0.03266603,0.1498690495593834,0.1498690495593834,0.0,0.3294084966182709,0.3294084966182709
2024-01-19 11:00:00+09:00,0.206389685,0.225692199,0.23103371999862696,0.23103371999862696,0.0,0.12491974234580994,0.12491974234580994
2024-01-19 12:00:00+09:00,0.361553071,0.206389685,0.24406490924459456,0.24406490924459456,0.03266603,0.22402107961013795,0.22402107961013795
2024-01-19 13:00:00+09:00,0.351901814,0.361553071,0.35211689297886706,0.35211689297886706,0.225692199,0.26251722259151844,0.26251722259151844
2024-01-19 14:00:00+09:00,0.305130021,0.351901814,0.378631792621006,0.378631792621006,0.206389685,0.2729408115397072,0.2729408115397072
2024-01-19 15:00:00+09:00,0.181890419,0.305130021,0.2699744601787052,0.2699744601787052,0.361553071,0.3551888986754618,0.3551888986754618
2024-01-19 16:00:00+09:00,0.079437823,0.181890419,0.0984061716731491,0.0984061716731491,0.351901814,0.2641354423326149,0.2641354423326149
2024-01-19 17:00:00+09:00,0.027469278,0.079437823,0.0,0.0,0.305130021,0.007481293106170628,0.007481293106170628
2024-01-19 18:00:00+09:00,0.0,0.027469278,0.0,0.0,0.181890419,0.0,0.0
2024-01-19 19:00:00+09:00,0.0,0.0,0.0,0.0,0.079437823,0.0,0.0
2024-01-19 20:00:00+09:00,0.0,0.0,0.0,0.0,0.027469278,0.0,0.0
2024-01-19 21:00:00+09:00,0.0,0.0,0.0002893940545618534,0.0002893940545618534,0.0,0.0,0.0
2024-01-19 22:00:00+09:00,0.0,0.0,0.0008124064770527184,0.0008124064770527184,0.0,0.0,0.0
2024-01-19 23:00:00+09:00,0.0,0.0,0.0008124064770527184,0.0008124064770527184,0.0,0.0028157844208180904,0.0028157844208180904
2024-01-20 00:00:00+09:00,0.0,0.0,0.0,0.0,0.0,0.0,0.0
2024-01-20 01:00:00+09:00,0.0,0.0,0.0,0.0,0.0,0.0,0.0
2024-01-20 02:00:00+09:00,0.0,0.0,0.0,0.0,0.0,0.0,0.0
2024-01-20 03:00:00+09:00,0.0,0.0,0.0,0.0,0.0,0.0,0.0
2024-01-20 04:00:00+09:00,0.0,0.0,0.0,0.0,0.0,0.0,0.0
2024-01-20 05:00:00+09:00,0.0,0.0,0.0,0.0,0.0,0.0,0.0
2024-01-20 06:00:00+09:00,0.0,0.0,0.0,0.0,0.0,0.0,0.0
2024-01-20 07:00:00+09:00,0.0,0.0,0.021729690954089165,0.021729690954089165,0.0,0.021262746304273605,0.021262746304273605
2024-01-20 08:00:00+09:00,0.0,0.0,0.04923640936613083,0.04923640936613083,0.0,0.032426849007606506,0.032426849007606506
2024-01-20 09:00:00+09:00,0.016332502,0.0,0.11404754221439362,0.11404754221439362,0.0,0.2120547890663147,0.2120547890663147
2024-01-20 10:00:00+09:00,0.027469278,0.016332502,0.09364751213040542,0.09364751213040542,0.0,0.23312214016914368,0.23312214016914368
2024-01-20 11:00:00+09:00,0.036378289,0.027469278,0.07987390892923164,0.07987390892923164,0.0,0.2960450351238251,0.2960450351238251
2024-01-20 12:00:00+09:00,0.028953771,0.036378289,0.09162217600723649,0.09162217600723649,0.016332502,0.27226685964312747,0.27226685964312747
2024-01-20 13:00:00+09:00,0.03266603,0.028953771,0.05434181996175862,0.05434181996175862,0.027469278,0.22120884122669981,0.22120884122669981
2024-01-20 14:00:00+09:00,0.028953771,0.03266603,0.06624201185539245,0.06624201185539245,0.036378289,0.258633042112793,0.258633042112793
2024-01-20 15:00:00+09:00,0.028211525,0.028953771,0.0,0.0,0.028953771,0.0,0.0
2024-01-20 16:00:00+09:00,0.019302514,0.028211525,0.0,0.0,0.03266603,0.0,0.0
2024-01-20 17:00:00+09:00,0.004454505,0.019302514,0.0,0.0,0.028953771,0.0,0.0
2024-01-20 18:00:00+09:00,0.0,0.004454505,0.0,0.0,0.028211525,0.0,0.0
2024-01-20 19:00:00+09:00,0.0,0.0,0.0,0.0,0.019302514,0.0,0.0
2024-01-20 20:00:00+09:00,0.0,0.0,0.0,0.0,0.004454505,0.0,0.0
2024-01-20 21:00:00+09:00,0.0,0.0,0.001444439752958715,0.001444439752958715,0.0,0.0,0.0
2024-01-20 22:00:00+09:00,0.0,0.0,0.001967452932149172,0.001967452932149172,0.0,0.0,0.0
2024-01-20 23:00:00+09:00,0.0,0.0,0.001967452932149172,0.001967452932149172,0.0,0.00564777385443449,0.00564777385443449
2024-01-21 00:00:00+09:00,0.0,0.0,0.00046919664600864053,0.00046919664600864053,0.0,0.0011268154485151172,0.0011268154485151172
2024-01-21 01:00:00+09:00,0.0,0.0,0.00046919664600864053,0.00046919664600864053,0.0,0.0011268154485151172,0.0011268154485151172
2024-01-21 02:00:00+09:00,0.0,0.0,0.00046919664600864053,0.00046919664600864053,0.0,0.0011268154485151172,0.0011268154485151172
2024-01-21 03:00:00+09:00,0.0,0.0,0.00046919664600864053,0.00046919664600864053,0.0,0.0011268154485151172,0.0011268154485151172
2024-01-21 04:00:00+09:00,0.0,0.0,0.00046919664600864053,0.00046919664600864053,0.0,0.0011268154485151172,0.0011268154485151172
2024-01-21 05:00:00+09:00,0.0,0.0,0.00046919664600864053,0.00046919664600864053,0.0,0.0011268154485151172,0.0011268154485151172
2024-01-21 06:00:00+09:00,0.0,0.0,0.0005116335232742131,0.0005116335232742131,0.0,0.0015473495004698634,0.0015473495004698634
2024-01-21 07:00:00+09:00,0.0,0.0,0.027198484167456627,0.027198484167456627,0.0,0.025518236681818962,0.025518236681818962
2024-01-21 08:00:00+09:00,0.005196752,0.0,0.06358350813388824,0.06358350813388824,0.0,0.05653959885239601,0.05653959885239601
2024-01-21 09:00:00+09:00,0.052710791,0.005196752,0.14012783949389648,0.14012783949389648,0.0,0.2639116644859314,0.2639116644859314
2024-01-21 10:00:00+09:00,0.118785098,0.052710791,0.1713352993808899,0.1713352993808899,0.0,0.3558977544307709,0.3558977544307709
2024-01-21 11:00:00+09:00,0.199707413,0.118785098,0.14851065519316006,0.14851065519316006,0.005196752,0.23806239848151398,0.23806239848151398
2024-01-21 12:00:00+09:00,0.329629287,0.199707413,0.1830773911447649,0.1830773911447649,0.052710791,0.10418975807057954,0.10418975807057954
2024-01-21 13:00:00+09:00,0.325917029,0.329629287,0.33303035084828686,0.33303035084828686,0.118785098,0.16856103370947648,0.16856103370947648
2024-01-21 14:00:00+09:00,0.364523084,0.325917029,0.2820715393788376,0.2820715393788376,0.199707413,0.1986338052907412,0.1986338052907412
2024-01-21 15:00:00+09:00,0.38753683,0.364523084,0.25882265819633865,0.25882265819633865,0.329629287,0.2447833641126747,0.2447833641126747
2024-01-21 16:00:00+09:00,0.139573131,0.38753683,0.2618879589358139,0.2618879589358139,0.325917029,0.08393455407686617,0.08393455407686617
2024-01-21 17:00:00+09:00,0.044544027,0.139573131,0.04728229740758513,0.04728229740758513,0.364523084,0.14437565310324096,0.14437565310324096
2024-01-21 18:00:00+09:00,0.002970012,0.044544027,0.0,0.0,0.38753683,0.052595264009552,0.052595264009552
2024-01-21 19:00:00+09:00,0.0,0.002970012,0.0,0.0,0.139573131,0.0,0.0
2024-01-21 20:00:00+09:00,0.0,0.0,0.0,0.0,0.044544027,0.0,0.0
2024-01-21 21:00:00+09:00,0.0,0.0,0.0,0.0,0.002970012,0.0,0.0
2024-01-21 22:00:00+09:00,0.0,0.0,0.0,0.0,0.0,0.0,0.0
2024-01-21 23:00:00+09:00,0.0,0.0,0.0,0.0,0.0,0.0,0.0
2024-01-22 00:00:00+09:00,0.0,0.0,0.00023431330919265747,0.00023431330919265747,0.0,0.00036047722096554935,0.00036047722096554935
2024-01-22 01:00:00+09:00,0.0,0.0,0.00023431330919265747,0.00023431330919265747,0.0,0.00036047722096554935,0.00036047722096554935
2024-01-22 02:00:00+09:00,0.0,0.0,0.00023431330919265747,0.00023431330919265747,0.0,0.00036047722096554935,0.00036047722096554935
2024-01-22 03:00:00+09:00,0.0,0.0,0.00023431330919265747,0.00023431330919265747,0.0,0.00036047722096554935,0.00036047722096554935
2024-01-22 04:00:00+09:00,0.0,0.0,0.00023431330919265747,0.00023431330919265747,0.0,0.00036047722096554935,0.00036047722096554935
2024-01-22 05:00:00+09:00,0.0,0.0,0.00023431330919265747,0.00023431330919265747,0.0,0.00036047722096554935,0.00036047722096554935
2024-01-22 06:00:00+09:00,0.0,0.0,0.0004553886246867478,0.0004553886246867478,0.0,0.0,0.0
2024-01-22 07:00:00+09:00,0.0,0.0,0.013320459052920341,0.013320459052920341,0.0,0.006033738609403372,0.006033738609403372
2024-01-22 08:00:00+09:00,0.002226739,0.0,0.0651700496673584,0.0651700496673584,0.0,0.08664961904287338,0.08664961904287338
2024-01-22 09:00:00+09:00,0.078695576,0.002226739,0.12130345291963959,0.12130345291963959,0.0,0.22031047940254211,0.22031047940254211
2024-01-22 10:00:00+09:00,0.234601209,0.078695576,0.1874391318438301,0.1874391318438301,0.0,0.2570086419582367,0.2570086419582367
2024-01-22 11:00:00+09:00,0.384567844,0.234601209,0.28869598923648265,0.28869598923648265,0.002226739,0.21385392434469605,0.21385392434469605
2024-01-22 12:00:00+09:00,0.494443931,0.384567844,0.43594258862389945,0.43594258862389945,0.078695576,0.2893746451614151,0.2893746451614151
2024-01-22 13:00:00+09:00,0.535276725,0.494443931,0.5312399867341575,0.5312399867341575,0.234601209,0.3138980139645424,0.3138980139645424
2024-01-22 14:00:00+09:00,0.384567844,0.535276725,0.47672526077017785,0.47672526077017785,0.384567844,0.3383319510783138,0.3383319510783138
2024-01-22 15:00:00+09:00,0.372688821,0.384567844,0.30822938891901397,0.30822938891901397,0.494443931,0.37288792462802506,0.37288792462802506
2024-01-22 16:00:00+09:00,0.283599741,0.372688821,0.2623346656979523,0.2623346656979523,0.535276725,0.39691185862407685,0.39691185862407685
2024-01-22 17:00:00+09:00,0.126951862,0.283599741,0.18142128660089113,0.18142128660089113,0.384567844,0.27873973014606857,0.27873973014606857
2024-01-22 18:00:00+09:00,0.017075775,0.126951862,0.01658830406523895,0.01658830406523895,0.372688821,0.061392805022140506,0.061392805022140506
2024-01-22 19:00:00+09:00,0.0,0.017075775,0.0,0.0,0.283599741,0.0,0.0
2024-01-22 20:00:00+09:00,0.0,0.0,0.0,0.0,0.126951862,0.0,0.0
2024-01-22 21:00:00+09:00,0.0,0.0,0.0,0.0,0.017075775,0.0,0.0
2024-01-22 22:00:00+09:00,0.0,0.0,0.0,0.0,0.0,0.0,0.0
2024-01-22 23:00:00+09:00,0.0,0.0,0.0,0.0,0.0,0.0,0.0
2024-01-23 00:00:00+09:00,0.0,0.0,0.0,0.0,0.0,0.0,0.0
2024-01-23 01:00:00+09:00,0.0,0.0,0.0,0.0,0.0,0.0,0.0
2024-01-23 02:00:00+09:00,0.0,0.0,0.0,0.0,0.0,0.0,0.0
2024-01-23 03:00:00+09:00,0.0,0.0,0.0,0.0,0.0,0.0,0.0
2024-01-23 04:00:00+09:00,0.0,0.0,0.0,0.0,0.0,0.0,0.0
2024-01-23 05:00:00+09:00,0.0,0.0,0.0,0.0,0.0,0.0,0.0
2024-01-23 06:00:00+09:00,0.0,0.0,0.0,0.0,0.0,0.0,0.0
2024-01-23 07:00:00+09:00,0.0,0.0,0.012111610732972622,0.012111610732972622,0.0,0.007639830466359854,0.007639830466359854
2024-01-23 08:00:00+09:00,0.004454505,0.0,0.04076860100030899,0.04076860100030899,0.0,0.07160833477973938,0.07160833477973938
2024-01-23 09:00:00+09:00,0.09799809,0.004454505,0.07064972475517273,0.07064972475517273,0.0,0.174356609582901,0.174356609582901
2024-01-23 10:00:00+09:00,0.273948484,0.09799809,0.2180035932968521,0.2180035932968521,0.0,0.22506475448608398,0.22506475448608398
2024-01-23 11:00:00+09:00,0.438020881,0.273948484,0.3574840509260025,0.3574840509260025,0.004454505,0.20188814059246063,0.20188814059246063
2024-01-23 12:00:00+09:00,0.533792233,0.438020881,0.4701453928975639,0.4701453928975639,0.09799809,0.37044671914085386,0.37044671914085386
2024-01-23 13:00:00+09:00,0.562003757,0.533792233,0.5251646171309547,0.5251646171309547,0.273948484,0.3877824776733246,0.3877824776733246
2024-01-23 14:00:00+09:00,0.524139949,0.562003757,0.5222371510565587,0.5222371510565587,0.438020881,0.32854685533328626,0.32854685533328626
2024-01-23 15:00:00+09:00,0.42168838,0.524139949,0.4664533146382561,0.4664533146382561,0.533792233,0.3728652949430542,0.3728652949430542
2024-01-23 16:00:00+09:00,0.236827949,0.42168838,0.38759377813041684,0.38759377813041684,0.562003757,0.4717401444316216,0.4717401444316216
2024-01-23 17:00:00+09:00,0.125467369,0.236827949,0.20838874199747945,0.20838874199747945,0.524139949,0.45867902866613774,0.45867902866613774
2024-01-23 18:00:00+09:00,0.017818021,0.125467369,0.06692359004406356,0.06692359004406356,0.42168838,0.28997168159187314,0.28997168159187314
2024-01-23 19:00:00+09:00,0.0,0.017818021,0.001142600894542694,0.001142600894542694,0.236827949,0.06440835626184846,0.06440835626184846
2024-01-23 20:00:00+09:00,0.0,0.0,0.0,0.0,0.125467369,0.046797120610755916,0.046797120610755916
2024-01-23 21:00:00+09:00,0.0,0.0,0.004079765174537897,0.004079765174537897,0.017818021,0.0,0.0
2024-01-23 22:00:00+09:00,0.0,0.0,0.004770586732774973,0.004770586732774973,0.0,0.0031557101756334305,0.0031557101756334305
2024-01-23 23:00:00+09:00,0.0,0.0,0.004770586732774973,0.004770586732774973,0.0,0.022660119459033012,0.022660119459033012
2024-01-24 00:00:00+09:00,0.0,0.0,0.0,0.0,0.0,0.0,0.0
2024-01-24 01:00:00+09:00,0.0,0.0,0.0,0.0,0.0,0.0,0.0
2024-01-24 02:00:00+09:00,0.0,0.0,0.0,0.0,0.0,0.0,0.0
2024-01-24 03:00:00+09:00,0.0,0.0,0.0,0.0,0.0,0.0,0.0
2024-01-24 04:00:00+09:00,0.0,0.0,0.0,0.0,0.0,0.0,0.0
2024-01-24 05:00:00+09:00,0.0,0.0,0.0,0.0,0.0,0.0,0.0
2024-01-24 06:00:00+09:00,0.0,0.0,0.0,0.0,0.0,0.0,0.0
2024-01-24 07:00:00+09:00,0.0,0.0,0.02248341776430607,0.02248341776430607,0.0,0.01750962994992733,0.01750962994992733
2024-01-24 08:00:00+09:00,0.004454505,0.0,0.05647002160549164,0.05647002160549164,0.0,0.08329340815544128,0.08329340815544128
2024-01-24 09:00:00+09:00,0.09799809,0.004454505,0.07977674559104919,0.07977674559104919,0.0,0.21900878846645355,0.21900878846645355
2024-01-24 10:00:00+09:00,0.270979498,0.09799809,0.21538989237054823,0.21538989237054823,0.0,0.25279301404953003,0.25279301404953003
2024-01-24 11:00:00+09:00,0.432081883,0.270979498,0.39021222707733916,0.39021222707733916,0.004454505,0.24054242328155517,0.24054242328155517
2024-01-24 12:00:00+09:00,0.527852208,0.432081883,0.5080016825066642,0.5080016825066642,0.09799809,0.39895821353897093,0.39895821353897093
2024-01-24 13:00:00+09:00,0.560518238,0.527852208,0.52945679996195,0.52945679996195,0.270979498,0.3729701754163246,0.3729701754163246
2024-01-24 14:00:00+09:00,0.531564467,0.560518238,0.5559079239660745,0.5559079239660745,0.432081883,0.4613985597805815,0.4613985597805815
2024-01-24 15:00:00+09:00,0.431339637,0.531564467,0.419582441793911,0.419582441793911,0.527852208,0.41646000055628585,0.41646000055628585
2024-01-24 16:00:00+09:00,0.288054247,0.431339637,0.3254698371476288,0.3254698371476288,0.560518238,0.36256486480625916,0.36256486480625916
2024-01-24 17:00:00+09:00,0.136603119,0.288054247,0.22584862688996504,0.22584862688996504,0.531564467,0.38401972536944584,0.38401972536944584
2024-01-24 18:00:00+09:00,0.017075775,0.136603119,0.02889295868496322,0.02889295868496322,0.431339637,0.133228943306839,0.133228943306839
2024-01-24 19:00:00+09:00,0.0,0.017075775,0.0,0.0,0.288054247,0.0,0.0
2024-01-24 20:00:00+09:00,0.0,0.0,0.0,0.0,0.136603119,0.0,0.0
2024-01-24 21:00:00+09:00,0.0,0.0,0.0,0.0,0.017075775,0.0,0.0
2024-01-24 22:00:00+09:00,0.0,0.0,0.0,0.0,0.0,0.0,0.0
2024-01-24 23:00:00+09:00,0.0,0.0,0.0,0.0,0.0,0.0,0.0
2024-01-25 00:00:00+09:00,0.0,0.0,0.0005077158566564322,0.0005077158566564322,0.0,0.001400443841703236,0.001400443841703236
2024-01-25 01:00:00+09:00,0.0,0.0,0.0005077158566564322,0.0005077158566564322,0.0,0.001400443841703236,0.001400443841703236
2024-01-25 02:00:00+09:00,0.0,0.0,0.0005077158566564322,0.0005077158566564322,0.0,0.001400443841703236,0.001400443841703236
2024-01-25 03:00:00+09:00,0.0,0.0,0.0005077158566564322,0.0005077158566564322,0.0,0.001400443841703236,0.001400443841703236
2024-01-25 04:00:00+09:00,0.0,0.0,0.0005077158566564322,0.0005077158566564322,0.0,0.001400443841703236,0.001400443841703236
2024-01-25 05:00:00+09:00,0.0,0.0,0.0005077158566564322,0.0005077158566564322,0.0,0.001400443841703236,0.001400443841703236
2024-01-25 06:00:00+09:00,0.0,0.0,0.00031330244382843375,0.00031330244382843375,0.0,7.431963604176417e-05,7.431963604176417e-05
2024-01-25 07:00:00+09:00,0.0,0.0,0.024175256490707397,0.024175256490707397,0.0,0.022600846365094185,0.022600846365094185
2024-01-25 08:00:00+09:00,0.005196752,0.0,0.06915188580751419,0.06915188580751419,0.0,0.11387959867715836,0.11387959867715836
2024-01-25 09:00:00+09:00,0.10022483,0.005196752,0.10613853667988968,0.10613853667988968,0.0,0.2897733151912689,0.2897733151912689
2024-01-25 10:00:00+09:00,0.268751732,0.10022483,0.24769330748756407,0.24769330748756407,0.0,0.304844468832016,0.304844468832016
2024-01-25 11:00:00+09:00,0.428369624,0.268751732,0.37288609046567156,0.37288609046567156,0.005196752,0.30936753933444217,0.30936753933444217
2024-01-25 12:00:00+09:00,0.468460172,0.428369624,0.5186939215473404,0.5186939215473404,0.10022483,0.4083026719971466,0.4083026719971466
2024-01-25 13:00:00+09:00,0.481822662,0.468460172,0.4919520891780348,0.4919520891780348,0.268751732,0.4358832155548401,0.4358832155548401
2024-01-25 14:00:00+09:00,0.406097098,0.481822662,0.4821793100590962,0.4821793100590962,0.428369624,0.5490152364782562,0.5490152364782562
2024-01-25 15:00:00+09:00,0.457323396,0.406097098,0.3135505828332405,0.3135505828332405,0.468460172,0.42531207534916116,0.42531207534916116
2024-01-25 16:00:00+09:00,0.33111378,0.457323396,0.3221426395503006,0.3221426395503006,0.481822662,0.3858608602922554,0.3858608602922554
2024-01-25 17:00:00+09:00,0.155163387,0.33111378,0.18671519503810885,0.18671519503810885,0.406097098,0.14324290931935119,0.14324290931935119
2024-01-25 18:00:00+09:00,0.018560268,0.155163387,0.016054967581665053,0.016054967581665053,0.457323396,0.08084335306558227,0.08084335306558227
2024-01-25 19:00:00+09:00,0.0,0.018560268,0.0,0.0,0.33111378,0.0,0.0
2024-01-25 20:00:00+09:00,0.0,0.0,0.0,0.0,0.155163387,0.0,0.0
2024-01-25 21:00:00+09:00,0.0,0.0,0.0,0.0,0.018560268,0.0,0.0
2024-01-25 22:00:00+09:00,0.0,0.0,0.0,0.0,0.0,0.0,0.0
2024-01-25 23:00:00+09:00,0.0,0.0,0.0,0.0,0.0,0.0,0.0
2024-01-26 00:00:00+09:00,0.0,0.0,0.00010028106044046581,0.00010028106044046581,0.0,0.0004019767511636019,0.0004019767511636019
2024-01-26 01:00:00+09:00,0.0,0.0,0.00010028106044046581,0.00010028106044046581,0.0,0.0004019767511636019,0.0004019767511636019
2024-01-26 02:00:00+09:00,0.0,0.0,0.00010028106044046581,0.00010028106044046581,0.0,0.0004019767511636019,0.0004019767511636019
2024-01-26 03:00:00+09:00,0.0,0.0,0.00010028106044046581,0.00010028106044046581,0.0,0.0004019767511636019,0.0004019767511636019
2024-01-26 04:00:00+09:00,0.0,0.0,0.00010028106044046581,0.00010028106044046581,0.0,0.0004019767511636019,0.0004019767511636019
2024-01-26 05:00:00+09:00,0.0,0.0,0.00010028106044046581,0.00010028106044046581,0.0,0.0004019767511636019,0.0004019767511636019
2024-01-26 06:00:00+09:00,0.0,0.0,4.917444312013686e-05,4.917444312013686e-05,0.0,0.0,0.0
2024-01-26 07:00:00+09:00,0.0,0.0,0.02320602536201477,0.02320602536201477,0.0,0.022499393671751022,0.022499393671751022
2024-01-26 08:00:00+09:00,0.005196752,0.0,0.07532256841659546,0.07532256841659546,0.0,0.1035340428352356,0.1035340428352356
2024-01-26 09:00:00+09:00,0.10022483,0.005196752,0.1161734256626625,0.1161734256626625,0.0,0.27378442883491516,0.27378442883491516
2024-01-26 10:00:00+09:00,0.26726724,0.10022483,0.19916431584794997,0.19916431584794997,0.0,0.26616227626800537,0.26616227626800537
2024-01-26 11:00:00+09:00,0.423172873,0.26726724,0.355699529659977,0.355699529659977,0.005196752,0.25311055963053897,0.25311055963053897
2024-01-26 12:00:00+09:00,0.516716458,0.423172873,0.5173657876647453,0.5173657876647453,0.10022483,0.4577464235707092,0.4577464235707092
2024-01-26 13:00:00+09:00,0.547154722,0.516716458,0.5202200697769778,0.5202200697769778,0.26726724,0.4758892932655716,0.4758892932655716
2024-01-26 14:00:00+09:00,0.513746445,0.547154722,0.5192555964090796,0.5192555964090796,0.423172873,0.39427653376231003,0.39427653376231003
2024-01-26 15:00:00+09:00,0.420946133,0.513746445,0.46243467268330574,0.46243467268330574,0.516716458,0.49517446579759883,0.49517446579759883
2024-01-26 16:00:00+09:00,0.279145236,0.420946133,0.35015690014992523,0.35015690014992523,0.547154722,0.35544083752715305,0.35544083752715305
2024-01-26 17:00:00+09:00,0.130664121,0.279145236,0.160201783164917,0.160201783164917,0.513746445,0.23025492292625427,0.23025492292625427
2024-01-26 18:00:00+09:00,0.017818021,0.130664121,7.634946508025542e-05,7.634946508025542e-05,0.420946133,0.09646294699345398,0.09646294699345398
2024-01-26 19:00:00+09:00,0.0,0.017818021,0.0,0.0,0.279145236,0.0,0.0
2024-01-26 20:00:00+09:00,0.0,0.0,0.0,0.0,0.130664121,0.0,0.0
2024-01-26 21:00:00+09:00,0.0,0.0,0.0002893940545618534,0.0002893940545618534,0.017818021,0.0,0.0
2024-01-26 22:00:00+09:00,0.0,0.0,0.0008124064770527184,0.0008124064770527184,0.0,0.0,0.0
2024-01-26 23:00:00+09:00,0.0,0.0,0.0008124064770527184,0.0008124064770527184,0.0,0.0028157844208180904,0.0028157844208180904
2024-01-27 00:00:00+09:00,0.0,0.0,0.0,0.0,0.0,0.0,0.0
2024-01-27 01:00:00+09:00,0.0,0.0,0.0,0.0,0.0,0.0,0.0
2024-01-27 02:00:00+09:00,0.0,0.0,0.0,0.0,0.0,0.0,0.0
2024-01-27 03:00:00+09:00,0.0,0.0,0.0,0.0,0.0,0.0,0.0
2024-01-27 04:00:00+09:00,0.0,0.0,0.0,0.0,0.0,0.0,0.0
2024-01-27 05:00:00+09:00,0.0,0.0,0.0,0.0,0.0,0.0,0.0
2024-01-27 06:00:00+09:00,0.0,0.0,0.0,0.0,0.0,0.0,0.0
2024-01-27 07:00:00+09:00,0.0,0.0,0.021729690954089165,0.021729690954089165,0.0,0.021262746304273605,0.021262746304273605
2024-01-27 08:00:00+09:00,0.005938998,0.0,0.06594831496477127,0.06594831496477127,0.0,0.0896170362830162,0.0896170362830162
2024-01-27 09:00:00+09:00,0.097255844,0.005938998,0.09876386685786057,0.09876386685786057,0.0,0.22151818871498108,0.22151818871498108
2024-01-27 10:00:00+09:00,0.261328241,0.097255844,0.17727438670696638,0.17727438670696638,0.0,0.2424117773771286,0.2424117773771286
2024-01-27 11:00:00+09:00,0.414263862,0.261328241,0.33407694674474336,0.33407694674474336,0.005938998,0.208749598399971,0.208749598399971
2024-01-27 12:00:00+09:00,0.507807447,0.414263862,0.468691981212389,0.468691981212389,0.097255844,0.23858242047132872,0.23858242047132872
2024-01-27 13:00:00+09:00,0.54344349,0.507807447,0.547319421900961,0.547319421900961,0.261328241,0.4480553475711975,0.4480553475711975
2024-01-27 14:00:00+09:00,0.50929194,0.54344349,0.5304699877216721,0.5304699877216721,0.414263862,0.4793200518946762,0.4793200518946762
2024-01-27 15:00:00+09:00,0.42020286,0.50929194,0.41803843584293365,0.41803843584293365,0.507807447,0.3369795963005753,0.3369795963005753
2024-01-27 16:00:00+09:00,0.277660743,0.42020286,0.40445197312758924,0.40445197312758924,0.54344349,0.5287746155574227,0.5287746155574227
2024-01-27 17:00:00+09:00,0.13289086,0.277660743,0.17030649692007827,0.17030649692007827,0.50929194,0.3205305418037796,0.3205305418037796
2024-01-27 18:00:00+09:00,0.018560268,0.13289086,0.03125807122264862,0.03125807122264862,0.42020286,0.1778495100759125,0.1778495100759125
2024-01-27 19:00:00+09:00,0.0,0.018560268,0.0,0.0,0.277660743,0.0,0.0
2024-01-27 20:00:00+09:00,0.0,0.0,0.0,0.0,0.13289086,0.0,0.0
2024-01-27 21:00:00+09:00,0.0,0.0,0.001444439752958715,0.001444439752958715,0.018560268,0.0,0.0
2024-01-27 22:00:00+09:00,0.0,0.0,0.001967452932149172,0.001967452932149172,0.0,0.0,0.0
2024-01-27 23:00:00+09:00,0.0,0.0,0.001967452932149172,0.001967452932149172,0.0,0.00564777385443449,0.00564777385443449
2024-01-28 00:00:00+09:00,0.0,0.0,0.00046919664600864053,0.00046919664600864053,0.0,0.0011268154485151172,0.0011268154485151172
2024-01-28 01:00:00+09:00,0.0,0.0,0.00046919664600864053,0.00046919664600864053,0.0,0.0011268154485151172,0.0011268154485151172
2024-01-28 02:00:00+09:00,0.0,0.0,0.00046919664600864053,0.00046919664600864053,0.0,0.0011268154485151172,0.0011268154485151172
2024-01-28 03:00:00+09:00,0.0,0.0,0.00046919664600864053,0.00046919664600864053,0.0,0.0011268154485151172,0.0011268154485151172
2024-01-28 04:00:00+09:00,0.0,0.0,0.00046919664600864053,0.00046919664600864053,0.0,0.0011268154485151172,0.0011268154485151172
2024-01-28 05:00:00+09:00,0.0,0.0,0.00046919664600864053,0.00046919664600864053,0.0,0.0011268154485151172,0.0011268154485151172
2024-01-28 06:00:00+09:00,0.0,0.0,0.0005116335232742131,0.0005116335232742131,0.0,0.0015473495004698634,0.0015473495004698634
2024-01-28 07:00:00+09:00,0.0,0.0,0.027198484167456627,0.027198484167456627,0.0,0.025518236681818962,0.025518236681818962
2024-01-28 08:00:00+09:00,0.005196752,0.0,0.09337759763002396,0.09337759763002396,0.0,0.10797309130430222,0.10797309130430222
2024-01-28 09:00:00+09:00,0.087604587,0.005196752,0.14932699685111236,0.14932699685111236,0.0,0.25117042660713196,0.25117042660713196
2024-01-28 10:00:00+09:00,0.259842722,0.087604587,0.23805004827319337,0.23805004827319337,0.0,0.4437931180000305,0.4437931180000305
2024-01-28 11:00:00+09:00,0.416491628,0.259842722,0.2962694226516457,0.2962694226516457,0.005196752,0.2392224985839386,0.2392224985839386
2024-01-28 12:00:00+09:00,0.513004199,0.416491628,0.4904274422018318,0.4904274422018318,0.087604587,0.44529062978564454,0.44529062978564454
2024-01-28 13:00:00+09:00,0.536761218,0.513004199,0.5397807903158656,0.5397807903158656,0.259842722,0.4683657123459549,0.4683657123459549
2024-01-28 14:00:00+09:00,0.508549694,0.536761218,0.5014562283342533,0.5014562283342533,0.416491628,0.5108333158581047,0.5108333158581047
2024-01-28 15:00:00+09:00,0.427627378,0.508549694,0.3399613239152375,0.3399613239152375,0.513004199,0.22781060669004827,0.22781060669004827
2024-01-28 16:00:00+09:00,0.285827507,0.427627378,0.35787470717547226,0.35787470717547226,0.536761218,0.3691673365121536,0.3691673365121536
2024-01-28 17:00:00+09:00,0.137345365,0.285827507,0.17762758276942442,0.17762758276942442,0.508549694,0.23147571462225347,0.23147571462225347
2024-01-28 18:00:00+09:00,0.020787007,0.137345365,0.00037646920703887643,0.00037646920703887643,0.427627378,0.11454861689923096,0.11454861689923096
2024-01-28 19:00:00+09:00,0.0,0.020787007,0.0,0.0,0.285827507,0.0,0.0
2024-01-28 20:00:00+09:00,0.0,0.0,0.0,0.0,0.137345365,0.0,0.0
2024-01-28 21:00:00+09:00,0.0,0.0,0.0,0.0,0.020787007,0.0,0.0
2024-01-28 22:00:00+09:00,0.0,0.0,0.0,0.0,0.0,0.0,0.0
2024-01-28 23:00:00+09:00,0.0,0.0,0.0,0.0,0.0,0.0,0.0
2024-01-29 00:00:00+09:00,0.0,0.0,0.00023431330919265747,0.00023431330919265747,0.0,0.00036047722096554935,0.00036047722096554935
2024-01-29 01:00:00+09:00,0.0,0.0,0.00023431330919265747,0.00023431330919265747,0.0,0.00036047722096554935,0.00036047722096554935
2024-01-29 02:00:00+09:00,0.0,0.0,0.00023431330919265747,0.00023431330919265747,0.0,0.00036047722096554935,0.00036047722096554935
2024-01-29 03:00:00+09:00,0.0,0.0,0.00023431330919265747,0.00023431330919265747,0.0,0.00036047722096554935,0.00036047722096554935
2024-01-29 04:00:00+09:00,0.0,0.0,0.00023431330919265747,0.00023431330919265747,0.0,0.00036047722096554935,0.00036047722096554935
2024-01-29 05:00:00+09:00,0.0,0.0,0.00023431330919265747,0.00023431330919265747,0.0,0.00036047722096554935,0.00036047722096554935
2024-01-29 06:00:00+09:00,0.0,0.0,0.0004553886246867478,0.0004553886246867478,0.0,0.0,0.0
2024-01-29 07:00:00+09:00,0.0,0.0,0.013320459052920341,0.013320459052920341,0.0,0.006033738609403372,0.006033738609403372
2024-01-29 08:00:00+09:00,0.004454505,0.0,0.0651700496673584,0.0651700496673584,0.0,0.08664961904287338,0.08664961904287338
2024-01-29 09:00:00+09:00,0.085376821,0.004454505,0.15739199176776886,0.15739199176776886,0.0,0.24861621856689453,0.24861621856689453
2024-01-29 10:00:00+09:00,0.245736959,0.085376821,0.23497725232305144,0.23497725232305144,0.0,0.38905730843544006,0.38905730843544006
2024-01-29 11:00:00+09:00,0.377885573,0.245736959,0.14423834772861863,0.14423834772861863,0.004454505,0.20735269442546844,0.20735269442546844
2024-01-29 12:00:00+09:00,0.443217633,0.377885573,0.37336609178809926,0.37336609178809926,0.085376821,0.3136245231217346,0.3136245231217346
2024-01-29 13:00:00+09:00,0.512261952,0.443217633,0.4138663203328686,0.4138663203328686,0.245736959,0.395248028059372,0.395248028059372
2024-01-29 14:00:00+09:00,0.489989426,0.512261952,0.49776335312638476,0.49776335312638476,0.377885573,0.4324938248994808,0.4324938248994808
2024-01-29 15:00:00+09:00,0.408324864,0.489989426,0.3824005015324364,0.3824005015324364,0.443217633,0.30998265527783203,0.30998265527783203
2024-01-29 16:00:00+09:00,0.275434004,0.408324864,0.3202589491902962,0.3202589491902962,0.512261952,0.39084080858741,0.39084080858741
2024-01-29 17:00:00+09:00,0.132148614,0.275434004,0.15144825898723985,0.15144825898723985,0.489989426,0.2903277538846741,0.2903277538846741
2024-01-29 18:00:00+09:00,0.019302514,0.132148614,0.0,0.0,0.408324864,0.03961938270918275,0.03961938270918275
2024-01-29 19:00:00+09:00,0.0,0.019302514,0.0,0.0,0.275434004,0.0,0.0
2024-01-29 20:00:00+09:00,0.0,0.0,0.0,0.0,0.132148614,0.0,0.0
2024-01-29 21:00:00+09:00,0.0,0.0,0.0,0.0,0.019302514,0.0,0.0
2024-01-29 22:00:00+09:00,0.0,0.0,0.0,0.0,0.0,0.0,0.0
2024-01-29 23:00:00+09:00,0.0,0.0,0.0,0.0,0.0,0.0,0.0
2024-01-30 00:00:00+09:00,0.0,0.0,0.0,0.0,0.0,0.0,0.0
2024-01-30 01:00:00+09:00,0.0,0.0,0.0,0.0,0.0,0.0,0.0
2024-01-30 02:00:00+09:00,0.0,0.0,0.0,0.0,0.0,0.0,0.0
2024-01-30 03:00:00+09:00,0.0,0.0,0.0,0.0,0.0,0.0,0.0
2024-01-30 04:00:00+09:00,0.0,0.0,0.0,0.0,0.0,0.0,0.0
2024-01-30 05:00:00+09:00,0.0,0.0,0.0,0.0,0.0,0.0,0.0
2024-01-30 06:00:00+09:00,0.0,0.0,0.0,0.0,0.0,0.0,0.0
2024-01-30 07:00:00+09:00,0.0,0.0,0.012111610732972622,0.012111610732972622,0.0,0.007639830466359854,0.007639830466359854
2024-01-30 08:00:00+09:00,0.002970012,0.0,0.03509657829999924,0.03509657829999924,0.0,0.05514059215784073,0.05514059215784073
2024-01-30 09:00:00+09:00,0.077210057,0.002970012,0.11498471545258712,0.11498471545258712,0.0,0.2521529197692871,0.2521529197692871
2024-01-30 10:00:00+09:00,0.240540208,0.077210057,0.17064151487715912,0.17064151487715912,0.0,0.14629076421260834,0.14629076421260834
2024-01-30 11:00:00+09:00,0.386052337,0.240540208,0.3239804745495872,0.3239804745495872,0.002970012,0.23104495005885314,0.23104495005885314
2024-01-30 12:00:00+09:00,0.48702044,0.386052337,0.42747743100844576,0.42747743100844576,0.077210057,0.29595148883231354,0.29595148883231354
2024-01-30 13:00:00+09:00,0.507807447,0.48702044,0.47622321692377567,0.47622321692377567,0.240540208,0.259253674823101,0.259253674823101
2024-01-30 14:00:00+09:00,0.475883663,0.507807447,0.4736629523174496,0.4736629523174496,0.386052337,0.38340895947985604,0.38340895947985604
2024-01-30 15:00:00+09:00,0.401642592,0.475883663,0.4095926734818344,0.4095926734818344,0.48702044,0.2740930538353348,0.2740930538353348
2024-01-30 16:00:00+09:00,0.251676984,0.401642592,0.40924304568224384,0.40924304568224384,0.507807447,0.4669124543504448,0.4669124543504448
2024-01-30 17:00:00+09:00,0.091315819,0.251676984,0.19000296654084586,0.19000296654084586,0.475883663,0.38618467778099824,0.38618467778099824
2024-01-30 18:00:00+09:00,0.011879023,0.091315819,0.02066603866695786,0.02066603866695786,0.401642592,0.2639151376953049,0.2639151376953049
2024-01-30 19:00:00+09:00,0.0,0.011879023,0.0,0.0,0.251676984,0.07925739126184844,0.07925739126184844
2024-01-30 20:00:00+09:00,0.0,0.0,0.0,0.0,0.091315819,0.012645570610755927,0.012645570610755927
2024-01-30 21:00:00+09:00,0.0,0.0,0.004079765174537897,0.004079765174537897,0.011879023,0.0,0.0
2024-01-30 22:00:00+09:00,0.0,0.0,0.004770586732774973,0.004770586732774973,0.0,0.0031557101756334305,0.0031557101756334305
2024-01-30 23:00:00+09:00,0.0,0.0,0.004770586732774973,0.004770586732774973,0.0,0.022660119459033012,0.022660119459033012
2024-01-31 00:00:00+09:00,0.0,0.0,0.0,0.0,0.0,0.0,0.0
2024-01-31 01:00:00+09:00,0.0,0.0,0.0,0.0,0.0,0.0,0.0
2024-01-31 02:00:00+09:00,0.0,0.0,0.0,0.0,0.0,0.0,0.0
2024-01-31 03:00:00+09:00,0.0,0.0,0.0,0.0,0.0,0.0,0.0
2024-01-31 04:00:00+09:00,0.0,0.0,0.0,0.0,0.0,0.0,0.0
2024-01-31 05:00:00+09:00,0.0,0.0,0.0,0.0,0.0,0.0,0.0
2024-01-31 06:00:00+09:00,0.0,0.0,0.0,0.0,0.0,0.0,0.0
2024-01-31 07:00:00+09:00,0.0,0.0,0.02248341776430607,0.02248341776430607,0.0,0.01750962994992733,0.01750962994992733
2024-01-31 08:00:00+09:00,0.0,0.0,0.05717021971940994,0.05717021971940994,0.0,0.008431176654994488,0.008431176654994488
2024-01-31 09:00:00+09:00,0.011879023,0.0,0.06645385921001434,0.06645385921001434,0.0,0.1955326348543167,0.1955326348543167
2024-01-31 10:00:00+09:00,0.086119067,0.011879023,0.11001742242216873,0.11001742242216873,0.0,0.23607762157917023,0.23607762157917023
2024-01-31 11:00:00+09:00,0.185601651,0.086119067,0.1795151644216461,0.1795151644216461,0.0,0.20611071586608887,0.20611071586608887
2024-01-31 12:00:00+09:00,0.270979498,0.185601651,0.22257965736291505,0.22257965736291505,0.011879023,0.15995283035874175,0.15995283035874175
2024-01-31 13:00:00+09:00,0.389764596,0.270979498,0.27747433581307934,0.27747433581307934,0.086119067,0.2836506032215042,0.2836506032215042
2024-01-31 14:00:00+09:00,0.415748355,0.389764596,0.3709924633052788,0.3709924633052788,0.185601651,0.13570796631476975,0.13570796631476975
2024-01-31 15:00:00+09:00,0.409809357,0.415748355,0.32987491509197236,0.32987491509197236,0.270979498,0.15566260781988905,0.15566260781988905
2024-01-31 16:00:00+09:00,0.266524993,0.409809357,0.30795535303414534,0.30795535303414534,0.389764596,0.25912961758641817,0.25912961758641817
2024-01-31 17:00:00+09:00,0.135118626,0.266524993,0.2065414675748043,0.2065414675748043,0.415748355,0.2449291767763901,0.2449291767763901
2024-01-31 18:00:00+09:00,0.020044761,0.135118626,0.026615165115905753,0.026615165115905753,0.409809357,0.11049080498278807,0.11049080498278807
2024-01-31 19:00:00+09:00,0.0,0.020044761,0.0,0.0,0.266524993,0.0,0.0
2024-01-31 20:00:00+09:00,0.0,0.0,0.0,0.0,0.135118626,0.0,0.0
2024-01-31 21:00:00+09:00,0.0,0.0,0.0,0.0,0.020044761,0.0,0.0
2024-01-31 22:00:00+09:00,0.0,0.0,0.0,0.0,0.0,0.0,0.0
2024-01-31 23:00:00+09:00,0.0,0.0,0.0,0.0,0.0,0.0,0.0
2024-02-01 00:00:00+09:00,0.0,0.0,0.0005077158566564322,0.0005077158566564322,0.0,0.001400443841703236,0.001400443841703236
2024-02-01 01:00:00+09:00,0.0,0.0,0.0005077158566564322,0.0005077158566564322,0.0,0.001400443841703236,0.001400443841703236
2024-02-01 02:00:00+09:00,0.0,0.0,0.0005077158566564322,0.0005077158566564322,0.0,0.001400443841703236,0.001400443841703236
2024-02-01 03:00:00+09:00,0.0,0.0,0.0005077158566564322,0.0005077158566564322,0.0,0.001400443841703236,0.001400443841703236
2024-02-01 04:00:00+09:00,0.0,0.0,0.0005077158566564322,0.0005077158566564322,0.0,0.001400443841703236,0.001400443841703236
2024-02-01 05:00:00+09:00,0.0,0.0,0.0005077158566564322,0.0005077158566564322,0.0,0.001400443841703236,0.001400443841703236
2024-02-01 06:00:00+09:00,0.0,0.0,0.00031330244382843375,0.00031330244382843375,0.0,7.431963604176417e-05,7.431963604176417e-05
2024-02-01 07:00:00+09:00,0.0,0.0,0.024175256490707397,0.024175256490707397,0.0,0.022600846365094185,0.022600846365094185
2024-02-01 08:00:00+09:00,0.0,0.0,0.06444820761680603,0.06444820761680603,0.0,0.055967699736356735,0.055967699736356735
2024-02-01 09:00:00+09:00,0.005196752,0.0,0.13525322079658508,0.13525322079658508,0.0,0.2723120450973511,0.2723120450973511
2024-02-01 10:00:00+09:00,0.05642305,0.005196752,0.15380601768508148,0.15380601768508148,0.0,0.3971535265445709,0.3971535265445709
2024-02-01 11:00:00+09:00,0.107649348,0.05642305,0.13134798838071823,0.13134798838071823,0.0,0.22301578521728516,0.22301578521728516
2024-02-01 12:00:00+09:00,0.129921874,0.107649348,0.1583005555662613,0.1583005555662613,0.005196752,0.19198800807013702,0.19198800807013702
2024-02-01 13:00:00+09:00,0.11061936,0.129921874,0.14558265355067157,0.14558265355067157,0.05642305,0.21187238080673218,0.21187238080673218
2024-02-01 14:00:00+09:00,0.184117158,0.11061936,0.0443375943006134,0.0443375943006134,0.107649348,0.12815873257250596,0.12815873257250596
2024-02-01 15:00:00+09:00,0.144027637,0.184117158,0.11935603344870377,0.11935603344870377,0.129921874,0.03653918017284774,0.03653918017284774
2024-02-01 16:00:00+09:00,0.054938557,0.144027637,0.012650223131095872,0.012650223131095872,0.11061936,0.0,0.0
2024-02-01 17:00:00+09:00,0.03266603,0.054938557,0.0,0.0,0.184117158,0.0,0.0
2024-02-01 18:00:00+09:00,0.003712259,0.03266603,0.0,0.0,0.144027637,0.0,0.0
2024-02-01 19:00:00+09:00,0.0,0.003712259,0.0,0.0,0.054938557,0.0,0.0
2024-02-01 20:00:00+09:00,0.0,0.0,0.0,0.0,0.03266603,0.0,0.0
2024-02-01 21:00:00+09:00,0.0,0.0,0.0,0.0,0.003712259,0.0,0.0
2024-02-01 22:00:00+09:00,0.0,0.0,0.0,0.0,0.0,0.0,0.0
2024-02-01 23:00:00+09:00,0.0,0.0,0.0,0.0,0.0,0.0,0.0
2024-02-02 00:00:00+09:00,0.0,0.0,0.00010028106044046581,0.00010028106044046581,0.0,0.0004019767511636019,0.0004019767511636019
2024-02-02 01:00:00+09:00,0.0,0.0,0.00010028106044046581,0.00010028106044046581,0.0,0.0004019767511636019,0.0004019767511636019
2024-02-02 02:00:00+09:00,0.0,0.0,0.00010028106044046581,0.00010028106044046581,0.0,0.0004019767511636019,0.0004019767511636019
2024-02-02 03:00:00+09:00,0.0,0.0,0.00010028106044046581,0.00010028106044046581,0.0,0.0004019767511636019,0.0004019767511636019
2024-02-02 04:00:00+09:00,0.0,0.0,0.00010028106044046581,0.00010028106044046581,0.0,0.0004019767511636019,0.0004019767511636019
2024-02-02 05:00:00+09:00,0.0,0.0,0.00010028106044046581,0.00010028106044046581,0.0,0.0004019767511636019,0.0004019767511636019
2024-02-02 06:00:00+09:00,0.0,0.0,4.917444312013686e-05,4.917444312013686e-05,0.0,0.0,0.0
2024-02-02 07:00:00+09:00,0.0,0.0,0.02320602536201477,0.02320602536201477,0.0,0.022499393671751022,0.022499393671751022
2024-02-02 08:00:00+09:00,0.000742246,0.0,0.059873297810554504,0.059873297810554504,0.0,0.04662963002920151,0.04662963002920151
2024-02-02 09:00:00+09:00,0.030438264,0.000742246,0.10339089909000015,0.10339089909000015,0.0,0.2517806589603424,0.2517806589603424
2024-02-02 10:00:00+09:00,0.104679335,0.030438264,0.0928936834509983,0.0928936834509983,0.0,0.17947661876678467,0.17947661876678467
2024-02-02 11:00:00+09:00,0.209359697,0.104679335,0.21456914776750563,0.21456914776750563,0.000742246,0.3767392230908356,0.3767392230908356
2024-02-02 12:00:00+09:00,0.420946133,0.209359697,0.2237382539816828,0.2237382539816828,0.030438264,0.25598624824243926,0.25598624824243926
2024-02-02 13:00:00+09:00,0.192283922,0.420946133,0.4459022922936516,0.4459022922936516,0.104679335,0.2407574393767929,0.2407574393767929
2024-02-02 14:00:00+09:00,0.197480674,0.192283922,0.1648214656246395,0.1648214656246395,0.209359697,0.2705107135035725,0.2705107135035725
2024-02-02 15:00:00+09:00,0.388280103,0.197480674,0.12055978468201065,0.12055978468201065,0.420946133,0.39088994139169025,0.39088994139169025
2024-02-02 16:00:00+09:00,0.160360138,0.388280103,0.2814358268101959,0.2814358268101959,0.192283922,0.06976880983836364,0.06976880983836364
2024-02-02 17:00:00+09:00,0.07795333,0.160360138,0.042305450023162855,0.042305450023162855,0.197480674,0.0,0.0
2024-02-02 18:00:00+09:00,0.020044761,0.07795333,0.0,0.0,0.388280103,0.10161818006832884,0.10161818006832884
2024-02-02 19:00:00+09:00,0.0,0.020044761,0.0,0.0,0.160360138,0.0,0.0
2024-02-02 20:00:00+09:00,0.0,0.0,0.0,0.0,0.07795333,0.0,0.0
2024-02-02 21:00:00+09:00,0.0,0.0,0.0002893940545618534,0.0002893940545618534,0.020044761,0.0,0.0
2024-02-02 22:00:00+09:00,0.0,0.0,0.0008124064770527184,0.0008124064770527184,0.0,0.0,0.0
2024-02-02 23:00:00+09:00,0.0,0.0,0.0008124064770527184,0.0008124064770527184,0.0,0.0028157844208180904,0.0028157844208180904
2024-02-03 00:00:00+09:00,0.0,0.0,0.0,0.0,0.0,0.0,0.0
2024-02-03 01:00:00+09:00,0.0,0.0,0.0,0.0,0.0,0.0,0.0
2024-02-03 02:00:00+09:00,0.0,0.0,0.0,0.0,0.0,0.0,0.0
2024-02-03 03:00:00+09:00,0.0,0.0,0.0,0.0,0.0,0.0,0.0
2024-02-03 04:00:00+09:00,0.0,0.0,0.0,0.0,0.0,0.0,0.0
2024-02-03 05:00:00+09:00,0.0,0.0,0.0,0.0,0.0,0.0,0.0
2024-02-03 06:00:00+09:00,0.0,0.0,0.0,0.0,0.0,0.0,0.0
2024-02-03 07:00:00+09:00,0.0,0.0,0.021729690954089165,0.021729690954089165,0.0,0.021262746304273605,0.021262746304273605
2024-02-03 08:00:00+09:00,0.007424518,0.0,0.06488911062479019,0.06488911062479019,0.0,0.0863388329744339,0.0863388329744339
2024-02-03 09:00:00+09:00,0.061619801,0.007424518,0.12372599495541382,0.12372599495541382,0.0,0.21852463483810425,0.21852463483810425
2024-02-03 10:00:00+09:00,0.13289086,0.061619801,0.18422791130864716,0.18422791130864716,0.0,0.34634047746658325,0.34634047746658325
2024-02-03 11:00:00+09:00,0.161102385,0.13289086,0.1405197595333016,0.1405197595333016,0.007424518,0.27347706211697387,0.27347706211697387
2024-02-03 12:00:00+09:00,0.249449218,0.161102385,0.19437483765245436,0.19437483765245436,0.061619801,0.211535213068367,0.211535213068367
2024-02-03 13:00:00+09:00,0.190056156,0.249449218,0.2627949643234663,0.2627949643234663,0.13289086,0.20991862789665222,0.20991862789665222
2024-02-03 14:00:00+09:00,0.112846099,0.190056156,0.18208643198559857,0.18208643198559857,0.161102385,0.2243093556916809,0.2243093556916809
2024-02-03 15:00:00+09:00,0.104679335,0.112846099,0.04193530247690583,0.04193530247690583,0.249449218,0.14861421504122543,0.14861421504122543
2024-02-03 16:00:00+09:00,0.091315819,0.104679335,0.018678296448669432,0.018678296448669432,0.190056156,0.09131601043592072,0.09131601043592072
2024-02-03 17:00:00+09:00,0.049741805,0.091315819,0.0,0.0,0.112846099,0.0,0.0
2024-02-03 18:00:00+09:00,0.001484493,0.049741805,0.0,0.0,0.104679335,0.0,0.0
2024-02-03 19:00:00+09:00,0.0,0.001484493,0.0,0.0,0.091315819,0.0,0.0
2024-02-03 20:00:00+09:00,0.0,0.0,0.0,0.0,0.049741805,0.0,0.0
2024-02-03 21:00:00+09:00,0.0,0.0,0.001444439752958715,0.001444439752958715,0.001484493,0.0,0.0
2024-02-03 22:00:00+09:00,0.0,0.0,0.001967452932149172,0.001967452932149172,0.0,0.0,0.0
2024-02-03 23:00:00+09:00,0.0,0.0,0.001967452932149172,0.001967452932149172,0.0,0.00564777385443449,0.00564777385443449
2024-02-04 00:00:00+09:00,0.0,0.0,0.00046919664600864053,0.00046919664600864053,0.0,0.0011268154485151172,0.0011268154485151172
2024-02-04 01:00:00+09:00,0.0,0.0,0.00046919664600864053,0.00046919664600864053,0.0,0.0011268154485151172,0.0011268154485151172
2024-02-04 02:00:00+09:00,0.0,0.0,0.00046919664600864053,0.00046919664600864053,0.0,0.0011268154485151172,0.0011268154485151172
2024-02-04 03:00:00+09:00,0.0,0.0,0.00046919664600864053,0.00046919664600864053,0.0,0.0011268154485151172,0.0011268154485151172
2024-02-04 04:00:00+09:00,0.0,0.0,0.00046919664600864053,0.00046919664600864053,0.0,0.0011268154485151172,0.0011268154485151172
2024-02-04 05:00:00+09:00,0.0,0.0,0.00046919664600864053,0.00046919664600864053,0.0,0.0011268154485151172,0.0011268154485151172
2024-02-04 06:00:00+09:00,0.0,0.0,0.0005116335232742131,0.0005116335232742131,0.0,0.0015473495004698634,0.0015473495004698634
2024-02-04 07:00:00+09:00,0.0,0.0,0.027198484167456627,0.027198484167456627,0.0,0.025518236681818962,0.025518236681818962
2024-02-04 08:00:00+09:00,0.005196752,0.0,0.10806034505367279,0.10806034505367279,0.0,0.14315158128738403,0.14315158128738403
2024-02-04 09:00:00+09:00,0.079437823,0.005196752,0.15127727572932434,0.15127727572932434,0.0,0.3280608654022217,0.3280608654022217
2024-02-04 10:00:00+09:00,0.132148614,0.079437823,0.15892834306006243,0.15892834306006243,0.0,0.315154492855072,0.315154492855072
2024-02-04 11:00:00+09:00,0.190056156,0.132148614,0.21288903601042175,0.21288903601042175,0.005196752,0.2748704272986908,0.2748704272986908
2024-02-04 12:00:00+09:00,0.282857495,0.190056156,0.23296795003662682,0.23296795003662682,0.079437823,0.34056648701672365,0.34056648701672365
2024-02-04 13:00:00+09:00,0.381597832,0.282857495,0.2893153686200929,0.2893153686200929,0.132148614,0.2387249673115387,0.2387249673115387
2024-02-04 14:00:00+09:00,0.201192933,0.381597832,0.36592667379055693,0.36592667379055693,0.190056156,0.2704019356573639,0.2704019356573639
2024-02-04 15:00:00+09:00,0.299191023,0.201192933,0.1346442502507286,0.1346442502507286,0.282857495,0.2278304906686497,0.2278304906686497
2024-02-04 16:00:00+09:00,0.149966635,0.299191023,0.18209123868536758,0.18209123868536758,0.381597832,0.16546106353972628,0.16546106353972628
2024-02-04 17:00:00+09:00,0.028953771,0.149966635,0.0431047009341812,0.0431047009341812,0.201192933,0.0,0.0
2024-02-04 18:00:00+09:00,0.002226739,0.028953771,0.0,0.0,0.299191023,0.05699279416394043,0.05699279416394043
2024-02-04 19:00:00+09:00,0.0,0.002226739,0.0,0.0,0.149966635,0.0,0.0
2024-02-04 20:00:00+09:00,0.0,0.0,0.0,0.0,0.028953771,0.0,0.0
2024-02-04 21:00:00+09:00,0.0,0.0,0.0,0.0,0.002226739,0.0,0.0
2024-02-04 22:00:00+09:00,0.0,0.0,0.0,0.0,0.0,0.0,0.0
2024-02-04 23:00:00+09:00,0.0,0.0,0.0,0.0,0.0,0.0,0.0
2024-02-05 00:00:00+09:00,0.0,0.0,0.00023431330919265747,0.00023431330919265747,0.0,0.00036047722096554935,0.00036047722096554935
2024-02-05 01:00:00+09:00,0.0,0.0,0.00023431330919265747,0.00023431330919265747,0.0,0.00036047722096554935,0.00036047722096554935
2024-02-05 02:00:00+09:00,0.0,0.0,0.00023431330919265747,0.00023431330919265747,0.0,0.00036047722096554935,0.00036047722096554935
2024-02-05 03:00:00+09:00,0.0,0.0,0.00023431330919265747,0.00023431330919265747,0.0,0.00036047722096554935,0.00036047722096554935
2024-02-05 04:00:00+09:00,0.0,0.0,0.00023431330919265747,0.00023431330919265747,0.0,0.00036047722096554935,0.00036047722096554935
2024-02-05 05:00:00+09:00,0.0,0.0,0.00023431330919265747,0.00023431330919265747,0.0,0.00036047722096554935,0.00036047722096554935
2024-02-05 06:00:00+09:00,0.0,0.0,0.0004553886246867478,0.0004553886246867478,0.0,0.0,0.0
2024-02-05 07:00:00+09:00,0.0,0.0,0.013320459052920341,0.013320459052920341,0.0,0.006033738609403372,0.006033738609403372
2024-02-05 08:00:00+09:00,0.0,0.0,0.0651700496673584,0.0651700496673584,0.0,0.08664961904287338,0.08664961904287338
2024-02-05 09:00:00+09:00,0.01113575,0.0,0.08559519797563553,0.08559519797563553,0.0,0.20208606123924255,0.20208606123924255
2024-02-05 10:00:00+09:00,0.03266603,0.01113575,0.09396877187919617,0.09396877187919617,0.0,0.2827978730201721,0.2827978730201721
2024-02-05 11:00:00+09:00,0.043059534,0.03266603,0.08915100492074966,0.08915100492074966,0.0,0.17481377720832825,0.17481377720832825
2024-02-05 12:00:00+09:00,0.054938557,0.043059534,0.07441504912241363,0.07441504912241363,0.01113575,0.26496749419403076,0.26496749419403076
2024-02-05 13:00:00+09:00,0.066074307,0.054938557,0.08495806194945049,0.08495806194945049,0.03266603,0.16003512091472627,0.16003512091472627
2024-02-05 14:00:00+09:00,0.081664562,0.066074307,0.024582638328630446,0.024582638328630446,0.043059534,0.06656207011803054,0.06656207011803054
2024-02-05 15:00:00+09:00,0.06533206,0.081664562,0.06928062975224208,0.06928062975224208,0.054938557,0.12898615226252746,0.12898615226252746
2024-02-05 16:00:00+09:00,0.058649789,0.06533206,0.0,0.0,0.066074307,0.0,0.0
2024-02-05 17:00:00+09:00,0.027469278,0.058649789,0.0,0.0,0.081664562,0.0,0.0
2024-02-05 18:00:00+09:00,0.005196752,0.027469278,0.0,0.0,0.06533206,0.0,0.0
2024-02-05 19:00:00+09:00,0.0,0.005196752,0.0,0.0,0.058649789,0.0,0.0
2024-02-05 20:00:00+09:00,0.0,0.0,0.0,0.0,0.027469278,0.0,0.0
2024-02-05 21:00:00+09:00,0.0,0.0,0.0,0.0,0.005196752,0.0,0.0
2024-02-05 22:00:00+09:00,0.0,0.0,0.0,0.0,0.0,0.0,0.0
2024-02-05 23:00:00+09:00,0.0,0.0,0.0,0.0,0.0,0.0,0.0
2024-02-06 00:00:00+09:00,0.0,0.0,0.0,0.0,0.0,0.0,0.0
2024-02-06 01:00:00+09:00,0.0,0.0,0.0,0.0,0.0,0.0,0.0
2024-02-06 02:00:00+09:00,0.0,0.0,0.0,0.0,0.0,0.0,0.0
2024-02-06 03:00:00+09:00,0.0,0.0,0.0,0.0,0.0,0.0,0.0
2024-02-06 04:00:00+09:00,0.0,0.0,0.0,0.0,0.0,0.0,0.0
2024-02-06 05:00:00+09:00,0.0,0.0,0.0,0.0,0.0,0.0,0.0
2024-02-06 06:00:00+09:00,0.0,0.0,0.0,0.0,0.0,0.0,0.0
2024-02-06 07:00:00+09:00,0.0,0.0,0.012111610732972622,0.012111610732972622,0.0,0.007639830466359854,0.007639830466359854
2024-02-06 08:00:00+09:00,0.003712259,0.0,0.030971288681030273,0.030971288681030273,0.0,0.0,0.0
2024-02-06 09:00:00+09:00,0.051226298,0.003712259,0.12625420070236587,0.12625420070236587,0.0,0.2236597090959549,0.2236597090959549
2024-02-06 10:00:00+09:00,0.120270617,0.051226298,0.11657641329922486,0.11657641329922486,0.0,0.18074063956737518,0.18074063956737518
2024-02-06 11:00:00+09:00,0.191541676,0.120270617,0.15473331480397415,0.15473331480397415,0.003712259,0.1906883788759079,0.1906883788759079
2024-02-06 12:00:00+09:00,0.246479206,0.191541676,0.20679376047128534,0.20679376047128534,0.051226298,0.07756331251122761,0.07756331251122761
2024-02-06 13:00:00+09:00,0.39793136,0.246479206,0.2654270233851967,0.2654270233851967,0.120270617,0.2262739312566681,0.2262739312566681
2024-02-06 14:00:00+09:00,0.266524993,0.39793136,0.35427055537067415,0.35427055537067415,0.191541676,0.2725254265221367,0.2725254265221367
2024-02-06 15:00:00+09:00,0.105421582,0.266524993,0.2418387552028589,0.2418387552028589,0.246479206,0.20989911652031518,0.20989911652031518
2024-02-06 16:00:00+09:00,0.053453037,0.105421582,0.06655448092673492,0.06655448092673492,0.39793136,0.4188752382185316,0.4188752382185316
2024-02-06 17:00:00+09:00,0.02375702,0.053453037,0.0,0.0,0.266524993,0.22271152224895285,0.22271152224895285
2024-02-06 18:00:00+09:00,0.001484493,0.02375702,0.0,0.0,0.105421582,0.02962749613974762,0.02962749613974762
2024-02-06 19:00:00+09:00,0.0,0.001484493,0.0,0.0,0.053453037,0.0,0.0
2024-02-06 20:00:00+09:00,0.0,0.0,0.0,0.0,0.02375702,0.0,0.0
2024-02-06 21:00:00+09:00,0.0,0.0,0.004079765174537897,0.004079765174537897,0.001484493,0.0,0.0
2024-02-06 22:00:00+09:00,0.0,0.0,0.004770586732774973,0.004770586732774973,0.0,0.0031557101756334305,0.0031557101756334305
2024-02-06 23:00:00+09:00,0.0,0.0,0.004770586732774973,0.004770586732774973,0.0,0.022660119459033012,0.022660119459033012
2024-02-07 00:00:00+09:00,0.0,0.0,0.0,0.0,0.0,0.0,0.0
2024-02-07 01:00:00+09:00,0.0,0.0,0.0,0.0,0.0,0.0,0.0
2024-02-07 02:00:00+09:00,0.0,0.0,0.0,0.0,0.0,0.0,0.0
2024-02-07 03:00:00+09:00,0.0,0.0,0.0,0.0,0.0,0.0,0.0
2024-02-07 04:00:00+09:00,0.0,0.0,0.0,0.0,0.0,0.0,0.0
2024-02-07 05:00:00+09:00,0.0,0.0,0.0,0.0,0.0,0.0,0.0
2024-02-07 06:00:00+09:00,0.0,0.0,0.0,0.0,0.0,0.0,0.0
2024-02-07 07:00:00+09:00,0.0,0.0,0.02248341776430607,0.02248341776430607,0.0,0.01750962994992733,0.01750962994992733
2024-02-07 08:00:00+09:00,0.011879023,0.0,0.05858561769127846,0.05858561769127846,0.0,0.06534941494464874,0.06534941494464874
2024-02-07 09:00:00+09:00,0.116558358,0.011879023,0.12460882572769928,0.12460882572769928,0.0,0.22756151854991913,0.22756151854991913
2024-02-07 10:00:00+09:00,0.294736518,0.116558358,0.16797812648244667,0.16797812648244667,0.0,0.2018321305513382,0.2018321305513382
2024-02-07 11:00:00+09:00,0.461035655,0.294736518,0.3760855257853203,0.3760855257853203,0.011879023,0.21775552241444396,0.21775552241444396
2024-02-07 12:00:00+09:00,0.550124734,0.461035655,0.4816620379022646,0.4816620379022646,0.116558358,0.24660752706356812,0.24660752706356812
2024-02-07 13:00:00+09:00,0.578336259,0.550124734,0.5627787591076221,0.5627787591076221,0.294736518,0.3870647535070114,0.3870647535070114
2024-02-07 14:00:00+09:00,0.540473477,0.578336259,0.5413835250064697,0.5413835250064697,0.461035655,0.5099990825436401,0.5099990825436401
2024-02-07 15:00:00+09:00,0.458065642,0.540473477,0.49413559680581287,0.49413559680581287,0.550124734,0.5740443089163627,0.5740443089163627
2024-02-07 16:00:00+09:00,0.340022791,0.458065642,0.3861249815233154,0.3861249815233154,0.578336259,0.4645601339861717,0.4645601339861717
2024-02-07 17:00:00+09:00,0.177435913,0.340022791,0.20658089575349425,0.20658089575349425,0.540473477,0.3164956281125565,0.3164956281125565
2024-02-07 18:00:00+09:00,0.049741805,0.177435913,0.10201919159640122,0.10201919159640122,0.458065642,0.22349077272490692,0.22349077272490692
2024-02-07 19:00:00+09:00,0.0,0.049741805,0.0,0.0,0.340022791,0.0,0.0
2024-02-07 20:00:00+09:00,0.0,0.0,0.0,0.0,0.177435913,0.0,0.0
2024-02-07 21:00:00+09:00,0.0,0.0,0.0,0.0,0.049741805,0.0,0.0
2024-02-07 22:00:00+09:00,0.0,0.0,0.0,0.0,0.0,0.0,0.0
2024-02-07 23:00:00+09:00,0.0,0.0,0.0,0.0,0.0,0.0,0.0
2024-02-08 00:00:00+09:00,0.0,0.0,0.0005077158566564322,0.0005077158566564322,0.0,0.001400443841703236,0.001400443841703236
2024-02-08 01:00:00+09:00,0.0,0.0,0.0005077158566564322,0.0005077158566564322,0.0,0.001400443841703236,0.001400443841703236
2024-02-08 02:00:00+09:00,0.0,0.0,0.0005077158566564322,0.0005077158566564322,0.0,0.001400443841703236,0.001400443841703236
2024-02-08 03:00:00+09:00,0.0,0.0,0.0005077158566564322,0.0005077158566564322,0.0,0.001400443841703236,0.001400443841703236
2024-02-08 04:00:00+09:00,0.0,0.0,0.0005077158566564322,0.0005077158566564322,0.0,0.001400443841703236,0.001400443841703236
2024-02-08 05:00:00+09:00,0.0,0.0,0.0005077158566564322,0.0005077158566564322,0.0,0.001400443841703236,0.001400443841703236
2024-02-08 06:00:00+09:00,0.0,0.0,0.00031330244382843375,0.00031330244382843375,0.0,7.431963604176417e-05,7.431963604176417e-05
2024-02-08 07:00:00+09:00,0.0,0.0,0.024175256490707397,0.024175256490707397,0.0,0.022600846365094185,0.022600846365094185
2024-02-08 08:00:00+09:00,0.015590255,0.0,0.08797863870859146,0.08797863870859146,0.0,0.11539099365472794,0.11539099365472794
2024-02-08 09:00:00+09:00,0.112103853,0.015590255,0.1463987872380066,0.1463987872380066,0.0,0.23742863535881042,0.23742863535881042
2024-02-08 10:00:00+09:00,0.283599741,0.112103853,0.2956972304709702,0.2956972304709702,0.0,0.4040984809398651,0.4040984809398651
2024-02-08 11:00:00+09:00,0.43282413,0.283599741,0.37534300907260515,0.37534300907260515,0.015590255,0.34474277947128296,0.34474277947128296
2024-02-08 12:00:00+09:00,0.523397702,0.43282413,0.5192027416242408,0.5192027416242408,0.112103853,0.37471673227627567,0.37471673227627567
2024-02-08 13:00:00+09:00,0.536018972,0.523397702,0.5381746638779421,0.5381746638779421,0.283599741,0.4720891781032715,0.4720891781032715
2024-02-08 14:00:00+09:00,0.493701685,0.536018972,0.5093839342648955,0.5093839342648955,0.43282413,0.5246609401119995,0.5246609401119995
2024-02-08 15:00:00+09:00,0.384567844,0.493701685,0.42340839259677887,0.42340839259677887,0.523397702,0.5059274278794308,0.5059274278794308
2024-02-08 16:00:00+09:00,0.260584968,0.384567844,0.2545679679776611,0.2545679679776611,0.536018972,0.2712265296782227,0.2712265296782227
2024-02-08 17:00:00+09:00,0.135118626,0.260584968,0.10221164193684384,0.10221164193684384,0.493701685,0.1429760044103241,0.1429760044103241
2024-02-08 18:00:00+09:00,0.035636043,0.135118626,0.0,0.0,0.384567844,0.0,0.0
2024-02-08 19:00:00+09:00,0.0,0.035636043,0.0,0.0,0.260584968,0.0,0.0
2024-02-08 20:00:00+09:00,0.0,0.0,0.0,0.0,0.135118626,0.0,0.0
2024-02-08 21:00:00+09:00,0.0,0.0,0.0,0.0,0.035636043,0.0,0.0
2024-02-08 22:00:00+09:00,0.0,0.0,0.0,0.0,0.0,0.0,0.0
2024-02-08 23:00:00+09:00,0.0,0.0,0.0,0.0,0.0,0.0,0.0
2024-02-09 00:00:00+09:00,0.0,0.0,0.00010028106044046581,0.00010028106044046581,0.0,0.0004019767511636019,0.0004019767511636019
2024-02-09 01:00:00+09:00,0.0,0.0,0.00010028106044046581,0.00010028106044046581,0.0,0.0004019767511636019,0.0004019767511636019
2024-02-09 02:00:00+09:00,0.0,0.0,0.00010028106044046581,0.00010028106044046581,0.0,0.0004019767511636019,0.0004019767511636019
2024-02-09 03:00:00+09:00,0.0,0.0,0.00010028106044046581,0.00010028106044046581,0.0,0.0004019767511636019,0.0004019767511636019
2024-02-09 04:00:00+09:00,0.0,0.0,0.00010028106044046581,0.00010028106044046581,0.0,0.0004019767511636019,0.0004019767511636019
2024-02-09 05:00:00+09:00,0.0,0.0,0.00010028106044046581,0.00010028106044046581,0.0,0.0004019767511636019,0.0004019767511636019
2024-02-09 06:00:00+09:00,0.0,0.0,4.917444312013686e-05,4.917444312013686e-05,0.0,0.0,0.0
2024-02-09 07:00:00+09:00,0.0,0.0,0.02320602536201477,0.02320602536201477,0.0,0.022499393671751022,0.022499393671751022
2024-02-09 08:00:00+09:00,0.01113575,0.0,0.08105459064245224,0.08105459064245224,0.0,0.10727574676275253,0.10727574676275253
2024-02-09 09:00:00+09:00,0.071271059,0.01113575,0.14679283696842194,0.14679283696842194,0.0,0.2339549958705902,0.2339549958705902
2024-02-09 10:00:00+09:00,0.131406367,0.071271059,0.23158463545988464,0.23158463545988464,0.0,0.39428791403770447,0.39428791403770447
2024-02-09 11:00:00+09:00,0.174465901,0.131406367,0.22265625017489624,0.22265625017489624,0.01113575,0.2681782473964691,0.2681782473964691
2024-02-09 12:00:00+09:00,0.285085261,0.174465901,0.2526657867855797,0.2526657867855797,0.071271059,0.3427229494685974,0.3427229494685974
2024-02-09 13:00:00+09:00,0.3325993,0.285085261,0.2709329734944329,0.2709329734944329,0.131406367,0.3180105836948318,0.3180105836948318
2024-02-09 14:00:00+09:00,0.384567844,0.3325993,0.2968645943730354,0.2968645943730354,0.174465901,0.2845452863402138,0.2845452863402138
2024-02-09 15:00:00+09:00,0.452126644,0.384567844,0.33337569075478934,0.33337569075478934,0.285085261,0.18442337973197553,0.18442337973197553
2024-02-09 16:00:00+09:00,0.299191023,0.452126644,0.3621119553293648,0.3621119553293648,0.3325993,0.20482099339656828,0.20482099339656828
2024-02-09 17:00:00+09:00,0.149966635,0.299191023,0.1511429946501236,0.1511429946501236,0.384567844,0.15187341186060332,0.15187341186060332
2024-02-09 18:00:00+09:00,0.036378289,0.149966635,0.05205371994901656,0.05205371994901656,0.452126644,0.1855505624856415,0.1855505624856415
2024-02-09 19:00:00+09:00,0.0,0.036378289,0.0,0.0,0.299191023,0.0,0.0
2024-02-09 20:00:00+09:00,0.0,0.0,0.0,0.0,0.149966635,0.0,0.0
2024-02-09 21:00:00+09:00,0.0,0.0,0.0002893940545618534,0.0002893940545618534,0.036378289,0.0,0.0
2024-02-09 22:00:00+09:00,0.0,0.0,0.0008124064770527184,0.0008124064770527184,0.0,0.0,0.0
2024-02-09 23:00:00+09:00,0.0,0.0,0.0008124064770527184,0.0008124064770527184,0.0,0.0028157844208180904,0.0028157844208180904
2024-02-10 00:00:00+09:00,0.0,0.0,0.0,0.0,0.0,0.0,0.0
2024-02-10 01:00:00+09:00,0.0,0.0,0.0,0.0,0.0,0.0,0.0
2024-02-10 02:00:00+09:00,0.0,0.0,0.0,0.0,0.0,0.0,0.0
2024-02-10 03:00:00+09:00,0.0,0.0,0.0,0.0,0.0,0.0,0.0
2024-02-10 04:00:00+09:00,0.0,0.0,0.0,0.0,0.0,0.0,0.0
2024-02-10 05:00:00+09:00,0.0,0.0,0.0,0.0,0.0,0.0,0.0
2024-02-10 06:00:00+09:00,0.0,0.0,0.0,0.0,0.0,0.0,0.0
2024-02-10 07:00:00+09:00,0.0,0.0,0.021729690954089165,0.021729690954089165,0.0,0.021262746304273605,0.021262746304273605
2024-02-10 08:00:00+09:00,0.016332502,0.0,0.09649147093296051,0.09649147093296051,0.0,0.12276095151901245,0.12276095151901245
2024-02-10 09:00:00+09:00,0.129921874,0.016332502,0.11805517458167267,0.11805517458167267,0.0,0.2318195402622223,0.2318195402622223
2024-02-10 10:00:00+09:00,0.305130021,0.129921874,0.17495283667580985,0.17495283667580985,0.0,0.20342911779880524,0.20342911779880524
2024-02-10 11:00:00+09:00,0.45286889,0.305130021,0.3381412935496292,0.3381412935496292,0.016332502,0.18011246108260345,0.18011246108260345
2024-02-10 12:00:00+09:00,0.550124734,0.45286889,0.5318978018885994,0.5318978018885994,0.129921874,0.40966575403349303,0.40966575403349303
2024-02-10 13:00:00+09:00,0.582790765,0.550124734,0.6117266074872341,0.6117266074872341,0.305130021,0.4704044175387344,0.4704044175387344
2024-02-10 14:00:00+09:00,0.552351474,0.582790765,0.6054054470932627,0.6054054470932627,0.45286889,0.4697644542729998,0.4697644542729998
2024-02-10 15:00:00+09:00,0.46549016,0.552351474,0.4748696602711906,0.4748696602711906,0.550124734,0.5447051933153297,0.5447051933153297
2024-02-10 16:00:00+09:00,0.322948043,0.46549016,0.42694458500710486,0.42694458500710486,0.582790765,0.5237041218406105,0.5237041218406105
2024-02-10 17:00:00+09:00,0.166299137,0.322948043,0.20889307255675127,0.20889307255675127,0.552351474,0.29621022863485713,0.29621022863485713
2024-02-10 18:00:00+09:00,0.040090548,0.166299137,0.08089657378569795,0.08089657378569795,0.46549016,0.21070015193191527,0.21070015193191527
2024-02-10 19:00:00+09:00,0.0,0.040090548,0.0,0.0,0.322948043,0.032622073542373675,0.032622073542373675
2024-02-10 20:00:00+09:00,0.0,0.0,0.0,0.0,0.166299137,0.0,0.0
2024-02-10 21:00:00+09:00,0.0,0.0,0.001444439752958715,0.001444439752958715,0.040090548,0.0,0.0
2024-02-10 22:00:00+09:00,0.0,0.0,0.001967452932149172,0.001967452932149172,0.0,0.0,0.0
2024-02-10 23:00:00+09:00,0.0,0.0,0.001967452932149172,0.001967452932149172,0.0,0.00564777385443449,0.00564777385443449
2024-02-11 00:00:00+09:00,0.0,0.0,0.00046919664600864053,0.00046919664600864053,0.0,0.0011268154485151172,0.0011268154485151172
2024-02-11 01:00:00+09:00,0.0,0.0,0.00046919664600864053,0.00046919664600864053,0.0,0.0011268154485151172,0.0011268154485151172
2024-02-11 02:00:00+09:00,0.0,0.0,0.00046919664600864053,0.00046919664600864053,0.0,0.0011268154485151172,0.0011268154485151172
2024-02-11 03:00:00+09:00,0.0,0.0,0.00046919664600864053,0.00046919664600864053,0.0,0.0011268154485151172,0.0011268154485151172
2024-02-11 04:00:00+09:00,0.0,0.0,0.00046919664600864053,0.00046919664600864053,0.0,0.0011268154485151172,0.0011268154485151172
2024-02-11 05:00:00+09:00,0.0,0.0,0.00046919664600864053,0.00046919664600864053,0.0,0.0011268154485151172,0.0011268154485151172
2024-02-11 06:00:00+09:00,0.0,0.0,0.0005116335232742131,0.0005116335232742131,0.0,0.0015473495004698634,0.0015473495004698634
2024-02-11 07:00:00+09:00,0.0,0.0,0.027198484167456627,0.027198484167456627,0.0,0.025518236681818962,0.025518236681818962
2024-02-11 08:00:00+09:00,0.018560268,0.0,0.08590409904718399,0.08590409904718399,0.0,0.12021835893392563,0.12021835893392563
2024-02-11 09:00:00+09:00,0.131406367,0.018560268,0.10287385435425568,0.10287385435425568,0.0,0.2256692498922348,0.2256692498922348
2024-02-11 10:00:00+09:00,0.296221011,0.131406367,0.2917168142160339,0.2917168142160339,0.0,0.4348842203617096,0.4348842203617096
2024-02-11 11:00:00+09:00,0.429854117,0.296221011,0.38217361332686994,0.38217361332686994,0.018560268,0.3758162632735901,0.3758162632735901
2024-02-11 12:00:00+09:00,0.533792233,0.429854117,0.5248174962042732,0.5248174962042732,0.131406367,0.4400882424673004,0.4400882424673004
2024-02-11 13:00:00+09:00,0.551609227,0.533792233,0.5358546219286071,0.5358546219286071,0.296221011,0.433458559828125,0.433458559828125
2024-02-11 14:00:00+09:00,0.472914678,0.551609227,0.5259867231680174,0.5259867231680174,0.429854117,0.4193123333542509,0.4193123333542509
2024-02-11 15:00:00+09:00,0.415006108,0.472914678,0.3580864639506607,0.3580864639506607,0.533792233,0.40758885992546845,0.40758885992546845
2024-02-11 16:00:00+09:00,0.266524993,0.415006108,0.30609065236063765,0.30609065236063765,0.551609227,0.12633226209712223,0.12633226209712223
2024-02-11 17:00:00+09:00,0.125467369,0.266524993,0.18952165555712508,0.18952165555712508,0.472914678,0.1623014034257202,0.1623014034257202
2024-02-11 18:00:00+09:00,0.036378289,0.125467369,0.021590159873050685,0.021590159873050685,0.415006108,0.22081164212437437,0.22081164212437437
2024-02-11 19:00:00+09:00,0.0,0.036378289,0.0,0.0,0.266524993,0.0,0.0
2024-02-11 20:00:00+09:00,0.0,0.0,0.0,0.0,0.125467369,0.0,0.0
2024-02-11 21:00:00+09:00,0.0,0.0,0.0,0.0,0.036378289,0.0,0.0
2024-02-11 22:00:00+09:00,0.0,0.0,0.0,0.0,0.0,0.0,0.0
2024-02-11 23:00:00+09:00,0.0,0.0,0.0,0.0,0.0,0.0,0.0
2024-02-12 00:00:00+09:00,0.0,0.0,0.00023431330919265747,0.00023431330919265747,0.0,0.00036047722096554935,0.00036047722096554935
2024-02-12 01:00:00+09:00,0.0,0.0,0.00023431330919265747,0.00023431330919265747,0.0,0.00036047722096554935,0.00036047722096554935
2024-02-12 02:00:00+09:00,0.0,0.0,0.00023431330919265747,0.00023431330919265747,0.0,0.00036047722096554935,0.00036047722096554935
2024-02-12 03:00:00+09:00,0.0,0.0,0.00023431330919265747,0.00023431330919265747,0.0,0.00036047722096554935,0.00036047722096554935
2024-02-12 04:00:00+09:00,0.0,0.0,0.00023431330919265747,0.00023431330919265747,0.0,0.00036047722096554935,0.00036047722096554935
2024-02-12 05:00:00+09:00,0.0,0.0,0.00023431330919265747,0.00023431330919265747,0.0,0.00036047722096554935,0.00036047722096554935
2024-02-12 06:00:00+09:00,0.0,0.0,0.0004553886246867478,0.0004553886246867478,0.0,0.0,0.0
2024-02-12 07:00:00+09:00,0.0,0.0,0.013320459052920341,0.013320459052920341,0.0,0.006033738609403372,0.006033738609403372
2024-02-12 08:00:00+09:00,0.018560268,0.0,0.07508637011051178,0.07508637011051178,0.0,0.08072267472743988,0.08072267472743988
2024-02-12 09:00:00+09:00,0.13437638,0.018560268,0.11356622727238465,0.11356622727238465,0.0,0.20723585784435272,0.20723585784435272
2024-02-12 10:00:00+09:00,0.315523525,0.13437638,0.3178796501492309,0.3178796501492309,0.0,0.38664451241493225,0.38664451241493225
2024-02-12 11:00:00+09:00,0.472171405,0.315523525,0.4123999301795006,0.4123999301795006,0.018560268,0.2807873860152893,0.2807873860152893
2024-02-12 12:00:00+09:00,0.564230497,0.472171405,0.5306787468915272,0.5306787468915272,0.13437638,0.49434405878532406,0.49434405878532406
2024-02-12 13:00:00+09:00,0.592442022,0.564230497,0.5903639560613843,0.5903639560613843,0.315523525,0.39067250233926776,0.39067250233926776
2024-02-12 14:00:00+09:00,0.562746004,0.592442022,0.5243359592897148,0.5243359592897148,0.472171405,0.3677179903214264,0.3677179903214264
2024-02-12 15:00:00+09:00,0.489989426,0.562746004,0.31370124293833157,0.31370124293833157,0.564230497,0.3922226382467957,0.3922226382467957
2024-02-12 16:00:00+09:00,0.348931802,0.489989426,0.3622711561750183,0.3622711561750183,0.592442022,0.3694091004473419,0.3694091004473419
2024-02-12 17:00:00+09:00,0.181148172,0.348931802,0.29501392834921075,0.29501392834921075,0.562746004,0.4338310070183792,0.4338310070183792
2024-02-12 18:00:00+09:00,0.04380178,0.181148172,0.07041686085755539,0.07041686085755539,0.489989426,0.21221127734887696,0.21221127734887696
2024-02-12 19:00:00+09:00,0.0,0.04380178,0.0,0.0,0.348931802,0.0,0.0
2024-02-12 20:00:00+09:00,0.0,0.0,0.0,0.0,0.181148172,0.0,0.0
2024-02-12 21:00:00+09:00,0.0,0.0,0.0,0.0,0.04380178,0.0,0.0
2024-02-12 22:00:00+09:00,0.0,0.0,0.0,0.0,0.0,0.0,0.0
2024-02-12 23:00:00+09:00,0.0,0.0,0.0,0.0,0.0,0.0,0.0
2024-02-13 00:00:00+09:00,0.0,0.0,0.0,0.0,0.0,0.0,0.0
2024-02-13 01:00:00+09:00,0.0,0.0,0.0,0.0,0.0,0.0,0.0
2024-02-13 02:00:00+09:00,0.0,0.0,0.0,0.0,0.0,0.0,0.0
2024-02-13 03:00:00+09:00,0.0,0.0,0.0,0.0,0.0,0.0,0.0
2024-02-13 04:00:00+09:00,0.0,0.0,0.0,0.0,0.0,0.0,0.0
2024-02-13 05:00:00+09:00,0.0,0.0,0.0,0.0,0.0,0.0,0.0
2024-02-13 06:00:00+09:00,0.0,0.0,0.0,0.0,0.0,0.0,0.0
2024-02-13 07:00:00+09:00,0.0,0.0,0.012111610732972622,0.012111610732972622,0.0,0.007639830466359854,0.007639830466359854
2024-02-13 08:00:00+09:00,0.014105762,0.0,0.056095026433467865,0.056095026433467865,0.0,0.04455386847257614,0.04455386847257614
2024-02-13 09:00:00+09:00,0.120270617,0.014105762,0.08408606296292495,0.08408606296292495,0.0,0.16273656487464905,0.16273656487464905
2024-02-13 10:00:00+09:00,0.250933711,0.120270617,0.25666075169219205,0.25666075169219205,0.0,0.1980544775724411,0.1980544775724411
2024-02-13 11:00:00+09:00,0.361553071,0.250933711,0.33628689176610566,0.33628689176610566,0.014105762,0.1794773290108795,0.1794773290108795
2024-02-13 12:00:00+09:00,0.389764596,0.361553071,0.30393847257675743,0.30393847257675743,0.120270617,0.2665540796436233,0.2665540796436233
2024-02-13 13:00:00+09:00,0.440248647,0.389764596,0.3537121864405117,0.3537121864405117,0.250933711,0.3074550000505791,0.3074550000505791
2024-02-13 14:00:00+09:00,0.348189555,0.440248647,0.31554280337254714,0.31554280337254714,0.361553071,0.2716861124414406,0.2716861124414406
2024-02-13 15:00:00+09:00,0.434308623,0.348189555,0.34918890661415486,0.34918890661415486,0.389764596,0.376424070670887,0.376424070670887
2024-02-13 16:00:00+09:00,0.342250557,0.434308623,0.3820044631501179,0.3820044631501179,0.440248647,0.20117064681212615,0.20117064681212615
2024-02-13 17:00:00+09:00,0.17817816,0.342250557,0.2527789113467522,0.2527789113467522,0.348189555,0.1515366806494522,0.1515366806494522
2024-02-13 18:00:00+09:00,0.043059534,0.17817816,0.13392493735567093,0.13392493735567093,0.434308623,0.440069214942817,0.440069214942817
2024-02-13 19:00:00+09:00,0.0,0.043059534,0.02638411389454269,0.02638411389454269,0.342250557,0.16983096426184846,0.16983096426184846
2024-02-13 20:00:00+09:00,0.0,0.0,0.0,0.0,0.17817816,0.09950791161075592,0.09950791161075592
2024-02-13 21:00:00+09:00,0.0,0.0,0.004079765174537897,0.004079765174537897,0.043059534,0.0151220155672636,0.0151220155672636
2024-02-13 22:00:00+09:00,0.0,0.0,0.004770586732774973,0.004770586732774973,0.0,0.0031557101756334305,0.0031557101756334305
2024-02-13 23:00:00+09:00,0.0,0.0,0.004770586732774973,0.004770586732774973,0.0,0.022660119459033012,0.022660119459033012
2024-02-14 00:00:00+09:00,0.0,0.0,0.0,0.0,0.0,0.0,0.0
2024-02-14 01:00:00+09:00,0.0,0.0,0.0,0.0,0.0,0.0,0.0
2024-02-14 02:00:00+09:00,0.0,0.0,0.0,0.0,0.0,0.0,0.0
2024-02-14 03:00:00+09:00,0.0,0.0,0.0,0.0,0.0,0.0,0.0
2024-02-14 04:00:00+09:00,0.0,0.0,0.0,0.0,0.0,0.0,0.0
2024-02-14 05:00:00+09:00,0.0,0.0,0.0,0.0,0.0,0.0,0.0
2024-02-14 06:00:00+09:00,0.0,0.0,0.0,0.0,0.0,0.0,0.0
2024-02-14 07:00:00+09:00,0.0,0.0,0.02248341776430607,0.02248341776430607,0.0,0.01750962994992733,0.01750962994992733
2024-02-14 08:00:00+09:00,0.000742246,0.0,0.07742255926132202,0.07742255926132202,0.0,0.08770235627889633,0.08770235627889633
2024-02-14 09:00:00+09:00,0.01113575,0.000742246,0.06562579104108429,0.06562579104108429,0.0,0.14024806022644043,0.14024806022644043
2024-02-14 10:00:00+09:00,0.144769883,0.01113575,0.10418645340633392,0.10418645340633392,0.0,0.2276078313589096,0.2276078313589096
2024-02-14 11:00:00+09:00,0.125467369,0.144769883,0.20854174181137847,0.20854174181137847,0.000742246,0.2016212982813797,0.2016212982813797
2024-02-14 12:00:00+09:00,0.090573573,0.125467369,0.18849929575113678,0.18849929575113678,0.01113575,0.2235097368402481,0.2235097368402481
2024-02-14 13:00:00+09:00,0.164072397,0.090573573,0.09773611508236933,0.09773611508236933,0.144769883,0.2740842609039383,0.2740842609039383
2024-02-14 14:00:00+09:00,0.328887041,0.164072397,0.17386410182605697,0.17386410182605697,0.125467369,0.1419265937456312,0.1419265937456312
2024-02-14 15:00:00+09:00,0.366007576,0.328887041,0.22344774314509963,0.22344774314509963,0.090573573,0.0,0.0
2024-02-14 16:00:00+09:00,0.144027637,0.366007576,0.2548315695040474,0.2548315695040474,0.164072397,0.0,0.0
2024-02-14 17:00:00+09:00,0.080180069,0.144027637,0.021480822617923723,0.021480822617923723,0.328887041,0.024303849128356925,0.024303849128356925
2024-02-14 18:00:00+09:00,0.005196752,0.080180069,0.0,0.0,0.366007576,0.2000527179353485,0.2000527179353485
2024-02-14 19:00:00+09:00,0.0,0.005196752,0.0,0.0,0.144027637,0.0,0.0
2024-02-14 20:00:00+09:00,0.0,0.0,0.0,0.0,0.080180069,0.0,0.0
2024-02-14 21:00:00+09:00,0.0,0.0,0.0,0.0,0.005196752,0.0,0.0
2024-02-14 22:00:00+09:00,0.0,0.0,0.0,0.0,0.0,0.0,0.0
2024-02-14 23:00:00+09:00,0.0,0.0,0.0,0.0,0.0,0.0,0.0
2024-02-15 00:00:00+09:00,0.0,0.0,0.0005077158566564322,0.0005077158566564322,0.0,0.001400443841703236,0.001400443841703236
2024-02-15 01:00:00+09:00,0.0,0.0,0.0005077158566564322,0.0005077158566564322,0.0,0.001400443841703236,0.001400443841703236
2024-02-15 02:00:00+09:00,0.0,0.0,0.0005077158566564322,0.0005077158566564322,0.0,0.001400443841703236,0.001400443841703236
2024-02-15 03:00:00+09:00,0.0,0.0,0.0005077158566564322,0.0005077158566564322,0.0,0.001400443841703236,0.001400443841703236
2024-02-15 04:00:00+09:00,0.0,0.0,0.0005077158566564322,0.0005077158566564322,0.0,0.001400443841703236,0.001400443841703236
2024-02-15 05:00:00+09:00,0.0,0.0,0.0005077158566564322,0.0005077158566564322,0.0,0.001400443841703236,0.001400443841703236
2024-02-15 06:00:00+09:00,0.0,0.0,0.00031330244382843375,0.00031330244382843375,0.0,7.431963604176417e-05,7.431963604176417e-05
2024-02-15 07:00:00+09:00,0.0,0.0,0.024175256490707397,0.024175256490707397,0.0,0.022600846365094185,0.022600846365094185
2024-02-15 08:00:00+09:00,0.003712259,0.0,0.07189459353685379,0.07189459353685379,0.0,0.09156971424818039,0.09156971424818039
2024-02-15 09:00:00+09:00,0.095028078,0.003712259,0.16037560231035614,0.16037560231035614,0.0,0.2949151396751404,0.2949151396751404
2024-02-15 10:00:00+09:00,0.249449218,0.095028078,0.21974526141112138,0.21974526141112138,0.0,0.2953561842441559,0.2953561842441559
2024-02-15 11:00:00+09:00,0.449899905,0.249449218,0.34672768631083295,0.34672768631083295,0.003712259,0.3060433191711273,0.3060433191711273
2024-02-15 12:00:00+09:00,0.283599741,0.449899905,0.5386444633939552,0.5386444633939552,0.095028078,0.418779915015152,0.418779915015152
2024-02-15 13:00:00+09:00,0.53304896,0.283599741,0.38444011582738497,0.38444011582738497,0.249449218,0.454179892624443,0.454179892624443
2024-02-15 14:00:00+09:00,0.46549016,0.53304896,0.5585577307191706,0.5585577307191706,0.449899905,0.537059493932991,0.537059493932991
2024-02-15 15:00:00+09:00,0.253903724,0.46549016,0.37081288309064864,0.37081288309064864,0.283599741,0.20781658514148332,0.20781658514148332
2024-02-15 16:00:00+09:00,0.196738427,0.253903724,0.15888685707762146,0.15888685707762146,0.53304896,0.3357911134061432,0.3357911134061432
2024-02-15 17:00:00+09:00,0.031181537,0.196738427,0.05992600830073547,0.05992600830073547,0.46549016,0.21620839596954344,0.21620839596954344
2024-02-15 18:00:00+09:00,0.000742246,0.031181537,0.0,0.0,0.253903724,0.0,0.0
2024-02-15 19:00:00+09:00,0.0,0.000742246,0.0,0.0,0.196738427,0.0,0.0
2024-02-15 20:00:00+09:00,0.0,0.0,0.0,0.0,0.031181537,0.0,0.0
2024-02-15 21:00:00+09:00,0.0,0.0,0.0,0.0,0.000742246,0.0,0.0
2024-02-15 22:00:00+09:00,0.0,0.0,0.0,0.0,0.0,0.0,0.0
2024-02-15 23:00:00+09:00,0.0,0.0,0.0,0.0,0.0,0.0,0.0
2024-02-16 00:00:00+09:00,0.0,0.0,0.00010028106044046581,0.00010028106044046581,0.0,0.0004019767511636019,0.0004019767511636019
2024-02-16 01:00:00+09:00,0.0,0.0,0.00010028106044046581,0.00010028106044046581,0.0,0.0004019767511636019,0.0004019767511636019
2024-02-16 02:00:00+09:00,0.0,0.0,0.00010028106044046581,0.00010028106044046581,0.0,0.0004019767511636019,0.0004019767511636019
2024-02-16 03:00:00+09:00,0.0,0.0,0.00010028106044046581,0.00010028106044046581,0.0,0.0004019767511636019,0.0004019767511636019
2024-02-16 04:00:00+09:00,0.0,0.0,0.00010028106044046581,0.00010028106044046581,0.0,0.0004019767511636019,0.0004019767511636019
2024-02-16 05:00:00+09:00,0.0,0.0,0.00010028106044046581,0.00010028106044046581,0.0,0.0004019767511636019,0.0004019767511636019
2024-02-16 06:00:00+09:00,0.0,0.0,4.917444312013686e-05,4.917444312013686e-05,0.0,0.0,0.0
2024-02-16 07:00:00+09:00,0.0,0.0,0.02320602536201477,0.02320602536201477,0.0,0.022499393671751022,0.022499393671751022
2024-02-16 08:00:00+09:00,0.020044761,0.0,0.06682012975215912,0.06682012975215912,0.0,0.08522356301546097,0.08522356301546097
2024-02-16 09:00:00+09:00,0.155163387,0.020044761,0.13570672482045745,0.13570672482045745,0.0,0.24019315838813782,0.24019315838813782
2024-02-16 10:00:00+09:00,0.340022791,0.155163387,0.25451122426930617,0.25451122426930617,0.0,0.25034099817276,0.25034099817276
2024-02-16 11:00:00+09:00,0.435051896,0.340022791,0.42526038345872497,0.42526038345872497,0.020044761,0.3285118809321747,0.3285118809321747
2024-02-16 12:00:00+09:00,0.48702044,0.435051896,0.5071448612452469,0.5071448612452469,0.155163387,0.44672379845324706,0.44672379845324706
2024-02-16 13:00:00+09:00,0.513004199,0.48702044,0.49847219099372864,0.49847219099372864,0.340022791,0.5559980159717712,0.5559980159717712
2024-02-16 14:00:00+09:00,0.590957529,0.513004199,0.501827575595974,0.501827575595974,0.435051896,0.5129947144032441,0.5129947144032441
2024-02-16 15:00:00+09:00,0.466232406,0.590957529,0.5460583782708206,0.5460583782708206,0.48702044,0.5024353392151022,0.5024353392151022
2024-02-16 16:00:00+09:00,0.360810825,0.466232406,0.3686608914531288,0.3686608914531288,0.513004199,0.2764340195375672,0.2764340195375672
2024-02-16 17:00:00+09:00,0.204161919,0.360810825,0.2392857012845993,0.2392857012845993,0.590957529,0.38802923922891996,0.38802923922891996
2024-02-16 18:00:00+09:00,0.053453037,0.204161919,0.12959129297956848,0.12959129297956848,0.466232406,0.24754935691724395,0.24754935691724395
2024-02-16 19:00:00+09:00,0.0,0.053453037,0.0,0.0,0.360810825,0.032847949633789064,0.032847949633789064
2024-02-16 20:00:00+09:00,0.0,0.0,0.0,0.0,0.204161919,0.0,0.0
2024-02-16 21:00:00+09:00,0.0,0.0,0.0002893940545618534,0.0002893940545618534,0.053453037,0.0,0.0
2024-02-16 22:00:00+09:00,0.0,0.0,0.0008124064770527184,0.0008124064770527184,0.0,0.0,0.0
2024-02-16 23:00:00+09:00,0.0,0.0,0.0008124064770527184,0.0008124064770527184,0.0,0.0028157844208180904,0.0028157844208180904
2024-02-17 00:00:00+09:00,0.0,0.0,0.0,0.0,0.0,0.0,0.0
2024-02-17 01:00:00+09:00,0.0,0.0,0.0,0.0,0.0,0.0,0.0
2024-02-17 02:00:00+09:00,0.0,0.0,0.0,0.0,0.0,0.0,0.0
2024-02-17 03:00:00+09:00,0.0,0.0,0.0,0.0,0.0,0.0,0.0
2024-02-17 04:00:00+09:00,0.0,0.0,0.0,0.0,0.0,0.0,0.0
2024-02-17 05:00:00+09:00,0.0,0.0,0.0,0.0,0.0,0.0,0.0
2024-02-17 06:00:00+09:00,0.0,0.0,0.0,0.0,0.0,0.0,0.0
2024-02-17 07:00:00+09:00,0.0,0.0,0.021729690954089165,0.021729690954089165,0.0,0.021262746304273605,0.021262746304273605
2024-02-17 08:00:00+09:00,0.024499266,0.0,0.05964372307062149,0.05964372307062149,0.0,0.08589000999927521,0.08589000999927521
2024-02-17 09:00:00+09:00,0.157390126,0.024499266,0.07595894351741408,0.07595894351741408,0.0,0.08780565112829208,0.08780565112829208
2024-02-17 10:00:00+09:00,0.345219543,0.157390126,0.24279051364476775,0.24279051364476775,0.0,0.25486189126968384,0.25486189126968384
2024-02-17 11:00:00+09:00,0.492959438,0.345219543,0.4402169490058594,0.4402169490058594,0.024499266,0.2674770788862381,0.2674770788862381
2024-02-17 12:00:00+09:00,0.577594013,0.492959438,0.5523086172678833,0.5523086172678833,0.157390126,0.4165107691388855,0.4165107691388855
2024-02-17 13:00:00+09:00,0.614714548,0.577594013,0.5875067506452089,0.5875067506452089,0.345219543,0.5232338512141876,0.5232338512141876
2024-02-17 14:00:00+09:00,0.59615428,0.614714548,0.613171867685258,0.613171867685258,0.492959438,0.4918646841460233,0.4918646841460233
2024-02-17 15:00:00+09:00,0.51968647,0.59615428,0.5642088130047608,0.5642088130047608,0.577594013,0.589655096689332,0.589655096689332
2024-02-17 16:00:00+09:00,0.378628846,0.51968647,0.4593556283096981,0.4593556283096981,0.614714548,0.4954008013092499,0.4954008013092499
2024-02-17 17:00:00+09:00,0.210101943,0.378628846,0.2374238481028519,0.2374238481028519,0.59615428,0.40010758488681797,0.40010758488681797
2024-02-17 18:00:00+09:00,0.057165296,0.210101943,0.08430556534115602,0.08430556534115602,0.51968647,0.17642972823783876,0.17642972823783876
2024-02-17 19:00:00+09:00,0.0,0.057165296,0.0028379570660552952,0.0028379570660552952,0.378628846,0.08830287654237368,0.08830287654237368
2024-02-17 20:00:00+09:00,0.0,0.0,0.0,0.0,0.210101943,0.0007155644733123911,0.0007155644733123911
2024-02-17 21:00:00+09:00,0.0,0.0,0.001444439752958715,0.001444439752958715,0.057165296,0.0,0.0
2024-02-17 22:00:00+09:00,0.0,0.0,0.001967452932149172,0.001967452932149172,0.0,0.0,0.0
2024-02-17 23:00:00+09:00,0.0,0.0,0.001967452932149172,0.001967452932149172,0.0,0.00564777385443449,0.00564777385443449
2024-02-18 00:00:00+09:00,0.0,0.0,0.00046919664600864053,0.00046919664600864053,0.0,0.0011268154485151172,0.0011268154485151172
2024-02-18 01:00:00+09:00,0.0,0.0,0.00046919664600864053,0.00046919664600864053,0.0,0.0011268154485151172,0.0011268154485151172
2024-02-18 02:00:00+09:00,0.0,0.0,0.00046919664600864053,0.00046919664600864053,0.0,0.0011268154485151172,0.0011268154485151172
2024-02-18 03:00:00+09:00,0.0,0.0,0.00046919664600864053,0.00046919664600864053,0.0,0.0011268154485151172,0.0011268154485151172
2024-02-18 04:00:00+09:00,0.0,0.0,0.00046919664600864053,0.00046919664600864053,0.0,0.0011268154485151172,0.0011268154485151172
2024-02-18 05:00:00+09:00,0.0,0.0,0.00046919664600864053,0.00046919664600864053,0.0,0.0011268154485151172,0.0011268154485151172
2024-02-18 06:00:00+09:00,0.0,0.0,0.0005116335232742131,0.0005116335232742131,0.0,0.0015473495004698634,0.0015473495004698634
2024-02-18 07:00:00+09:00,0.0,0.0,0.027198484167456627,0.027198484167456627,0.0,0.025518236681818962,0.025518236681818962
2024-02-18 08:00:00+09:00,0.028953771,0.0,0.08497302234172821,0.08497302234172821,0.0,0.11629907041788101,0.11629907041788101
2024-02-18 09:00:00+09:00,0.115072839,0.028953771,0.14425971627721404,0.14425971627721404,0.0,0.20698454976081848,0.20698454976081848
2024-02-18 10:00:00+09:00,0.213070929,0.115072839,0.26182488355852507,0.26182488355852507,0.0,0.30569562315940857,0.30569562315940857
2024-02-18 11:00:00+09:00,0.46549016,0.213070929,0.2362666949125328,0.2362666949125328,0.028953771,0.3975563150692902,0.3975563150692902
2024-02-18 12:00:00+09:00,0.475883663,0.46549016,0.5332868820544815,0.5332868820544815,0.115072839,0.42296623442388914,0.42296623442388914
2024-02-18 13:00:00+09:00,0.201192933,0.475883663,0.47452381539290894,0.47452381539290894,0.213070929,0.40676084155760195,0.40676084155760195
2024-02-18 14:00:00+09:00,0.126951862,0.201192933,0.19046663293180036,0.19046663293180036,0.46549016,0.509565593164835,0.509565593164835
2024-02-18 15:00:00+09:00,0.0452873,0.126951862,0.0,0.0,0.475883663,0.2855164858712082,0.2855164858712082
2024-02-18 16:00:00+09:00,0.034150523,0.0452873,0.0,0.0,0.201192933,0.0,0.0
2024-02-18 17:00:00+09:00,0.005938998,0.034150523,0.0,0.0,0.126951862,0.0,0.0
2024-02-18 18:00:00+09:00,0.0,0.005938998,0.0,0.0,0.0452873,0.0,0.0
2024-02-18 19:00:00+09:00,0.0,0.0,0.0,0.0,0.034150523,0.0,0.0
2024-02-18 20:00:00+09:00,0.0,0.0,0.0,0.0,0.005938998,0.0,0.0
2024-02-18 21:00:00+09:00,0.0,0.0,0.0,0.0,0.0,0.0,0.0
2024-02-18 22:00:00+09:00,0.0,0.0,0.0,0.0,0.0,0.0,0.0
2024-02-18 23:00:00+09:00,0.0,0.0,0.0,0.0,0.0,0.0,0.0
2024-02-19 00:00:00+09:00,0.0,0.0,0.00023431330919265747,0.00023431330919265747,0.0,0.00036047722096554935,0.00036047722096554935
2024-02-19 01:00:00+09:00,0.0,0.0,0.00023431330919265747,0.00023431330919265747,0.0,0.00036047722096554935,0.00036047722096554935
2024-02-19 02:00:00+09:00,0.0,0.0,0.00023431330919265747,0.00023431330919265747,0.0,0.00036047722096554935,0.00036047722096554935
2024-02-19 03:00:00+09:00,0.0,0.0,0.00023431330919265747,0.00023431330919265747,0.0,0.00036047722096554935,0.00036047722096554935
2024-02-19 04:00:00+09:00,0.0,0.0,0.00023431330919265747,0.00023431330919265747,0.0,0.00036047722096554935,0.00036047722096554935
2024-02-19 05:00:00+09:00,0.0,0.0,0.00023431330919265747,0.00023431330919265747,0.0,0.00036047722096554935,0.00036047722096554935
2024-02-19 06:00:00+09:00,0.0,0.0,0.0004553886246867478,0.0004553886246867478,0.0,0.0,0.0
2024-02-19 07:00:00+09:00,0.0,0.0,0.013320459052920341,0.013320459052920341,0.0,0.006033738609403372,0.006033738609403372
2024-02-19 08:00:00+09:00,0.0,0.0,0.04688376188278198,0.04688376188278198,0.0,0.05219140648841858,0.05219140648841858
2024-02-19 09:00:00+09:00,0.028211525,0.0,0.10373301059007645,0.10373301059007645,0.0,0.16630396246910095,0.16630396246910095
2024-02-19 10:00:00+09:00,0.06533206,0.028211525,0.15484773210372926,0.15484773210372926,0.0,0.2673830986022949,0.2673830986022949
2024-02-19 11:00:00+09:00,0.057165296,0.06533206,0.13184483840137481,0.13184483840137481,0.0,0.240237757563591,0.240237757563591
2024-02-19 12:00:00+09:00,0.209359697,0.057165296,0.08712073713218785,0.08712073713218785,0.028211525,0.24468577495899202,0.24468577495899202
2024-02-19 13:00:00+09:00,0.464747913,0.209359697,0.20154412829211665,0.20154412829211665,0.06533206,0.16008290394216537,0.16008290394216537
2024-02-19 14:00:00+09:00,0.535276725,0.464747913,0.5265297776132947,0.5265297776132947,0.057165296,0.11790197081541634,0.11790197081541634
2024-02-19 15:00:00+09:00,0.471429158,0.535276725,0.5457127653493047,0.5457127653493047,0.209359697,0.270022588715765,0.270022588715765
2024-02-19 16:00:00+09:00,0.288054247,0.471429158,0.3808583728947716,0.3808583728947716,0.464747913,0.3382799996107941,0.3382799996107941
2024-02-19 17:00:00+09:00,0.14551213,0.288054247,0.17333301583745192,0.17333301583745192,0.535276725,0.39737594038829804,0.39737594038829804
2024-02-19 18:00:00+09:00,0.044544027,0.14551213,0.01908489678085326,0.01908489678085326,0.471429158,0.14781238510990907,0.14781238510990907
2024-02-19 19:00:00+09:00,0.0,0.044544027,0.0,0.0,0.288054247,0.0,0.0
2024-02-19 20:00:00+09:00,0.0,0.0,0.0,0.0,0.14551213,0.0,0.0
2024-02-19 21:00:00+09:00,0.0,0.0,0.0,0.0,0.044544027,0.0,0.0
2024-02-19 22:00:00+09:00,0.0,0.0,0.0,0.0,0.0,0.0,0.0
2024-02-19 23:00:00+09:00,0.0,0.0,0.0,0.0,0.0,0.0,0.0
2024-02-20 00:00:00+09:00,0.0,0.0,0.0,0.0,0.0,0.0,0.0
2024-02-20 01:00:00+09:00,0.0,0.0,0.0,0.0,0.0,0.0,0.0
2024-02-20 02:00:00+09:00,0.0,0.0,0.0,0.0,0.0,0.0,0.0
2024-02-20 03:00:00+09:00,0.0,0.0,0.0,0.0,0.0,0.0,0.0
2024-02-20 04:00:00+09:00,0.0,0.0,0.0,0.0,0.0,0.0,0.0
2024-02-20 05:00:00+09:00,0.0,0.0,0.0,0.0,0.0,0.0,0.0
2024-02-20 06:00:00+09:00,0.0,0.0,0.0,0.0,0.0,0.0,0.0
2024-02-20 07:00:00+09:00,0.0,0.0,0.012111610732972622,0.012111610732972622,0.0,0.007639830466359854,0.007639830466359854
2024-02-20 08:00:00+09:00,0.0,0.0,0.030971288681030273,0.030971288681030273,0.0,0.0,0.0
2024-02-20 09:00:00+09:00,0.01262127,0.0,0.10833106189966202,0.10833106189966202,0.0,0.24382926523685455,0.24382926523685455
2024-02-20 10:00:00+09:00,0.039347275,0.01262127,0.08895609664823532,0.08895609664823532,0.0,0.2538757622241974,0.2538757622241974
2024-02-20 11:00:00+09:00,0.064589814,0.039347275,0.07925717050948143,0.07925717050948143,0.0,0.10938278585672379,0.10938278585672379
2024-02-20 12:00:00+09:00,0.070528812,0.064589814,0.07662647096084499,0.07662647096084499,0.01262127,0.25083048778678896,0.25083048778678896
2024-02-20 13:00:00+09:00,0.135118626,0.070528812,0.04411629144235801,0.04411629144235801,0.039347275,0.07075719426193237,0.07075719426193237
2024-02-20 14:00:00+09:00,0.138830885,0.135118626,0.06176020199210738,0.06176020199210738,0.064589814,0.03893723403679275,0.03893723403679275
2024-02-20 15:00:00+09:00,0.06533206,0.138830885,0.04177029401756285,0.04177029401756285,0.070528812,0.0,0.0
2024-02-20 16:00:00+09:00,0.030438264,0.06533206,0.0,0.0,0.135118626,0.052633017243457786,0.052633017243457786
2024-02-20 17:00:00+09:00,0.014105762,0.030438264,0.0,0.0,0.138830885,0.0,0.0
2024-02-20 18:00:00+09:00,0.002970012,0.014105762,0.0,0.0,0.06533206,0.0,0.0
2024-02-20 19:00:00+09:00,0.0,0.002970012,0.0,0.0,0.030438264,0.0,0.0
2024-02-20 20:00:00+09:00,0.0,0.0,0.0,0.0,0.014105762,0.0,0.0
2024-02-20 21:00:00+09:00,0.0,0.0,0.004079765174537897,0.004079765174537897,0.002970012,0.0,0.0
2024-02-20 22:00:00+09:00,0.0,0.0,0.004770586732774973,0.004770586732774973,0.0,0.0031557101756334305,0.0031557101756334305
2024-02-20 23:00:00+09:00,0.0,0.0,0.004770586732774973,0.004770586732774973,0.0,0.022660119459033012,0.022660119459033012
2024-02-21 00:00:00+09:00,0.0,0.0,0.0,0.0,0.0,0.0,0.0
2024-02-21 01:00:00+09:00,0.0,0.0,0.0,0.0,0.0,0.0,0.0
2024-02-21 02:00:00+09:00,0.0,0.0,0.0,0.0,0.0,0.0,0.0
2024-02-21 03:00:00+09:00,0.0,0.0,0.0,0.0,0.0,0.0,0.0
2024-02-21 04:00:00+09:00,0.0,0.0,0.0,0.0,0.0,0.0,0.0
2024-02-21 05:00:00+09:00,0.0,0.0,0.0,0.0,0.0,0.0,0.0
2024-02-21 06:00:00+09:00,0.0,0.0,0.0,0.0,0.0,0.0,0.0
2024-02-21 07:00:00+09:00,0.0,0.0,0.02248341776430607,0.02248341776430607,0.0,0.01750962994992733,0.01750962994992733
2024-02-21 08:00:00+09:00,0.0,0.0,0.05065309256315231,0.05065309256315231,0.0,0.017297981306910515,0.017297981306910515
2024-02-21 09:00:00+09:00,0.005938998,0.0,0.11448570340871811,0.11448570340871811,0.0,0.21468156576156616,0.21468156576156616
2024-02-21 10:00:00+09:00,0.048998532,0.005938998,0.11761487139878082,0.11761487139878082,0.0,0.2969975173473358,0.2969975173473358
2024-02-21 11:00:00+09:00,0.143284364,0.048998532,0.11827497661393356,0.11827497661393356,0.0,0.2518974244594574,0.2518974244594574
2024-02-21 12:00:00+09:00,0.063847567,0.143284364,0.19896338354054832,0.19896338354054832,0.005938998,0.26677473498997495,0.26677473498997495
2024-02-21 13:00:00+09:00,0.106907101,0.063847567,0.06689955438351464,0.06689955438351464,0.048998532,0.15869571000617216,0.15869571000617216
2024-02-21 14:00:00+09:00,0.06533206,0.106907101,0.052797982121158604,0.052797982121158604,0.143284364,0.1362874920964613,0.1362874920964613
2024-02-21 15:00:00+09:00,0.059393062,0.06533206,0.008369528940019605,0.008369528940019605,0.063847567,0.06711372015862,0.06711372015862
2024-02-21 16:00:00+09:00,0.036378289,0.059393062,0.0,0.0,0.106907101,0.004379288876701359,0.004379288876701359
2024-02-21 17:00:00+09:00,0.005938998,0.036378289,0.0,0.0,0.06533206,0.0,0.0
2024-02-21 18:00:00+09:00,0.0,0.005938998,0.0,0.0,0.059393062,0.0,0.0
2024-02-21 19:00:00+09:00,0.0,0.0,0.0,0.0,0.036378289,0.0,0.0
2024-02-21 20:00:00+09:00,0.0,0.0,0.0,0.0,0.005938998,0.0,0.0
2024-02-21 21:00:00+09:00,0.0,0.0,0.0,0.0,0.0,0.0,0.0
2024-02-21 22:00:00+09:00,0.0,0.0,0.0,0.0,0.0,0.0,0.0
2024-02-21 23:00:00+09:00,0.0,0.0,0.0,0.0,0.0,0.0,0.0
2024-02-22 00:00:00+09:00,0.0,0.0,0.0005077158566564322,0.0005077158566564322,0.0,0.001400443841703236,0.001400443841703236
2024-02-22 01:00:00+09:00,0.0,0.0,0.0005077158566564322,0.0005077158566564322,0.0,0.001400443841703236,0.001400443841703236
2024-02-22 02:00:00+09:00,0.0,0.0,0.0005077158566564322,0.0005077158566564322,0.0,0.001400443841703236,0.001400443841703236
2024-02-22 03:00:00+09:00,0.0,0.0,0.0005077158566564322,0.0005077158566564322,0.0,0.001400443841703236,0.001400443841703236
2024-02-22 04:00:00+09:00,0.0,0.0,0.0005077158566564322,0.0005077158566564322,0.0,0.001400443841703236,0.001400443841703236
2024-02-22 05:00:00+09:00,0.0,0.0,0.0005077158566564322,0.0005077158566564322,0.0,0.001400443841703236,0.001400443841703236
2024-02-22 06:00:00+09:00,0.0,0.0,0.00031330244382843375,0.00031330244382843375,0.0,7.431963604176417e-05,7.431963604176417e-05
2024-02-22 07:00:00+09:00,0.0,0.0,0.024175256490707397,0.024175256490707397,0.0,0.022600846365094185,0.022600846365094185
2024-02-22 08:00:00+09:00,0.001484493,0.0,0.06444820761680603,0.06444820761680603,0.0,0.055967699736356735,0.055967699736356735
2024-02-22 09:00:00+09:00,0.02153028,0.001484493,0.14019037244984436,0.14019037244984436,0.0,0.2828114330768585,0.2828114330768585
2024-02-22 10:00:00+09:00,0.055680803,0.02153028,0.1779987608254242,0.1779987608254242,0.0,0.40325307846069336,0.40325307846069336
2024-02-22 11:00:00+09:00,0.098740337,0.055680803,0.1710481187095909,0.1710481187095909,0.001484493,0.310235599262207,0.310235599262207
2024-02-22 12:00:00+09:00,0.117300605,0.098740337,0.148376946852314,0.148376946852314,0.02153028,0.2606680189431,0.2606680189431
2024-02-22 13:00:00+09:00,0.13437638,0.117300605,0.13808194135222912,0.13808194135222912,0.055680803,0.23909427875187683,0.23909427875187683
2024-02-22 14:00:00+09:00,0.04380178,0.13437638,0.1351776966952878,0.1351776966952878,0.098740337,0.2283555544472809,0.2283555544472809
2024-02-22 15:00:00+09:00,,,,,,,
2024-02-22 16:00:00+09:00,,,,,,,
2024-02-22 17:00:00+09:00,0.004454505,,,,0.04380178,0.0,0.0
2024-02-22 18:00:00+09:00,0.005196752,0.004454505,0.0,0.0,,,
2024-02-22 19:00:00+09:00,0.0,0.005196752,0.0,0.0,,,
2024-02-22 20:00:00+09:00,0.0,0.0,0.0,0.0,0.004454505,0.0,0.0
2024-02-22 21:00:00+09:00,0.0,0.0,0.0,0.0,0.005196752,0.0,0.0
2024-02-22 22:00:00+09:00,0.0,0.0,0.0,0.0,0.0,0.0,0.0
2024-02-22 23:00:00+09:00,0.0,0.0,0.0,0.0,0.0,0.0,0.0
2024-02-23 00:00:00+09:00,0.0,0.0,0.00010028106044046581,0.00010028106044046581,0.0,0.0004019767511636019,0.0004019767511636019
2024-02-23 01:00:00+09:00,0.0,0.0,0.00010028106044046581,0.00010028106044046581,0.0,0.0004019767511636019,0.0004019767511636019
2024-02-23 02:00:00+09:00,0.0,0.0,0.00010028106044046581,0.00010028106044046581,0.0,0.0004019767511636019,0.0004019767511636019
2024-02-23 03:00:00+09:00,0.0,0.0,0.00010028106044046581,0.00010028106044046581,0.0,0.0004019767511636019,0.0004019767511636019
2024-02-23 04:00:00+09:00,0.0,0.0,0.00010028106044046581,0.00010028106044046581,0.0,0.0004019767511636019,0.0004019767511636019
2024-02-23 05:00:00+09:00,0.0,0.0,0.00010028106044046581,0.00010028106044046581,0.0,0.0004019767511636019,0.0004019767511636019
2024-02-23 06:00:00+09:00,0.0,0.0,4.917444312013686e-05,4.917444312013686e-05,0.0,0.0,0.0
2024-02-23 07:00:00+09:00,0.0,0.0,0.02320602536201477,0.02320602536201477,0.0,0.022499393671751022,0.022499393671751022
2024-02-23 08:00:00+09:00,0.003712259,0.0,0.07002502679824829,0.07002502679824829,0.0,0.11102815717458725,0.11102815717458725
2024-02-23 09:00:00+09:00,0.047514039,0.003712259,0.10495290881937408,0.10495290881937408,0.0,0.23038147389888763,0.23038147389888763
2024-02-23 10:00:00+09:00,0.101710349,0.047514039,0.10996945845099831,0.10996945845099831,0.0,0.17947661876678467,0.17947661876678467
2024-02-23 11:00:00+09:00,0.245736959,0.101710349,0.18701468375971222,0.18701468375971222,0.003712259,0.3653052968437042,0.3653052968437042
2024-02-23 12:00:00+09:00,0.30884228,0.245736959,0.31421888114965824,0.31421888114965824,0.047514039,0.2750909504494324,0.2750909504494324
2024-02-23 13:00:00+09:00,0.31997803,0.30884228,0.3134537675003696,0.3134537675003696,0.101710349,0.2480055537586441,0.2480055537586441
2024-02-23 14:00:00+09:00,0.364523084,0.31997803,0.3283943697550583,0.3283943697550583,0.245736959,0.32630908729589847,0.32630908729589847
2024-02-23 15:00:00+09:00,0.297705504,,,,,,
2024-02-23 16:00:00+09:00,0.201935179,,,,,,
2024-02-23 17:00:00+09:00,0.108391594,0.201935179,0.08007301337013625,0.08007301337013625,0.364523084,0.19693657858694458,0.19693657858694458
2024-02-23 18:00:00+09:00,0.028953771,0.108391594,0.003918189413684839,0.003918189413684839,0.297705504,0.06298958033304597,0.06298958033304597
2024-02-23 19:00:00+09:00,0.000742246,0.028953771,0.0,0.0,0.201935179,0.0,0.0
2024-02-23 20:00:00+09:00,0.0,0.000742246,0.0,0.0,0.108391594,0.0,0.0
2024-02-23 21:00:00+09:00,0.0,0.0,0.0002893940545618534,0.0002893940545618534,0.028953771,0.0,0.0
2024-02-23 22:00:00+09:00,0.0,0.0,0.0008124064770527184,0.0008124064770527184,0.000742246,0.0,0.0
2024-02-23 23:00:00+09:00,0.0,0.0,0.0008124064770527184,0.0008124064770527184,0.0,0.0028157844208180904,0.0028157844208180904
2024-02-24 00:00:00+09:00,0.0,0.0,0.0,0.0,0.0,0.0,0.0
2024-02-24 01:00:00+09:00,0.0,0.0,0.0,0.0,0.0,0.0,0.0
2024-02-24 02:00:00+09:00,0.0,0.0,0.0,0.0,0.0,0.0,0.0
2024-02-24 03:00:00+09:00,0.0,0.0,0.0,0.0,0.0,0.0,0.0
2024-02-24 04:00:00+09:00,0.0,0.0,0.0,0.0,0.0,0.0,0.0
2024-02-24 05:00:00+09:00,0.0,0.0,0.0,0.0,0.0,0.0,0.0
2024-02-24 06:00:00+09:00,0.0,0.0,0.0,0.0,0.0,0.0,0.0
2024-02-24 07:00:00+09:00,0.0,0.0,0.021729690954089165,0.021729690954089165,0.0,0.021262746304273605,0.021262746304273605
2024-02-24 08:00:00+09:00,0.002226739,0.0,0.05744593217968941,0.05744593217968941,0.0,0.06318619102239609,0.06318619102239609
2024-02-24 09:00:00+09:00,0.029696018,0.002226739,0.08526196218601609,0.08526196218601609,0.0,0.19482389092445374,0.19482389092445374
2024-02-24 10:00:00+09:00,0.106907101,0.029696018,0.15084967066799926,0.15084967066799926,0.0,0.2971038520336151,0.2971038520336151
2024-02-24 11:00:00+09:00,0.138087612,0.106907101,0.15921201708381272,0.15921201708381272,0.002226739,0.18598225600592042,0.18598225600592042
2024-02-24 12:00:00+09:00,0.259842722,0.138087612,0.1927668567566986,0.1927668567566986,0.029696018,0.23809960534130858,0.23809960534130858
2024-02-24 13:00:00+09:00,0.160360138,0.259842722,0.30583237323295787,0.30583237323295787,0.106907101,0.2026129305607567,0.2026129305607567
2024-02-24 14:00:00+09:00,0.207131931,0.160360138,0.1680224901745205,0.1680224901745205,0.138087612,0.20996771415759277,0.20996771415759277
2024-02-24 15:00:00+09:00,0.253161477,0.207131931,0.21004693410413539,0.21004693410413539,0.259842722,0.3576075642122002,0.3576075642122002
2024-02-24 16:00:00+09:00,0.190799429,0.253161477,0.16105880782056048,0.16105880782056048,0.160360138,0.07127787458990861,0.07127787458990861
2024-02-24 17:00:00+09:00,0.118042851,0.190799429,0.12053763765154266,0.12053763765154266,0.207131931,0.0,0.0
2024-02-24 18:00:00+09:00,0.014105762,0.118042851,0.0,0.0,0.253161477,0.0,0.0
2024-02-24 19:00:00+09:00,0.0,0.014105762,0.0,0.0,0.190799429,0.01442272859869384,0.01442272859869384
2024-02-24 20:00:00+09:00,0.0,0.0,0.0,0.0,0.118042851,0.0,0.0
2024-02-24 21:00:00+09:00,0.0,0.0,0.001444439752958715,0.001444439752958715,0.014105762,0.0,0.0
2024-02-24 22:00:00+09:00,0.0,0.0,0.001967452932149172,0.001967452932149172,0.0,0.0,0.0
2024-02-24 23:00:00+09:00,0.0,0.0,0.001967452932149172,0.001967452932149172,0.0,0.00564777385443449,0.00564777385443449
2024-02-25 00:00:00+09:00,0.0,0.0,0.00046919664600864053,0.00046919664600864053,0.0,0.0011268154485151172,0.0011268154485151172
2024-02-25 01:00:00+09:00,0.0,0.0,0.00046919664600864053,0.00046919664600864053,0.0,0.0011268154485151172,0.0011268154485151172
2024-02-25 02:00:00+09:00,0.0,0.0,0.00046919664600864053,0.00046919664600864053,0.0,0.0011268154485151172,0.0011268154485151172
2024-02-25 03:00:00+09:00,0.0,0.0,0.00046919664600864053,0.00046919664600864053,0.0,0.0011268154485151172,0.0011268154485151172
2024-02-25 04:00:00+09:00,0.0,0.0,0.00046919664600864053,0.00046919664600864053,0.0,0.0011268154485151172,0.0011268154485151172
2024-02-25 05:00:00+09:00,0.0,0.0,0.00046919664600864053,0.00046919664600864053,0.0,0.0011268154485151172,0.0011268154485151172
2024-02-25 06:00:00+09:00,0.0,0.0,0.0005116335232742131,0.0005116335232742131,0.0,0.0015473495004698634,0.0015473495004698634
2024-02-25 07:00:00+09:00,0.0,0.0,0.027198484167456627,0.027198484167456627,0.0,0.025518236681818962,0.025518236681818962
2024-02-25 08:00:00+09:00,0.009651257,0.0,0.0739021971821785,0.0739021971821785,0.0,0.1256088763475418,0.1256088763475418
2024-02-25 09:00:00+09:00,0.08908908,0.009651257,0.13896719952586364,0.13896719952586364,0.0,0.2224225550889969,0.2224225550889969
2024-02-25 10:00:00+09:00,0.183374911,0.08908908,0.24971754779823302,0.24971754779823302,0.0,0.43343010544776917,0.43343010544776917
2024-02-25 11:00:00+09:00,0.362295318,0.183374911,0.185948592762442,0.185948592762442,0.009651257,0.279911084375412,0.279911084375412
2024-02-25 12:00:00+09:00,0.49815619,0.362295318,0.4100359339043312,0.4100359339043312,0.08908908,0.4298715137482452,0.4298715137482452
2024-02-25 13:00:00+09:00,0.484792674,0.49815619,0.5066469983081245,0.5066469983081245,0.183374911,0.32073546891378024,0.32073546891378024
2024-02-25 14:00:00+09:00,0.184117158,0.484792674,0.45519641045722864,0.45519641045722864,0.362295318,0.5355248931571654,0.5355248931571654
2024-02-25 15:00:00+09:00,0.174465901,0.184117158,0.06660205597115326,0.06660205597115326,0.49815619,0.42533608534139633,0.42533608534139633
2024-02-25 16:00:00+09:00,0.172981408,0.174465901,0.025214648587203986,0.025214648587203986,0.484792674,0.11308374446127317,0.11308374446127317
2024-02-25 17:00:00+09:00,0.098740337,0.172981408,0.20828912457824517,0.20828912457824517,0.184117158,0.0,0.0
2024-02-25 18:00:00+09:00,0.036378289,0.098740337,0.0,0.0,0.174465901,0.0,0.0
2024-02-25 19:00:00+09:00,0.0,0.036378289,0.0,0.0,0.172981408,0.0,0.0
2024-02-25 20:00:00+09:00,0.0,0.0,0.0,0.0,0.098740337,0.0,0.0
2024-02-25 21:00:00+09:00,0.0,0.0,0.0,0.0,0.036378289,0.0,0.0
2024-02-25 22:00:00+09:00,0.0,0.0,0.0,0.0,0.0,0.0,0.0
2024-02-25 23:00:00+09:00,0.0,0.0,0.0,0.0,0.0,0.0,0.0
2024-02-26 00:00:00+09:00,0.0,0.0,0.00023431330919265747,0.00023431330919265747,0.0,0.00036047722096554935,0.00036047722096554935
2024-02-26 01:00:00+09:00,0.0,0.0,0.00023431330919265747,0.00023431330919265747,0.0,0.00036047722096554935,0.00036047722096554935
2024-02-26 02:00:00+09:00,0.0,0.0,0.00023431330919265747,0.00023431330919265747,0.0,0.00036047722096554935,0.00036047722096554935
2024-02-26 03:00:00+09:00,0.0,0.0,0.00023431330919265747,0.00023431330919265747,0.0,0.00036047722096554935,0.00036047722096554935
2024-02-26 04:00:00+09:00,0.0,0.0,0.00023431330919265747,0.00023431330919265747,0.0,0.00036047722096554935,0.00036047722096554935
2024-02-26 05:00:00+09:00,0.0,0.0,0.00023431330919265747,0.00023431330919265747,0.0,0.00036047722096554935,0.00036047722096554935
2024-02-26 06:00:00+09:00,0.0,0.0,0.0004553886246867478,0.0004553886246867478,0.0,0.0,0.0
2024-02-26 07:00:00+09:00,0.0,0.0,0.013320459052920341,0.013320459052920341,0.0,0.006033738609403372,0.006033738609403372
2024-02-26 08:00:00+09:00,0.0452873,0.0,0.09971935302019119,0.09971935302019119,0.0,0.1430632323026657,0.1430632323026657
2024-02-26 09:00:00+09:00,0.19822292,0.0452873,0.17843923355083466,0.17843923355083466,0.0,0.2244124710559845,0.2244124710559845
2024-02-26 10:00:00+09:00,0.381597832,0.19822292,0.2854156342143249,0.2854156342143249,0.0,0.24106933176517487,0.24106933176517487
2024-02-26 11:00:00+09:00,0.508549694,0.381597832,0.4382546843645401,0.4382546843645401,0.0452873,0.29610367501716617,0.29610367501716617
2024-02-26 12:00:00+09:00,0.639956061,0.508549694,0.555618807701582,0.555618807701582,0.19822292,0.546502902805252,0.546502902805252
2024-02-26 13:00:00+09:00,0.681531101,0.639956061,0.6353956467639611,0.6353956467639611,0.381597832,0.49237903968070224,0.49237903968070224
2024-02-26 14:00:00+09:00,0.664455327,0.681531101,0.6249477858659516,0.6249477858659516,0.508549694,0.5803816579563561,0.5803816579563561
2024-02-26 15:00:00+09:00,0.361553071,0.664455327,0.6212552066701431,0.6212552066701431,0.639956061,0.6484022608194456,0.6484022608194456
2024-02-26 16:00:00+09:00,0.183374911,0.361553071,0.2715022991675339,0.2715022991675339,0.681531101,0.5742526347753296,0.5742526347753296
2024-02-26 17:00:00+09:00,0.099482583,0.183374911,0.07482087557481384,0.07482087557481384,0.664455327,0.4739965524333496,0.4739965524333496
2024-02-26 18:00:00+09:00,0.025241512,0.099482583,0.0,0.0,0.361553071,0.08377492234887696,0.08377492234887696
2024-02-26 19:00:00+09:00,0.0,0.025241512,0.0,0.0,0.183374911,0.0,0.0
2024-02-26 20:00:00+09:00,0.0,0.0,0.0,0.0,0.099482583,0.0,0.0
2024-02-26 21:00:00+09:00,0.0,0.0,0.0,0.0,0.025241512,0.0,0.0
2024-02-26 22:00:00+09:00,0.0,0.0,0.0,0.0,0.0,0.0,0.0
2024-02-26 23:00:00+09:00,0.0,0.0,0.0,0.0,0.0,0.0,0.0
2024-02-27 00:00:00+09:00,0.0,0.0,0.0,0.0,0.0,0.0,0.0
2024-02-27 01:00:00+09:00,0.0,0.0,0.0,0.0,0.0,0.0,0.0
2024-02-27 02:00:00+09:00,0.0,0.0,0.0,0.0,0.0,0.0,0.0
2024-02-27 03:00:00+09:00,0.0,0.0,0.0,0.0,0.0,0.0,0.0
2024-02-27 04:00:00+09:00,0.0,0.0,0.0,0.0,0.0,0.0,0.0
2024-02-27 05:00:00+09:00,0.0,0.0,0.0,0.0,0.0,0.0,0.0
2024-02-27 06:00:00+09:00,0.0,0.0,0.0,0.0,0.0,0.0,0.0
2024-02-27 07:00:00+09:00,0.0,0.0,0.012111610732972622,0.012111610732972622,0.0,0.007639830466359854,0.007639830466359854
2024-02-27 08:00:00+09:00,0.030438264,0.0,0.09019332379102707,0.09019332379102707,0.0,0.06458833813667297,0.06458833813667297
2024-02-27 09:00:00+09:00,0.093543585,0.030438264,0.1653610515471115,0.1653610515471115,0.0,0.19198215007781982,0.19198215007781982
2024-02-27 10:00:00+09:00,0.144769883,0.093543585,0.20364798193927763,0.20364798193927763,0.0,0.19059216976165771,0.19059216976165771
2024-02-27 11:00:00+09:00,0.193768415,0.144769883,0.2465646324983673,0.2465646324983673,0.030438264,0.3956772881622925,0.3956772881622925
2024-02-27 12:00:00+09:00,0.29844775,0.193768415,0.26921321019128797,0.26921321019128797,0.093543585,0.25369120722766875,0.25369120722766875
2024-02-27 13:00:00+09:00,0.222722186,0.29844775,0.30323251472198964,0.30323251472198964,0.144769883,0.1959872937134342,0.1959872937134342
2024-02-27 14:00:00+09:00,0.199707413,0.222722186,0.19377424031580542,0.19377424031580542,0.193768415,0.147560707624712,0.147560707624712
2024-02-27 15:00:00+09:00,0.3548708,0.199707413,0.14227223945869255,0.14227223945869255,0.29844775,0.1422665933647156,0.1422665933647156
2024-02-27 16:00:00+09:00,0.30884228,0.3548708,0.26953185729341506,0.26953185729341506,0.222722186,0.030269576460968006,0.030269576460968006
2024-02-27 17:00:00+09:00,0.2197532,0.30884228,0.22823808440521243,0.22823808440521243,0.199707413,0.08467149911536026,0.08467149911536026
2024-02-27 18:00:00+09:00,0.071271059,0.2197532,0.139024557357502,0.139024557357502,0.3548708,0.17847960076885222,0.17847960076885222
2024-02-27 19:00:00+09:00,0.001484493,0.071271059,0.05459563889454269,0.05459563889454269,0.30884228,0.13642268726184847,0.13642268726184847
2024-02-27 20:00:00+09:00,0.0,0.001484493,0.0,0.0,0.2197532,0.14108295161075593,0.14108295161075593
2024-02-27 21:00:00+09:00,0.0,0.0,0.004079765174537897,0.004079765174537897,0.071271059,0.0433335405672636,0.0433335405672636
2024-02-27 22:00:00+09:00,0.0,0.0,0.004770586732774973,0.004770586732774973,0.001484493,0.00464020317563343,0.00464020317563343
2024-02-27 23:00:00+09:00,0.0,0.0,0.004770586732774973,0.004770586732774973,0.0,0.022660119459033012,0.022660119459033012
2024-02-28 00:00:00+09:00,0.0,0.0,0.0,0.0,0.0,0.0,0.0
2024-02-28 01:00:00+09:00,0.0,0.0,0.0,0.0,0.0,0.0,0.0
2024-02-28 02:00:00+09:00,0.0,0.0,0.0,0.0,0.0,0.0,0.0
2024-02-28 03:00:00+09:00,0.0,0.0,0.0,0.0,0.0,0.0,0.0
2024-02-28 04:00:00+09:00,0.0,0.0,0.0,0.0,0.0,0.0,0.0
2024-02-28 05:00:00+09:00,0.0,0.0,0.0,0.0,0.0,0.0,0.0
2024-02-28 06:00:00+09:00,0.0,0.0,0.0,0.0,0.0,0.0,0.0
2024-02-28 07:00:00+09:00,0.0,0.0,0.02248341776430607,0.02248341776430607,0.0,0.01750962994992733,0.01750962994992733
2024-02-28 08:00:00+09:00,0.0452873,0.0,0.07067225128412247,0.07067225128412247,0.0,0.08756835013628006,0.08756835013628006
2024-02-28 09:00:00+09:00,0.190056156,0.0452873,0.1340203397963524,0.1340203397963524,0.0,0.1710105538368225,0.1710105538368225
2024-02-28 10:00:00+09:00,0.377143326,0.190056156,0.30385618247638324,0.30385618247638324,0.0,0.2551334798336029,0.2551334798336029
2024-02-28 11:00:00+09:00,0.51968647,0.377143326,0.4584923337853203,0.4584923337853203,0.0452873,0.251163799414444,0.251163799414444
2024-02-28 12:00:00+09:00,0.603577772,0.51968647,0.6520672982613754,0.6520672982613754,0.190056156,0.5816882658804474,0.5816882658804474
2024-02-28 13:00:00+09:00,0.538988984,0.603577772,0.5597549395944328,0.5597549395944328,0.377143326,0.48376100023152924,0.48376100023152924
2024-02-28 14:00:00+09:00,0.417233874,0.538988984,0.5160474020951118,0.5160474020951118,0.51968647,0.5737287161926937,0.5737287161926937
2024-02-28 15:00:00+09:00,0.431339637,0.417233874,0.3515721977719536,0.3515721977719536,0.603577772,0.4305880906368942,0.4305880906368942
2024-02-28 16:00:00+09:00,0.34373505,0.431339637,0.3241236885971184,0.3241236885971184,0.538988984,0.3260222438686218,0.3260222438686218
2024-02-28 17:00:00+09:00,0.224207706,0.34373505,0.19388711038951872,0.19388711038951872,0.417233874,0.11710595051138306,0.11710595051138306
2024-02-28 18:00:00+09:00,0.074241071,0.224207706,0.1008009307042656,0.1008009307042656,0.431339637,0.09272994156542969,0.09272994156542969
2024-02-28 19:00:00+09:00,0.001484493,0.074241071,0.0031738420866928158,0.0031738420866928158,0.34373505,0.11138030473117827,0.11138030473117827
2024-02-28 20:00:00+09:00,0.0,0.001484493,0.0,0.0,0.224207706,0.0,0.0
2024-02-28 21:00:00+09:00,0.0,0.0,0.0,0.0,0.074241071,0.0,0.0
2024-02-28 22:00:00+09:00,0.0,0.0,0.0,0.0,0.001484493,0.0,0.0
2024-02-28 23:00:00+09:00,0.0,0.0,0.0,0.0,0.0,0.0,0.0
2024-02-29 00:00:00+09:00,0.0,0.0,0.0005077158566564322,0.0005077158566564322,0.0,0.001400443841703236,0.001400443841703236
2024-02-29 01:00:00+09:00,0.0,0.0,0.0005077158566564322,0.0005077158566564322,0.0,0.001400443841703236,0.001400443841703236
2024-02-29 02:00:00+09:00,0.0,0.0,0.0005077158566564322,0.0005077158566564322,0.0,0.001400443841703236,0.001400443841703236
2024-02-29 03:00:00+09:00,0.0,0.0,0.0005077158566564322,0.0005077158566564322,0.0,0.001400443841703236,0.001400443841703236
2024-02-29 04:00:00+09:00,0.0,0.0,0.0005077158566564322,0.0005077158566564322,0.0,0.001400443841703236,0.001400443841703236
2024-02-29 05:00:00+09:00,0.0,0.0,0.0005077158566564322,0.0005077158566564322,0.0,0.001400443841703236,0.001400443841703236
2024-02-29 06:00:00+09:00,0.0,0.0,0.00031330244382843375,0.00031330244382843375,0.0,7.431963604176417e-05,7.431963604176417e-05
2024-02-29 07:00:00+09:00,0.0,0.0,0.024175256490707397,0.024175256490707397,0.0,0.022600846365094185,0.022600846365094185
2024-02-29 08:00:00+09:00,0.005938998,0.0,0.13195522129535675,0.13195522129535675,0.0,0.15362684428691864,0.15362684428691864
2024-02-29 09:00:00+09:00,0.036378289,0.005938998,0.13174394382653046,0.13174394382653046,0.0,0.1719227135181427,0.1719227135181427
2024-02-29 10:00:00+09:00,0.057165296,0.036378289,0.19137437118669892,0.19137437118669892,0.0,0.2981874346733093,0.2981874346733093
2024-02-29 11:00:00+09:00,0.063104294,0.057165296,0.12846077344989396,0.12846077344989396,0.005938998,0.29081218554196164,0.29081218554196164
2024-02-29 12:00:00+09:00,0.07646781,0.063104294,0.10221264114770318,0.10221264114770318,0.036378289,0.3505124099411621,0.3505124099411621
2024-02-29 13:00:00+09:00,0.060135309,0.07646781,0.07268811113823712,0.07268811113823712,0.057165296,0.25119273475980375,0.25119273475980375
2024-02-29 14:00:00+09:00,0.086119067,0.060135309,0.0,0.0,0.063104294,0.08361367857250596,0.08361367857250596
2024-02-29 15:00:00+09:00,0.057165296,0.086119067,0.0,0.0,0.07646781,0.033319713349161145,0.033319713349161145
2024-02-29 16:00:00+09:00,0.040090548,0.057165296,0.0,0.0,0.060135309,0.0,0.0
2024-02-29 17:00:00+09:00,0.02375702,0.040090548,0.0,0.0,0.086119067,0.0,0.0
2024-02-29 18:00:00+09:00,0.010393504,0.02375702,0.0,0.0,0.057165296,0.0,0.0
2024-02-29 19:00:00+09:00,0.001484493,0.010393504,0.0,0.0,0.040090548,0.0,0.0
2024-02-29 20:00:00+09:00,0.0,0.001484493,0.0,0.0,0.02375702,0.0,0.0
2024-02-29 21:00:00+09:00,0.0,0.0,0.0,0.0,0.010393504,0.0,0.0
2024-02-29 22:00:00+09:00,0.0,0.0,0.0,0.0,0.001484493,0.0,0.0
2024-02-29 23:00:00+09:00,0.0,0.0,0.0,0.0,0.0,0.0,0.0
2024-03-01 00:00:00+09:00,0.0,0.0,0.00010028106044046581,0.00010028106044046581,0.0,0.0004019767511636019,0.0004019767511636019
2024-03-01 01:00:00+09:00,0.0,0.0,0.00010028106044046581,0.00010028106044046581,0.0,0.0004019767511636019,0.0004019767511636019
2024-03-01 02:00:00+09:00,0.0,0.0,0.00010028106044046581,0.00010028106044046581,0.0,0.0004019767511636019,0.0004019767511636019
2024-03-01 03:00:00+09:00,0.0,0.0,0.00010028106044046581,0.00010028106044046581,0.0,0.0004019767511636019,0.0004019767511636019
2024-03-01 04:00:00+09:00,0.0,0.0,0.00010028106044046581,0.00010028106044046581,0.0,0.0004019767511636019,0.0004019767511636019
2024-03-01 05:00:00+09:00,0.0,0.0,0.00010028106044046581,0.00010028106044046581,0.0,0.0004019767511636019,0.0004019767511636019
2024-03-01 06:00:00+09:00,0.0,0.0,4.917444312013686e-05,4.917444312013686e-05,0.0,0.0,0.0
2024-03-01 07:00:00+09:00,0.0,0.0,0.02320602536201477,0.02320602536201477,0.0,0.022499393671751022,0.022499393671751022
2024-03-01 08:00:00+09:00,0.048256285,0.0,0.08990930765867233,0.08990930765867233,0.0,0.09887773543596268,0.09887773543596268
2024-03-01 09:00:00+09:00,0.193026169,0.048256285,0.15706764857784272,0.15706764857784272,0.0,0.22844406962394714,0.22844406962394714
2024-03-01 10:00:00+09:00,0.383825598,0.193026169,0.27101234233173754,0.27101234233173754,0.0,0.20866119861602783,0.20866119861602783
2024-03-01 11:00:00+09:00,0.540473477,0.383825598,0.45155969047398375,0.45155969047398375,0.048256285,0.2804800192596054,0.2804800192596054
2024-03-01 12:00:00+09:00,0.655546316,0.540473477,0.5862404899835606,0.5862404899835606,0.193026169,0.49607820695433047,0.49607820695433047
2024-03-01 13:00:00+09:00,0.711969366,0.655546316,0.6817079885474596,0.6817079885474596,0.383825598,0.5749056913837891,0.5749056913837891
2024-03-01 14:00:00+09:00,0.678561089,0.711969366,0.7524077498176728,0.7524077498176728,0.540473477,0.6562799448311348,0.6562799448311348
2024-03-01 15:00:00+09:00,0.585760777,0.678561089,0.630756282618536,0.630756282618536,0.655546316,0.58894185820438,0.58894185820438
2024-03-01 16:00:00+09:00,0.390506842,0.585760777,0.4823678481612701,0.4823678481612701,0.711969366,0.6137152143576775,0.6137152143576775
2024-03-01 17:00:00+09:00,0.260584968,0.390506842,0.2560779683418198,0.2560779683418198,0.678561089,0.48227672036577607,0.48227672036577607
2024-03-01 18:00:00+09:00,0.080922316,0.260584968,0.1703116920285873,0.1703116920285873,0.585760777,0.34174252033572383,0.34174252033572383
2024-03-01 19:00:00+09:00,0.002970012,0.080922316,0.01801188586665725,0.01801188586665725,0.390506842,0.166674011213295,0.166674011213295
2024-03-01 20:00:00+09:00,0.0,0.002970012,0.0,0.0,0.260584968,0.0387996163659744,0.0387996163659744
2024-03-01 21:00:00+09:00,0.0,0.0,0.0002893940545618534,0.0002893940545618534,0.080922316,0.0,0.0
2024-03-01 22:00:00+09:00,0.0,0.0,0.0008124064770527184,0.0008124064770527184,0.002970012,0.0,0.0
2024-03-01 23:00:00+09:00,0.0,0.0,0.0008124064770527184,0.0008124064770527184,0.0,0.0028157844208180904,0.0028157844208180904
2024-03-02 00:00:00+09:00,0.0,0.0,0.0,0.0,0.0,0.0,0.0
2024-03-02 01:00:00+09:00,0.0,0.0,0.0,0.0,0.0,0.0,0.0
2024-03-02 02:00:00+09:00,0.0,0.0,0.0,0.0,0.0,0.0,0.0
2024-03-02 03:00:00+09:00,0.0,0.0,0.0,0.0,0.0,0.0,0.0
2024-03-02 04:00:00+09:00,0.0,0.0,0.0,0.0,0.0,0.0,0.0
2024-03-02 05:00:00+09:00,0.0,0.0,0.0,0.0,0.0,0.0,0.0
2024-03-02 06:00:00+09:00,0.0,0.0,0.0,0.0,0.0,0.0,0.0
2024-03-02 07:00:00+09:00,0.0,0.0,0.021729690954089165,0.021729690954089165,0.0,0.021262746304273605,0.021262746304273605
2024-03-02 08:00:00+09:00,0.058649789,0.0,0.07248805463314056,0.07248805463314056,0.0,0.10805235058069229,0.10805235058069229
2024-03-02 09:00:00+09:00,0.23088895,0.058649789,0.16394133439108277,0.16394133439108277,0.0,0.12711621820926666,0.12711621820926666
2024-03-02 10:00:00+09:00,0.436536389,0.23088895,0.3525682485796928,0.3525682485796928,0.0,0.23867297172546387,0.23867297172546387
2024-03-02 11:00:00+09:00,0.590215282,0.436536389,0.5452876412935868,0.5452876412935868,0.058649789,0.46159092655226136,0.46159092655226136
2024-03-02 12:00:00+09:00,0.6874701,0.590215282,0.6633406369456596,0.6633406369456596,0.23088895,0.49675257719535826,0.49675257719535826
2024-03-02 13:00:00+09:00,0.72013613,0.6874701,0.7050063769514322,0.7050063769514322,0.436536389,0.4957962805100098,0.4957962805100098
2024-03-02 14:00:00+09:00,0.67633435,0.72013613,0.7414383494802761,0.7414383494802761,0.590215282,0.6107767871090717,0.6107767871090717
2024-03-02 15:00:00+09:00,0.581306272,0.67633435,0.646837968940711,0.646837968940711,0.6874701,0.610425285174942,0.610425285174942
2024-03-02 16:00:00+09:00,0.435051896,0.581306272,0.4818912826477737,0.4818912826477737,0.72013613,0.5673935355194855,0.5673935355194855
2024-03-02 17:00:00+09:00,0.252419231,0.435051896,0.326181166195961,0.326181166195961,0.67633435,0.47541132439193723,0.47541132439193723
2024-03-02 18:00:00+09:00,,,,,,,
2024-03-02 19:00:00+09:00,0.002970012,,,,0.435051896,0.10972694339761352,0.10972694339761352
2024-03-02 20:00:00+09:00,0.0,0.002970012,0.0,0.0,0.252419231,0.0430328524733124,0.0430328524733124
2024-03-02 21:00:00+09:00,0.0,0.0,0.001444439752958715,0.001444439752958715,,,
2024-03-02 22:00:00+09:00,0.0,0.0,0.001967452932149172,0.001967452932149172,0.002970012,0.0,0.0
2024-03-02 23:00:00+09:00,0.0,0.0,0.001967452932149172,0.001967452932149172,0.0,0.00564777385443449,0.00564777385443449
2024-03-03 00:00:00+09:00,0.0,0.0,0.00046919664600864053,0.00046919664600864053,0.0,0.0011268154485151172,0.0011268154485151172
2024-03-03 01:00:00+09:00,0.0,0.0,0.00046919664600864053,0.00046919664600864053,0.0,0.0011268154485151172,0.0011268154485151172
2024-03-03 02:00:00+09:00,0.0,0.0,0.00046919664600864053,0.00046919664600864053,0.0,0.0011268154485151172,0.0011268154485151172
2024-03-03 03:00:00+09:00,0.0,0.0,0.00046919664600864053,0.00046919664600864053,0.0,0.0011268154485151172,0.0011268154485151172
2024-03-03 04:00:00+09:00,0.0,0.0,0.00046919664600864053,0.00046919664600864053,0.0,0.0011268154485151172,0.0011268154485151172
2024-03-03 05:00:00+09:00,0.0,0.0,0.00046919664600864053,0.00046919664600864053,0.0,0.0011268154485151172,0.0011268154485151172
2024-03-03 06:00:00+09:00,0.0,0.0,0.0005116335232742131,0.0005116335232742131,0.0,0.0015473495004698634,0.0015473495004698634
2024-03-03 07:00:00+09:00,0.0,0.0,0.027198484167456627,0.027198484167456627,0.0,0.025518236681818962,0.025518236681818962
2024-03-03 08:00:00+09:00,0.051968544,0.0,0.07200971245765686,0.07200971245765686,0.0,0.15699470043182373,0.15699470043182373
2024-03-03 09:00:00+09:00,0.196738427,0.051968544,0.18596044110617066,0.18596044110617066,0.0,0.22949351370334625,0.22949351370334625
2024-03-03 10:00:00+09:00,0.370462082,0.196738427,0.38769230754847717,0.38769230754847717,0.0,0.38593974709510803,0.38593974709510803
2024-03-03 11:00:00+09:00,0.51968647,0.370462082,0.4227872413112946,0.4227872413112946,0.051968544,0.4124990694459381,0.4124990694459381
2024-03-03 12:00:00+09:00,0.600608786,0.51968647,0.5864268934409332,0.5864268934409332,0.196738427,0.5043456307220001,0.5043456307220001
2024-03-03 13:00:00+09:00,0.633274816,0.600608786,0.5885625718068943,0.5885625718068943,0.370462082,0.47765917298339083,0.47765917298339083
2024-03-03 14:00:00+09:00,0.665197573,0.633274816,0.6241194131086621,0.6241194131086621,0.51968647,0.5973237475435448,0.5973237475435448
2024-03-03 15:00:00+09:00,0.469944665,0.665197573,0.5582738736210328,0.5582738736210328,0.600608786,0.48818754161714173,0.48818754161714173
2024-03-03 16:00:00+09:00,0.336311559,0.469944665,0.3356368185730362,0.3356368185730362,0.633274816,0.27678706499291994,0.27678706499291994
2024-03-03 17:00:00+09:00,0.238313468,0.336311559,0.22164374850033186,0.22164374850033186,0.665197573,0.33454080610852055,0.33454080610852055
2024-03-03 18:00:00+09:00,0.068302073,,,,,,
2024-03-03 19:00:00+09:00,0.001484493,0.068302073,0.0,0.0,0.336311559,0.0,0.0
2024-03-03 20:00:00+09:00,0.0,0.001484493,0.0,0.0,0.238313468,0.0,0.0
2024-03-03 21:00:00+09:00,0.0,0.0,0.0,0.0,0.068302073,0.0,0.0
2024-03-03 22:00:00+09:00,0.0,0.0,0.0,0.0,0.001484493,0.0,0.0
2024-03-03 23:00:00+09:00,0.0,0.0,0.0,0.0,0.0,0.0,0.0
2024-03-04 00:00:00+09:00,,,,,,,
2024-03-04 01:00:00+09:00,0.0,,,,0.0,0.00036047722096554935,0.00036047722096554935
2024-03-04 02:00:00+09:00,0.0,0.0,0.00023431330919265747,0.00023431330919265747,0.0,0.00036047722096554935,0.00036047722096554935
2024-03-04 03:00:00+09:00,0.0,0.0,0.00023431330919265747,0.00023431330919265747,,,
2024-03-04 04:00:00+09:00,0.0,0.0,0.00023431330919265747,0.00023431330919265747,0.0,0.00036047722096554935,0.00036047722096554935
2024-03-04 05:00:00+09:00,0.0,0.0,0.00023431330919265747,0.00023431330919265747,0.0,0.00036047722096554935,0.00036047722096554935
2024-03-04 06:00:00+09:00,0.0,0.0,0.0004553886246867478,0.0004553886246867478,0.0,0.0,0.0
2024-03-04 07:00:00+09:00,0.0,0.0,0.013320459052920341,0.013320459052920341,0.0,0.006033738609403372,0.006033738609403372
2024-03-04 08:00:00+09:00,0.049741805,0.0,0.07079756259918213,0.07079756259918213,0.0,0.07721307873725891,0.07721307873725891
2024-03-04 09:00:00+09:00,0.16704241,0.049741805,0.2111463848778534,0.2111463848778534,0.0,0.2216101884841919,0.2216101884841919
2024-03-04 10:00:00+09:00,0.325917029,0.16704241,0.3262745793897247,0.3262745793897247,0.0,0.2800520360469818,0.2800520360469818
2024-03-04 11:00:00+09:00,0.500382929,0.325917029,0.37727296835847285,0.37727296835847285,0.049741805,0.32586765329330447,0.32586765329330447
2024-03-04 12:00:00+09:00,0.609517796,0.500382929,0.5303812370476523,0.5303812370476523,0.16704241,0.39398062787834165,0.39398062787834165
2024-03-04 13:00:00+09:00,0.6199113,0.609517796,0.6292970199487171,0.6292970199487171,0.325917029,0.3156144350684443,0.3156144350684443
2024-03-04 14:00:00+09:00,0.553094747,0.6199113,0.6172511463334889,0.6172511463334889,0.500382929,0.5228394296792546,0.5228394296792546
2024-03-04 15:00:00+09:00,0.350417321,0.553094747,0.5232522138288231,0.5232522138288231,0.609517796,0.5686816852889023,0.5686816852889023
2024-03-04 16:00:00+09:00,0.184859404,0.350417321,0.23872720954169846,0.23872720954169846,0.6199113,0.3850176054800034,0.3850176054800034
2024-03-04 17:00:00+09:00,0.106164855,0.184859404,0.044596666129783635,0.044596666129783635,0.553094747,0.2736066602995606,0.2736066602995606
2024-03-04 18:00:00+09:00,0.020787007,0.106164855,0.0,0.0,0.350417321,0.03804275897492981,0.03804275897492981
2024-03-04 19:00:00+09:00,0.0,0.020787007,0.0,0.0,0.184859404,0.0,0.0
2024-03-04 20:00:00+09:00,0.0,0.0,0.0,0.0,0.106164855,0.0,0.0
2024-03-04 21:00:00+09:00,0.0,0.0,0.0,0.0,0.020787007,0.0,0.0
2024-03-04 22:00:00+09:00,0.0,0.0,0.0,0.0,0.0,0.0,0.0
2024-03-04 23:00:00+09:00,0.0,0.0,0.0,0.0,0.0,0.0,0.0
2024-03-05 00:00:00+09:00,0.0,,,,,,
2024-03-05 01:00:00+09:00,0.0,0.0,0.0,0.0,0.0,0.0,0.0
2024-03-05 02:00:00+09:00,0.0,0.0,0.0,0.0,0.0,0.0,0.0
2024-03-05 03:00:00+09:00,0.0,0.0,0.0,0.0,0.0,0.0,0.0
2024-03-05 04:00:00+09:00,0.0,0.0,0.0,0.0,0.0,0.0,0.0
2024-03-05 05:00:00+09:00,0.0,0.0,0.0,0.0,0.0,0.0,0.0
2024-03-05 06:00:00+09:00,0.0,0.0,0.0,0.0,0.0,0.0,0.0
2024-03-05 07:00:00+09:00,0.0,0.0,0.012111610732972622,0.012111610732972622,0.0,0.007639830466359854,0.007639830466359854
2024-03-05 08:00:00+09:00,0.000742246,0.0,0.04735787957906723,0.04735787957906723,0.0,0.043409645557403564,0.043409645557403564
2024-03-05 09:00:00+09:00,0.009651257,0.000742246,0.10998712160987473,0.10998712160987473,0.0,0.19563902914524078,0.19563902914524078
2024-03-05 10:00:00+09:00,0.027469278,0.009651257,0.12063245316508484,0.12063245316508484,0.0,0.19174885749816895,0.19174885749816895
2024-03-05 11:00:00+09:00,0.03266603,0.027469278,0.13316241713583754,0.13316241713583754,0.000742246,0.3702946496884308,0.3702946496884308
2024-03-05 12:00:00+09:00,0.055680803,0.03266603,0.027624768330751656,0.027624768330751656,0.009651257,0.19211789806845855,0.19211789806845855
2024-03-05 13:00:00+09:00,0.055680803,0.055680803,0.04807493367698479,0.04807493367698479,0.027469278,0.11931788238108444,0.11931788238108444
2024-03-05 14:00:00+09:00,0.04380178,0.055680803,0.006531822471883775,0.006531822471883775,0.03266603,0.0,0.0
2024-03-05 15:00:00+09:00,0.039347275,0.04380178,0.02126188310947895,0.02126188310947895,0.055680803,0.0,0.0
2024-03-05 16:00:00+09:00,0.03266603,0.039347275,0.0,0.0,0.055680803,0.0,0.0
2024-03-05 17:00:00+09:00,0.022272527,0.03266603,0.0,0.0,0.04380178,0.0,0.0
2024-03-05 18:00:00+09:00,0.014848009,0.022272527,0.0,0.0,0.039347275,0.0,0.0
2024-03-05 19:00:00+09:00,0.000742246,0.014848009,0.0,0.0,0.03266603,0.0,0.0
2024-03-05 20:00:00+09:00,0.0,0.000742246,0.0,0.0,0.022272527,0.0,0.0
2024-03-05 21:00:00+09:00,0.0,0.0,0.004079765174537897,0.004079765174537897,0.014848009,0.0,0.0
2024-03-05 22:00:00+09:00,0.0,0.0,0.004770586732774973,0.004770586732774973,0.000742246,0.0038979561756334307,0.0038979561756334307
2024-03-05 23:00:00+09:00,0.0,0.0,0.004770586732774973,0.004770586732774973,0.0,0.022660119459033012,0.022660119459033012
2024-03-06 00:00:00+09:00,0.0,0.0,0.0,0.0,0.0,0.0,0.0
2024-03-06 01:00:00+09:00,0.0,0.0,0.0,0.0,0.0,0.0,0.0
2024-03-06 02:00:00+09:00,0.0,0.0,0.0,0.0,0.0,0.0,0.0
2024-03-06 03:00:00+09:00,0.0,0.0,0.0,0.0,0.0,0.0,0.0
2024-03-06 04:00:00+09:00,0.0,0.0,0.0,0.0,0.0,0.0,0.0
2024-03-06 05:00:00+09:00,0.0,0.0,0.0,0.0,0.0,0.0,0.0
2024-03-06 06:00:00+09:00,0.0,0.0,0.0,0.0,0.0,0.0,0.0
2024-03-06 07:00:00+09:00,0.0,0.0,0.02248341776430607,0.02248341776430607,0.0,0.01750962994992733,0.01750962994992733
2024-03-06 08:00:00+09:00,0.028953771,0.0,0.05898359790444374,0.05898359790444374,0.0,0.06158600002527237,0.06158600002527237
2024-03-06 09:00:00+09:00,0.173723654,0.028953771,0.16793791473397826,0.16793791473397826,0.0,0.25692489743232727,0.25692489743232727
2024-03-06 10:00:00+09:00,0.334826039,0.173723654,0.25860483303470994,0.25860483303470994,0.0,0.2617915868759155,0.2617915868759155
2024-03-06 11:00:00+09:00,0.317751291,0.334826039,0.3781006874875679,0.3781006874875679,0.028953771,0.17244599283227538,0.17244599283227538
2024-03-06 12:00:00+09:00,0.604321045,0.317751291,0.32337522579049205,0.32337522579049205,0.173723654,0.17073550761482204,0.17073550761482204
2024-03-06 13:00:00+09:00,0.340022791,0.604321045,0.6051756959197913,0.6051756959197913,0.334826039,0.2823823148743763,0.2823823148743763
2024-03-06 14:00:00+09:00,0.259842722,0.340022791,0.32618882023721074,0.32618882023721074,0.317751291,0.3661256942680988,0.3661256942680988
2024-03-06 15:00:00+09:00,0.289539766,0.259842722,0.2094042471362324,0.2094042471362324,0.604321045,0.5289732414669227,0.5289732414669227
2024-03-06 16:00:00+09:00,0.259842722,0.289539766,0.19673029749223325,0.19673029749223325,0.340022791,0.2281923255044136,0.2281923255044136
2024-03-06 17:00:00+09:00,0.151451128,0.259842722,0.12187564212214663,0.12187564212214663,0.259842722,0.029320417226669337,0.029320417226669337
2024-03-06 18:00:00+09:00,0.070528812,0.151451128,0.0543497450887947,0.0543497450887947,0.289539766,0.05315039722749326,0.05315039722749326
2024-03-06 19:00:00+09:00,0.001484493,0.070528812,0.015042632111751553,0.015042632111751553,0.259842722,0.011494709433433559,0.011494709433433559
2024-03-06 20:00:00+09:00,0.0,0.001484493,0.0,0.0,0.151451128,0.0,0.0
2024-03-06 21:00:00+09:00,0.0,0.0,0.0,0.0,0.070528812,0.0,0.0
2024-03-06 22:00:00+09:00,0.0,0.0,0.0,0.0,0.001484493,0.0,0.0
2024-03-06 23:00:00+09:00,0.0,0.0,0.0,0.0,0.0,0.0,0.0
2024-03-07 00:00:00+09:00,0.0,0.0,0.0005077158566564322,0.0005077158566564322,0.0,0.001400443841703236,0.001400443841703236
2024-03-07 01:00:00+09:00,0.0,0.0,0.0005077158566564322,0.0005077158566564322,0.0,0.001400443841703236,0.001400443841703236
2024-03-07 02:00:00+09:00,0.0,0.0,0.0005077158566564322,0.0005077158566564322,0.0,0.001400443841703236,0.001400443841703236
2024-03-07 03:00:00+09:00,0.0,0.0,0.0005077158566564322,0.0005077158566564322,0.0,0.001400443841703236,0.001400443841703236
2024-03-07 04:00:00+09:00,0.0,0.0,0.0005077158566564322,0.0005077158566564322,0.0,0.001400443841703236,0.001400443841703236
2024-03-07 05:00:00+09:00,0.0,0.0,0.0005077158566564322,0.0005077158566564322,0.0,0.001400443841703236,0.001400443841703236
2024-03-07 06:00:00+09:00,0.0,0.0,0.00031330244382843375,0.00031330244382843375,0.0,7.431963604176417e-05,7.431963604176417e-05
2024-03-07 07:00:00+09:00,0.0,0.0,0.024175256490707397,0.024175256490707397,0.0,0.022600846365094185,0.022600846365094185
2024-03-07 08:00:00+09:00,0.025241512,0.0,0.058371447026729584,0.058371447026729584,0.0,0.0733153373003006,0.0733153373003006
2024-03-07 09:00:00+09:00,0.063847567,0.025241512,0.13516931527796935,0.13516931527796935,0.0,0.22040310502052307,0.22040310502052307
2024-03-07 10:00:00+09:00,0.239797961,0.063847567,0.19665075377425384,0.19665075377425384,0.0,0.31572335958480835,0.31572335958480835
2024-03-07 11:00:00+09:00,0.453611137,0.239797961,0.3560029082332001,0.3560029082332001,0.025241512,0.27248709195796206,0.27248709195796206
2024-03-07 12:00:00+09:00,0.412037123,0.453611137,0.49271948414770317,0.49271948414770317,0.063847567,0.3779816879411621,0.3779816879411621
2024-03-07 13:00:00+09:00,0.449157658,0.412037123,0.4220327530109625,0.4220327530109625,0.239797961,0.3663725816045151,0.3663725816045151
2024-03-07 14:00:00+09:00,0.374174341,0.449157658,0.4539455878217595,0.4539455878217595,0.453611137,0.5880903765830154,0.5880903765830154
2024-03-07 15:00:00+09:00,0.244994713,0.374174341,0.3023140126833115,0.3023140126833115,0.412037123,0.49130228534874726,0.49130228534874726
2024-03-07 16:00:00+09:00,0.293994271,0.244994713,0.14504750632399369,0.14504750632399369,0.449157658,0.2932836440992432,0.2932836440992432
2024-03-07 17:00:00+09:00,0.177435913,0.293994271,0.14500781222161863,0.14500781222161863,0.374174341,0.00459821466294863,0.00459821466294863
2024-03-07 18:00:00+09:00,0.064589814,0.177435913,0.025548928294075013,0.025548928294075013,0.244994713,0.0,0.0
2024-03-07 19:00:00+09:00,0.002970012,0.064589814,0.0,0.0,0.293994271,0.0,0.0
2024-03-07 20:00:00+09:00,0.0,0.002970012,0.0,0.0,0.177435913,0.0,0.0
2024-03-07 21:00:00+09:00,0.0,0.0,0.0,0.0,0.064589814,0.0,0.0
2024-03-07 22:00:00+09:00,0.0,0.0,0.0,0.0,0.002970012,0.0,0.0
2024-03-07 23:00:00+09:00,0.0,0.0,0.0,0.0,0.0,0.0,0.0
2024-03-08 00:00:00+09:00,,,,,,,
2024-03-08 01:00:00+09:00,0.0,,,,0.0,0.0004019767511636019,0.0004019767511636019
2024-03-08 02:00:00+09:00,0.0,0.0,0.00010028106044046581,0.00010028106044046581,0.0,0.0004019767511636019,0.0004019767511636019
2024-03-08 03:00:00+09:00,0.0,0.0,0.00010028106044046581,0.00010028106044046581,,,
2024-03-08 04:00:00+09:00,0.0,0.0,0.00010028106044046581,0.00010028106044046581,0.0,0.0004019767511636019,0.0004019767511636019
2024-03-08 05:00:00+09:00,0.0,0.0,0.00010028106044046581,0.00010028106044046581,0.0,0.0004019767511636019,0.0004019767511636019
2024-03-08 06:00:00+09:00,0.0,0.0,4.917444312013686e-05,4.917444312013686e-05,0.0,0.0,0.0
2024-03-08 07:00:00+09:00,0.0,0.0,0.02320602536201477,0.02320602536201477,0.0,0.022499393671751022,0.022499393671751022
2024-03-08 08:00:00+09:00,0.0675588,0.0,0.07850273698568344,0.07850273698568344,0.0,0.10962016135454178,0.10962016135454178
2024-03-08 09:00:00+09:00,0.227918938,0.0675588,0.18499281736021042,0.18499281736021042,0.0,0.27215808629989624,0.27215808629989624
2024-03-08 10:00:00+09:00,0.41129385,0.227918938,0.3360947372506027,0.3360947372506027,0.0,0.27053409814834595,0.27053409814834595
2024-03-08 11:00:00+09:00,0.552351474,0.41129385,0.4897511831475258,0.4897511831475258,0.0675588,0.3923834312141419,0.3923834312141419
2024-03-08 12:00:00+09:00,0.659258575,0.552351474,0.590292438102745,0.590292438102745,0.227918938,0.4418969305346374,0.4418969305346374
2024-03-08 13:00:00+09:00,0.698606876,0.659258575,0.6509919527993917,0.6509919527993917,0.41129385,0.5692639059377671,0.5692639059377671
2024-03-08 14:00:00+09:00,0.65257733,0.698606876,0.6984947721923765,0.6984947721923765,0.552351474,0.6438093028793563,0.6438093028793563
2024-03-08 15:00:00+09:00,0.583533011,0.65257733,0.5987552633651065,0.5987552633651065,0.659258575,0.6073315151111602,0.6073315151111602
2024-03-08 16:00:00+09:00,0.446929892,0.583533011,0.5253197770522461,0.5253197770522461,0.698606876,0.6238594328008423,0.6238594328008423
2024-03-08 17:00:00+09:00,0.265782747,0.446929892,0.30353811889533233,0.30353811889533233,0.65257733,0.32918619049270625,0.32918619049270625
2024-03-08 18:00:00+09:00,0.094285832,0.265782747,0.1390706035788269,0.1390706035788269,0.583533011,0.31369664482339477,0.31369664482339477
2024-03-08 19:00:00+09:00,0.004454505,0.094285832,0.01324262584469986,0.01324262584469986,0.446929892,0.06895770638827514,0.06895770638827514
2024-03-08 20:00:00+09:00,0.0,0.004454505,0.0,0.0,0.265782747,0.04399739536597441,0.04399739536597441
2024-03-08 21:00:00+09:00,0.0,0.0,0.0002893940545618534,0.0002893940545618534,0.094285832,0.0,0.0
2024-03-08 22:00:00+09:00,0.0,0.0,0.0008124064770527184,0.0008124064770527184,0.004454505,0.0,0.0
2024-03-08 23:00:00+09:00,0.0,0.0,0.0008124064770527184,0.0008124064770527184,0.0,0.0028157844208180904,0.0028157844208180904
2024-03-09 00:00:00+09:00,0.0,,,,,,
2024-03-09 01:00:00+09:00,0.0,0.0,0.0,0.0,0.0,0.0,0.0
2024-03-09 02:00:00+09:00,0.0,0.0,0.0,0.0,0.0,0.0,0.0
2024-03-09 03:00:00+09:00,0.0,0.0,0.0,0.0,0.0,0.0,0.0
2024-03-09 04:00:00+09:00,0.0,0.0,0.0,0.0,0.0,0.0,0.0
2024-03-09 05:00:00+09:00,0.0,0.0,0.0,0.0,0.0,0.0,0.0
2024-03-09 06:00:00+09:00,0.0,0.0,0.0,0.0,0.0,0.0,0.0
2024-03-09 07:00:00+09:00,0.001484493,0.0,0.021729690954089165,0.021729690954089165,0.0,0.021262746304273605,0.021262746304273605
2024-03-09 08:00:00+09:00,0.071271059,0.001484493,0.0819624981112175,0.0819624981112175,0.0,0.16893862187862396,0.16893862187862396
2024-03-09 09:00:00+09:00,0.244994713,0.071271059,0.18161550619552994,0.18161550619552994,0.0,0.2138434499502182,0.2138434499502182
2024-03-09 10:00:00+09:00,0.440248647,0.244994713,0.31366008334511564,0.31366008334511564,0.001484493,0.20790667293736267,0.20790667293736267
2024-03-09 11:00:00+09:00,0.586503023,0.440248647,0.5655568477169723,0.5655568477169723,0.071271059,0.45981198259542844,0.45981198259542844
2024-03-09 12:00:00+09:00,0.67633435,0.586503023,0.6596283779456596,0.6596283779456596,0.244994713,0.5108583401953583,0.5108583401953583
2024-03-09 13:00:00+09:00,0.702318109,0.67633435,0.7009443180662155,0.7009443180662155,0.440248647,0.5718518134609909,0.5718518134609909
2024-03-09 14:00:00+09:00,0.666683093,0.702318109,0.7236927742007103,0.7236927742007103,0.586503023,0.654973784179924,0.654973784179924
2024-03-09 15:00:00+09:00,0.584275257,0.666683093,0.637186711940711,0.637186711940711,0.67633435,0.599289535174942,0.599289535174942
2024-03-09 16:00:00+09:00,0.445445399,0.584275257,0.49722124279406743,0.49722124279406743,0.702318109,0.525295324051651,0.525295324051651
2024-03-09 17:00:00+09:00,0.264297227,0.445445399,0.2995697513359299,0.2995697513359299,0.666683093,0.38676716415936274,0.38676716415936274
2024-03-09 18:00:00+09:00,0.097255844,0.264297227,0.1680279174792786,0.1680279174792786,0.584275257,0.2867072039928742,0.2867072039928742
2024-03-09 19:00:00+09:00,0.004454505,0.097255844,0.016045133891719812,0.016045133891719812,0.445445399,0.24248407335455324,0.24248407335455324
2024-03-09 20:00:00+09:00,0.0,0.004454505,0.0,0.0,0.264297227,0.0549108484733124,0.0549108484733124
2024-03-09 21:00:00+09:00,0.0,0.0,0.001444439752958715,0.001444439752958715,0.097255844,0.000562857213634485,0.000562857213634485
2024-03-09 22:00:00+09:00,0.0,0.0,0.001967452932149172,0.001967452932149172,0.004454505,0.0,0.0
2024-03-09 23:00:00+09:00,0.0,0.0,0.001967452932149172,0.001967452932149172,0.0,0.00564777385443449,0.00564777385443449
2024-03-10 00:00:00+09:00,0.0,0.0,0.00046919664600864053,0.00046919664600864053,0.0,0.0011268154485151172,0.0011268154485151172
2024-03-10 01:00:00+09:00,0.0,0.0,0.00046919664600864053,0.00046919664600864053,0.0,0.0011268154485151172,0.0011268154485151172
2024-03-10 02:00:00+09:00,0.0,0.0,0.00046919664600864053,0.00046919664600864053,0.0,0.0011268154485151172,0.0011268154485151172
2024-03-10 03:00:00+09:00,0.0,0.0,0.00046919664600864053,0.00046919664600864053,0.0,0.0011268154485151172,0.0011268154485151172
2024-03-10 04:00:00+09:00,0.0,0.0,0.00046919664600864053,0.00046919664600864053,0.0,0.0011268154485151172,0.0011268154485151172
2024-03-10 05:00:00+09:00,0.0,0.0,0.00046919664600864053,0.00046919664600864053,0.0,0.0011268154485151172,0.0011268154485151172
2024-03-10 06:00:00+09:00,0.0,0.0,0.0005116335232742131,0.0005116335232742131,0.0,0.0015473495004698634,0.0015473495004698634
2024-03-10 07:00:00+09:00,0.001484493,0.0,0.030849220231175423,0.030849220231175423,0.0,0.04092787206172943,0.04092787206172943
2024-03-10 08:00:00+09:00,0.078695576,0.001484493,0.11052156446644593,0.11052156446644593,0.0,0.1746506243944168,0.1746506243944168
2024-03-10 09:00:00+09:00,0.255388216,0.078695576,0.20953498344400023,0.20953498344400023,0.0,0.23943904042243958,0.23943904042243958
2024-03-10 10:00:00+09:00,0.446929892,0.255388216,0.41883656464139557,0.41883656464139557,0.001484493,0.41560466049382017,0.41560466049382017
2024-03-10 11:00:00+09:00,0.589472009,0.446929892,0.5492355129087372,0.5492355129087372,0.078695576,0.44427440624215697,0.44427440624215697
2024-03-10 12:00:00+09:00,0.677818843,0.589472009,0.6407348347274627,0.6407348347274627,0.255388216,0.5233838417343293,0.5233838417343293
2024-03-10 13:00:00+09:00,0.69637911,0.677818843,0.7078976880986146,0.7078976880986146,0.446929892,0.6716252168977661,0.6716252168977661
2024-03-10 14:00:00+09:00,0.670395351,0.69637911,0.7024075349484539,0.7024075349484539,0.589472009,0.6943269131152,0.6943269131152
2024-03-10 15:00:00+09:00,0.579820752,0.670395351,0.5573649844004402,0.5573649844004402,0.677818843,0.5146744780469589,0.5146744780469589
2024-03-10 16:00:00+09:00,0.446187646,0.579820752,0.42840801165023046,0.42840801165023046,0.69637911,0.3812593070481872,0.3812593070481872
2024-03-10 17:00:00+09:00,0.266524993,0.446187646,0.3042544432564697,0.3042544432564697,0.670395351,0.28129468018548587,0.28129468018548587
2024-03-10 18:00:00+09:00,0.096513598,0.266524993,0.17726060014721678,0.17726060014721678,0.579820752,0.23287859544673162,0.23287859544673162
2024-03-10 19:00:00+09:00,0.004454505,0.096513598,0.0,0.0,0.446187646,0.18867051681718444,0.18867051681718444
2024-03-10 20:00:00+09:00,0.0,0.004454505,0.0,0.0,0.266524993,0.00430422287937926,0.00430422287937926
2024-03-10 21:00:00+09:00,0.0,0.0,0.0,0.0,0.096513598,0.0,0.0
2024-03-10 22:00:00+09:00,0.0,0.0,0.0,0.0,0.004454505,0.0,0.0
2024-03-10 23:00:00+09:00,0.0,0.0,0.0,0.0,0.0,0.0,0.0
2024-03-11 00:00:00+09:00,,,,,,,
2024-03-11 01:00:00+09:00,0.0,,,,0.0,0.00036047722096554935,0.00036047722096554935
2024-03-11 02:00:00+09:00,0.0,0.0,0.00023431330919265747,0.00023431330919265747,0.0,0.00036047722096554935,0.00036047722096554935
2024-03-11 03:00:00+09:00,0.0,0.0,0.00023431330919265747,0.00023431330919265747,,,
2024-03-11 04:00:00+09:00,0.0,0.0,0.00023431330919265747,0.00023431330919265747,0.0,0.00036047722096554935,0.00036047722096554935
2024-03-11 05:00:00+09:00,0.0,0.0,0.00023431330919265747,0.00023431330919265747,0.0,0.00036047722096554935,0.00036047722096554935
2024-03-11 06:00:00+09:00,0.0,0.0,0.0004553886246867478,0.0004553886246867478,0.0,0.0,0.0
2024-03-11 07:00:00+09:00,0.000742246,0.0,0.015367084182798862,0.015367084182798862,0.0,0.016584156081080437,0.016584156081080437
2024-03-11 08:00:00+09:00,0.073498825,0.000742246,0.06397910842103577,0.06397910842103577,0.0,0.08972222357988358,0.08972222357988358
2024-03-11 09:00:00+09:00,0.244252466,0.073498825,0.21407454685993194,0.21407454685993194,0.0,0.328865647315979,0.328865647315979
2024-03-11 10:00:00+09:00,0.403870358,0.244252466,0.41105029765454865,0.41105029765454865,0.000742246,0.3782673967759094,0.3782673967759094
2024-03-11 11:00:00+09:00,0.400900346,0.403870358,0.5077126239039498,0.5077126239039498,0.073498825,0.43007938043899535,0.43007938043899535
2024-03-11 12:00:00+09:00,0.47662591,0.400900346,0.38597932900886156,0.38597932900886156,0.244252466,0.42079629782525635,0.42079629782525635
2024-03-11 13:00:00+09:00,0.395703594,0.47662591,0.44659049433568476,0.44659049433568476,0.403870358,0.5022512365676957,0.5022512365676957
2024-03-11 14:00:00+09:00,0.415006108,0.395703594,0.37519918827797794,0.37519918827797794,0.400900346,0.40645204182366945,0.40645204182366945
2024-03-11 15:00:00+09:00,0.228662211,0.415006108,0.3777405017754631,0.3777405017754631,0.47662591,0.452982924849782,0.452982924849782
2024-03-11 16:00:00+09:00,0.102452596,0.228662211,0.06652391284612275,0.06652391284612275,0.395703594,0.15579968205179595,0.15579968205179595
2024-03-11 17:00:00+09:00,0.069786566,0.102452596,0.0,0.0,0.415006108,0.10591272206517027,0.10591272206517027
2024-03-11 18:00:00+09:00,0.008166764,0.069786566,0.0,0.0,0.228662211,0.0,0.0
2024-03-11 19:00:00+09:00,0.0,0.008166764,0.0,0.0,0.102452596,0.0,0.0
2024-03-11 20:00:00+09:00,0.0,0.0,0.0,0.0,0.069786566,0.0,0.0
2024-03-11 21:00:00+09:00,0.0,0.0,0.0,0.0,0.008166764,0.0,0.0
2024-03-11 22:00:00+09:00,0.0,0.0,0.0,0.0,0.0,0.0,0.0
2024-03-11 23:00:00+09:00,0.0,0.0,0.0,0.0,0.0,0.0,0.0
2024-03-12 00:00:00+09:00,0.0,,,,,,
2024-03-12 01:00:00+09:00,0.0,0.0,0.0,0.0,0.0,0.0,0.0
2024-03-12 02:00:00+09:00,0.0,0.0,0.0,0.0,0.0,0.0,0.0
2024-03-12 03:00:00+09:00,0.0,0.0,0.0,0.0,0.0,0.0,0.0
2024-03-12 04:00:00+09:00,0.0,0.0,0.0,0.0,0.0,0.0,0.0
2024-03-12 05:00:00+09:00,0.0,0.0,0.0,0.0,0.0,0.0,0.0
2024-03-12 06:00:00+09:00,0.0,0.0,0.0,0.0,0.0,0.0,0.0
2024-03-12 07:00:00+09:00,0.000742246,0.0,0.010179187171161175,0.010179187171161175,0.0,0.0,0.0
2024-03-12 08:00:00+09:00,0.051968544,0.000742246,0.07559226879281616,0.07559226879281616,0.0,0.12705251574516296,0.12705251574516296
2024-03-12 09:00:00+09:00,0.211586436,0.051968544,0.16692672597727204,0.16692672597727204,0.0,0.19921062886714935,0.19921062886714935
2024-03-12 10:00:00+09:00,0.412037123,0.211586436,0.26677688744319533,0.26677688744319533,0.000742246,0.1250088555495224,0.1250088555495224
2024-03-12 11:00:00+09:00,0.564972743,0.412037123,0.4538740292244892,0.4538740292244892,0.051968544,0.2344009571011963,0.2344009571011963
2024-03-12 12:00:00+09:00,0.571655015,0.564972743,0.5934956814899139,0.5934956814899139,0.211586436,0.3434445762301788,0.3434445762301788
2024-03-12 13:00:00+09:00,0.614714548,0.571655015,0.5774684362158621,0.5774684362158621,0.412037123,0.4156763237023096,0.4156763237023096
2024-03-12 14:00:00+09:00,0.320720277,0.614714548,0.4914870187722664,0.4914870187722664,0.564972743,0.4220719780578308,0.4220719780578308
2024-03-12 15:00:00+09:00,0.136603119,0.320720277,0.2947273489271898,0.2947273489271898,0.571655015,0.4880176433407212,0.4880176433407212
2024-03-12 16:00:00+09:00,0.226434445,0.136603119,0.08637686274866485,0.08637686274866485,0.614714548,0.5221981778823357,0.5221981778823357
2024-03-12 17:00:00+09:00,0.221237693,0.226434445,0.15038700214654924,0.15038700214654924,0.320720277,0.17042549626879883,0.17042549626879883
2024-03-12 18:00:00+09:00,0.022272527,0.221237693,0.17464701833144952,0.17464701833144952,0.136603119,0.0682560821614685,0.0682560821614685
2024-03-12 19:00:00+09:00,0.000742246,0.022272527,0.005597106894542694,0.005597106894542694,0.226434445,0.05401485226184846,0.05401485226184846
2024-03-12 20:00:00+09:00,0.0,0.000742246,0.0,0.0,0.221237693,0.14256744461075593,0.14256744461075593
2024-03-12 21:00:00+09:00,0.0,0.0,0.004079765174537897,0.004079765174537897,0.022272527,0.0,0.0
2024-03-12 22:00:00+09:00,0.0,0.0,0.004770586732774973,0.004770586732774973,0.000742246,0.0038979561756334307,0.0038979561756334307
2024-03-12 23:00:00+09:00,0.0,0.0,0.004770586732774973,0.004770586732774973,0.0,0.022660119459033012,0.022660119459033012
2024-03-13 00:00:00+09:00,,,,,,,
2024-03-13 01:00:00+09:00,0.0,,,,0.0,0.0,0.0
2024-03-13 02:00:00+09:00,0.0,0.0,0.0,0.0,0.0,0.0,0.0
2024-03-13 03:00:00+09:00,0.0,0.0,0.0,0.0,,,
2024-03-13 04:00:00+09:00,0.0,0.0,0.0,0.0,0.0,0.0,0.0
2024-03-13 05:00:00+09:00,0.0,0.0,0.0,0.0,0.0,0.0,0.0
2024-03-13 06:00:00+09:00,0.0,0.0,0.0,0.0,0.0,0.0,0.0
2024-03-13 07:00:00+09:00,0.001484493,0.0,0.02224263735115528,0.02224263735115528,0.0,0.015306691639125347,0.015306691639125347
2024-03-13 08:00:00+09:00,0.077210057,0.001484493,0.07153950093457032,0.07153950093457032,0.0,0.06795714795589447,0.06795714795589447
2024-03-13 09:00:00+09:00,0.238313468,0.077210057,0.1859570177591629,0.1859570177591629,0.0,0.21266260743141174,0.21266260743141174
2024-03-13 10:00:00+09:00,0.426885131,0.238313468,0.32150997390419767,0.32150997390419767,0.001484493,0.19518775699803162,0.19518775699803162
2024-03-13 11:00:00+09:00,0.575366247,0.426885131,0.5066142186507758,0.5066142186507758,0.077210057,0.37738688609965515,0.37738688609965515
2024-03-13 12:00:00+09:00,0.638471568,0.575366247,0.5962458024935933,0.5962458024935933,0.238313468,0.4527776407209091,0.4527776407209091
2024-03-13 13:00:00+09:00,0.615456795,0.638471568,0.6678588800099307,0.6678588800099307,0.426885131,0.6335048556313094,0.6335048556313094
2024-03-13 14:00:00+09:00,0.658516328,0.615456795,0.6344636135329437,0.6344636135329437,0.575366247,0.5573436222242327,0.5573436222242327
2024-03-13 15:00:00+09:00,0.57610952,0.658516328,0.5523553296555787,0.5523553296555787,0.638471568,0.6064170282301121,0.6064170282301121
2024-03-13 16:00:00+09:00,0.448414385,0.57610952,0.4340679262099457,0.4340679262099457,0.615456795,0.40705614318744654,0.40705614318744654
2024-03-13 17:00:00+09:00,0.268751732,0.448414385,0.29856644538951876,0.29856644538951876,0.658516328,0.3583884045113831,0.3583884045113831
2024-03-13 18:00:00+09:00,0.102452596,0.268751732,0.13410731304515078,0.13410731304515078,0.57610952,0.2463984106002045,0.2463984106002045
2024-03-13 19:00:00+09:00,0.005938998,0.102452596,0.04696641611175156,0.04696641611175156,0.448414385,0.20006637243343356,0.20006637243343356
2024-03-13 20:00:00+09:00,0.0,0.005938998,0.0,0.0,0.268751732,0.04261330414641573,0.04261330414641573
2024-03-13 21:00:00+09:00,0.0,0.0,0.0,0.0,0.102452596,0.0,0.0
2024-03-13 22:00:00+09:00,,,,,,,
2024-03-13 23:00:00+09:00,0.0,,,,0.0,0.0,0.0
2024-03-14 00:00:00+09:00,0.0,,,,,,
2024-03-14 01:00:00+09:00,0.0,0.0,0.0005077158566564322,0.0005077158566564322,,,
2024-03-14 02:00:00+09:00,0.0,0.0,0.0005077158566564322,0.0005077158566564322,0.0,0.001400443841703236,0.001400443841703236
2024-03-14 03:00:00+09:00,0.0,0.0,0.0005077158566564322,0.0005077158566564322,0.0,0.001400443841703236,0.001400443841703236
2024-03-14 04:00:00+09:00,0.0,0.0,0.0005077158566564322,0.0005077158566564322,0.0,0.001400443841703236,0.001400443841703236
2024-03-14 05:00:00+09:00,0.0,0.0,0.0005077158566564322,0.0005077158566564322,0.0,0.001400443841703236,0.001400443841703236
2024-03-14 06:00:00+09:00,0.0,0.0,0.00031330244382843375,0.00031330244382843375,0.0,7.431963604176417e-05,7.431963604176417e-05
2024-03-14 07:00:00+09:00,0.000742246,0.0,0.0264893751591444,0.0264893751591444,0.0,0.03211277723312378,0.03211277723312378
2024-03-14 08:00:00+09:00,0.043059534,0.000742246,0.07555315324468231,0.07555315324468231,0.0,0.14381924271583557,0.14381924271583557
2024-03-14 09:00:00+09:00,0.17817816,0.043059534,0.16739866750105287,0.16739866750105287,0.0,0.2551501989364624,0.2551501989364624
2024-03-14 10:00:00+09:00,0.274690731,0.17817816,0.3121708170653915,0.3121708170653915,0.000742246,0.302899707643219,0.302899707643219
2024-03-14 11:00:00+09:00,0.45286889,0.274690731,0.3919523419251976,0.3919523419251976,0.043059534,0.4701564671264496,0.4701564671264496
2024-03-14 12:00:00+09:00,0.684501114,0.45286889,0.5394715331322097,0.5394715331322097,0.17817816,0.4728183434487915,0.4728183434487915
2024-03-14 13:00:00+09:00,0.588729763,0.684501114,0.7227561796795502,0.7227561796795502,0.274690731,0.5245254324188766,0.5245254324188766
2024-03-14 14:00:00+09:00,0.671137598,0.588729763,0.6025734269681459,0.6025734269681459,0.45286889,0.5775714926248932,0.5775714926248932
2024-03-14 15:00:00+09:00,0.584275257,0.671137598,0.6176983533720474,0.6176983533720474,0.684501114,0.6991772192310467,0.6991772192310467
2024-03-14 16:00:00+09:00,0.449157658,0.584275257,0.4069970065441437,0.4069970065441437,0.588729763,0.32661589380978395,0.32661589380978395
2024-03-14 17:00:00+09:00,0.26726724,0.449157658,0.27483490385533144,0.27483490385533144,0.671137598,0.2844928471664886,0.2844928471664886
2024-03-14 18:00:00+09:00,0.098740337,0.26726724,0.15381950677656175,0.15381950677656175,0.584275257,0.15563340128329473,0.15563340128329473
2024-03-14 19:00:00+09:00,0.005938998,0.098740337,0.0,0.0,0.449157658,0.13516724385739137,0.13516724385739137
2024-03-14 20:00:00+09:00,0.0,0.005938998,0.0,0.0,0.26726724,0.0,0.0
2024-03-14 21:00:00+09:00,0.0,0.0,0.0,0.0,0.098740337,0.0,0.0
2024-03-14 22:00:00+09:00,0.0,,,,,,
2024-03-14 23:00:00+09:00,0.0,0.0,0.0,0.0,0.0,0.0,0.0
2024-03-15 00:00:00+09:00,,,,,,,
2024-03-15 01:00:00+09:00,0.0,,,,0.0,0.0004019767511636019,0.0004019767511636019
2024-03-15 02:00:00+09:00,0.0,0.0,0.00010028106044046581,0.00010028106044046581,0.0,0.0004019767511636019,0.0004019767511636019
2024-03-15 03:00:00+09:00,0.0,0.0,0.00010028106044046581,0.00010028106044046581,,,
2024-03-15 04:00:00+09:00,0.0,0.0,0.00010028106044046581,0.00010028106044046581,0.0,0.0004019767511636019,0.0004019767511636019
2024-03-15 05:00:00+09:00,0.0,0.0,0.00010028106044046581,0.00010028106044046581,0.0,0.0004019767511636019,0.0004019767511636019
2024-03-15 06:00:00+09:00,0.0,0.0,4.917444312013686e-05,4.917444312013686e-05,0.0,0.0,0.0
2024-03-15 07:00:00+09:00,0.003712259,0.0,0.0231049582362175,0.0231049582362175,0.0,0.022321423515677452,0.022321423515677452
2024-03-15 08:00:00+09:00,0.092801339,0.003712259,0.08200646913593673,0.08200646913593673,0.0,0.118512362241745,0.118512362241745
2024-03-15 09:00:00+09:00,0.273948484,0.092801339,0.21114252415253065,0.21114252415253065,0.0,0.16482152044773102,0.16482152044773102
2024-03-15 10:00:00+09:00,0.461035655,0.273948484,0.4426058017576065,0.4426058017576065,0.003712259,0.4714108628684845,0.4714108628684845
2024-03-15 11:00:00+09:00,0.596896527,0.461035655,0.5394929881475258,0.5394929881475258,0.092801339,0.41762597021414183,0.41762597021414183
2024-03-15 12:00:00+09:00,0.670395351,0.596896527,0.5899913777972061,0.5899913777972061,0.273948484,0.36449468218925857,0.36449468218925857
2024-03-15 13:00:00+09:00,0.699349123,0.670395351,0.6454204721225987,0.6454204721225987,0.461035655,0.5914000730297851,0.5914000730297851
2024-03-15 14:00:00+09:00,0.683015594,0.699349123,0.694505400436763,0.694505400436763,0.596896527,0.642910407521059,0.642910407521059
2024-03-15 15:00:00+09:00,0.597638773,0.683015594,0.6470326722804489,0.6470326722804489,0.670395351,0.6275085536612759,0.6275085536612759
2024-03-15 16:00:00+09:00,0.459551162,0.597638773,0.45068682936405946,0.45068682936405946,0.699349123,0.43598924851307674,0.43598924851307674
2024-03-15 17:00:00+09:00,0.277660743,0.459551162,0.2980008487656708,0.2980008487656708,0.683015594,0.3516627044621887,0.3516627044621887
2024-03-15 18:00:00+09:00,0.106907101,0.277660743,0.17698773056456374,0.17698773056456374,0.597638773,0.27416150478100587,0.27416150478100587
2024-03-15 19:00:00+09:00,0.007424518,0.106907101,0.0046003327018508955,0.0046003327018508955,0.459551162,0.20308036255389406,0.20308036255389406
2024-03-15 20:00:00+09:00,0.0,0.007424518,0.0,0.0,0.277660743,0.055875391365974414,0.055875391365974414
2024-03-15 21:00:00+09:00,0.0,0.0,0.0002893940545618534,0.0002893940545618534,0.106907101,0.0,0.0
2024-03-15 22:00:00+09:00,0.0,0.0,0.0008124064770527184,0.0008124064770527184,0.007424518,0.0,0.0
2024-03-15 23:00:00+09:00,0.0,0.0,0.0008124064770527184,0.0008124064770527184,0.0,0.0028157844208180904,0.0028157844208180904
2024-03-16 00:00:00+09:00,0.0,,,,,,
2024-03-16 01:00:00+09:00,0.0,0.0,0.0,0.0,0.0,0.0,0.0
2024-03-16 02:00:00+09:00,0.0,0.0,0.0,0.0,0.0,0.0,0.0
2024-03-16 03:00:00+09:00,0.0,0.0,0.0,0.0,0.0,0.0,0.0
2024-03-16 04:00:00+09:00,0.0,0.0,0.0,0.0,0.0,0.0,0.0
2024-03-16 05:00:00+09:00,0.0,0.0,0.0,0.0,0.0,0.0,0.0
2024-03-16 06:00:00+09:00,0.0,0.0,0.0,0.0,0.0,0.0,0.0
2024-03-16 07:00:00+09:00,0.003712259,0.0,0.020194215700030327,0.020194215700030327,0.0,0.014320635236799717,0.014320635236799717
2024-03-16 08:00:00+09:00,0.087604587,0.003712259,0.08763924217766189,0.08763924217766189,0.0,0.09908407181501389,0.09908407181501389
2024-03-16 09:00:00+09:00,0.259100475,0.087604587,0.19725481144725038,0.19725481144725038,0.0,0.1774395853281021,0.1774395853281021
2024-03-16 10:00:00+09:00,0.435794142,0.259100475,0.37976762710676193,0.37976762710676193,0.003712259,0.33711519069021606,0.33711519069021606
2024-03-16 11:00:00+09:00,0.559033745,0.435794142,0.47648654591254425,0.47648654591254425,0.087604587,0.38879582754908754,0.38879582754908754
2024-03-16 12:00:00+09:00,0.562746004,0.559033745,0.562080886712159,0.562080886712159,0.259100475,0.45305167941913604,0.45305167941913604
2024-03-16 13:00:00+09:00,0.662228587,0.562746004,0.5873559720662155,0.5873559720662155,0.435794142,0.5673973084609909,0.5673973084609909
2024-03-16 14:00:00+09:00,0.657774082,0.662228587,0.7020271522089119,0.7020271522089119,0.559033745,0.5902930619510365,0.5902930619510365
2024-03-16 15:00:00+09:00,0.518943197,0.657774082,0.594058259005291,0.594058259005291,0.562746004,0.5316312506642856,0.5316312506642856
2024-03-16 16:00:00+09:00,0.443217633,0.518943197,0.43313353406188204,0.43313353406188204,0.662228587,0.47350141677104185,0.47350141677104185
2024-03-16 17:00:00+09:00,0.275434004,0.443217633,0.3778512083798485,0.3778512083798485,0.657774082,0.5419586585709877,0.5419586585709877
2024-03-16 18:00:00+09:00,0.091315819,0.275434004,0.20059491865950013,0.20059491865950013,0.518943197,0.209176785218689,0.209176785218689
2024-03-16 19:00:00+09:00,0.002970012,0.091315819,0.017066141639942176,0.017066141639942176,0.443217633,0.2503341861873703,0.2503341861873703
2024-03-16 20:00:00+09:00,0.0,0.002970012,0.0,0.0,0.275434004,0.06604762547331239,0.06604762547331239
2024-03-16 21:00:00+09:00,0.0,0.0,0.001444439752958715,0.001444439752958715,0.091315819,0.0,0.0
2024-03-16 22:00:00+09:00,0.0,0.0,0.001967452932149172,0.001967452932149172,0.002970012,0.0,0.0
2024-03-16 23:00:00+09:00,0.0,0.0,0.001967452932149172,0.001967452932149172,0.0,0.00564777385443449,0.00564777385443449
2024-03-17 00:00:00+09:00,0.0,0.0,0.00046919664600864053,0.00046919664600864053,0.0,0.0011268154485151172,0.0011268154485151172
2024-03-17 01:00:00+09:00,0.0,0.0,0.00046919664600864053,0.00046919664600864053,0.0,0.0011268154485151172,0.0011268154485151172
2024-03-17 02:00:00+09:00,0.0,0.0,0.00046919664600864053,0.00046919664600864053,0.0,0.0011268154485151172,0.0011268154485151172
2024-03-17 03:00:00+09:00,0.0,0.0,0.00046919664600864053,0.00046919664600864053,0.0,0.0011268154485151172,0.0011268154485151172
2024-03-17 04:00:00+09:00,0.0,0.0,0.00046919664600864053,0.00046919664600864053,0.0,0.0011268154485151172,0.0011268154485151172
2024-03-17 05:00:00+09:00,0.0,0.0,0.00046919664600864053,0.00046919664600864053,0.0,0.0011268154485151172,0.0011268154485151172
2024-03-17 06:00:00+09:00,0.0,0.0,0.0005116335232742131,0.0005116335232742131,0.0,0.0015473495004698634,0.0015473495004698634
2024-03-17 07:00:00+09:00,0.002226739,0.0,0.025056805461645126,0.025056805461645126,0.0,0.018829666078090668,0.018829666078090668
2024-03-17 08:00:00+09:00,0.090573573,0.002226739,0.11782628930679703,0.11782628930679703,0.0,0.1449344903230667,0.1449344903230667
2024-03-17 09:00:00+09:00,0.217525435,0.090573573,0.25710839915947725,0.25710839915947725,0.0,0.3334895670413971,0.3334895670413971
2024-03-17 10:00:00+09:00,0.412037123,0.217525435,0.3706131999784088,0.3706131999784088,0.002226739,0.3517639029728546,0.3517639029728546
2024-03-17 11:00:00+09:00,0.536761218,0.412037123,0.5283836461657028,0.5283836461657028,0.090573573,0.5550642250843506,0.5550642250843506
2024-03-17 12:00:00+09:00,,,,,,,
2024-03-17 13:00:00+09:00,0.469202419,,,,0.412037123,0.5692581720703582,0.5692581720703582
2024-03-17 14:00:00+09:00,0.48702044,0.469202419,0.45282247588250063,0.45282247588250063,0.536761218,0.6120416757350616,0.6120416757350616
2024-03-17 15:00:00+09:00,0.400900346,0.48702044,0.3376460294899368,0.3376460294899368,,,
2024-03-17 16:00:00+09:00,0.371204328,0.400900346,0.24948760565023043,0.24948760565023043,0.469202419,0.15408261604818724,0.15408261604818724
2024-03-17 17:00:00+09:00,0.125467369,0.371204328,0.30855878835861966,0.30855878835861966,0.48702044,0.24823511351913452,0.24823511351913452
2024-03-17 18:00:00+09:00,0.0452873,0.125467369,0.04098095152763748,0.04098095152763748,0.400900346,0.05494324560861208,0.05494324560861208
2024-03-17 19:00:00+09:00,0.002226739,0.0452873,0.0,0.0,0.371204328,0.0,0.0
2024-03-17 20:00:00+09:00,0.0,0.002226739,0.0,0.0,0.125467369,0.0,0.0
2024-03-17 21:00:00+09:00,0.0,0.0,0.0,0.0,0.0452873,0.0,0.0
2024-03-17 22:00:00+09:00,0.0,0.0,0.0,0.0,0.002226739,0.0,0.0
2024-03-17 23:00:00+09:00,0.0,0.0,0.0,0.0,0.0,0.0,0.0
2024-03-18 00:00:00+09:00,0.0,0.0,0.00023431330919265747,0.00023431330919265747,0.0,0.00036047722096554935,0.00036047722096554935
2024-03-18 01:00:00+09:00,0.0,0.0,0.00023431330919265747,0.00023431330919265747,0.0,0.00036047722096554935,0.00036047722096554935
2024-03-18 02:00:00+09:00,0.0,0.0,0.00023431330919265747,0.00023431330919265747,0.0,0.00036047722096554935,0.00036047722096554935
2024-03-18 03:00:00+09:00,0.0,0.0,0.00023431330919265747,0.00023431330919265747,0.0,0.00036047722096554935,0.00036047722096554935
2024-03-18 04:00:00+09:00,0.0,0.0,0.00023431330919265747,0.00023431330919265747,0.0,0.00036047722096554935,0.00036047722096554935
2024-03-18 05:00:00+09:00,0.0,0.0,0.00023431330919265747,0.00023431330919265747,0.0,0.00036047722096554935,0.00036047722096554935
2024-03-18 06:00:00+09:00,0.0,0.0,0.0004553886246867478,0.0004553886246867478,0.0,0.0,0.0
2024-03-18 07:00:00+09:00,0.005196752,0.0,0.013966703787446022,0.013966703787446022,0.0,0.040657177567481995,0.040657177567481995
2024-03-18 08:00:00+09:00,0.095028078,0.005196752,0.10335555111184311,0.10335555111184311,0.0,0.1487901359796524,0.1487901359796524
2024-03-18 09:00:00+09:00,0.266524993,0.095028078,0.22142187301342775,0.22142187301342775,0.0,0.2291915863752365,0.2291915863752365
2024-03-18 10:00:00+09:00,0.451384397,0.266524993,0.3580876888012581,0.3580876888012581,0.005196752,0.2484981585027237,0.2484981585027237
2024-03-18 11:00:00+09:00,0.584275257,0.451384397,0.5675050483643265,0.5675050483643265,0.095028078,0.5591843480271607,0.5591843480271607
2024-03-18 12:00:00+09:00,0.656289589,,,,,,
2024-03-18 13:00:00+09:00,0.677076596,0.656289589,0.7135497819306984,0.7135497819306984,0.451384397,0.5815140472351761,0.5815140472351761
2024-03-18 14:00:00+09:00,0.577594013,0.677076596,0.6775941381829336,0.6775941381829336,0.584275257,0.5604070109960146,0.5604070109960146
2024-03-18 15:00:00+09:00,0.571655015,0.577594013,0.5033289129381066,0.5033289129381066,0.656289589,0.5354846533062592,0.5354846533062592
2024-03-18 16:00:00+09:00,0.443217633,0.571655015,0.43524749065269475,0.43524749065269475,0.677076596,0.4487332880280457,0.4487332880280457
2024-03-18 17:00:00+09:00,0.268751732,0.443217633,0.38929975934921074,0.38929975934921074,0.577594013,0.44867901601837923,0.44867901601837923
2024-03-18 18:00:00+09:00,0.096513598,0.268751732,0.17089759457934572,0.17089759457934572,0.571655015,0.2998333075128937,0.2998333075128937
2024-03-18 19:00:00+09:00,0.005196752,0.096513598,0.02341113123793412,0.02341113123793412,0.443217633,0.2041613438039856,0.2041613438039856
2024-03-18 20:00:00+09:00,0.0,0.005196752,0.0,0.0,0.268751732,0.0,0.0
2024-03-18 21:00:00+09:00,0.0,0.0,0.0,0.0,0.096513598,0.0,0.0
2024-03-18 22:00:00+09:00,0.0,0.0,0.0,0.0,0.005196752,0.0,0.0
2024-03-18 23:00:00+09:00,,,,,,,
2024-03-19 00:00:00+09:00,,,,,,,
2024-03-19 01:00:00+09:00,0.0,,,,0.0,0.0,0.0
2024-03-19 02:00:00+09:00,0.0,0.0,0.0,0.0,,,
2024-03-19 03:00:00+09:00,0.0,0.0,0.0,0.0,,,
2024-03-19 04:00:00+09:00,0.0,0.0,0.0,0.0,0.0,0.0,0.0
2024-03-19 05:00:00+09:00,0.0,0.0,0.0,0.0,0.0,0.0,0.0
2024-03-19 06:00:00+09:00,0.0,0.0,0.0,0.0,0.0,0.0,0.0
2024-03-19 07:00:00+09:00,0.000742246,0.0,0.008372785523533821,0.008372785523533821,0.0,0.019150860607624054,0.019150860607624054
2024-03-19 08:00:00+09:00,0.037120535,0.000742246,0.058956821052261354,0.058956821052261354,0.0,0.0780382752418518,0.0780382752418518
2024-03-19 09:00:00+09:00,0.085376821,0.037120535,0.1129770790773964,0.1129770790773964,0.0,0.1379539668560028,0.1379539668560028
2024-03-19 10:00:00+09:00,0.178920406,0.085376821,0.20712128235759353,0.20712128235759353,0.000742246,0.2583156717698059,0.2583156717698059
2024-03-19 11:00:00+09:00,0.458808915,0.178920406,0.28197872181354144,0.28197872181354144,0.037120535,0.3570506414014435,0.3570506414014435
2024-03-19 12:00:00+09:00,0.444703153,0.458808915,0.4968105827081585,0.4968105827081585,0.085376821,0.25682855351628875,0.25682855351628875
2024-03-19 13:00:00+09:00,0.698606876,0.444703153,0.44948791772198965,0.44948791772198965,0.178920406,0.23013781671343422,0.23013781671343422
2024-03-19 14:00:00+09:00,0.677076596,0.698606876,0.6546761740885506,0.6546761740885506,0.458808915,0.4343960445928955,0.4343960445928955
2024-03-19 15:00:00+09:00,0.536761218,0.677076596,0.5352060526392899,0.5352060526392899,0.444703153,0.330181440935257,0.330181440935257
2024-03-19 16:00:00+09:00,0.418718367,0.536761218,0.41327238946015166,0.41327238946015166,0.698606876,0.4513101701579819,0.4513101701579819
2024-03-19 17:00:00+09:00,0.228662211,0.418718367,0.2977076388195915,0.2977076388195915,0.677076596,0.4289372145913086,0.4289372145913086
2024-03-19 18:00:00+09:00,0.103937089,0.228662211,0.17732477515843964,0.17732477515843964,0.536761218,0.3699561890845947,0.3699561890845947
2024-03-19 19:00:00+09:00,0.003712259,0.103937089,0.0577678526976242,0.0577678526976242,0.418718367,0.3437135881976051,0.3437135881976051
2024-03-19 20:00:00+09:00,0.0,0.003712259,0.0,0.0,0.228662211,0.14999196261075592,0.14999196261075592
2024-03-19 21:00:00+09:00,0.0,0.0,0.004079765174537897,0.004079765174537897,0.103937089,0.0759995705672636,0.0759995705672636
2024-03-19 22:00:00+09:00,0.0,0.0,0.004770586732774973,0.004770586732774973,0.003712259,0.00686796917563343,0.00686796917563343
2024-03-19 23:00:00+09:00,0.0,,,,,,
2024-03-20 00:00:00+09:00,,,,,,,
2024-03-20 01:00:00+09:00,0.0,,,,0.0,0.0,0.0
2024-03-20 02:00:00+09:00,0.0,0.0,0.0,0.0,0.0,0.0,0.0
2024-03-20 03:00:00+09:00,0.0,0.0,0.0,0.0,,,
2024-03-20 04:00:00+09:00,0.0,0.0,0.0,0.0,0.0,0.0,0.0
2024-03-20 05:00:00+09:00,0.0,0.0,0.0,0.0,0.0,0.0,0.0
2024-03-20 06:00:00+09:00,0.0,0.0,0.0,0.0,0.0,0.0,0.0
2024-03-20 07:00:00+09:00,0.006681245,0.0,0.02224263735115528,0.02224263735115528,0.0,0.015306691639125347,0.015306691639125347
2024-03-20 08:00:00+09:00,0.107649348,0.006681245,0.07935178670370102,0.07935178670370102,0.0,0.09608685970306396,0.09608685970306396
2024-03-20 09:00:00+09:00,0.293994271,0.107649348,0.23497538946003724,0.23497538946003724,0.0,0.26219335198402405,0.26219335198402405
2024-03-20 10:00:00+09:00,0.492217192,0.293994271,0.40318137480792615,0.40318137480792615,0.006681245,0.21583279612743378,0.21583279612743378
2024-03-20 11:00:00+09:00,0.636243802,0.492217192,0.577198998576252,0.577198998576252,0.107649348,0.3272899755033951,0.3272899755033951
2024-03-20 12:00:00+09:00,0.675592103,0.636243802,0.6965837632009525,0.6965837632009525,0.293994271,0.5475586287575683,0.5475586287575683
2024-03-20 13:00:00+09:00,0.672622091,0.675592103,0.6997502566829472,0.6997502566829472,0.492217192,0.5575546264110489,0.5575546264110489
2024-03-20 14:00:00+09:00,0.603577772,0.672622091,0.6970430713640843,0.6970430713640843,0.636243802,0.6730059240648288,0.6730059240648288
2024-03-20 15:00:00+09:00,0.572397261,0.603577772,0.5230424421216697,0.5230424421216697,0.675592103,0.6532045593068152,0.6532045593068152
2024-03-20 16:00:00+09:00,0.495928424,0.572397261,0.4492905503872261,0.4492905503872261,0.672622091,0.4198235039161835,0.4198235039161835
2024-03-20 17:00:00+09:00,0.302160009,0.495928424,0.3512327247850647,0.3512327247850647,0.603577772,0.3075973781134338,0.3075973781134338
2024-03-20 18:00:00+09:00,0.12175511,0.302160009,0.19949444309204484,0.19949444309204484,0.572397261,0.2637002459529266,0.2637002459529266
2024-03-20 19:00:00+09:00,0.01113575,0.12175511,0.03652956513010025,0.03652956513010025,0.495928424,0.2130028182260742,0.2130028182260742
2024-03-20 20:00:00+09:00,0.0,0.01113575,0.0,0.0,0.302160009,0.07602158114641572,0.07602158114641572
2024-03-20 21:00:00+09:00,0.0,0.0,0.0,0.0,0.12175511,0.0013477968915557859,0.0013477968915557859
2024-03-20 22:00:00+09:00,0.0,0.0,0.0,0.0,0.01113575,0.0,0.0
2024-03-20 23:00:00+09:00,0.0,0.0,0.0,0.0,0.0,0.0,0.0
2024-03-21 00:00:00+09:00,0.0,,,,,,
2024-03-21 01:00:00+09:00,0.0,0.0,0.0005077158566564322,0.0005077158566564322,0.0,0.001400443841703236,0.001400443841703236
2024-03-21 02:00:00+09:00,0.0,0.0,0.0005077158566564322,0.0005077158566564322,0.0,0.001400443841703236,0.001400443841703236
2024-03-21 03:00:00+09:00,0.0,0.0,0.0005077158566564322,0.0005077158566564322,0.0,0.001400443841703236,0.001400443841703236
2024-03-21 04:00:00+09:00,0.0,0.0,0.0005077158566564322,0.0005077158566564322,0.0,0.001400443841703236,0.001400443841703236
2024-03-21 05:00:00+09:00,0.0,0.0,0.0005077158566564322,0.0005077158566564322,0.0,0.001400443841703236,0.001400443841703236
2024-03-21 06:00:00+09:00,0.0,0.0,0.00031330244382843375,0.00031330244382843375,0.0,7.431963604176417e-05,7.431963604176417e-05
2024-03-21 07:00:00+09:00,0.006681245,0.0,0.017015142366290092,0.017015142366290092,0.0,0.015799375250935555,0.015799375250935555
2024-03-21 08:00:00+09:00,0.115072839,0.006681245,0.12031504157268524,0.12031504157268524,0.0,0.1406540423631668,0.1406540423631668
2024-03-21 09:00:00+09:00,0.302160009,0.115072839,0.30862361941553496,0.30862361941553496,0.0,0.37245991826057434,0.37245991826057434
2024-03-21 10:00:00+09:00,0.493701685,0.302160009,0.42155508622854615,0.42155508622854615,0.006681245,0.42451621237480164,0.42451621237480164
2024-03-21 11:00:00+09:00,0.633274816,0.493701685,0.6027526816015816,0.6027526816015816,0.115072839,0.4368896410248413,0.4368896410248413
2024-03-21 12:00:00+09:00,0.711969366,0.633274816,0.6272740238579962,0.6272740238579962,0.302160009,0.4857501976224747,0.4857501976224747
2024-03-21 13:00:00+09:00,0.737954151,0.711969366,0.6717733495691453,0.6717733495691453,0.493701685,0.6367272471671677,0.6367272471671677
2024-03-21 14:00:00+09:00,0.702318109,0.737954151,0.7440323504834542,0.7440323504834542,0.633274816,0.7346016317839775,0.7346016317839775
2024-03-21 15:00:00+09:00,0.622138039,0.702318109,0.6255185151341286,0.6255185151341286,0.711969366,0.7467910290518437,0.7467910290518437
2024-03-21 16:00:00+09:00,0.481822662,0.622138039,0.48764298928495786,0.48764298928495786,0.737954151,0.6264749878301391,0.6264749878301391
2024-03-21 17:00:00+09:00,0.290282013,0.481822662,0.35413416469508363,0.35413416469508363,0.702318109,0.42973864766386416,0.42973864766386416
2024-03-21 18:00:00+09:00,0.119527344,0.290282013,0.11164967912529755,0.11164967912529755,0.622138039,0.18185706508871458,0.18185706508871458
2024-03-21 19:00:00+09:00,0.010393504,0.119527344,0.02071957696642303,0.02071957696642303,0.481822662,0.07543408120089723,0.07543408120089723
2024-03-21 20:00:00+09:00,0.0,0.010393504,0.0,0.0,0.290282013,0.0,0.0
2024-03-21 21:00:00+09:00,0.0,0.0,0.0,0.0,0.119527344,0.0,0.0
2024-03-21 22:00:00+09:00,0.0,0.0,0.0,0.0,0.010393504,0.0,0.0
2024-03-21 23:00:00+09:00,0.0,0.0,0.0,0.0,0.0,0.0,0.0
2024-03-22 00:00:00+09:00,0.0,0.0,0.00010028106044046581,0.00010028106044046581,0.0,0.0004019767511636019,0.0004019767511636019
2024-03-22 01:00:00+09:00,0.0,0.0,0.00010028106044046581,0.00010028106044046581,0.0,0.0004019767511636019,0.0004019767511636019
2024-03-22 02:00:00+09:00,0.0,0.0,0.00010028106044046581,0.00010028106044046581,0.0,0.0004019767511636019,0.0004019767511636019
2024-03-22 03:00:00+09:00,0.0,0.0,0.00010028106044046581,0.00010028106044046581,0.0,0.0004019767511636019,0.0004019767511636019
2024-03-22 04:00:00+09:00,0.0,0.0,0.00010028106044046581,0.00010028106044046581,0.0,0.0004019767511636019,0.0004019767511636019
2024-03-22 05:00:00+09:00,0.0,0.0,0.00010028106044046581,0.00010028106044046581,0.0,0.0004019767511636019,0.0004019767511636019
2024-03-22 06:00:00+09:00,0.0,0.0,4.917444312013686e-05,4.917444312013686e-05,0.0,0.0,0.0
2024-03-22 07:00:00+09:00,0.003712259,0.0,0.01602986454963684,0.01602986454963684,0.0,0.010201441124081612,0.010201441124081612
2024-03-22 08:00:00+09:00,0.077210057,0.003712259,0.13360431021994018,0.13360431021994018,0.0,0.13084104657173157,0.13084104657173157
2024-03-22 09:00:00+09:00,0.205647438,0.077210057,0.26990953407653046,0.26990953407653046,0.0,0.41732069849967957,0.41732069849967957
2024-03-22 10:00:00+09:00,0.377885573,0.205647438,0.29655596537426754,0.29655596537426754,0.003712259,0.4168293995315399,0.4168293995315399
2024-03-22 11:00:00+09:00,0.535276725,0.377885573,0.47037863770155713,0.47037863770155713,0.077210057,0.3803162457741089,0.3803162457741089
2024-03-22 12:00:00+09:00,0.590215282,0.535276725,0.5892556189058781,0.5892556189058781,0.205647438,0.4801225058539276,0.4801225058539276
2024-03-22 13:00:00+09:00,0.616199041,0.590215282,0.6296944780716247,0.6296944780716247,0.377885573,0.590913035363243,0.590913035363243
2024-03-22 14:00:00+09:00,0.553836993,0.616199041,0.6535730308204803,0.6535730308204803,0.535276725,0.6129340967594147,0.6129340967594147
2024-03-22 15:00:00+09:00,0.432081883,0.553836993,0.5306006270111494,0.5306006270111494,0.590215282,0.6802664487132377,0.6802664487132377
2024-03-22 16:00:00+09:00,0.36526533,0.432081883,0.3376934800015526,0.3376934800015526,0.616199041,0.4763205146700058,0.4763205146700058
2024-03-22 17:00:00+09:00,0.272463991,0.36526533,0.2304401003552246,0.2304401003552246,0.553836993,0.349305338284462,0.349305338284462
2024-03-22 18:00:00+09:00,0.124725122,0.272463991,0.2710604744922925,0.2710604744922925,0.432081883,0.11042893414364624,0.11042893414364624
2024-03-22 19:00:00+09:00,0.002970012,0.124725122,0.04744604601981353,0.04744604601981353,0.36526533,0.03226204745300293,0.03226204745300293
2024-03-22 20:00:00+09:00,0.0,0.002970012,0.0,0.0,0.272463991,0.05067863936597444,0.05067863936597444
2024-03-22 21:00:00+09:00,0.0,0.0,0.0002893940545618534,0.0002893940545618534,0.124725122,0.015317980195304864,0.015317980195304864
2024-03-22 22:00:00+09:00,0.0,0.0,0.0008124064770527184,0.0008124064770527184,0.002970012,0.0,0.0
2024-03-22 23:00:00+09:00,0.0,0.0,0.0008124064770527184,0.0008124064770527184,0.0,0.0028157844208180904,0.0028157844208180904
2024-03-23 00:00:00+09:00,0.0,0.0,0.0,0.0,0.0,0.0,0.0
2024-03-23 01:00:00+09:00,0.0,0.0,0.0,0.0,0.0,0.0,0.0
2024-03-23 02:00:00+09:00,0.0,0.0,0.0,0.0,0.0,0.0,0.0
2024-03-23 03:00:00+09:00,0.0,0.0,0.0,0.0,0.0,0.0,0.0
2024-03-23 04:00:00+09:00,0.0,0.0,0.0,0.0,0.0,0.0,0.0
2024-03-23 05:00:00+09:00,0.0,0.0,0.0,0.0,0.0,0.0,0.0
2024-03-23 06:00:00+09:00,0.0,0.0,0.0,0.0,0.0,0.0,0.0
2024-03-23 07:00:00+09:00,0.005938998,0.0,0.020194215700030327,0.020194215700030327,0.0,0.014320635236799717,0.014320635236799717
2024-03-23 08:00:00+09:00,0.09799809,0.005938998,0.06727082146820831,0.06727082146820831,0.0,0.11644227057695389,0.11644227057695389
2024-03-23 09:00:00+09:00,0.260584968,0.09799809,0.21142160883649824,0.21142160883649824,0.0,0.267647385597229,0.267647385597229
2024-03-23 10:00:00+09:00,0.428369624,0.260584968,0.4167189475589447,0.4167189475589447,0.005938998,0.2938120277088623,0.2938120277088623
2024-03-23 11:00:00+09:00,0.544185736,0.428369624,0.554365483503746,0.554365483503746,0.09799809,0.529957957477417,0.529957957477417
2024-03-23 12:00:00+09:00,0.665197573,0.544185736,0.5836092240805015,0.5836092240805015,0.260584968,0.44843477275902555,0.44843477275902555
2024-03-23 13:00:00+09:00,0.6874701,0.665197573,0.6773102351961594,0.6773102351961594,0.428369624,0.5991703992895355,0.5991703992895355
2024-03-23 14:00:00+09:00,0.660000821,0.6874701,0.6905250564398825,0.6905250564398825,0.544185736,0.564186445220767,0.564186445220767
2024-03-23 15:00:00+09:00,0.573881754,0.660000821,0.5899129932579003,0.5899129932579003,0.665197573,0.5705813684998017,0.5705813684998017
2024-03-23 16:00:00+09:00,0.426885131,0.573881754,0.5055721041749038,0.5055721041749038,0.6874701,0.5607006765151977,0.5607006765151977
2024-03-23 17:00:00+09:00,0.266524993,0.426885131,0.3200262591228065,0.3200262591228065,0.660000821,0.38362528884973146,0.38362528884973146
2024-03-23 18:00:00+09:00,0.097255844,0.266524993,0.13131330173966216,0.13131330173966216,0.573881754,0.2226826933215179,0.2226826933215179
2024-03-23 19:00:00+09:00,0.005938998,0.097255844,0.022356692078727716,0.022356692078727716,0.426885131,0.1015601783976135,0.1015601783976135
2024-03-23 20:00:00+09:00,0.0,0.005938998,0.0,0.0,0.266524993,0.057138614473312366,0.057138614473312366
2024-03-23 21:00:00+09:00,,,,,,,
2024-03-23 22:00:00+09:00,0.0,,,,0.005938998,0.0,0.0
2024-03-23 23:00:00+09:00,0.0,0.0,0.001967452932149172,0.001967452932149172,0.0,0.00564777385443449,0.00564777385443449
2024-03-24 00:00:00+09:00,0.0,0.0,0.00046919664600864053,0.00046919664600864053,,,
2024-03-24 01:00:00+09:00,0.0,0.0,0.00046919664600864053,0.00046919664600864053,0.0,0.0011268154485151172,0.0011268154485151172
2024-03-24 02:00:00+09:00,0.0,0.0,0.00046919664600864053,0.00046919664600864053,0.0,0.0011268154485151172,0.0011268154485151172
2024-03-24 03:00:00+09:00,0.0,0.0,0.00046919664600864053,0.00046919664600864053,0.0,0.0011268154485151172,0.0011268154485151172
2024-03-24 04:00:00+09:00,0.0,0.0,0.00046919664600864053,0.00046919664600864053,0.0,0.0011268154485151172,0.0011268154485151172
2024-03-24 05:00:00+09:00,0.0,0.0,0.00046919664600864053,0.00046919664600864053,0.0,0.0011268154485151172,0.0011268154485151172
2024-03-24 06:00:00+09:00,0.0,0.0,0.0005116335232742131,0.0005116335232742131,0.0,0.0015473495004698634,0.0015473495004698634
2024-03-24 07:00:00+09:00,0.0,0.0,0.021140243858098984,0.021140243858098984,0.0,0.030196132138371468,0.030196132138371468
2024-03-24 08:00:00+09:00,0.005196752,0.0,0.12775829434394836,0.12775829434394836,0.0,0.1715899258852005,0.1715899258852005
2024-03-24 09:00:00+09:00,0.049741805,0.005196752,0.1597133297206421,0.1597133297206421,0.0,0.32508736848831177,0.32508736848831177
2024-03-24 10:00:00+09:00,0.063104294,0.049741805,0.2003322247692871,0.2003322247692871,0.0,0.31984224915504456,0.31984224915504456
2024-03-24 11:00:00+09:00,0.10022483,0.063104294,0.19623329466375733,0.19623329466375733,0.005196752,0.4887865502120514,0.4887865502120514
2024-03-24 12:00:00+09:00,0.247964725,0.10022483,0.20142356285293578,0.20142356285293578,0.049741805,0.4142241481968689,0.4142241481968689
2024-03-24 13:00:00+09:00,0.131406367,0.247964725,0.29606975252661705,0.29606975252661705,0.063104294,0.28622574335131074,0.28622574335131074
2024-03-24 14:00:00+09:00,0.118042851,0.131406367,0.13108840858358276,0.13108840858358276,0.10022483,0.14972903558452605,0.14972903558452605
2024-03-24 15:00:00+09:00,0.066074307,0.118042851,0.01851813694732285,0.01851813694732285,0.247964725,0.18508238355550766,0.18508238355550766
2024-03-24 16:00:00+09:00,0.050484051,0.066074307,0.0,0.0,0.131406367,0.0,0.0
2024-03-24 17:00:00+09:00,0.026727032,0.050484051,0.0,0.0,0.118042851,0.0,0.0
2024-03-24 18:00:00+09:00,0.019302514,0.026727032,0.0,0.0,0.066074307,0.0,0.0
2024-03-24 19:00:00+09:00,0.001484493,0.019302514,0.0,0.0,0.050484051,0.0,0.0
2024-03-24 20:00:00+09:00,0.0,0.001484493,0.0,0.0,0.026727032,0.0,0.0
2024-03-24 21:00:00+09:00,0.0,,,,,,
2024-03-24 22:00:00+09:00,0.0,0.0,0.0,0.0,0.001484493,0.0,0.0
2024-03-24 23:00:00+09:00,0.0,0.0,0.0,0.0,0.0,0.0,0.0
2024-03-25 00:00:00+09:00,0.0,0.0,0.00023431330919265747,0.00023431330919265747,0.0,0.00036047722096554935,0.00036047722096554935
2024-03-25 01:00:00+09:00,0.0,0.0,0.00023431330919265747,0.00023431330919265747,0.0,0.00036047722096554935,0.00036047722096554935
2024-03-25 02:00:00+09:00,0.0,0.0,0.00023431330919265747,0.00023431330919265747,0.0,0.00036047722096554935,0.00036047722096554935
2024-03-25 03:00:00+09:00,0.0,0.0,0.00023431330919265747,0.00023431330919265747,0.0,0.00036047722096554935,0.00036047722096554935
2024-03-25 04:00:00+09:00,0.0,0.0,0.00023431330919265747,0.00023431330919265747,0.0,0.00036047722096554935,0.00036047722096554935
2024-03-25 05:00:00+09:00,0.0,0.0,0.00023431330919265747,0.00023431330919265747,0.0,0.00036047722096554935,0.00036047722096554935
2024-03-25 06:00:00+09:00,0.0,0.0,0.0004553886246867478,0.0004553886246867478,0.0,0.0,0.0
2024-03-25 07:00:00+09:00,0.0,0.0,0.013320459052920341,0.013320459052920341,0.0,0.006033738609403372,0.006033738609403372
2024-03-25 08:00:00+09:00,0.017075775,0.0,0.0651700496673584,0.0651700496673584,0.0,0.08664961904287338,0.08664961904287338
2024-03-25 09:00:00+09:00,0.058649789,0.017075775,0.13446367326631548,0.13446367326631548,0.0,0.22502371668815613,0.22502371668815613
2024-03-25 10:00:00+09:00,0.0675588,0.058649789,0.1622404935006752,0.1622404935006752,0.0,0.2969934046268463,0.2969934046268463
2024-03-25 11:00:00+09:00,0.071271059,0.0675588,0.1402722793996811,0.1402722793996811,0.017075775,0.38026681337013246,0.38026681337013246
2024-03-25 12:00:00+09:00,0.115816112,0.071271059,0.11429749512027168,0.11429749512027168,0.058649789,0.3071497934107437,0.3071497934107437
2024-03-25 13:00:00+09:00,0.131406367,0.115816112,0.14897456331874084,0.14897456331874084,0.0675588,0.24275325717334748,0.24275325717334748
2024-03-25 14:00:00+09:00,0.066074307,0.131406367,0.18863073381389808,0.18863073381389808,0.071271059,0.11920142629097366,0.11920142629097366
2024-03-25 15:00:00+09:00,0.060877555,0.066074307,0.026606797164041518,0.026606797164041518,0.115816112,0.03941406621361923,0.03941406621361923
2024-03-25 16:00:00+09:00,0.118042851,0.060877555,0.0,0.0,0.131406367,0.09329166280831527,0.09329166280831527
2024-03-25 17:00:00+09:00,0.030438264,0.118042851,0.013648586480785374,0.013648586480785374,0.066074307,0.0,0.0
2024-03-25 18:00:00+09:00,0.005196752,0.030438264,0.0,0.0,0.060877555,0.0,0.0
2024-03-25 19:00:00+09:00,0.0,0.005196752,0.0,0.0,0.118042851,0.0,0.0
2024-03-25 20:00:00+09:00,0.0,0.0,0.0,0.0,0.030438264,0.0,0.0
2024-03-25 21:00:00+09:00,0.0,0.0,0.0,0.0,0.005196752,0.0,0.0
2024-03-25 22:00:00+09:00,0.0,0.0,0.0,0.0,0.0,0.0,0.0
2024-03-25 23:00:00+09:00,0.0,0.0,0.0,0.0,0.0,0.0,0.0
2024-03-26 00:00:00+09:00,0.0,0.0,0.0,0.0,0.0,0.0,0.0
2024-03-26 01:00:00+09:00,0.0,0.0,0.0,0.0,0.0,0.0,0.0
2024-03-26 02:00:00+09:00,0.0,0.0,0.0,0.0,0.0,0.0,0.0
2024-03-26 03:00:00+09:00,0.0,0.0,0.0,0.0,0.0,0.0,0.0
2024-03-26 04:00:00+09:00,0.0,0.0,0.0,0.0,0.0,0.0,0.0
2024-03-26 05:00:00+09:00,0.0,0.0,0.0,0.0,0.0,0.0,0.0
2024-03-26 06:00:00+09:00,0.0,0.0,0.0,0.0,0.0,0.0,0.0
2024-03-26 07:00:00+09:00,0.0,0.0,0.012111610732972622,0.012111610732972622,0.0,0.007639830466359854,0.007639830466359854
2024-03-26 08:00:00+09:00,0.008166764,0.0,0.05354952812194824,0.05354952812194824,0.0,0.04943053051829338,0.04943053051829338
2024-03-26 09:00:00+09:00,0.054938557,0.008166764,0.08000594756895446,0.08000594756895446,0.0,0.21456897258758545,0.21456897258758545
2024-03-26 10:00:00+09:00,0.193768415,0.054938557,0.12480198815568161,0.12480198815568161,0.0,0.3504895865917206,0.3504895865917206
2024-03-26 11:00:00+09:00,0.177435913,0.193768415,0.2729921595712089,0.2729921595712089,0.008166764,0.27687612555319213,0.27687612555319213
2024-03-26 12:00:00+09:00,0.220495447,0.177435913,0.20925093523014832,0.20925093523014832,0.054938557,0.20229226574404907,0.20229226574404907
2024-03-26 13:00:00+09:00,0.350417321,0.220495447,0.2454667291096182,0.2454667291096182,0.193768415,0.3344628842134857,0.3344628842134857
2024-03-26 14:00:00+09:00,0.355614073,0.350417321,0.31607280058016396,0.31607280058016396,0.177435913,0.20816172181416798,0.20816172181416798
2024-03-26 15:00:00+09:00,0.374916587,0.355614073,0.3739598946488361,0.3739598946488361,0.220495447,0.2264168005860181,0.2264168005860181
2024-03-26 16:00:00+09:00,0.435794142,0.374916587,0.4217589236546631,0.4217589236546631,0.350417321,0.32074652184893704,0.32074652184893704
2024-03-26 17:00:00+09:00,0.190056156,0.435794142,0.3534710527580185,0.3534710527580185,0.355614073,0.28977128805880353,0.28977128805880353
2024-03-26 18:00:00+09:00,0.037120535,0.190056156,0.13903227411757088,0.13903227411757088,0.374916587,0.29912250113974764,0.29912250113974764
2024-03-26 19:00:00+09:00,0.003712259,0.037120535,0.020445114894542697,0.020445114894542697,0.435794142,0.26337454926184845,0.26337454926184845
2024-03-26 20:00:00+09:00,0.0,0.003712259,0.0,0.0,0.190056156,0.11138590761075592,0.11138590761075592
2024-03-26 21:00:00+09:00,0.0,0.0,0.004079765174537897,0.004079765174537897,0.037120535,0.009183016567263606,0.009183016567263606
2024-03-26 22:00:00+09:00,0.0,0.0,0.004770586732774973,0.004770586732774973,0.003712259,0.00686796917563343,0.00686796917563343
2024-03-26 23:00:00+09:00,0.0,0.0,0.004770586732774973,0.004770586732774973,0.0,0.022660119459033012,0.022660119459033012
2024-03-27 00:00:00+09:00,,,,,,,
2024-03-27 01:00:00+09:00,0.0,,,,0.0,0.0,0.0
2024-03-27 02:00:00+09:00,0.0,0.0,0.0,0.0,0.0,0.0,0.0
2024-03-27 03:00:00+09:00,0.0,0.0,0.0,0.0,,,
2024-03-27 04:00:00+09:00,0.0,0.0,0.0,0.0,0.0,0.0,0.0
2024-03-27 05:00:00+09:00,0.0,0.0,0.0,0.0,0.0,0.0,0.0
2024-03-27 06:00:00+09:00,0.0,0.0,0.0,0.0,0.0,0.0,0.0
2024-03-27 07:00:00+09:00,0.014105762,0.0,0.02248341776430607,0.02248341776430607,0.0,0.01750962994992733,0.01750962994992733
2024-03-27 08:00:00+09:00,0.13289086,0.014105762,0.1151104593824501,0.1151104593824501,0.0,0.1266806274652481,0.1266806274652481
2024-03-27 09:00:00+09:00,0.321462523,0.13289086,0.23980692253385544,0.23980692253385544,0.0,0.1880236268043518,0.1880236268043518
2024-03-27 10:00:00+09:00,0.496671697,0.321462523,0.44266775603747177,0.44266775603747177,0.014105762,0.24113538360110473,0.24113538360110473
2024-03-27 11:00:00+09:00,0.618426807,0.496671697,0.5610982830319138,0.5610982830319138,0.13289086,0.35847475604091644,0.35847475604091644
2024-03-27 12:00:00+09:00,0.689697866,0.618426807,0.6208796191575713,0.6208796191575713,0.321462523,0.5028995534346085,0.5028995534346085
2024-03-27 13:00:00+09:00,0.68524336,0.689697866,0.7140031202209626,0.7140031202209626,0.496671697,0.6530337388310166,0.6530337388310166
2024-03-27 14:00:00+09:00,0.659258575,0.68524336,0.6328261115125274,0.6328261115125274,0.618426807,0.5651672964530773,0.5651672964530773
2024-03-27 15:00:00+09:00,0.315523525,0.659258575,0.5839267008082389,0.5839267008082389,0.689697866,0.5838407470358048,0.5838407470358048
2024-03-27 16:00:00+09:00,0.222722186,0.315523525,0.20463946950473788,0.20463946950473788,0.68524336,0.4441301741174316,0.4441301741174316
2024-03-27 17:00:00+09:00,0.14551213,0.222722186,0.08461054995740508,0.08461054995740508,0.659258575,0.3319472082035064,0.3319472082035064
2024-03-27 18:00:00+09:00,0.063104294,0.14551213,0.06925648812234877,0.06925648812234877,0.315523525,0.11886255931892398,0.11886255931892398
2024-03-27 19:00:00+09:00,0.007424518,0.063104294,0.0,0.0,0.222722186,0.0,0.0
2024-03-27 20:00:00+09:00,0.0,0.007424518,0.0,0.0,0.14551213,0.0,0.0
2024-03-27 21:00:00+09:00,0.0,0.0,0.0,0.0,0.063104294,0.0,0.0
2024-03-27 22:00:00+09:00,0.0,0.0,0.0,0.0,0.007424518,0.0,0.0
2024-03-27 23:00:00+09:00,0.0,0.0,0.0,0.0,0.0,0.0,0.0
2024-03-28 00:00:00+09:00,0.0,,,,,,
2024-03-28 01:00:00+09:00,0.0,0.0,0.0005077158566564322,0.0005077158566564322,0.0,0.001400443841703236,0.001400443841703236
2024-03-28 02:00:00+09:00,0.0,0.0,0.0005077158566564322,0.0005077158566564322,0.0,0.001400443841703236,0.001400443841703236
2024-03-28 03:00:00+09:00,0.0,0.0,0.0005077158566564322,0.0005077158566564322,0.0,0.001400443841703236,0.001400443841703236
2024-03-28 04:00:00+09:00,0.0,0.0,0.0005077158566564322,0.0005077158566564322,0.0,0.001400443841703236,0.001400443841703236
2024-03-28 05:00:00+09:00,0.0,0.0,0.0005077158566564322,0.0005077158566564322,0.0,0.001400443841703236,0.001400443841703236
2024-03-28 06:00:00+09:00,0.0,0.0,0.00031330244382843375,0.00031330244382843375,0.0,7.431963604176417e-05,7.431963604176417e-05
2024-03-28 07:00:00+09:00,0.005938998,0.0,0.021501008421182632,0.021501008421182632,0.0,0.02883111871778965,0.02883111871778965
2024-03-28 08:00:00+09:00,0.001484493,0.005938998,0.09567034854111481,0.09567034854111481,0.0,0.14422151446342468,0.14422151446342468
2024-03-28 09:00:00+09:00,0.007424518,0.001484493,0.14382926581570435,0.14382926581570435,0.0,0.2590683400630951,0.2590683400630951
2024-03-28 10:00:00+09:00,0.031181537,0.007424518,0.13255873275887298,0.13255873275887298,0.005938998,0.4396872432392578,0.4396872432392578
2024-03-28 11:00:00+09:00,0.058649789,0.031181537,0.11518336871033859,0.11518336871033859,0.001484493,0.4407473897761993,0.4407473897761993
2024-03-28 12:00:00+09:00,0.057165296,0.058649789,0.12869040241285706,0.12869040241285706,0.007424518,0.2102951849807434,0.2102951849807434
2024-03-28 13:00:00+09:00,0.048998532,0.057165296,0.13662721328115082,0.13662721328115082,0.031181537,0.17562507876521302,0.17562507876521302
2024-03-28 14:00:00+09:00,0.042317287,0.048998532,0.06284219596814584,0.06284219596814584,0.058649789,0.1833523916248932,0.1833523916248932
2024-03-28 15:00:00+09:00,0.042317287,0.042317287,0.00266359833079529,0.00266359833079529,0.057165296,0.0,0.0
2024-03-28 16:00:00+09:00,0.031181537,0.042317287,0.0,0.0,0.048998532,0.0,0.0
2024-03-28 17:00:00+09:00,0.018560268,0.031181537,0.0,0.0,0.042317287,0.0,0.0
2024-03-28 18:00:00+09:00,0.004454505,0.018560268,0.0,0.0,0.042317287,0.0,0.0
2024-03-28 19:00:00+09:00,0.0,0.004454505,0.0,0.0,0.031181537,0.0,0.0
2024-03-28 20:00:00+09:00,0.0,0.0,0.0,0.0,0.018560268,0.0,0.0
2024-03-28 21:00:00+09:00,0.0,0.0,0.0,0.0,0.004454505,0.0,0.0
2024-03-28 22:00:00+09:00,0.0,0.0,0.0,0.0,0.0,0.0,0.0
2024-03-28 23:00:00+09:00,0.0,0.0,0.0,0.0,0.0,0.0,0.0
2024-03-29 00:00:00+09:00,0.0,0.0,0.00010028106044046581,0.00010028106044046581,0.0,0.0004019767511636019,0.0004019767511636019
2024-03-29 01:00:00+09:00,0.0,0.0,0.00010028106044046581,0.00010028106044046581,0.0,0.0004019767511636019,0.0004019767511636019
2024-03-29 02:00:00+09:00,0.0,0.0,0.00010028106044046581,0.00010028106044046581,0.0,0.0004019767511636019,0.0004019767511636019
2024-03-29 03:00:00+09:00,0.0,0.0,0.00010028106044046581,0.00010028106044046581,0.0,0.0004019767511636019,0.0004019767511636019
2024-03-29 04:00:00+09:00,0.0,0.0,0.00010028106044046581,0.00010028106044046581,0.0,0.0004019767511636019,0.0004019767511636019
2024-03-29 05:00:00+09:00,0.0,0.0,0.00010028106044046581,0.00010028106044046581,0.0,0.0004019767511636019,0.0004019767511636019
2024-03-29 06:00:00+09:00,0.0,0.0,4.917444312013686e-05,4.917444312013686e-05,0.0,0.0,0.0
2024-03-29 07:00:00+09:00,0.017075775,0.0,0.016315246000885963,0.016315246000885963,0.0,0.02803470380604267,0.02803470380604267
2024-03-29 08:00:00+09:00,0.128436355,0.017075775,0.08710080179824829,0.08710080179824829,0.0,0.11102815717458725,0.11102815717458725
2024-03-29 09:00:00+09:00,0.310326773,0.128436355,0.2746920716814804,0.2746920716814804,0.0,0.27173328399658203,0.27173328399658203
2024-03-29 10:00:00+09:00,0.487762686,0.310326773,0.38856137849116135,0.38856137849116135,0.017075775,0.2558998743022919,0.2558998743022919
2024-03-29 11:00:00+09:00,0.606547784,0.487762686,0.5304724836207733,0.5304724836207733,0.128436355,0.3478672337584305,0.3478672337584305
2024-03-29 12:00:00+09:00,0.700833616,0.606547784,0.6042839648996647,0.6042839648996647,0.310326773,0.3727650561156254,0.3727650561156254
2024-03-29 13:00:00+09:00,0.690440112,0.700833616,0.7236918128694926,0.7236918128694926,0.487762686,0.6060653143979415,0.6060653143979415
2024-03-29 14:00:00+09:00,0.697121357,0.690440112,0.6988564517550583,0.6988564517550583,0.606547784,0.6871199122958984,0.6871199122958984
2024-03-29 15:00:00+09:00,0.508549694,0.697121357,0.6647296039522953,0.6647296039522953,0.700833616,0.6806286584253941,0.6806286584253941
2024-03-29 16:00:00+09:00,0.153678894,0.508549694,0.4109603800160828,0.4109603800160828,0.690440112,0.5926447596602554,0.5926447596602554
2024-03-29 17:00:00+09:00,0.281373002,0.153678894,0.010784223632759105,0.010784223632759105,0.697121357,0.4556723585487671,0.4556723585487671
2024-03-29 18:00:00+09:00,0.147738869,0.281373002,0.17905291206374357,0.17905291206374357,0.508549694,0.2785353847129288,0.2785353847129288
2024-03-29 19:00:00+09:00,0.01262127,0.147738869,0.08814377959422492,0.08814377959422492,0.153678894,0.0,0.0
2024-03-29 20:00:00+09:00,0.0,0.01262127,0.0,0.0,0.281373002,0.05958765036597441,0.05958765036597441
2024-03-29 21:00:00+09:00,0.0,0.0,0.0002893940545618534,0.0002893940545618534,0.147738869,0.038331727195304865,0.038331727195304865
2024-03-29 22:00:00+09:00,0.0,0.0,0.0008124064770527184,0.0008124064770527184,0.01262127,0.0,0.0
2024-03-29 23:00:00+09:00,0.0,0.0,0.0008124064770527184,0.0008124064770527184,0.0,0.0028157844208180904,0.0028157844208180904
2024-03-30 00:00:00+09:00,0.0,0.0,0.0,0.0,0.0,0.0,0.0
2024-03-30 01:00:00+09:00,0.0,0.0,0.0,0.0,0.0,0.0,0.0
2024-03-30 02:00:00+09:00,0.0,0.0,0.0,0.0,0.0,0.0,0.0
2024-03-30 03:00:00+09:00,0.0,0.0,0.0,0.0,0.0,0.0,0.0
2024-03-30 04:00:00+09:00,0.0,0.0,0.0,0.0,0.0,0.0,0.0
2024-03-30 05:00:00+09:00,0.0,0.0,0.0,0.0,0.0,0.0,0.0
2024-03-30 06:00:00+09:00,0.0,0.0,0.0,0.0,0.0,0.0,0.0
2024-03-30 07:00:00+09:00,0.019302514,0.0,0.014161169528961182,0.014161169528961182,0.0,0.014962702058255672,0.014962702058255672
2024-03-30 08:00:00+09:00,0.146254376,0.019302514,0.08259251396185302,0.08259251396185302,0.0,0.09849397838115692,0.09849397838115692
2024-03-30 09:00:00+09:00,0.328144795,0.146254376,0.24761737180335616,0.24761737180335616,0.0,0.2037777155637741,0.2037777155637741
2024-03-30 10:00:00+09:00,0.489989426,0.328144795,0.42545191079322814,0.42545191079322814,0.019302514,0.3490510253143921,0.3490510253143921
2024-03-30 11:00:00+09:00,0.53082222,0.489989426,0.5476308651398429,0.5476308651398429,0.146254376,0.48760555726869204,0.48760555726869204
2024-03-30 12:00:00+09:00,0.449899905,0.53082222,0.6051989670121384,0.6051989670121384,0.328144795,0.6523382726306153,0.6523382726306153
2024-03-30 13:00:00+09:00,0.467716899,0.449899905,0.47009123173740386,0.47009123173740386,0.489989426,0.6581536345313796,0.6581536345313796
2024-03-30 14:00:00+09:00,0.443217633,0.467716899,0.48433429957170393,0.48433429957170393,0.53082222,0.6344793166243744,0.6344793166243744
2024-03-30 15:00:00+09:00,0.102452596,0.443217633,0.38961319037376213,0.38961319037376213,0.449899905,0.46501767226692914,0.46501767226692914
2024-03-30 16:00:00+09:00,0.083150082,0.102452596,0.0,0.0,0.467716899,0.3309918607099762,0.3309918607099762
2024-03-30 17:00:00+09:00,0.049741805,0.083150082,0.003206372924549103,0.003206372924549103,0.443217633,0.30077065311966705,0.30077065311966705
2024-03-30 18:00:00+09:00,0.058649789,0.049741805,0.0,0.0,0.102452596,0.0,0.0
2024-03-30 19:00:00+09:00,0.008166764,0.058649789,0.0,0.0,0.083150082,0.0,0.0
2024-03-30 20:00:00+09:00,0.0,0.008166764,0.0,0.0,0.049741805,0.0,0.0
2024-03-30 21:00:00+09:00,0.0,0.0,0.001444439752958715,0.001444439752958715,0.058649789,0.0,0.0
2024-03-30 22:00:00+09:00,0.0,0.0,0.001967452932149172,0.001967452932149172,0.008166764,0.0,0.0
2024-03-30 23:00:00+09:00,0.0,0.0,0.001967452932149172,0.001967452932149172,0.0,0.00564777385443449,0.00564777385443449
2024-03-31 00:00:00+09:00,0.0,0.0,0.00046919664600864053,0.00046919664600864053,0.0,0.0011268154485151172,0.0011268154485151172
2024-03-31 01:00:00+09:00,0.0,0.0,0.00046919664600864053,0.00046919664600864053,0.0,0.0011268154485151172,0.0011268154485151172
2024-03-31 02:00:00+09:00,0.0,0.0,0.00046919664600864053,0.00046919664600864053,0.0,0.0011268154485151172,0.0011268154485151172
2024-03-31 03:00:00+09:00,0.0,0.0,0.00046919664600864053,0.00046919664600864053,0.0,0.0011268154485151172,0.0011268154485151172
2024-03-31 04:00:00+09:00,0.0,0.0,0.00046919664600864053,0.00046919664600864053,0.0,0.0011268154485151172,0.0011268154485151172
2024-03-31 05:00:00+09:00,0.0,0.0,0.00046919664600864053,0.00046919664600864053,0.0,0.0011268154485151172,0.0011268154485151172
2024-03-31 06:00:00+09:00,0.0,0.0,0.0005116335232742131,0.0005116335232742131,0.0,0.0015473495004698634,0.0015473495004698634
2024-03-31 07:00:00+09:00,0.013363516,0.0,0.016101187095046043,0.016101187095046043,0.0,0.005521771498024464,0.005521771498024464
2024-03-31 08:00:00+09:00,0.107649348,0.013363516,0.13277906742402648,0.13277906742402648,0.0,0.15905506908893585,0.15905506908893585
2024-03-31 09:00:00+09:00,0.274690731,0.107649348,0.25295851312012485,0.25295851312012485,0.0,0.307821124792099,0.307821124792099
2024-03-31 10:00:00+09:00,0.484792674,0.274690731,0.39784412695079424,0.39784412695079424,0.013363516,0.43766213026353457,0.43766213026353457
2024-03-31 11:00:00+09:00,0.606547784,0.484792674,0.6167702172348251,0.6167702172348251,0.107649348,0.6196466305050354,0.6196466305050354
2024-03-31 12:00:00+09:00,0.649607318,0.606547784,0.6710977367454376,0.6710977367454376,0.274690731,0.5460100309362945,0.5460100309362945
2024-03-31 13:00:00+09:00,0.65257733,0.649607318,0.7013172269920521,0.7013172269920521,0.484792674,0.7002514843294372,0.7002514843294372
2024-03-31 14:00:00+09:00,0.402385865,0.65257733,0.6021644218035507,0.6021644218035507,0.606547784,0.6756886280470695,0.6756886280470695
2024-03-31 15:00:00+09:00,0.272463991,0.402385865,0.34842079937170983,0.34842079937170983,0.649607318,0.5492892214218789,0.5492892214218789
2024-03-31 16:00:00+09:00,,,,,,,
2024-03-31 17:00:00+09:00,0.117300605,,,,0.402385865,0.1264302177698517,0.1264302177698517
2024-03-31 18:00:00+09:00,0.059393062,0.117300605,0.0,0.0,0.272463991,0.0,0.0
2024-03-31 19:00:00+09:00,0.010393504,0.059393062,0.0,0.0,,,
2024-03-31 20:00:00+09:00,0.0,0.010393504,0.0,0.0,0.117300605,0.0,0.0
2024-03-31 21:00:00+09:00,0.0,0.0,0.0,0.0,0.059393062,0.0,0.0
2024-03-31 22:00:00+09:00,0.0,0.0,0.0,0.0,0.010393504,0.0,0.0
2024-03-31 23:00:00+09:00,0.0,0.0,0.0,0.0,0.0,0.0,0.0
2024-04-01 00:00:00+09:00,,,,,,,
2024-04-01 01:00:00+09:00,0.0,,,,0.0,0.0,0.0
2024-04-01 02:00:00+09:00,0.0,0.0,0.0,0.0,0.0,0.0,0.0
2024-04-01 03:00:00+09:00,0.0,0.0,0.0,0.0,,,
2024-04-01 04:00:00+09:00,0.0,0.0,0.0,0.0,0.0,0.0,0.0
2024-04-01 05:00:00+09:00,0.0,0.0,0.0,0.0,0.0,0.0,0.0
2024-04-01 06:00:00+09:00,0.0,0.0,8.223095210269094e-05,8.223095210269094e-05,0.0,0.0,0.0
2024-04-01 07:00:00+09:00,0.019302514,0.0,0.012732661329209805,0.012732661329209805,0.0,0.015531257726252079,0.015531257726252079
2024-04-01 08:00:00+09:00,0.144769883,0.019302514,0.10887917558676147,0.10887917558676147,0.0,0.106275275349617,0.106275275349617
2024-04-01 09:00:00+09:00,0.336311559,0.144769883,0.280304288708313,0.280304288708313,0.0,0.33132511377334595,0.33132511377334595
2024-04-01 10:00:00+09:00,0.514488692,0.336311559,0.4602780889654007,0.4602780889654007,0.019302514,0.36345326582914733,0.36345326582914733
2024-04-01 11:00:00+09:00,0.640698307,0.514488692,0.6122609549904747,0.6122609549904747,0.144769883,0.508825456940277,0.508825456940277
2024-04-01 12:00:00+09:00,0.698606876,0.640698307,0.6665295239462442,0.6665295239462442,0.336311559,0.6042826276206817,0.6042826276206817
2024-04-01 13:00:00+09:00,0.717167144,0.698606876,0.7051814615681599,0.7051814615681599,0.514488692,0.6454593041683121,0.6454593041683121
2024-04-01 14:00:00+09:00,0.697121357,0.717167144,0.6758987357015076,0.6758987357015076,0.640698307,0.5872124105616398,0.5872124105616398
2024-04-01 15:00:00+09:00,0.625108052,0.697121357,0.6818108115480609,0.6818108115480609,0.698606876,0.6310565669976006,0.6310565669976006
2024-04-01 16:00:00+09:00,0.489247179,,,,,,
2024-04-01 17:00:00+09:00,0.310326773,0.489247179,0.39953642186365507,0.39953642186365507,0.697121357,0.44721788672221374,0.44721788672221374
2024-04-01 18:00:00+09:00,0.13437638,0.310326773,0.20566512204432297,0.20566512204432297,0.625108052,0.363375235303833,0.363375235303833
2024-04-01 19:00:00+09:00,0.017818021,0.13437638,0.046218107793216695,0.046218107793216695,0.489247179,0.12018731829367063,0.12018731829367063
2024-04-01 20:00:00+09:00,0.0,0.017818021,0.0,0.0,0.310326773,0.024131345820663452,0.024131345820663452
2024-04-01 21:00:00+09:00,0.0,0.0,0.0,0.0,0.13437638,0.0,0.0
2024-04-01 22:00:00+09:00,0.0,0.0,0.0,0.0,0.017818021,0.0,0.0
2024-04-01 23:00:00+09:00,0.0,0.0,0.0,0.0,0.0,0.0,0.0
2024-04-02 00:00:00+09:00,,,,,,,
2024-04-02 01:00:00+09:00,0.0,,,,0.0,0.0,0.0
2024-04-02 02:00:00+09:00,0.0,0.0,0.0,0.0,0.0,0.0,0.0
2024-04-02 03:00:00+09:00,0.0,0.0,0.0,0.0,,,
2024-04-02 04:00:00+09:00,0.0,0.0,0.0,0.0,0.0,0.0,0.0
2024-04-02 05:00:00+09:00,0.0,0.0,0.0,0.0,0.0,0.0,0.0
2024-04-02 06:00:00+09:00,0.0,0.0,0.0,0.0,0.0,0.0,0.0
2024-04-02 07:00:00+09:00,0.015590255,0.0,0.009138477966189384,0.009138477966189384,0.0,0.0,0.0
2024-04-02 08:00:00+09:00,0.104679335,0.015590255,0.12338423434675216,0.12338423434675216,0.0,0.08750442415475845,0.08750442415475845
2024-04-02 09:00:00+09:00,0.215298695,0.104679335,0.23004955434986113,0.23004955434986113,0.0,0.22748495638370514,0.22748495638370514
2024-04-02 10:00:00+09:00,0.353386307,0.215298695,0.2759995474239063,0.2759995474239063,0.015590255,0.25174099657714843,0.25174099657714843
2024-04-02 11:00:00+09:00,0.458808915,0.353386307,0.5004372241485902,0.5004372241485902,0.104679335,0.36214630687423705,0.36214630687423705
2024-04-02 12:00:00+09:00,0.461035655,0.458808915,0.5410263252067947,0.5410263252067947,0.215298695,0.4993506795485687,0.4993506795485687
2024-04-02 13:00:00+09:00,0.489989426,0.461035655,0.398953714527874,0.398953714527874,0.353386307,0.3350932242859192,0.3350932242859192
2024-04-02 14:00:00+09:00,0.377885573,0.489989426,0.4713107198606739,0.4713107198606739,0.458808915,0.5004237156916046,0.5004237156916046
2024-04-02 15:00:00+09:00,0.334826039,0.377885573,0.30351192542938993,0.30351192542938993,0.461035655,0.3540294106385994,0.3540294106385994
2024-04-02 16:00:00+09:00,0.2197532,0.334826039,0.29946500979229357,0.29946500979229357,0.489989426,0.3562469147275696,0.3562469147275696
2024-04-02 17:00:00+09:00,0.144027637,0.2197532,0.08853680807895661,0.08853680807895661,0.377885573,0.08371382245449827,0.08371382245449827
2024-04-02 18:00:00+09:00,0.047514039,0.144027637,0.09604860996714781,0.09604860996714781,0.334826039,0.21649652145668413,0.21649652145668413
2024-04-02 19:00:00+09:00,0.000742246,0.047514039,0.0,0.0,0.2197532,0.039674380605888376,0.039674380605888376
2024-04-02 20:00:00+09:00,0.0,0.000742246,0.0,0.0,0.144027637,0.0653573886107559,0.0653573886107559
2024-04-02 21:00:00+09:00,0.0,0.0,0.004079765174537897,0.004079765174537897,0.047514039,0.019576520567263604,0.019576520567263604
2024-04-02 22:00:00+09:00,0.0,0.0,0.004770586732774973,0.004770586732774973,0.000742246,0.0038979561756334307,0.0038979561756334307
2024-04-02 23:00:00+09:00,0.0,0.0,0.004770586732774973,0.004770586732774973,0.0,0.022660119459033012,0.022660119459033012
2024-04-03 00:00:00+09:00,,,,,,,
2024-04-03 01:00:00+09:00,0.0,,,,0.0,0.0,0.0
2024-04-03 02:00:00+09:00,0.0,0.0,0.0,0.0,0.0,0.0,0.0
2024-04-03 03:00:00+09:00,0.0,0.0,0.0,0.0,,,
2024-04-03 04:00:00+09:00,0.0,0.0,0.0,0.0,0.0,0.0,0.0
2024-04-03 05:00:00+09:00,0.0,0.0,0.0,0.0,0.0,0.0,0.0
2024-04-03 06:00:00+09:00,0.0,0.0,0.0,0.0,0.0,0.0,0.0
2024-04-03 07:00:00+09:00,0.0,0.0,0.020437555387616158,0.020437555387616158,0.0,0.019863305613398552,0.019863305613398552
2024-04-03 08:00:00+09:00,0.000742246,0.0,0.0956026166677475,0.0956026166677475,0.0,0.12921136617660522,0.12921136617660522
2024-04-03 09:00:00+09:00,0.013363516,0.000742246,0.09790427663726425,0.09790427663726425,0.0,0.17918017506599426,0.17918017506599426
2024-04-03 10:00:00+09:00,0.03266603,0.013363516,0.11102086868592835,0.11102086868592835,0.0,0.1605699062347412,0.1605699062347412
2024-04-03 11:00:00+09:00,0.053453037,0.03266603,0.11764783657625198,0.11764783657625198,0.000742246,0.22038287350339508,0.22038287350339508
2024-04-03 12:00:00+09:00,0.083150082,0.053453037,0.07937044412523461,0.07937044412523461,0.013363516,0.1898563709528122,0.1898563709528122
2024-04-03 13:00:00+09:00,0.082407835,0.083150082,0.06720170817564201,0.06720170817564201,0.03266603,0.18535176164939882,0.18535176164939882
2024-04-03 14:00:00+09:00,0.057907543,0.082407835,0.08463817701189875,0.08463817701189875,0.053453037,0.11252885819107247,0.11252885819107247
2024-04-03 15:00:00+09:00,0.026727032,0.057907543,0.0,0.0,0.083150082,0.0,0.0
2024-04-03 16:00:00+09:00,0.033408277,0.026727032,0.0,0.0,0.082407835,0.0,0.0
2024-04-03 17:00:00+09:00,0.050484051,0.033408277,0.0,0.0,0.057907543,0.0,0.0
2024-04-03 18:00:00+09:00,0.034150523,0.050484051,0.0,0.0,0.026727032,0.0,0.0
2024-04-03 19:00:00+09:00,0.000742246,0.034150523,0.0,0.0,0.033408277,0.0,0.0
2024-04-03 20:00:00+09:00,0.0,0.000742246,0.0,0.0,0.050484051,0.0,0.0
2024-04-03 21:00:00+09:00,0.0,0.0,0.0,0.0,0.034150523,0.0,0.0
2024-04-03 22:00:00+09:00,0.0,0.0,0.0,0.0,0.000742246,0.0,0.0
2024-04-03 23:00:00+09:00,0.0,0.0,0.0,0.0,0.0,0.0,0.0
2024-04-04 00:00:00+09:00,0.0,,,,,,
2024-04-04 01:00:00+09:00,0.0,0.0,0.0005077158566564322,0.0005077158566564322,0.0,0.001400443841703236,0.001400443841703236
2024-04-04 02:00:00+09:00,0.0,0.0,0.0005077158566564322,0.0005077158566564322,0.0,0.001400443841703236,0.001400443841703236
2024-04-04 03:00:00+09:00,0.0,0.0,0.0005077158566564322,0.0005077158566564322,0.0,0.001400443841703236,0.001400443841703236
2024-04-04 04:00:00+09:00,,,,,,,
2024-04-04 05:00:00+09:00,0.0,,,,0.0,0.001400443841703236,0.001400443841703236
2024-04-04 06:00:00+09:00,0.0,0.0,0.00031330244382843375,0.00031330244382843375,0.0,7.431963604176417e-05,7.431963604176417e-05
2024-04-04 07:00:00+09:00,0.005938998,0.0,0.024175256490707397,0.024175256490707397,,,
2024-04-04 08:00:00+09:00,0.051226298,0.005938998,0.07783359153685379,0.07783359153685379,0.0,0.09156971424818039,0.09156971424818039
2024-04-04 09:00:00+09:00,0.133633106,0.051226298,0.18562589087643433,0.18562589087643433,0.0,0.27220141887664795,0.27220141887664795
2024-04-04 10:00:00+09:00,0.398673607,0.133633106,0.24334216768222428,0.24334216768222428,0.005938998,0.26889013363537595,0.26889013363537595
2024-04-04 11:00:00+09:00,0.388280103,0.398673607,0.4829466100417442,0.4829466100417442,0.051226298,0.260147715593956,0.260147715593956
2024-04-04 12:00:00+09:00,0.448414385,0.388280103,0.4575724471529274,0.4575724471529274,0.133633106,0.45033064389901734,0.45033064389901734
2024-04-04 13:00:00+09:00,0.52191321,0.448414385,0.48480552775574687,0.48480552775574687,0.398673607,0.6185932587467499,0.6185932587467499
2024-04-04 14:00:00+09:00,0.438763128,0.52191321,0.5277694497025526,0.5277694497025526,0.388280103,0.43835731411178397,0.43835731411178397
2024-04-04 15:00:00+09:00,0.388280103,0.438763128,0.3933501181776314,0.3933501181776314,0.448414385,0.3896992985696888,0.3896992985696888
2024-04-04 16:00:00+09:00,0.275434004,0.388280103,0.27836289444763945,0.27836289444763945,0.52191321,0.37548008009334566,0.37548008009334566
2024-04-04 17:00:00+09:00,0.198965167,0.275434004,0.12736892872171784,0.12736892872171784,0.438763128,0.16324256487438965,0.16324256487438965
2024-04-04 18:00:00+09:00,0.107649348,0.198965167,0.05086693663806152,0.05086693663806152,0.388280103,0.0,0.0
2024-04-04 19:00:00+09:00,0.013363516,0.107649348,0.03955869309038926,0.03955869309038926,0.275434004,0.0,0.0
2024-04-04 20:00:00+09:00,0.0,0.013363516,0.0,0.0,0.198965167,0.0,0.0
2024-04-04 21:00:00+09:00,0.0,0.0,0.0,0.0,0.107649348,0.0,0.0
2024-04-04 22:00:00+09:00,0.0,0.0,0.0,0.0,0.013363516,0.0,0.0
2024-04-04 23:00:00+09:00,0.0,0.0,0.0,0.0,0.0,0.0,0.0
2024-04-05 00:00:00+09:00,0.0,0.0,0.00010028106044046581,0.00010028106044046581,0.0,0.0004019767511636019,0.0004019767511636019
2024-04-05 01:00:00+09:00,0.0,0.0,0.00010028106044046581,0.00010028106044046581,0.0,0.0004019767511636019,0.0004019767511636019
2024-04-05 02:00:00+09:00,0.0,0.0,0.00010028106044046581,0.00010028106044046581,0.0,0.0004019767511636019,0.0004019767511636019
2024-04-05 03:00:00+09:00,0.0,0.0,0.00010028106044046581,0.00010028106044046581,0.0,0.0004019767511636019,0.0004019767511636019
2024-04-05 04:00:00+09:00,0.0,,,,,,
2024-04-05 05:00:00+09:00,0.0,0.0,0.00010028106044046581,0.00010028106044046581,0.0,0.0004019767511636019,0.0004019767511636019
2024-04-05 06:00:00+09:00,0.0,0.0,4.917444312013686e-05,4.917444312013686e-05,0.0,0.0,0.0
2024-04-05 07:00:00+09:00,0.01262127,0.0,0.016315246000885963,0.016315246000885963,0.0,0.02803470380604267,0.02803470380604267
2024-04-05 08:00:00+09:00,0.070528812,0.01262127,0.08511211115028382,0.08511211115028382,0.0,0.09717236459255219,0.09717236459255219
2024-04-05 09:00:00+09:00,0.290282013,0.070528812,0.1404102065055008,0.1404102065055008,0.0,0.19622431695461273,0.19622431695461273
2024-04-05 10:00:00+09:00,0.507065201,0.290282013,0.36561916220282364,0.36561916220282364,0.01262127,0.24709417062904357,0.24709417062904357
2024-04-05 11:00:00+09:00,0.585017504,0.507065201,0.5373618619597206,0.5373618619597206,0.070528812,0.32018867809458923,0.32018867809458923
2024-04-05 12:00:00+09:00,0.708258133,0.585017504,0.6269259432488002,0.6269259432488002,0.290282013,0.5375504513392334,0.5375504513392334
2024-04-05 13:00:00+09:00,0.711227119,0.708258133,0.7396677691398696,0.7396677691398696,0.507065201,0.6406330408609161,0.6406330408609161
2024-04-05 14:00:00+09:00,0.657774082,0.711227119,0.6948751956534805,0.6948751956534805,0.585017504,0.5735358705901422,0.5735358705901422
2024-04-05 15:00:00+09:00,0.593926515,0.657774082,0.581215238744957,0.581215238744957,0.708258133,0.605541694527729,0.605541694527729
2024-04-05 16:00:00+09:00,0.466974653,0.593926515,0.5735910828579808,0.5735910828579808,0.711227119,0.6914594527644339,0.6914594527644339
2024-04-05 17:00:00+09:00,0.318493537,0.466974653,0.3015805554333954,0.3015805554333954,0.657774082,0.2891554148742981,0.2891554148742981
2024-04-05 18:00:00+09:00,0.155163387,0.318493537,0.23896802156287383,0.23896802156287383,0.593926515,0.2403056281973267,0.2403056281973267
2024-04-05 19:00:00+09:00,0.020787007,0.155163387,0.07205490225497438,0.07205490225497438,0.466974653,0.1930978667680054,0.1930978667680054
2024-04-05 20:00:00+09:00,0.0,0.020787007,0.0,0.0,0.318493537,0.09670818536597442,0.09670818536597442
2024-04-05 21:00:00+09:00,0.0,0.0,0.0002893940545618534,0.0002893940545618534,0.155163387,0.045756245195304884,0.045756245195304884
2024-04-05 22:00:00+09:00,0.0,0.0,0.0008124064770527184,0.0008124064770527184,0.020787007,0.0,0.0
2024-04-05 23:00:00+09:00,0.0,0.0,0.0008124064770527184,0.0008124064770527184,0.0,0.0028157844208180904,0.0028157844208180904
2024-04-06 00:00:00+09:00,0.0,0.0,0.0,0.0,0.0,0.0,0.0
2024-04-06 01:00:00+09:00,0.0,0.0,0.0,0.0,0.0,0.0,0.0
2024-04-06 02:00:00+09:00,0.0,0.0,0.0,0.0,0.0,0.0,0.0
2024-04-06 03:00:00+09:00,0.0,0.0,0.0,0.0,0.0,0.0,0.0
2024-04-06 04:00:00+09:00,0.0,0.0,0.0,0.0,0.0,0.0,0.0
2024-04-06 05:00:00+09:00,0.0,0.0,0.0,0.0,0.0,0.0,0.0
2024-04-06 06:00:00+09:00,0.0,0.0,0.0,0.0,0.0,0.0,0.0
2024-04-06 07:00:00+09:00,0.033408277,0.0,0.013747780583798885,0.013747780583798885,0.0,0.023868301883339882,0.023868301883339882
2024-04-06 08:00:00+09:00,0.172239161,0.033408277,0.12291865822177124,0.12291865822177124,0.0,0.14178499579429626,0.14178499579429626
2024-04-06 09:00:00+09:00,0.345219543,0.172239161,0.30647573517297366,0.30647573517297366,0.0,0.2561745345592499,0.2561745345592499
2024-04-06 10:00:00+09:00,0.506322954,0.345219543,0.46649215163780977,0.46649215163780977,0.033408277,0.3903382050643463,0.3903382050643463
2024-04-06 11:00:00+09:00,0.517458704,0.506322954,0.6248816514024773,0.6248816514024773,0.172239161,0.47134382174943545,0.47134382174943545
2024-04-06 12:00:00+09:00,0.526367715,0.517458704,0.5721623270564118,0.5721623270564118,0.345219543,0.6179307902057343,0.6179307902057343
2024-04-06 13:00:00+09:00,0.397188087,0.526367715,0.5439039919514322,0.5439039919514322,0.506322954,0.5655828455100098,0.5655828455100098
2024-04-06 14:00:00+09:00,0.202677426,0.397188087,0.4140989789799328,0.4140989789799328,0.517458704,0.6019012748055497,0.6019012748055497
2024-04-06 15:00:00+09:00,0.250191465,0.202677426,0.1361619132355461,0.1361619132355461,0.526367715,0.42340034097322465,0.42340034097322465
2024-04-06 16:00:00+09:00,0.272463991,0.250191465,0.16760688273080826,0.16760688273080826,0.397188087,0.2733141975537415,0.2733141975537415
2024-04-06 17:00:00+09:00,0.224207706,0.272463991,0.16951382036382295,0.16951382036382295,0.202677426,0.0,0.0
2024-04-06 18:00:00+09:00,0.152193374,0.224207706,0.08516886010327912,0.08516886010327912,0.250191465,0.0,0.0
2024-04-06 19:00:00+09:00,0.017818021,0.152193374,0.05029862280886077,0.05029862280886077,0.272463991,0.0,0.0
2024-04-06 20:00:00+09:00,0.0,0.017818021,0.0,0.0,0.224207706,0.014821327473312385,0.014821327473312385
2024-04-06 21:00:00+09:00,0.0,0.0,0.001444439752958715,0.001444439752958715,0.152193374,0.05550038721363448,0.05550038721363448
2024-04-06 22:00:00+09:00,0.0,0.0,0.001967452932149172,0.001967452932149172,0.017818021,0.0,0.0
2024-04-06 23:00:00+09:00,0.0,0.0,0.001967452932149172,0.001967452932149172,0.0,0.00564777385443449,0.00564777385443449
2024-04-07 00:00:00+09:00,0.0,0.0,0.00046919664600864053,0.00046919664600864053,0.0,0.0011268154485151172,0.0011268154485151172
2024-04-07 01:00:00+09:00,0.0,0.0,0.00046919664600864053,0.00046919664600864053,0.0,0.0011268154485151172,0.0011268154485151172
2024-04-07 02:00:00+09:00,0.0,0.0,0.00046919664600864053,0.00046919664600864053,0.0,0.0011268154485151172,0.0011268154485151172
2024-04-07 03:00:00+09:00,0.0,0.0,0.00046919664600864053,0.00046919664600864053,0.0,0.0011268154485151172,0.0011268154485151172
2024-04-07 04:00:00+09:00,0.0,0.0,0.00046919664600864053,0.00046919664600864053,0.0,0.0011268154485151172,0.0011268154485151172
2024-04-07 05:00:00+09:00,0.0,0.0,0.00046919664600864053,0.00046919664600864053,0.0,0.0011268154485151172,0.0011268154485151172
2024-04-07 06:00:00+09:00,0.0,0.0,0.0005116335232742131,0.0005116335232742131,0.0,0.0015473495004698634,0.0015473495004698634
2024-04-07 07:00:00+09:00,0.018560268,0.0,0.053196266293525696,0.053196266293525696,0.0,0.03625739738345146,0.03625739738345146
2024-04-07 08:00:00+09:00,0.149224388,0.018560268,0.14066438378416823,0.14066438378416823,0.0,0.14894302189350128,0.14894302189350128
2024-04-07 09:00:00+09:00,0.339280545,0.149224388,0.3106586211886292,0.3106586211886292,0.0,0.29405099153518677,0.29405099153518677
2024-04-07 10:00:00+09:00,0.505580708,0.339280545,0.4877405308522415,0.4877405308522415,0.018560268,0.46447784455143737,0.46447784455143737
2024-04-07 11:00:00+09:00,0.613229029,0.505580708,0.5922643463938789,0.5922643463938789,0.149224388,0.4602586799826508,0.4602586799826508
2024-04-07 12:00:00+09:00,0.65257733,0.613229029,0.7062607557775535,0.7062607557775535,0.339280545,0.6227001242675019,0.6227001242675019
2024-04-07 13:00:00+09:00,0.636986048,0.65257733,0.632305645025568,0.632305645025568,0.505580708,0.6101331036418037,0.6101331036418037
2024-04-07 14:00:00+09:00,0.584275257,0.636986048,0.612655923741005,0.612655923741005,0.613229029,0.7966413424613037,0.7966413424613037
2024-04-07 15:00:00+09:00,0.460293408,0.584275257,0.46202451378968434,0.46202451378968434,0.65257733,0.5576464576788711,0.5576464576788711
2024-04-07 16:00:00+09:00,0.452126644,0.460293408,0.33445234175873567,0.33445234175873567,0.636986048,0.3274325738121491,0.3274325738121491
2024-04-07 17:00:00+09:00,0.257615982,0.452126644,0.314825675829834,0.314825675829834,0.584275257,0.19842074454692082,0.19842074454692082
2024-04-07 18:00:00+09:00,0.129921874,0.257615982,0.12255869657195284,0.12255869657195284,0.460293408,0.022049840056427017,0.022049840056427017
2024-04-07 19:00:00+09:00,0.020787007,0.129921874,0.022864295138286583,0.022864295138286583,0.452126644,0.08961575423139956,0.08961575423139956
2024-04-07 20:00:00+09:00,0.0,0.020787007,0.0,0.0,0.257615982,0.0,0.0
2024-04-07 21:00:00+09:00,0.0,0.0,0.0,0.0,0.129921874,0.0,0.0
2024-04-07 22:00:00+09:00,0.0,0.0,0.0,0.0,0.020787007,0.0,0.0
2024-04-07 23:00:00+09:00,0.0,0.0,0.0,0.0,0.0,0.0,0.0
2024-04-08 00:00:00+09:00,0.0,0.0,0.0,0.0,0.0,0.0,0.0
2024-04-08 01:00:00+09:00,0.0,0.0,0.0,0.0,0.0,0.0,0.0
2024-04-08 02:00:00+09:00,0.0,0.0,0.0,0.0,0.0,0.0,0.0
2024-04-08 03:00:00+09:00,0.0,0.0,0.0,0.0,0.0,0.0,0.0
2024-04-08 04:00:00+09:00,0.0,0.0,0.0,0.0,0.0,0.0,0.0
2024-04-08 05:00:00+09:00,0.0,0.0,0.0,0.0,0.0,0.0,0.0
2024-04-08 06:00:00+09:00,0.0,0.0,8.223095210269094e-05,8.223095210269094e-05,0.0,0.0,0.0
2024-04-08 07:00:00+09:00,0.022272527,0.0,0.011569038964807987,0.011569038964807987,0.0,0.0011183471651747823,0.0011183471651747823
2024-04-08 08:00:00+09:00,0.130664121,0.022272527,0.10175934412150574,0.10175934412150574,0.0,0.06021488457918167,0.06021488457918167
2024-04-08 09:00:00+09:00,0.236827949,0.130664121,0.21191174873513793,0.21191174873513793,0.0,0.25068965554237366,0.25068965554237366
2024-04-08 10:00:00+09:00,0.433566376,0.236827949,0.38634077639639286,0.38634077639639286,0.022272527,0.4334522483554382,0.4334522483554382
2024-04-08 11:00:00+09:00,0.464747913,0.433566376,0.5035895327025184,0.5035895327025184,0.130664121,0.4152653325478516,0.4152653325478516
2024-04-08 12:00:00+09:00,0.425399612,0.464747913,0.49057912994624425,0.49057912994624425,0.236827949,0.5047990176206818,0.5047990176206818
2024-04-08 13:00:00+09:00,0.320720277,0.425399612,0.4451788359487171,0.4451788359487171,0.433566376,0.4232637820684442,0.4232637820684442
2024-04-08 14:00:00+09:00,0.253161477,0.320720277,0.3218451424918745,0.3218451424918745,0.464747913,0.4555733779490118,0.4555733779490118
2024-04-08 15:00:00+09:00,0.280630755,0.253161477,0.15956689611125185,0.15956689611125185,0.425399612,0.332250665237915,0.332250665237915
2024-04-08 16:00:00+09:00,0.157390126,0.280630755,0.12528628366458894,0.12528628366458894,0.320720277,0.04392637984805298,0.04392637984805298
2024-04-08 17:00:00+09:00,0.081664562,0.157390126,0.029512920389724723,0.029512920389724723,0.253161477,0.037160160094978356,0.037160160094978356
2024-04-08 18:00:00+09:00,0.029696018,0.081664562,0.0,0.0,0.280630755,0.0,0.0
2024-04-08 19:00:00+09:00,0.001484493,0.029696018,0.0,0.0,0.157390126,0.0,0.0
2024-04-08 20:00:00+09:00,0.0,0.001484493,0.0,0.0,0.081664562,0.0,0.0
2024-04-08 21:00:00+09:00,0.0,0.0,0.0,0.0,0.029696018,0.0,0.0
2024-04-08 22:00:00+09:00,0.0,0.0,0.0,0.0,0.001484493,0.0,0.0
2024-04-08 23:00:00+09:00,0.0,0.0,0.0,0.0,0.0,0.0,0.0
2024-04-09 00:00:00+09:00,,,,,,,
2024-04-09 01:00:00+09:00,0.0,,,,0.0,0.0,0.0
2024-04-09 02:00:00+09:00,0.0,0.0,0.0,0.0,0.0,0.0,0.0
2024-04-09 03:00:00+09:00,0.0,0.0,0.0,0.0,,,
2024-04-09 04:00:00+09:00,0.0,0.0,0.0,0.0,0.0,0.0,0.0
2024-04-09 05:00:00+09:00,0.0,0.0,0.0,0.0,0.0,0.0,0.0
2024-04-09 06:00:00+09:00,0.0,0.0,0.0,0.0,0.0,0.0,0.0
2024-04-09 07:00:00+09:00,0.02153028,0.0,0.009411556646227837,0.009411556646227837,0.0,0.0,0.0
2024-04-09 08:00:00+09:00,0.157390126,0.02153028,0.09132246870401382,0.09132246870401382,0.0,0.10110286623239517,0.10110286623239517
2024-04-09 09:00:00+09:00,0.349674048,0.157390126,0.2815989562969933,0.2815989562969933,0.0,0.18636198341846466,0.18636198341846466
2024-04-09 10:00:00+09:00,0.522655456,0.349674048,0.45171872722449113,0.45171872722449113,0.02153028,0.2125398610890198,0.2125398610890198
2024-04-09 11:00:00+09:00,0.588729763,0.522655456,0.5802678080731926,0.5802678080731926,0.157390126,0.36955087722356417,0.36955087722356417
2024-04-09 12:00:00+09:00,0.768392415,0.588729763,0.5858289327628051,0.5858289327628051,0.349674048,0.48547253208699037,0.48547253208699037
2024-04-09 13:00:00+09:00,0.677818843,0.768392415,0.8344695281515503,0.8344695281515503,0.522655456,0.5347159082526264,0.5347159082526264
2024-04-09 14:00:00+09:00,0.504095188,0.677818843,0.6340794235695056,0.6340794235695056,0.588729763,0.6401882707762604,0.6401882707762604
2024-04-09 15:00:00+09:00,0.63104705,0.504095188,0.5268781600824957,0.5268781600824957,0.768392415,0.820966300768652,0.820966300768652
2024-04-09 16:00:00+09:00,0.507065201,0.63104705,0.5908318036206246,0.5908318036206246,0.677818843,0.5955592625070266,0.5955592625070266
2024-04-09 17:00:00+09:00,0.325917029,0.507065201,0.4200360568320999,0.4200360568320999,0.504095188,0.40659882745960996,0.40659882745960996
2024-04-09 18:00:00+09:00,0.140315378,0.325917029,0.23337217531271365,0.23337217531271365,0.63104705,0.41050253295974737,0.41050253295974737
2024-04-09 19:00:00+09:00,0.023014773,0.140315378,0.1186111866580038,0.1186111866580038,0.507065201,0.4339813383376846,0.4339813383376846
2024-04-09 20:00:00+09:00,0.0,0.023014773,0.0160236720367949,0.0160236720367949,0.325917029,0.24724678061075595,0.24724678061075595
2024-04-09 21:00:00+09:00,0.0,0.0,0.004079765174537897,0.004079765174537897,0.140315378,0.1123778595672636,0.1123778595672636
2024-04-09 22:00:00+09:00,0.0,0.0,0.004770586732774973,0.004770586732774973,0.023014773,0.02617048317563343,0.02617048317563343
2024-04-09 23:00:00+09:00,0.0,0.0,0.004770586732774973,0.004770586732774973,0.0,0.022660119459033012,0.022660119459033012
2024-04-10 00:00:00+09:00,,,,,,,
2024-04-10 01:00:00+09:00,0.0,,,,0.0,0.0,0.0
2024-04-10 02:00:00+09:00,0.0,0.0,0.0,0.0,0.0,0.0,0.0
2024-04-10 03:00:00+09:00,0.0,0.0,0.0,0.0,,,
2024-04-10 04:00:00+09:00,0.0,0.0,0.0,0.0,0.0,0.0,0.0
2024-04-10 05:00:00+09:00,0.0,0.0,0.0,0.0,0.0,0.0,0.0
2024-04-10 06:00:00+09:00,0.0,0.0,0.0,0.0,0.0,0.0,0.0
2024-04-10 07:00:00+09:00,0.028211525,0.0,0.012784428894519806,0.012784428894519806,0.0,0.0073373038321733475,0.0073373038321733475
2024-04-10 08:00:00+09:00,,,,,,,
2024-04-10 09:00:00+09:00,0.351901814,,,,0.0,0.24312898516654968,0.24312898516654968
2024-04-10 10:00:00+09:00,0.518943197,0.351901814,0.3822384063464298,0.3822384063464298,0.028211525,0.25493600062217714,0.25493600062217714
2024-04-10 11:00:00+09:00,0.613972302,0.518943197,0.6056335930704804,0.6056335930704804,,,
2024-04-10 12:00:00+09:00,0.657031835,0.613972302,0.6848703431291122,0.6848703431291122,0.351901814,0.5958280261915817,0.5958280261915817
2024-04-10 13:00:00+09:00,0.686727853,0.657031835,0.6554069255375927,0.6554069255375927,0.518943197,0.5960589264511795,0.5960589264511795
2024-04-10 14:00:00+09:00,0.66371308,0.686727853,0.6747004282398372,0.6747004282398372,0.613972302,0.7029447364015121,0.7029447364015121
2024-04-10 15:00:00+09:00,0.535276725,0.66371308,0.5732734176626968,0.5732734176626968,0.657031835,0.42534016160198207,0.42534016160198207
2024-04-10 16:00:00+09:00,0.450642151,0.535276725,0.4229267305193901,0.4229267305193901,0.686727853,0.5426798625586777,0.5426798625586777
2024-04-10 17:00:00+09:00,0.318493537,0.450642151,0.333684762181736,0.333684762181736,0.66371308,0.3538517776242065,0.3538517776242065
2024-04-10 18:00:00+09:00,0.135860872,0.318493537,0.18330753534156036,0.18330753534156036,0.535276725,0.20820198864326478,0.20820198864326478
2024-04-10 19:00:00+09:00,0.015590255,0.135860872,0.02135311487271499,0.02135311487271499,0.450642151,0.05936722195336913,0.05936722195336913
2024-04-10 20:00:00+09:00,0.0,0.015590255,0.0,0.0,0.318493537,0.0923551091464157,0.0923551091464157
2024-04-10 21:00:00+09:00,0.0,0.0,0.0,0.0,0.135860872,0.01545355889155578,0.01545355889155578
2024-04-10 22:00:00+09:00,0.0,0.0,0.0,0.0,0.015590255,0.0,0.0
2024-04-10 23:00:00+09:00,0.0,0.0,0.0,0.0,0.0,0.0,0.0
2024-04-11 00:00:00+09:00,,,,,,,
2024-04-11 01:00:00+09:00,0.0,,,,0.0,0.001400443841703236,0.001400443841703236
2024-04-11 02:00:00+09:00,0.0,0.0,0.0005077158566564322,0.0005077158566564322,0.0,0.001400443841703236,0.001400443841703236
2024-04-11 03:00:00+09:00,0.0,0.0,0.0005077158566564322,0.0005077158566564322,,,
2024-04-11 04:00:00+09:00,0.0,0.0,0.0005077158566564322,0.0005077158566564322,0.0,0.001400443841703236,0.001400443841703236
2024-04-11 05:00:00+09:00,0.0,0.0,0.0005077158566564322,0.0005077158566564322,0.0,0.001400443841703236,0.001400443841703236
2024-04-11 06:00:00+09:00,0.0,0.0,0.00031330244382843375,0.00031330244382843375,0.0,7.431963604176417e-05,7.431963604176417e-05
2024-04-11 07:00:00+09:00,0.019302514,0.0,0.03508938476443291,0.03508938476443291,0.0,0.05140640586614609,0.05140640586614609
2024-04-11 08:00:00+09:00,0.118785098,,,,,,
2024-04-11 09:00:00+09:00,0.265782747,0.118785098,0.25751216690106205,0.25751216690106205,0.0,0.3342783749103546,0.3342783749103546
2024-04-11 10:00:00+09:00,0.257615982,0.265782747,0.3488525408799858,0.3488525408799858,0.019302514,0.2678761301470413,0.2678761301470413
2024-04-11 11:00:00+09:00,0.237571222,0.257615982,0.3900962606111832,0.3900962606111832,0.118785098,0.49457292239231876,0.49457292239231876
2024-04-11 12:00:00+09:00,0.528594454,0.237571222,0.2909326937423916,0.2909326937423916,0.265782747,0.558165583341858,0.558165583341858
2024-04-11 13:00:00+09:00,0.407582617,0.528594454,0.6080563712811509,0.6080563712811509,0.257615982,0.40205952376521303,0.40205952376521303
2024-04-11 14:00:00+09:00,0.38753683,0.407582617,0.4328539637925787,0.4328539637925787,0.237571222,0.35337567817437365,0.35337567817437365
2024-04-11 15:00:00+09:00,0.359325305,0.38753683,0.34088553740771294,0.34088553740771294,0.528594454,0.577029244223837,0.577029244223837
2024-04-11 16:00:00+09:00,0.184117158,0.359325305,0.18204705454414366,0.18204705454414366,0.407582617,0.14546874780978392,0.14546874780978392
2024-04-11 17:00:00+09:00,0.116558358,0.184117158,0.0435522394819336,0.0435522394819336,0.38753683,0.0,0.0
2024-04-11 18:00:00+09:00,0.047514039,0.116558358,0.0,0.0,0.359325305,0.0,0.0
2024-04-11 19:00:00+09:00,0.005938998,0.047514039,0.0,0.0,0.184117158,0.0,0.0
2024-04-11 20:00:00+09:00,0.0,0.005938998,0.0,0.0,0.116558358,0.0,0.0
2024-04-11 21:00:00+09:00,0.0,0.0,0.0,0.0,0.047514039,0.0,0.0
2024-04-11 22:00:00+09:00,0.0,0.0,0.0,0.0,0.005938998,0.0,0.0
2024-04-11 23:00:00+09:00,0.0,0.0,0.0,0.0,0.0,0.0,0.0
2024-04-12 00:00:00+09:00,0.0,,,,,,
2024-04-12 01:00:00+09:00,0.0,0.0,0.00010028106044046581,0.00010028106044046581,0.0,0.0004019767511636019,0.0004019767511636019
2024-04-12 02:00:00+09:00,0.0,0.0,0.00010028106044046581,0.00010028106044046581,0.0,0.0004019767511636019,0.0004019767511636019
2024-04-12 03:00:00+09:00,0.0,0.0,0.00010028106044046581,0.00010028106044046581,0.0,0.0004019767511636019,0.0004019767511636019
2024-04-12 04:00:00+09:00,0.0,0.0,0.00010028106044046581,0.00010028106044046581,0.0,0.0004019767511636019,0.0004019767511636019
2024-04-12 05:00:00+09:00,0.0,0.0,0.00010028106044046581,0.00010028106044046581,0.0,0.0004019767511636019,0.0004019767511636019
2024-04-12 06:00:00+09:00,0.0,0.0,4.917444312013686e-05,4.917444312013686e-05,0.0,0.0,0.0
2024-04-12 07:00:00+09:00,0.038605028,0.0,0.012182008475065231,0.012182008475065231,0.0,0.001994107849895954,0.001994107849895954
2024-04-12 08:00:00+09:00,0.141799871,0.038605028,0.17550111671936797,0.17550111671936797,0.0,0.1424078494310379,0.1424078494310379
2024-04-12 09:00:00+09:00,0.265039474,0.141799871,0.23981065687770461,0.23981065687770461,0.0,0.1799781173467636,0.1799781173467636
2024-04-12 10:00:00+09:00,0.458808915,0.265039474,0.403521403898262,0.403521403898262,0.038605028,0.41977238019955443,0.41977238019955443
2024-04-12 11:00:00+09:00,0.488504933,0.458808915,0.5347773742485428,0.5347773742485428,0.141799871,0.41974592593545534,0.41974592593545534
2024-04-12 12:00:00+09:00,0.536018972,0.488504933,0.5714628266100006,0.5714628266100006,0.265039474,0.5580281617536773,0.5580281617536773
2024-04-12 13:00:00+09:00,0.674849857,0.536018972,0.5295786915290029,0.5295786915290029,0.458808915,0.5244732063818359,0.5244732063818359
2024-04-12 14:00:00+09:00,0.661486341,0.674849857,0.6576826445584364,0.6576826445584364,0.488504933,0.4930739642981605,0.4930739642981605
2024-04-12 15:00:00+09:00,0.602835525,0.661486341,0.5842428415421639,0.5842428415421639,0.536018972,0.46633059223544315,0.46633059223544315
2024-04-12 16:00:00+09:00,0.505580708,0.602835525,0.47546379657974247,0.47546379657974247,0.674849857,0.436892617848999,0.436892617848999
2024-04-12 17:00:00+09:00,0.283599741,0.505580708,0.43723212144070434,0.43723212144070434,0.661486341,0.3939022853378449,0.3939022853378449
2024-04-12 18:00:00+09:00,0.148482142,0.283599741,0.17039874120360948,0.17039874120360948,0.602835525,0.26031221839179997,0.26031221839179997
2024-04-12 19:00:00+09:00,0.025241512,0.148482142,0.0461753737018509,0.0461753737018509,0.505580708,0.24910990855389403,0.24910990855389403
2024-04-12 20:00:00+09:00,0.0,0.025241512,0.0028125114137287147,0.0028125114137287147,0.283599741,0.06181438936597444,0.06181438936597444
2024-04-12 21:00:00+09:00,0.0,0.0,0.0002893940545618534,0.0002893940545618534,0.148482142,0.03907500019530488,0.03907500019530488
2024-04-12 22:00:00+09:00,0.0,0.0,0.0008124064770527184,0.0008124064770527184,0.025241512,0.0026218640947694785,0.0026218640947694785
2024-04-12 23:00:00+09:00,0.0,0.0,0.0008124064770527184,0.0008124064770527184,0.0,0.0028157844208180904,0.0028157844208180904
2024-04-13 00:00:00+09:00,,,,,,,
2024-04-13 01:00:00+09:00,0.0,,,,0.0,0.0,0.0
2024-04-13 02:00:00+09:00,0.0,0.0,0.0,0.0,0.0,0.0,0.0
2024-04-13 03:00:00+09:00,0.0,0.0,0.0,0.0,,,
2024-04-13 04:00:00+09:00,0.0,0.0,0.0,0.0,0.0,0.0,0.0
2024-04-13 05:00:00+09:00,0.0,0.0,0.0,0.0,0.0,0.0,0.0
2024-04-13 06:00:00+09:00,0.0,0.0,0.0,0.0,0.0,0.0,0.0
2024-04-13 07:00:00+09:00,0.036378289,0.0,0.05106872320175171,0.05106872320175171,0.0,0.049845390021800995,0.049845390021800995
2024-04-13 08:00:00+09:00,0.18931391,0.036378289,0.09917812271496201,0.09917812271496201,0.0,0.07723061740398407,0.07723061740398407
2024-04-13 09:00:00+09:00,0.361553071,0.18931391,0.26183428525177,0.26183428525177,0.0,0.1441754847764969,0.1441754847764969
2024-04-13 10:00:00+09:00,0.523397702,0.361553071,0.4836865420717201,0.4836865420717201,0.036378289,0.33324902726789857,0.33324902726789857
2024-04-13 11:00:00+09:00,0.626592545,0.523397702,0.5911335528110047,0.5911335528110047,0.18931391,0.5567861115857696,0.5567861115857696
2024-04-13 12:00:00+09:00,0.67633435,0.626592545,0.7042189595970344,0.7042189595970344,0.361553071,0.6615786235112152,0.6615786235112152
2024-04-13 13:00:00+09:00,0.726075128,0.67633435,0.6716280519988894,0.6716280519988894,0.523397702,0.6512401581023712,0.6512401581023712
2024-04-13 14:00:00+09:00,0.717167144,0.726075128,0.7523728574623851,0.7523728574623851,0.626592545,0.697267798868103,0.697267798868103
2024-04-13 15:00:00+09:00,0.640698307,0.717167144,0.6294851725096169,0.6294851725096169,0.67633435,0.6249052571159363,0.6249052571159363
2024-04-13 16:00:00+09:00,0.513004199,0.640698307,0.545559876404602,0.545559876404602,0.726075128,0.5720631333997039,0.5720631333997039
2024-04-13 17:00:00+09:00,0.340022791,0.513004199,0.43306048992454915,0.43306048992454915,0.717167144,0.5747201641196671,0.5747201641196671
2024-04-13 18:00:00+09:00,0.159617892,0.340022791,0.21048803982316588,0.21048803982316588,0.640698307,0.25811594053347775,0.25811594053347775
2024-04-13 19:00:00+09:00,0.029696018,0.159617892,0.058079673442165386,0.058079673442165386,0.513004199,0.1748259517866364,0.1748259517866364
2024-04-13 20:00:00+09:00,0.0,0.029696018,0.007027648885601045,0.007027648885601045,0.340022791,0.13063641247331237,0.13063641247331237
2024-04-13 21:00:00+09:00,0.0,0.0,0.001444439752958715,0.001444439752958715,0.159617892,0.0629249052136345,0.0629249052136345
2024-04-13 22:00:00+09:00,0.0,0.0,0.001967452932149172,0.001967452932149172,0.029696018,0.009537909676187516,0.009537909676187516
2024-04-13 23:00:00+09:00,0.0,0.0,0.001967452932149172,0.001967452932149172,0.0,0.00564777385443449,0.00564777385443449
2024-04-14 00:00:00+09:00,0.0,,,,,,
2024-04-14 01:00:00+09:00,0.0,0.0,0.00046919664600864053,0.00046919664600864053,0.0,0.0011268154485151172,0.0011268154485151172
2024-04-14 02:00:00+09:00,0.0,0.0,0.00046919664600864053,0.00046919664600864053,0.0,0.0011268154485151172,0.0011268154485151172
2024-04-14 03:00:00+09:00,0.0,0.0,0.00046919664600864053,0.00046919664600864053,0.0,0.0011268154485151172,0.0011268154485151172
2024-04-14 04:00:00+09:00,0.0,0.0,0.00046919664600864053,0.00046919664600864053,0.0,0.0011268154485151172,0.0011268154485151172
2024-04-14 05:00:00+09:00,0.0,0.0,0.00046919664600864053,0.00046919664600864053,0.0,0.0011268154485151172,0.0011268154485151172
2024-04-14 06:00:00+09:00,0.0,0.0,0.0005116335232742131,0.0005116335232742131,0.0,0.0015473495004698634,0.0015473495004698634
2024-04-14 07:00:00+09:00,0.044544027,0.0,0.0358724482357502,0.0358724482357502,0.0,0.004142847843468189,0.004142847843468189
2024-04-14 08:00:00+09:00,0.195253935,0.044544027,0.17699408605628203,0.17699408605628203,0.0,0.09462951123714447,0.09462951123714447
2024-04-14 09:00:00+09:00,0.382340078,0.195253935,0.3568054999318695,0.3568054999318695,0.0,0.31298595666885376,0.31298595666885376
2024-04-14 10:00:00+09:00,0.518943197,0.382340078,0.4574329524673729,0.4574329524673729,0.044544027,0.3918935514979858,0.3918935514979858
2024-04-14 11:00:00+09:00,0.60729003,0.518943197,0.6073620756149025,0.6073620756149025,0.195253935,0.5937442149129486,0.5937442149129486
2024-04-14 12:00:00+09:00,0.660744094,0.60729003,0.6585528557274628,0.6585528557274628,0.382340078,0.6503357037343293,0.6503357037343293
2024-04-14 13:00:00+09:00,0.651091811,0.660744094,0.6592592313548433,0.6592592313548433,0.518943197,0.7686543826937409,0.7686543826937409
2024-04-14 14:00:00+09:00,0.575366247,0.651091811,0.579625059603344,0.579625059603344,0.60729003,0.6234088749710608,0.6234088749710608
2024-04-14 15:00:00+09:00,0.500382929,0.575366247,0.42843383878638464,0.42843383878638464,0.660744094,0.34126751934065247,0.34126751934065247
2024-04-14 16:00:00+09:00,0.342992803,0.500382929,0.3306841541853943,0.3306841541853943,0.651091811,0.36194494062532045,0.36194494062532045
2024-04-14 17:00:00+09:00,0.201935179,0.342992803,0.24236123814442445,0.24236123814442445,0.575366247,0.12973712712695318,0.12973712712695318
2024-04-14 18:00:00+09:00,0.118042851,0.201935179,0.08579342014084243,0.08579342014084243,0.500382929,0.14897537127409366,0.14897537127409366
2024-04-14 19:00:00+09:00,0.034150523,0.118042851,0.0,0.0,0.342992803,0.0,0.0
2024-04-14 20:00:00+09:00,0.0,0.034150523,0.006937381677864077,0.006937381677864077,0.201935179,0.0,0.0
2024-04-14 21:00:00+09:00,0.0,0.0,0.0,0.0,0.118042851,0.0,0.0
2024-04-14 22:00:00+09:00,0.0,0.0,0.0,0.0,0.034150523,0.0009919114937763235,0.0009919114937763235
2024-04-14 23:00:00+09:00,0.0,0.0,0.0,0.0,0.0,0.0,0.0
2024-04-15 00:00:00+09:00,0.0,0.0,0.0,0.0,0.0,0.0,0.0
2024-04-15 01:00:00+09:00,0.0,0.0,0.0,0.0,0.0,0.0,0.0
2024-04-15 02:00:00+09:00,0.0,0.0,0.0,0.0,0.0,0.0,0.0
2024-04-15 03:00:00+09:00,0.0,0.0,0.0,0.0,0.0,0.0,0.0
2024-04-15 04:00:00+09:00,0.0,0.0,0.0,0.0,0.0,0.0,0.0
2024-04-15 05:00:00+09:00,0.0,0.0,0.0,0.0,0.0,0.0,0.0
2024-04-15 06:00:00+09:00,0.0,0.0,8.223095210269094e-05,8.223095210269094e-05,0.0,0.0,0.0
2024-04-15 07:00:00+09:00,0.002970012,0.0,0.0665520504117012,0.0665520504117012,0.0,0.04126311466097832,0.04126311466097832
2024-04-15 08:00:00+09:00,0.043059534,0.002970012,0.16066065626422119,0.16066065626422119,0.0,0.1625155508518219,0.1625155508518219
2024-04-15 09:00:00+09:00,0.054938557,0.043059534,0.20215513424738313,0.20215513424738313,0.0,0.31894737482070923,0.31894737482070923
2024-04-15 10:00:00+09:00,0.068302073,0.054938557,0.12826790139182281,0.12826790139182281,0.002970012,0.2534629722146149,0.2534629722146149
2024-04-15 11:00:00+09:00,0.063847567,0.068302073,0.16293562990240862,0.16293562990240862,0.043059534,0.43248698727949525,0.43248698727949525
2024-04-15 12:00:00+09:00,0.02153028,0.063847567,0.07774251703968477,0.07774251703968477,0.054938557,0.20220642015441131,0.20220642015441131
2024-04-15 13:00:00+09:00,0.060877555,0.02153028,0.028104865568159818,0.028104865568159818,0.068302073,0.1992726851683121,0.1992726851683121
2024-04-15 14:00:00+09:00,0.078695576,0.060877555,0.0682907876990366,0.0682907876990366,0.063847567,0.08086406909724903,0.08086406909724903
2024-04-15 15:00:00+09:00,0.058649789,0.078695576,0.004969003903652194,0.004969003903652194,0.02153028,0.025304355768887996,0.025304355768887996
2024-04-15 16:00:00+09:00,0.072013305,0.058649789,0.0,0.0,0.060877555,0.0,0.0
2024-04-15 17:00:00+09:00,0.025984785,0.072013305,0.0,0.0,0.078695576,0.0,0.0
2024-04-15 18:00:00+09:00,0.01113575,0.025984785,0.0,0.0,0.058649789,0.0,0.0
2024-04-15 19:00:00+09:00,0.0,0.01113575,0.0,0.0,0.072013305,0.0,0.0
2024-04-15 20:00:00+09:00,0.0,0.0,0.0,0.0,0.025984785,0.0,0.0
2024-04-15 21:00:00+09:00,0.0,0.0,0.0,0.0,0.01113575,0.0,0.0
2024-04-15 22:00:00+09:00,0.0,0.0,0.0,0.0,0.0,0.0,0.0
2024-04-15 23:00:00+09:00,0.0,0.0,0.0,0.0,0.0,0.0,0.0
2024-04-16 00:00:00+09:00,,,,,,,
2024-04-16 01:00:00+09:00,0.0,,,,0.0,0.0,0.0
2024-04-16 02:00:00+09:00,0.0,0.0,0.0,0.0,0.0,0.0,0.0
2024-04-16 03:00:00+09:00,0.0,0.0,0.0,0.0,,,
2024-04-16 04:00:00+09:00,0.0,0.0,0.0,0.0,0.0,0.0,0.0
2024-04-16 05:00:00+09:00,0.0,0.0,0.0,0.0,0.0,0.0,0.0
2024-04-16 06:00:00+09:00,0.0,0.0,0.0,0.0,0.0,0.0,0.0
2024-04-16 07:00:00+09:00,0.005938998,0.0,0.006510361097753048,0.006510361097753048,0.0,0.0,0.0
2024-04-16 08:00:00+09:00,0.051968544,0.005938998,0.05058278380451012,0.05058278380451012,0.0,0.05139545351266861,0.05139545351266861
2024-04-16 09:00:00+09:00,0.190799429,0.051968544,0.1438059129055443,0.1438059129055443,0.0,0.15422765910625458,0.15422765910625458
2024-04-16 10:00:00+09:00,0.277660743,0.190799429,0.26066286015568163,0.26066286015568163,0.005938998,0.35642858459172055,0.35642858459172055
2024-04-16 11:00:00+09:00,0.478111429,0.277660743,0.3460943928379707,0.3460943928379707,0.051968544,0.2506021253999176,0.2506021253999176
2024-04-16 12:00:00+09:00,0.70900038,0.478111429,0.45614003934870145,0.45614003934870145,0.190799429,0.20025344743637227,0.20025344743637227
2024-04-16 13:00:00+09:00,0.728302894,0.70900038,0.7500464704240608,0.7500464704240608,0.277660743,0.4496091014165573,0.4496091014165573
2024-04-16 14:00:00+09:00,0.700091369,0.728302894,0.6804830784239235,0.6804830784239235,0.478111429,0.5187690014482536,0.5187690014482536
2024-04-16 15:00:00+09:00,0.623623559,0.700091369,0.7013414863187047,0.7013414863187047,0.70900038,0.7453657437468815,0.7453657437468815
2024-04-16 16:00:00+09:00,0.499640683,0.623623559,0.556944222869381,0.556944222869381,0.728302894,0.6565959656872216,0.6565959656872216
2024-04-16 17:00:00+09:00,0.337796052,0.499640683,0.3974333799528198,0.3974333799528198,0.700091369,0.5878120209246102,0.5878120209246102
2024-04-16 18:00:00+09:00,0.149224388,0.337796052,0.30092978571958734,0.30092978571958734,0.623623559,0.513704510154232,0.513704510154232
2024-04-16 19:00:00+09:00,0.027469278,0.149224388,0.1325489678945427,0.1325489678945427,0.499640683,0.3272210902618484,0.3272210902618484
2024-04-16 20:00:00+09:00,0.0,0.027469278,0.0204781770367949,0.0204781770367949,0.337796052,0.25912580361075593,0.25912580361075593
2024-04-16 21:00:00+09:00,0.0,0.0,0.004079765174537897,0.004079765174537897,0.149224388,0.12128686956726362,0.12128686956726362
2024-04-16 22:00:00+09:00,0.0,0.0,0.004770586732774973,0.004770586732774973,0.027469278,0.03062498817563343,0.03062498817563343
2024-04-16 23:00:00+09:00,0.0,0.0,0.004770586732774973,0.004770586732774973,0.0,0.022660119459033012,0.022660119459033012
2024-04-17 00:00:00+09:00,0.0,,,,,,
2024-04-17 01:00:00+09:00,0.0,0.0,0.0,0.0,0.0,0.0,0.0
2024-04-17 02:00:00+09:00,0.0,0.0,0.0,0.0,0.0,0.0,0.0
2024-04-17 03:00:00+09:00,0.0,0.0,0.0,0.0,0.0,0.0,0.0
2024-04-17 04:00:00+09:00,0.0,0.0,0.0,0.0,0.0,0.0,0.0
2024-04-17 05:00:00+09:00,0.0,0.0,0.0,0.0,0.0,0.0,0.0
2024-04-17 06:00:00+09:00,0.0,0.0,0.0,0.0,0.0,0.0,0.0
2024-04-17 07:00:00+09:00,0.058649789,0.0,0.016721880063414574,0.016721880063414574,0.0,0.03270247206091881,0.03270247206091881
2024-04-17 08:00:00+09:00,0.191541676,0.058649789,0.12870479693457032,0.12870479693457032,0.0,0.06795714795589447,0.06795714795589447
2024-04-17 09:00:00+09:00,0.350417321,0.191541676,0.295130368843914,0.295130368843914,0.0,0.1261742264032364,0.1261742264032364
2024-04-17 10:00:00+09:00,0.434308623,0.350417321,0.5066748162840805,0.5066748162840805,0.058649789,0.4985677706246033,0.4985677706246033
2024-04-17 11:00:00+09:00,0.492217192,0.434308623,0.535704319401596,0.535704319401596,0.191541676,0.4488842827829132,0.4488842827829132
2024-04-17 12:00:00+09:00,0.622138039,0.492217192,0.5645759567080422,0.5645759567080422,0.350417321,0.6143316080903015,0.6143316080903015
2024-04-17 13:00:00+09:00,0.661486341,0.622138039,0.6670250303816452,0.6670250303816452,0.434308623,0.6194596039494018,0.6194596039494018
2024-04-17 14:00:00+09:00,0.633274816,0.661486341,0.7042683310214672,0.7042683310214672,0.492217192,0.559671835547535,0.559671835547535
2024-04-17 15:00:00+09:00,0.406097098,0.633274816,0.5883019194240723,0.5883019194240723,0.622138039,0.7087826214503898,0.7087826214503898
2024-04-17 16:00:00+09:00,0.336311559,0.406097098,0.2871267783712845,0.2871267783712845,0.661486341,0.5666614457372818,0.5666614457372818
2024-04-17 17:00:00+09:00,0.221237693,0.336311559,0.22919497153995894,0.22919497153995894,0.633274816,0.3254283294315491,0.3254283294315491
2024-04-17 18:00:00+09:00,0.113588346,0.221237693,0.10670070724503328,0.10670070724503328,0.406097098,0.0,0.0
2024-04-17 19:00:00+09:00,0.03489277,0.113588346,0.012819936330600745,0.012819936330600745,0.336311559,0.0,0.0
2024-04-17 20:00:00+09:00,0.0,0.03489277,0.010178545959491726,0.010178545959491726,0.221237693,0.0,0.0
2024-04-17 21:00:00+09:00,,,,,,,
2024-04-17 22:00:00+09:00,0.0,,,,0.03489277,0.007259971000452038,0.007259971000452038
2024-04-17 23:00:00+09:00,0.0,0.0,0.0,0.0,0.0,0.0,0.0
2024-04-18 00:00:00+09:00,0.0,0.0,0.0005077158566564322,0.0005077158566564322,,,
2024-04-18 01:00:00+09:00,0.0,0.0,0.0005077158566564322,0.0005077158566564322,0.0,0.001400443841703236,0.001400443841703236
2024-04-18 02:00:00+09:00,0.0,0.0,0.0005077158566564322,0.0005077158566564322,0.0,0.001400443841703236,0.001400443841703236
2024-04-18 03:00:00+09:00,0.0,0.0,0.0005077158566564322,0.0005077158566564322,0.0,0.001400443841703236,0.001400443841703236
2024-04-18 04:00:00+09:00,0.0,0.0,0.0005077158566564322,0.0005077158566564322,0.0,0.001400443841703236,0.001400443841703236
2024-04-18 05:00:00+09:00,0.0,0.0,0.0005077158566564322,0.0005077158566564322,0.0,0.001400443841703236,0.001400443841703236
2024-04-18 06:00:00+09:00,0.0,0.0,0.00031330244382843375,0.00031330244382843375,0.0,7.431963604176417e-05,7.431963604176417e-05
2024-04-18 07:00:00+09:00,0.038605028,0.0,0.026190130040049553,0.026190130040049553,0.0,0.049833767116069794,0.049833767116069794
2024-04-18 08:00:00+09:00,0.17817816,0.038605028,0.18482168873799132,0.18482168873799132,0.0,0.14024557173252106,0.14024557173252106
2024-04-18 09:00:00+09:00,0.354128553,0.17817816,0.316905228901062,0.316905228901062,0.0,0.3342783749103546,0.3342783749103546
2024-04-18 10:00:00+09:00,0.506322954,0.354128553,0.4911992833285599,0.4911992833285599,0.038605028,0.375255041923645,0.375255041923645
2024-04-18 11:00:00+09:00,0.605805538,0.506322954,0.5948882290730515,0.5948882290730515,0.17817816,0.5951777980805969,0.5951777980805969
2024-04-18 12:00:00+09:00,0.660000821,0.605805538,0.6558952660871868,0.6558952660871868,0.354128553,0.745679302540329,0.745679302540329
2024-04-18 13:00:00+09:00,0.706030367,0.660000821,0.6836809994485579,0.6836809994485579,0.506322954,0.6799795517334977,0.6799795517334977
2024-04-18 14:00:00+09:00,0.656289589,0.706030367,0.7075253754732845,0.7075253754732845,0.605805538,0.6094225327125018,0.6094225327125018
2024-04-18 15:00:00+09:00,0.54344349,0.656289589,0.5695363845350876,0.5695363845350876,0.660000821,0.5705643122848473,0.5705643122848473
2024-04-18 16:00:00+09:00,0.433566376,0.54344349,0.4407988378717804,0.4407988378717804,0.706030367,0.4703562241624756,0.4703562241624756
2024-04-18 17:00:00+09:00,0.289539766,0.433566376,0.2651765638881454,0.2651765638881454,0.656289589,0.2984066124680176,0.2984066124680176
2024-04-18 18:00:00+09:00,0.138830885,0.289539766,0.19144958673545454,0.19144958673545454,0.54344349,0.15704809519790652,0.15704809519790652
2024-04-18 19:00:00+09:00,0.026727032,0.138830885,0.014711089141139971,0.014711089141139971,0.433566376,0.0,0.0
2024-04-18 20:00:00+09:00,0.0,0.026727032,0.0,0.0,0.289539766,0.0,0.0
2024-04-18 21:00:00+09:00,0.0,,,,,,
2024-04-18 22:00:00+09:00,0.0,0.0,0.0,0.0,0.026727032,0.0,0.0
2024-04-18 23:00:00+09:00,0.0,0.0,0.0,0.0,0.0,0.0,0.0
2024-04-19 00:00:00+09:00,0.0,0.0,0.00010028106044046581,0.00010028106044046581,0.0,0.0004019767511636019,0.0004019767511636019
2024-04-19 01:00:00+09:00,0.0,0.0,0.00010028106044046581,0.00010028106044046581,0.0,0.0004019767511636019,0.0004019767511636019
2024-04-19 02:00:00+09:00,0.0,0.0,0.00010028106044046581,0.00010028106044046581,0.0,0.0004019767511636019,0.0004019767511636019
2024-04-19 03:00:00+09:00,0.0,0.0,0.00010028106044046581,0.00010028106044046581,0.0,0.0004019767511636019,0.0004019767511636019
2024-04-19 04:00:00+09:00,0.0,0.0,0.00010028106044046581,0.00010028106044046581,0.0,0.0004019767511636019,0.0004019767511636019
2024-04-19 05:00:00+09:00,0.0,0.0,0.00010028106044046581,0.00010028106044046581,0.0,0.0004019767511636019,0.0004019767511636019
2024-04-19 06:00:00+09:00,0.0,0.0,4.917444312013686e-05,4.917444312013686e-05,0.0,0.0,0.0
2024-04-19 07:00:00+09:00,0.048256285,0.0,0.05131226405501366,0.05131226405501366,0.0,0.050672948360443115,0.050672948360443115
2024-04-19 08:00:00+09:00,0.192283922,0.048256285,0.17043332706705094,0.17043332706705094,0.0,0.10125988721847534,0.10125988721847534
2024-04-19 09:00:00+09:00,0.375658834,0.192283922,0.3014673675728531,0.3014673675728531,0.0,0.19639508426189423,0.19639508426189423
2024-04-19 10:00:00+09:00,0.532306713,0.375658834,0.5002387851671066,0.5002387851671066,0.048256285,0.4242566297532654,0.4242566297532654
2024-04-19 11:00:00+09:00,0.636243802,0.532306713,0.5953337223679428,0.5953337223679428,0.192283922,0.5652525659037323,0.5652525659037323
2024-04-19 12:00:00+09:00,0.693409098,0.636243802,0.6960585307964821,0.6960585307964821,0.375658834,0.6310375273422089,0.6310375273422089
2024-04-19 13:00:00+09:00,0.706030367,0.693409098,0.7134982791400651,0.7134982791400651,0.532306713,0.6315452204496269,0.6315452204496269
2024-04-19 14:00:00+09:00,0.688955619,0.706030367,0.7394083906542225,0.7394083906542225,0.636243802,0.7351996865758438,0.7351996865758438
2024-04-19 15:00:00+09:00,0.593926515,0.688955619,0.654336041770977,0.654336041770977,0.693409098,0.6940853057100574,0.6940853057100574
2024-04-19 16:00:00+09:00,0.391991335,0.593926515,0.4833824667502785,0.4833824667502785,0.706030367,0.4725145083497925,0.4725145083497925
2024-04-19 17:00:00+09:00,0.276918497,0.391991335,0.2571661053552246,0.2571661053552246,0.688955619,0.484423964284462,0.484423964284462
2024-04-19 18:00:00+09:00,0.10913384,0.276918497,0.11014408997084807,0.11014408997084807,0.593926515,0.22625332655204777,0.22625332655204777
2024-04-19 19:00:00+09:00,0.028211525,0.10913384,0.01511963496145248,0.01511963496145248,0.391991335,0.01558037384887695,0.01558037384887695
2024-04-19 20:00:00+09:00,0.0,0.028211525,0.005782524413728715,0.005782524413728715,0.276918497,0.05513314536597441,0.05513314536597441
2024-04-19 21:00:00+09:00,0.0,0.0,0.0002893940545618534,0.0002893940545618534,0.10913384,0.0,0.0
2024-04-19 22:00:00+09:00,0.0,0.0,0.0008124064770527184,0.0008124064770527184,0.028211525,0.005591877094769479,0.005591877094769479
2024-04-19 23:00:00+09:00,0.0,0.0,0.0008124064770527184,0.0008124064770527184,0.0,0.0028157844208180904,0.0028157844208180904
2024-04-20 00:00:00+09:00,0.0,0.0,0.0,0.0,0.0,0.0,0.0
2024-04-20 01:00:00+09:00,0.0,0.0,0.0,0.0,0.0,0.0,0.0
2024-04-20 02:00:00+09:00,0.0,0.0,0.0,0.0,0.0,0.0,0.0
2024-04-20 03:00:00+09:00,0.0,0.0,0.0,0.0,0.0,0.0,0.0
2024-04-20 04:00:00+09:00,0.0,0.0,0.0,0.0,0.0,0.0,0.0
2024-04-20 05:00:00+09:00,0.0,0.0,0.0,0.0,0.0,0.0,0.0
2024-04-20 06:00:00+09:00,0.0,0.0,0.0,0.0,0.0,0.0,0.0
2024-04-20 07:00:00+09:00,0.027469278,0.0,0.04364144802093506,0.04364144802093506,0.0,0.058131370693445206,0.058131370693445206
2024-04-20 08:00:00+09:00,0.082407835,0.027469278,0.13971784772694396,0.13971784772694396,0.0,0.102938711643219,0.102938711643219
2024-04-20 09:00:00+09:00,0.090573573,0.082407835,0.25075283932014464,0.25075283932014464,0.0,0.29617252945899963,0.29617252945899963
2024-04-20 10:00:00+09:00,0.07646781,0.090573573,0.2588853775330048,0.2588853775330048,0.027469278,0.4613068706017761,0.4613068706017761
2024-04-20 11:00:00+09:00,0.183374911,0.07646781,0.15878667476278305,0.15878667476278305,0.082407835,0.3103075205020523,0.3103075205020523
2024-04-20 12:00:00+09:00,0.124725122,0.183374911,0.24155322407649613,0.24155322407649613,0.090573573,0.32513543356137087,0.32513543356137087
2024-04-20 13:00:00+09:00,0.083150082,0.124725122,0.1493350900662155,0.1493350900662155,0.07646781,0.2080709764609909,0.2080709764609909
2024-04-20 14:00:00+09:00,0.104679335,0.083150082,0.1229486472089119,0.1229486472089119,0.183374911,0.21463422795103645,0.21463422795103645
2024-04-20 15:00:00+09:00,0.122497356,0.104679335,0.03816382223554611,0.03816382223554611,0.124725122,0.021757747973224634,0.021757747973224634
2024-04-20 16:00:00+09:00,0.085376821,0.122497356,0.023082366647773744,0.023082366647773744,0.083150082,0.0,0.0
2024-04-20 17:00:00+09:00,0.038605028,0.085376821,0.020010396379848486,0.020010396379848486,0.104679335,0.0,0.0
2024-04-20 18:00:00+09:00,0.020787007,0.038605028,0.0,0.0,0.122497356,0.0,0.0
2024-04-20 19:00:00+09:00,0.0,0.020787007,0.0,0.0,0.085376821,0.0,0.0
2024-04-20 20:00:00+09:00,0.0,0.0,0.0,0.0,0.038605028,0.0,0.0
2024-04-20 21:00:00+09:00,0.0,0.0,0.001444439752958715,0.001444439752958715,0.020787007,0.0,0.0
2024-04-20 22:00:00+09:00,0.0,0.0,0.001967452932149172,0.001967452932149172,0.0,0.0,0.0
2024-04-20 23:00:00+09:00,0.0,0.0,0.001967452932149172,0.001967452932149172,0.0,0.00564777385443449,0.00564777385443449
2024-04-21 00:00:00+09:00,0.0,0.0,0.00046919664600864053,0.00046919664600864053,0.0,0.0011268154485151172,0.0011268154485151172
2024-04-21 01:00:00+09:00,0.0,0.0,0.00046919664600864053,0.00046919664600864053,0.0,0.0011268154485151172,0.0011268154485151172
2024-04-21 02:00:00+09:00,0.0,0.0,0.00046919664600864053,0.00046919664600864053,0.0,0.0011268154485151172,0.0011268154485151172
2024-04-21 03:00:00+09:00,0.0,0.0,0.00046919664600864053,0.00046919664600864053,0.0,0.0011268154485151172,0.0011268154485151172
2024-04-21 04:00:00+09:00,0.0,0.0,0.00046919664600864053,0.00046919664600864053,0.0,0.0011268154485151172,0.0011268154485151172
2024-04-21 05:00:00+09:00,0.0,0.0,0.00046919664600864053,0.00046919664600864053,0.0,0.0011268154485151172,0.0011268154485151172
2024-04-21 06:00:00+09:00,0.0,0.0,0.0005116335232742131,0.0005116335232742131,0.0,0.0015473495004698634,0.0015473495004698634
2024-04-21 07:00:00+09:00,0.0,0.0,0.04648967832326889,0.04648967832326889,0.0,0.07699034363031387,0.07699034363031387
2024-04-21 08:00:00+09:00,0.051968544,0.0,0.11421371251344681,0.11421371251344681,0.0,0.16428358852863312,0.16428358852863312
2024-04-21 09:00:00+09:00,0.043059534,0.051968544,0.21625068711599732,0.21625068711599732,0.0,0.27666404843330383,0.27666404843330383
2024-04-21 10:00:00+09:00,0.046771793,0.043059534,0.16483256833418275,0.16483256833418275,0.0,0.40381380915641785,0.40381380915641785
2024-04-21 11:00:00+09:00,0.061619801,0.046771793,0.0976821541111641,0.0976821541111641,0.051968544,0.30629077481588746,0.30629077481588746
2024-04-21 12:00:00+09:00,0.083150082,0.061619801,0.09023084446811772,0.09023084446811772,0.043059534,0.32057124988897706,0.32057124988897706
2024-04-21 13:00:00+09:00,0.063847567,0.083150082,0.08449191049433273,0.08449191049433273,0.046771793,0.22971746169735718,0.22971746169735718
2024-04-21 14:00:00+09:00,0.148482142,0.063847567,0.08616664730807971,0.08616664730807971,0.061619801,0.1598595208677063,0.1598595208677063
2024-04-21 15:00:00+09:00,0.090573573,0.148482142,0.042942857353488934,0.042942857353488934,0.083150082,0.0,0.0
2024-04-21 16:00:00+09:00,0.102452596,0.090573573,0.0005486621327858016,0.0005486621327858016,0.063847567,0.0,0.0
2024-04-21 17:00:00+09:00,0.086861314,0.102452596,0.029821520021720893,0.029821520021720893,0.148482142,0.0,0.0
2024-04-21 18:00:00+09:00,0.075725564,0.086861314,0.0,0.0,0.090573573,0.0,0.0
2024-04-21 19:00:00+09:00,0.010393504,0.075725564,0.004703172680725093,0.004703172680725093,0.102452596,0.0,0.0
2024-04-21 20:00:00+09:00,0.0,0.010393504,0.0,0.0,0.086861314,0.0,0.0
2024-04-21 21:00:00+09:00,0.0,0.0,0.0,0.0,0.075725564,0.0,0.0
2024-04-21 22:00:00+09:00,0.0,0.0,0.0,0.0,0.010393504,0.0,0.0
2024-04-21 23:00:00+09:00,0.0,0.0,0.0,0.0,0.0,0.0,0.0
2024-04-22 00:00:00+09:00,,,,,,,
2024-04-22 01:00:00+09:00,0.0,,,,0.0,0.0,0.0
2024-04-22 02:00:00+09:00,0.0,0.0,0.0,0.0,0.0,0.0,0.0
2024-04-22 03:00:00+09:00,0.0,0.0,0.0,0.0,,,
2024-04-22 04:00:00+09:00,0.0,0.0,0.0,0.0,0.0,0.0,0.0
2024-04-22 05:00:00+09:00,0.0,0.0,0.0,0.0,0.0,0.0,0.0
2024-04-22 06:00:00+09:00,0.0,0.0,8.223095210269094e-05,8.223095210269094e-05,0.0,0.0,0.0
2024-04-22 07:00:00+09:00,0.016332502,0.0,0.012947296723723412,0.012947296723723412,0.0,0.004265804309397936,0.004265804309397936
2024-04-22 08:00:00+09:00,0.096513598,0.016332502,0.08713006459918213,0.08713006459918213,0.0,0.07721307873725891,0.07721307873725891
2024-04-22 09:00:00+09:00,0.26726724,0.096513598,0.1914855081190567,0.1914855081190567,0.0,0.2189497947692871,0.2189497947692871
2024-04-22 10:00:00+09:00,0.316265771,0.26726724,0.34287494958662035,0.34287494958662035,0.016332502,0.3089971193000336,0.3089971193000336
2024-04-22 11:00:00+09:00,0.331857053,0.316265771,0.4229219572826347,0.4229219572826347,0.096513598,0.4015979159225922,0.4015979159225922
2024-04-22 12:00:00+09:00,0.231631197,0.331857053,0.4082590466323166,0.4082590466323166,0.26726724,0.5812211761000061,0.5812211761000061
2024-04-22 13:00:00+09:00,0.212328683,0.231631197,0.25646360401258184,0.25646360401258184,0.316265771,0.5053563954516372,0.5053563954516372
2024-04-22 14:00:00+09:00,0.208616424,0.212328683,0.16608063818136024,0.16608063818136024,0.331857053,0.3041217489125996,0.3041217489125996
2024-04-22 15:00:00+09:00,0.175950394,0.208616424,0.1989286231083026,0.1989286231083026,0.231631197,0.26951333131835176,0.26951333131835176
2024-04-22 16:00:00+09:00,0.261328241,0.175950394,0.08585020991701509,0.08585020991701509,0.212328683,0.09972172544518279,0.09972172544518279
2024-04-22 17:00:00+09:00,0.193026169,0.261328241,0.21358950264197923,0.21358950264197923,0.208616424,0.037670928632949824,0.037670928632949824
2024-04-22 18:00:00+09:00,0.077210057,0.193026169,0.055579869804710386,0.055579869804710386,0.175950394,0.0,0.0
2024-04-22 19:00:00+09:00,0.024499266,0.077210057,0.0,0.0,0.261328241,0.0,0.0
2024-04-22 20:00:00+09:00,0.0,0.024499266,0.0,0.0,0.193026169,0.0,0.0
2024-04-22 21:00:00+09:00,0.0,0.0,0.0,0.0,0.077210057,0.0,0.0
2024-04-22 22:00:00+09:00,0.0,0.0,0.0,0.0,0.024499266,0.0,0.0
2024-04-22 23:00:00+09:00,0.0,0.0,0.0,0.0,0.0,0.0,0.0
2024-04-23 00:00:00+09:00,0.0,,,,,,
2024-04-23 01:00:00+09:00,0.0,0.0,0.0,0.0,0.0,0.0,0.0
2024-04-23 02:00:00+09:00,0.0,0.0,0.0,0.0,0.0,0.0,0.0
2024-04-23 03:00:00+09:00,0.0,0.0,0.0,0.0,0.0,0.0,0.0
2024-04-23 04:00:00+09:00,0.0,0.0,0.0,0.0,0.0,0.0,0.0
2024-04-23 05:00:00+09:00,0.0,0.0,0.0,0.0,0.0,0.0,0.0
2024-04-23 06:00:00+09:00,0.0,0.0,0.0,0.0,0.0,0.0,0.0
2024-04-23 07:00:00+09:00,0.05419631,0.0,0.009771130047738552,0.009771130047738552,0.0,0.004419539589434862,0.004419539589434862
2024-04-23 08:00:00+09:00,0.192283922,0.05419631,0.10536300461131096,0.10536300461131096,0.0,0.05258282646536827,0.05258282646536827
2024-04-23 09:00:00+09:00,0.361553071,0.192283922,0.2681404660773964,0.2681404660773964,0.0,0.1379539668560028,0.1379539668560028
2024-04-23 10:00:00+09:00,0.486277167,0.361553071,0.4979432056921921,0.4979432056921921,0.05419631,0.2522507875724411,0.2522507875724411
2024-04-23 11:00:00+09:00,0.552351474,0.486277167,0.6009205470458908,0.6009205470458908,0.192283922,0.4063477899265976,0.4063477899265976
2024-04-23 12:00:00+09:00,0.630304804,0.552351474,0.6012167028913726,0.6012167028913726,0.361553071,0.5546146313923798,0.5546146313923798
2024-04-23 13:00:00+09:00,0.51077746,0.630304804,0.6682482379702129,0.6682482379702129,0.486277167,0.668469492592041,0.668469492592041
2024-04-23 14:00:00+09:00,0.390506842,0.51077746,0.44461088027664186,0.44461088027664186,0.552351474,0.6509386814961662,0.6509386814961662
2024-04-23 15:00:00+09:00,0.373431068,0.390506842,0.3251921840138359,0.3251921840138359,0.630304804,0.5896447616842785,0.5896447616842785
2024-04-23 16:00:00+09:00,0.202677426,0.373431068,0.3126942814258747,0.3126942814258747,0.51077746,0.3854866787404633,0.3854866787404633
2024-04-23 17:00:00+09:00,0.071271059,0.202677426,0.2101769862481067,0.2101769862481067,0.390506842,0.18669555412005617,0.18669555412005617
2024-04-23 18:00:00+09:00,0.01113575,0.071271059,0.0,0.0,0.373431068,0.17135242753903196,0.17135242753903196
2024-04-23 19:00:00+09:00,0.0,0.01113575,0.0,0.0,0.202677426,0.0,0.0
2024-04-23 20:00:00+09:00,0.0,0.0,0.0,0.0,0.071271059,0.0,0.0
2024-04-23 21:00:00+09:00,0.0,0.0,0.004079765174537897,0.004079765174537897,0.01113575,0.0,0.0
2024-04-23 22:00:00+09:00,0.0,0.0,0.004770586732774973,0.004770586732774973,0.0,0.0031557101756334305,0.0031557101756334305
2024-04-23 23:00:00+09:00,0.0,0.0,0.004770586732774973,0.004770586732774973,0.0,0.022660119459033012,0.022660119459033012
2024-04-24 00:00:00+09:00,0.0,0.0,0.0,0.0,0.0,0.0,0.0
2024-04-24 01:00:00+09:00,0.0,0.0,0.0,0.0,0.0,0.0,0.0
2024-04-24 02:00:00+09:00,0.0,0.0,0.0,0.0,0.0,0.0,0.0
2024-04-24 03:00:00+09:00,0.0,0.0,0.0,0.0,0.0,0.0,0.0
2024-04-24 04:00:00+09:00,0.0,0.0,0.0,0.0,0.0,0.0,0.0
2024-04-24 05:00:00+09:00,0.0,0.0,0.0,0.0,0.0,0.0,0.0
2024-04-24 06:00:00+09:00,0.0,0.0,0.0,0.0,0.0,0.0,0.0
2024-04-24 07:00:00+09:00,0.051968544,0.0,0.03539828583598137,0.03539828583598137,0.0,0.031859949231147766,0.031859949231147766
2024-04-24 08:00:00+09:00,0.114330592,0.051968544,0.18554724680742646,0.18554724680742646,0.0,0.12114527821540833,0.12114527821540833
2024-04-24 09:00:00+09:00,0.178920406,0.114330592,0.21822234466027451,0.21822234466027451,0.0,0.206755131483078,0.206755131483078
2024-04-24 10:00:00+09:00,0.291024259,0.178920406,0.2610949306648789,0.2610949306648789,0.051968544,0.27535369920095826,0.27535369920095826
2024-04-24 11:00:00+09:00,0.144027637,0.291024259,0.42412873235243226,0.42412873235243226,0.114330592,0.4297520838613434,0.4297520838613434
2024-04-24 12:00:00+09:00,0.544185736,0.144027637,0.19374711593500327,0.19374711593500327,0.178920406,0.33626701225457767,0.33626701225457767
2024-04-24 13:00:00+09:00,0.55457924,0.544185736,0.5361855949903116,0.5361855949903116,0.291024259,0.4685220333625641,0.4685220333625641
2024-04-24 14:00:00+09:00,0.558291499,0.55457924,0.5646152465698624,0.5646152465698624,0.144027637,0.1830016688059921,0.1830016688059921
2024-04-24 15:00:00+09:00,0.368976562,0.558291499,0.48295962480823895,0.48295962480823895,0.544185736,0.4383286170358047,0.4383286170358047
2024-04-24 16:00:00+09:00,0.291766505,0.368976562,0.27433221665688706,0.27433221665688706,0.55457924,0.4411367668864632,0.4411367668864632
2024-04-24 17:00:00+09:00,0.369719835,0.291766505,0.18501210516393662,0.18501210516393662,0.558291499,0.3595975678972473,0.3595975678972473
2024-04-24 18:00:00+09:00,0.18708717,0.369719835,0.28518966771837234,0.28518966771837234,0.368976562,0.10958015797206117,0.10958015797206117
2024-04-24 19:00:00+09:00,0.042317287,0.18708717,0.11852729242555618,0.11852729242555618,0.291766505,0.0,0.0
2024-04-24 20:00:00+09:00,0.0,0.042317287,0.017603062959491732,0.017603062959491732,0.369719835,0.1435814071464157,0.1435814071464157
2024-04-24 21:00:00+09:00,0.0,0.0,0.0,0.0,0.18708717,0.06667985689155578,0.06667985689155578
2024-04-24 22:00:00+09:00,0.0,0.0,0.0,0.0,0.042317287,0.014684488000452044,0.014684488000452044
2024-04-24 23:00:00+09:00,0.0,0.0,0.0,0.0,0.0,0.0,0.0
2024-04-25 00:00:00+09:00,,,,,,,
2024-04-25 01:00:00+09:00,0.0,,,,0.0,0.001400443841703236,0.001400443841703236
2024-04-25 02:00:00+09:00,0.0,0.0,0.0005077158566564322,0.0005077158566564322,0.0,0.001400443841703236,0.001400443841703236
2024-04-25 03:00:00+09:00,0.0,0.0,0.0005077158566564322,0.0005077158566564322,,,
2024-04-25 04:00:00+09:00,0.0,0.0,0.0005077158566564322,0.0005077158566564322,0.0,0.001400443841703236,0.001400443841703236
2024-04-25 05:00:00+09:00,0.0,0.0,0.0005077158566564322,0.0005077158566564322,0.0,0.001400443841703236,0.001400443841703236
2024-04-25 06:00:00+09:00,0.000742246,0.0,0.00031330244382843375,0.00031330244382843375,0.0,7.431963604176417e-05,7.431963604176417e-05
2024-04-25 07:00:00+09:00,0.074241071,0.000742246,0.03927169048590279,0.03927169048590279,0.0,0.042714543640613556,0.042714543640613556
2024-04-25 08:00:00+09:00,0.241282454,0.074241071,0.19518905784120177,0.19518905784120177,0.0,0.1410224288702011,0.1410224288702011
2024-04-25 09:00:00+09:00,0.434308623,0.241282454,0.3663415967087784,0.3663415967087784,0.000742246,0.2038331074397049,0.2038331074397049
2024-04-25 10:00:00+09:00,0.584275257,0.434308623,0.5642155455788116,0.5642155455788116,0.074241071,0.4542507817887268,0.4542507817887268
2024-04-25 11:00:00+09:00,0.692666851,0.584275257,0.699642572709591,0.699642572709591,0.241282454,0.5500335602622071,0.5500335602622071
2024-04-25 12:00:00+09:00,0.749089901,0.692666851,0.7876266762773285,0.7876266762773285,0.434308623,0.7496640133102874,0.7496640133102874
2024-04-25 13:00:00+09:00,0.750575421,0.749089901,0.7733092891422281,0.7733092891422281,0.584275257,0.737162020215065,0.737162020215065
2024-04-25 14:00:00+09:00,0.72904514,0.750575421,0.7585027744938693,0.7585027744938693,0.692666851,0.7520231641988049,0.7520231641988049
2024-04-25 15:00:00+09:00,0.647380578,0.72904514,0.6554765649157905,0.6554765649157905,0.749089901,0.6649851097163925,0.6649851097163925
2024-04-25 16:00:00+09:00,0.522655456,0.647380578,0.5121998215503006,0.5121998215503006,0.750575421,0.6546136192922554,0.6546136192922554
2024-04-25 17:00:00+09:00,0.346705062,0.522655456,0.3459349113041458,0.3459349113041458,0.72904514,0.33747129365982054,0.33747129365982054
2024-04-25 18:00:00+09:00,0.170011395,0.346705062,0.14627519032164765,0.14627519032164765,0.647380578,0.10008649774258427,0.10008649774258427
2024-04-25 19:00:00+09:00,0.037862782,0.170011395,0.06743487843133927,0.06743487843133927,0.522655456,0.2015111731821594,0.2015111731821594
2024-04-25 20:00:00+09:00,0.0,0.037862782,0.009530686406785963,0.009530686406785963,0.346705062,0.052548480836593636,0.052548480836593636
2024-04-25 21:00:00+09:00,0.0,0.0,0.0,0.0,0.170011395,0.0206768003926468,0.0206768003926468
2024-04-25 22:00:00+09:00,0.0,0.0,0.0,0.0,0.037862782,0.0,0.0
2024-04-25 23:00:00+09:00,0.0,0.0,0.0,0.0,0.0,0.0,0.0
2024-04-26 00:00:00+09:00,0.0,,,,,,
2024-04-26 01:00:00+09:00,0.0,0.0,0.00010028106044046581,0.00010028106044046581,0.0,0.0004019767511636019,0.0004019767511636019
2024-04-26 02:00:00+09:00,0.0,0.0,0.00010028106044046581,0.00010028106044046581,0.0,0.0004019767511636019,0.0004019767511636019
2024-04-26 03:00:00+09:00,0.0,0.0,0.00010028106044046581,0.00010028106044046581,0.0,0.0004019767511636019,0.0004019767511636019
2024-04-26 04:00:00+09:00,0.0,0.0,0.00010028106044046581,0.00010028106044046581,0.0,0.0004019767511636019,0.0004019767511636019
2024-04-26 05:00:00+09:00,0.0,0.0,0.00010028106044046581,0.00010028106044046581,0.0,0.0004019767511636019,0.0004019767511636019
2024-04-26 06:00:00+09:00,0.000742246,0.0,0.0028791704680770636,0.0028791704680770636,0.0,0.004529368132352829,0.004529368132352829
2024-04-26 07:00:00+09:00,0.03266603,0.000742246,0.08295617678565598,0.08295617678565598,0.0,0.1240927055478096,0.1240927055478096
2024-04-26 08:00:00+09:00,0.070528812,0.03266603,0.15612669534519197,0.15612669534519197,0.0,0.152093768119812,0.152093768119812
2024-04-26 09:00:00+09:00,0.106907101,0.070528812,0.219011820146286,0.219011820146286,0.000742246,0.35495041736764527,0.35495041736764527
2024-04-26 10:00:00+09:00,0.237571222,0.106907101,0.25266426953141785,0.25266426953141785,0.03266603,0.4567132020695496,0.4567132020695496
2024-04-26 11:00:00+09:00,0.235343456,0.237571222,0.31173763167130664,0.31173763167130664,0.070528812,0.3123588778464432,0.3123588778464432
2024-04-26 12:00:00+09:00,0.280630755,0.235343456,0.26352883289745427,0.26352883289745427,0.106907101,0.4066108182317505,0.4066108182317505
2024-04-26 13:00:00+09:00,0.338538298,0.280630755,0.2561173948870945,0.2561173948870945,0.237571222,0.4376372520254822,0.4376372520254822
2024-04-26 14:00:00+09:00,0.54344349,0.338538298,0.334678052075557,0.334678052075557,0.235343456,0.29602872180929757,0.29602872180929757
2024-04-26 15:00:00+09:00,0.429854117,0.54344349,0.4917385877981091,0.4917385877981091,0.280630755,0.21328708785045625,0.21328708785045625
2024-04-26 16:00:00+09:00,0.380855585,0.429854117,0.3005699884532852,0.3005699884532852,0.338538298,0.1761630117784958,0.1761630117784958
2024-04-26 17:00:00+09:00,0.231631197,0.380855585,0.235692153236351,0.235692153236351,0.54344349,0.20052607748054507,0.20052607748054507
2024-04-26 18:00:00+09:00,0.118042851,0.231631197,0.11375676091954423,0.11375676091954423,0.429854117,0.07229735668887327,0.07229735668887327
2024-04-26 19:00:00+09:00,0.027469278,0.118042851,0.04957249215142823,0.04957249215142823,0.380855585,0.1104845949620819,0.1104845949620819
2024-04-26 20:00:00+09:00,0.0,0.027469278,0.005040277413728714,0.005040277413728714,0.231631197,0.009845845365974437,0.009845845365974437
2024-04-26 21:00:00+09:00,0.0,0.0,0.0002893940545618534,0.0002893940545618534,0.118042851,0.008635709195304875,0.008635709195304875
2024-04-26 22:00:00+09:00,0.0,0.0,0.0008124064770527184,0.0008124064770527184,0.027469278,0.004849630094769478,0.004849630094769478
2024-04-26 23:00:00+09:00,0.0,0.0,0.0008124064770527184,0.0008124064770527184,0.0,0.0028157844208180904,0.0028157844208180904
2024-04-27 00:00:00+09:00,0.0,0.0,0.0,0.0,0.0,0.0,0.0
2024-04-27 01:00:00+09:00,0.0,0.0,0.0,0.0,0.0,0.0,0.0
2024-04-27 02:00:00+09:00,0.0,0.0,0.0,0.0,0.0,0.0,0.0
2024-04-27 03:00:00+09:00,0.0,0.0,0.0,0.0,0.0,0.0,0.0
2024-04-27 04:00:00+09:00,0.0,0.0,0.0,0.0,0.0,0.0,0.0
2024-04-27 05:00:00+09:00,0.0,0.0,0.0,0.0,0.0,0.0,0.0
2024-04-27 06:00:00+09:00,0.000742246,0.0,0.0030919916462153196,0.0030919916462153196,0.0,0.010432221926748753,0.010432221926748753
2024-04-27 07:00:00+09:00,0.069044319,0.000742246,0.05169655808610535,0.05169655808610535,0.0,0.052014101296663284,0.052014101296663284
2024-04-27 08:00:00+09:00,0.228662211,0.069044319,0.15855470022177126,0.15855470022177126,0.0,0.14178499579429626,0.14178499579429626
2024-04-27 09:00:00+09:00,0.415748355,0.228662211,0.34401077359822846,0.34401077359822846,0.000742246,0.2050283444802246,0.2050283444802246
2024-04-27 10:00:00+09:00,0.559775991,0.415748355,0.515895550160389,0.515895550160389,0.069044319,0.30692028721784975,0.30692028721784975
2024-04-27 11:00:00+09:00,0.644410566,0.559775991,0.627523367859188,0.627523367859188,0.228662211,0.4834696534266815,0.4834696534266815
2024-04-27 12:00:00+09:00,0.691182359,0.644410566,0.7119242032447014,0.7119242032447014,0.415748355,0.7288213046479035,0.7288213046479035
2024-04-27 13:00:00+09:00,0.71790939,0.691182359,0.7298482496936646,0.7298482496936646,0.559775991,0.7284289427173767,0.7284289427173767
2024-04-27 14:00:00+09:00,0.711227119,0.71790939,0.7323771108736539,0.7323771108736539,0.644410566,0.6941544604876194,0.6941544604876194
2024-04-27 15:00:00+09:00,0.64366832,0.711227119,0.6423941850972595,0.6423941850972595,0.691182359,0.5848287705977288,0.5848287705977288
2024-04-27 16:00:00+09:00,0.527852208,0.64366832,0.5679862610696029,0.5679862610696029,0.71790939,0.5642859282766723,0.5642859282766723
2024-04-27 17:00:00+09:00,0.350417321,0.527852208,0.3917225009019928,0.3917225009019928,0.711227119,0.4326554239106598,0.4326554239106598
2024-04-27 18:00:00+09:00,0.173723654,0.350417321,0.37284640726794815,0.37284640726794815,0.64366832,0.37184509259445186,0.37184509259445186
2024-04-27 19:00:00+09:00,0.042317287,0.173723654,0.09547890081806565,0.09547890081806565,0.527852208,0.2584497338350372,0.2584497338350372
2024-04-27 20:00:00+09:00,,,,,,,
2024-04-27 21:00:00+09:00,0.0,,,,0.173723654,0.0770306672136345,0.0770306672136345
2024-04-27 22:00:00+09:00,0.0,0.0,0.001967452932149172,0.001967452932149172,0.042317287,0.022159178676187517,0.022159178676187517
2024-04-27 23:00:00+09:00,0.0,0.0,0.001967452932149172,0.001967452932149172,,,
2024-04-28 00:00:00+09:00,0.0,0.0,0.00046919664600864053,0.00046919664600864053,0.0,0.0011268154485151172,0.0011268154485151172
2024-04-28 01:00:00+09:00,0.0,0.0,0.00046919664600864053,0.00046919664600864053,0.0,0.0011268154485151172,0.0011268154485151172
2024-04-28 02:00:00+09:00,0.0,0.0,0.00046919664600864053,0.00046919664600864053,0.0,0.0011268154485151172,0.0011268154485151172
2024-04-28 03:00:00+09:00,0.0,0.0,0.00046919664600864053,0.00046919664600864053,0.0,0.0011268154485151172,0.0011268154485151172
2024-04-28 04:00:00+09:00,0.0,0.0,0.00046919664600864053,0.00046919664600864053,0.0,0.0011268154485151172,0.0011268154485151172
2024-04-28 05:00:00+09:00,0.0,0.0,0.00046919664600864053,0.00046919664600864053,0.0,0.0011268154485151172,0.0011268154485151172
2024-04-28 06:00:00+09:00,0.002226739,0.0,0.0029728845693171024,0.0029728845693171024,0.0,0.011234981007874012,0.011234981007874012
2024-04-28 07:00:00+09:00,0.084634575,0.002226739,0.06453480086795235,0.06453480086795235,0.0,0.07947988063097,0.07947988063097
2024-04-28 08:00:00+09:00,0.2197532,0.084634575,0.20727411930818557,0.20727411930818557,0.0,0.15835940837860107,0.15835940837860107
2024-04-28 09:00:00+09:00,0.342992803,0.2197532,0.2908286320025444,0.2908286320025444,0.002226739,0.28937029726377866,0.28937029726377866
2024-04-28 10:00:00+09:00,0.409809357,0.342992803,0.5124411488995819,0.5124411488995819,0.084634575,0.6073841181900025,0.6073841181900025
2024-04-28 11:00:00+09:00,0.549382488,0.409809357,0.5326082170730896,0.5326082170730896,0.2197532,0.6080086769515991,0.6080086769515991
2024-04-28 12:00:00+09:00,0.680046609,0.549382488,0.6236101265426521,0.6236101265426521,0.342992803,0.6875788773522644,0.6875788773522644
2024-04-28 13:00:00+09:00,0.683757841,0.680046609,0.6680003948068943,0.6680003948068943,0.409809357,0.5170064479833908,0.5170064479833908
2024-04-28 14:00:00+09:00,0.636986048,0.683757841,0.6470964023560677,0.6470964023560677,0.549382488,0.5799273408379202,0.5799273408379202
2024-04-28 15:00:00+09:00,0.579820752,0.636986048,0.515666143076561,0.515666143076561,0.680046609,0.47590306992891696,0.47590306992891696
2024-04-28 16:00:00+09:00,0.475883663,0.579820752,0.43170128748336034,0.43170128748336034,0.683757841,0.3618589335769806,0.3618589335769806
2024-04-28 17:00:00+09:00,0.314039032,0.475883663,0.3858043032897835,0.3858043032897835,0.636986048,0.2825370440651398,0.2825370440651398
2024-04-28 18:00:00+09:00,0.166299137,0.314039032,0.15355884565680694,0.15355884565680694,0.579820752,0.14289456591525274,0.14289456591525274
2024-04-28 19:00:00+09:00,0.0452873,0.166299137,0.08215391141549303,0.08215391141549303,0.475883663,0.25873239368332673,0.25873239368332673
2024-04-28 20:00:00+09:00,0.0,,,,,,
2024-04-28 21:00:00+09:00,,,,,,,
2024-04-28 22:00:00+09:00,0.0,,,,0.0452873,0.012128688493776324,0.012128688493776324
2024-04-28 23:00:00+09:00,,,,,,,
2024-04-29 00:00:00+09:00,,,,,,,
2024-04-29 01:00:00+09:00,0.0,,,,0.0,0.0,0.0
2024-04-29 02:00:00+09:00,0.0,0.0,0.0,0.0,,,
2024-04-29 03:00:00+09:00,0.0,0.0,0.0,0.0,,,
2024-04-29 04:00:00+09:00,0.0,0.0,0.0,0.0,0.0,0.0,0.0
2024-04-29 05:00:00+09:00,0.0,0.0,0.0,0.0,0.0,0.0,0.0
2024-04-29 06:00:00+09:00,0.0,0.0,0.002588087460026145,0.002588087460026145,0.0,0.03297460824251175,0.03297460824251175
2024-04-29 07:00:00+09:00,0.0,0.0,0.05564546957612038,0.05564546957612038,0.0,0.07263790816068649,0.07263790816068649
2024-04-29 08:00:00+09:00,0.018560268,0.0,0.10894645750522614,0.10894645750522614,0.0,0.11924497783184052,0.11924497783184052
2024-04-29 09:00:00+09:00,0.02375702,0.018560268,0.09980789573513794,0.09980789573513794,0.0,0.25068965554237366,0.25068965554237366
2024-04-29 10:00:00+09:00,0.050484051,0.02375702,0.12949150985815047,0.12949150985815047,0.0,0.2207353413105011,0.2207353413105011
2024-04-29 11:00:00+09:00,0.123981849,0.050484051,0.1901583867181549,0.1901583867181549,0.018560268,0.4449673071654968,0.4449673071654968
2024-04-29 12:00:00+09:00,0.099482583,0.123981849,0.10906083200886155,0.10906083200886155,0.02375702,0.20030085182525634,0.20030085182525634
2024-04-29 13:00:00+09:00,0.115816112,0.099482583,0.0904505356463151,0.0904505356463151,0.050484051,0.16456243861806488,0.16456243861806488
2024-04-29 14:00:00+09:00,0.07646781,0.115816112,0.1085058165224905,0.1085058165224905,0.123981849,0.013837010309242254,0.013837010309242254
2024-04-29 15:00:00+09:00,0.051226298,0.07646781,0.0392022037754631,0.0392022037754631,0.099482583,0.07583959784978199,0.07583959784978199
2024-04-29 16:00:00+09:00,0.07795333,0.051226298,0.0,0.0,0.115816112,0.0,0.0
2024-04-29 17:00:00+09:00,0.058649789,0.07795333,0.0,0.0,0.07646781,0.0,0.0
2024-04-29 18:00:00+09:00,0.025984785,0.058649789,0.0,0.0,0.051226298,0.0,0.0
2024-04-29 19:00:00+09:00,0.008166764,0.025984785,0.0,0.0,0.07795333,0.0,0.0
2024-04-29 20:00:00+09:00,0.0,0.008166764,0.0,0.0,0.058649789,0.0,0.0
2024-04-29 21:00:00+09:00,0.0,,,,,,
2024-04-29 22:00:00+09:00,0.0,0.0,0.0,0.0,0.008166764,0.0,0.0
2024-04-29 23:00:00+09:00,0.0,,,,,,
2024-04-30 00:00:00+09:00,0.0,,,,,,
2024-04-30 01:00:00+09:00,0.0,0.0,0.0,0.0,0.0,0.0,0.0
2024-04-30 02:00:00+09:00,0.0,0.0,0.0,0.0,0.0,0.0,0.0
2024-04-30 03:00:00+09:00,0.0,0.0,0.0,0.0,0.0,0.0,0.0
2024-04-30 04:00:00+09:00,0.0,0.0,0.0,0.0,0.0,0.0,0.0
2024-04-30 05:00:00+09:00,0.0,0.0,0.0,0.0,0.0,0.0,0.0
2024-04-30 06:00:00+09:00,0.0,0.0,0.0,0.0,0.0,0.0,0.0
2024-04-30 07:00:00+09:00,0.001484493,0.0,0.012111610732972622,0.012111610732972622,0.0,0.007639830466359854,0.007639830466359854
2024-04-30 08:00:00+09:00,0.057907543,0.001484493,0.05757951943346787,0.05757951943346787,0.0,0.04455386847257614,0.04455386847257614
2024-04-30 09:00:00+09:00,0.262070488,0.057907543,0.1664791990482979,0.1664791990482979,0.0,0.18158893287181854,0.18158893287181854
2024-04-30 10:00:00+09:00,0.423915119,0.262070488,0.3531915431857948,0.3531915431857948,0.001484493,0.24270797727772522,0.24270797727772522
2024-04-30 11:00:00+09:00,0.383082325,0.423915119,0.5861066590028229,0.5861066590028229,0.057907543,0.2690071527326279,0.2690071527326279
2024-04-30 12:00:00+09:00,0.573881754,0.383082325,0.40551667324049473,0.40551667324049473,0.262070488,0.5340511610747223,0.5340511610747223
2024-04-30 13:00:00+09:00,0.633274816,0.573881754,0.5775259829128899,0.5775259829128899,0.423915119,0.5051366100984039,0.5051366100984039
2024-04-30 14:00:00+09:00,0.560518238,0.633274816,0.5747510940070305,0.5747510940070305,0.383082325,0.4458538986627579,0.4458538986627579
2024-04-30 15:00:00+09:00,0.576851766,0.560518238,0.5933321446696167,0.5933321446696167,0.573881754,0.583342739660553,0.583342739660553
2024-04-30 16:00:00+09:00,0.300675516,0.576851766,0.4975486801960144,0.4975486801960144,0.633274816,0.49228910359098055,0.49228910359098055
2024-04-30 17:00:00+09:00,0.270979498,0.300675516,0.20164017098208997,0.20164017098208997,0.560518238,0.527520123175705,0.527520123175705
2024-04-30 18:00:00+09:00,0.066816553,0.270979498,0.19025085535750197,0.19025085535750197,0.576851766,0.4004605667688522,0.4004605667688522
2024-04-30 19:00:00+09:00,0.0,0.066816553,0.022890261832263947,0.022890261832263947,0.300675516,0.24201831313034627,0.24201831313034627
2024-04-30 20:00:00+09:00,0.0,0.0,0.0,0.0,0.270979498,0.1923092496107559,0.1923092496107559
2024-04-30 21:00:00+09:00,0.0,0.0,0.004079765174537897,0.004079765174537897,0.066816553,0.038879034567263604,0.038879034567263604
2024-04-30 22:00:00+09:00,,,,,,,
2024-04-30 23:00:00+09:00,0.0,,,,0.0,0.022660119459033012,0.022660119459033012
2024-05-01 00:00:00+09:00,0.0,0.0,0.0009949903469532728,0.0009949903469532728,0.0,0.0023204819299280643,0.0023204819299280643
2024-05-01 01:00:00+09:00,0.0,0.0,0.0009949903469532728,0.0009949903469532728,,,
2024-05-01 02:00:00+09:00,0.0,0.0,0.0009949903469532728,0.0009949903469532728,0.0,0.0023204819299280643,0.0023204819299280643
2024-05-01 03:00:00+09:00,0.0,0.0,0.0009949903469532728,0.0009949903469532728,0.0,0.0023204819299280643,0.0023204819299280643
2024-05-01 04:00:00+09:00,0.0,0.0,0.0009949903469532728,0.0009949903469532728,0.0,0.0023204819299280643,0.0023204819299280643
2024-05-01 05:00:00+09:00,0.0,0.0,0.0009949903469532728,0.0009949903469532728,0.0,0.0023204819299280643,0.0023204819299280643
2024-05-01 06:00:00+09:00,0.0,0.0,0.002350857248529792,0.002350857248529792,0.0,0.0036171053070575,0.0036171053070575
2024-05-01 07:00:00+09:00,0.004454505,0.0,0.034045685082674026,0.034045685082674026,0.0,0.025940902531147003,0.025940902531147003
2024-05-01 08:00:00+09:00,0.030438264,0.004454505,0.06891882077205658,0.06891882077205658,0.0,0.08036060631275177,0.08036060631275177
2024-05-01 09:00:00+09:00,0.051968544,0.030438264,0.13685317813116454,0.13685317813116454,0.0,0.2970760762691498,0.2970760762691498
2024-05-01 10:00:00+09:00,0.112846099,0.051968544,0.1716281913455429,0.1716281913455429,0.004454505,0.26717854693878174,0.26717854693878174
2024-05-01 11:00:00+09:00,0.286569754,0.112846099,0.22988018409492875,0.22988018409492875,0.030438264,0.3111522394295349,0.3111522394295349
2024-05-01 12:00:00+09:00,0.591699775,0.286569754,0.3788929082110443,0.3788929082110443,0.051968544,0.4018363349374237,0.4018363349374237
2024-05-01 13:00:00+09:00,0.570911741,0.591699775,0.6518812847033978,0.6518812847033978,0.112846099,0.28240665064337156,0.28240665064337156
2024-05-01 14:00:00+09:00,0.410551603,0.570911741,0.5805789335857663,0.5805789335857663,0.286569754,0.30104826331435824,0.30104826331435824
2024-05-01 15:00:00+09:00,0.281373002,0.410551603,0.36456286446316527,0.36456286446316527,0.591699775,0.6196783517197609,0.6196783517197609
2024-05-01 16:00:00+09:00,0.263554981,0.281373002,0.23670883885755728,0.23670883885755728,0.570911741,0.44134381983834836,0.44134381983834836
2024-05-01 17:00:00+09:00,0.175208147,0.263554981,0.16426180864053347,0.16426180864053347,0.410551603,0.06644609109623717,0.06644609109623717
2024-05-01 18:00:00+09:00,0.172239161,0.175208147,0.05409138215653611,0.05409138215653611,0.281373002,0.0,0.0
2024-05-01 19:00:00+09:00,0.03266603,0.172239161,0.11087649585341072,0.11087649585341072,0.263554981,0.0,0.0
2024-05-01 20:00:00+09:00,0.0,0.03266603,0.005385727281718253,0.005385727281718253,0.175208147,0.0,0.0
2024-05-01 21:00:00+09:00,0.0,0.0,0.0,0.0,0.172239161,0.015947452649818422,0.015947452649818422
2024-05-01 22:00:00+09:00,0.0,,,,,,
2024-05-01 23:00:00+09:00,0.0,0.0,0.0,0.0,0.0,0.0,0.0
2024-05-02 00:00:00+09:00,,,,,,,
2024-05-02 01:00:00+09:00,0.0,,,,0.0,0.00029550757608376443,0.00029550757608376443
2024-05-02 02:00:00+09:00,0.0,0.0,0.0,0.0,0.0,0.00029550757608376443,0.00029550757608376443
2024-05-02 03:00:00+09:00,0.0,0.0,0.0,0.0,,,
2024-05-02 04:00:00+09:00,0.0,0.0,0.0,0.0,0.0,0.00029550757608376443,0.00029550757608376443
2024-05-02 05:00:00+09:00,0.0,0.0,0.0,0.0,0.0,0.00029550757608376443,0.00029550757608376443
2024-05-02 06:00:00+09:00,0.003712259,0.0,0.0,0.0,0.0,0.00010257441317662597,0.00010257441317662597
2024-05-02 07:00:00+09:00,0.088346833,0.003712259,0.024692984064873694,0.024692984064873694,0.0,0.034335508942604065,0.034335508942604065
2024-05-02 08:00:00+09:00,0.249449218,0.088346833,0.15747229159813692,0.15747229159813692,0.0,0.10645867139101028,0.10645867139101028
2024-05-02 09:00:00+09:00,0.424657365,0.249449218,0.338689307058876,0.338689307058876,0.003712259,0.19227572507208252,0.19227572507208252
2024-05-02 10:00:00+09:00,0.568685002,0.424657365,0.5236918532011414,0.5236918532011414,0.088346833,0.3206601977441864,0.3206601977441864
2024-05-02 11:00:00+09:00,0.714197132,0.568685002,0.6091013917037507,0.6091013917037507,0.249449218,0.5336257464538269,0.5336257464538269
2024-05-02 12:00:00+09:00,0.767650169,0.714197132,0.7302901439454861,0.7302901439454861,0.424657365,0.6409962528107072,0.6409962528107072
2024-05-02 13:00:00+09:00,0.692666851,0.767650169,0.7334187409430447,0.7334187409430447,0.568685002,0.6453474828311463,0.6453474828311463
2024-05-02 14:00:00+09:00,,,,,,,
2024-05-02 15:00:00+09:00,0.659258575,,,,0.767650169,0.7698297455496791,0.7698297455496791
2024-05-02 16:00:00+09:00,0.536761218,0.659258575,0.5635607846157074,0.5635607846157074,0.692666851,0.5115172490636597,0.5115172490636597
2024-05-02 17:00:00+09:00,0.377885573,0.536761218,0.43447557209784315,0.43447557209784315,,,
2024-05-02 18:00:00+09:00,0.176693667,0.377885573,0.24034336993126676,0.24034336993126676,0.659258575,0.34795171097679134,0.34795171097679134
2024-05-02 19:00:00+09:00,0.034150523,0.176693667,0.09927209866589737,0.09927209866589737,0.536761218,0.25234209864193724,0.25234209864193724
2024-05-02 20:00:00+09:00,0.000742246,0.034150523,0.013537657313583376,0.013537657313583376,0.377885573,0.20002051481632993,0.20002051481632993
2024-05-02 21:00:00+09:00,0.0,0.000742246,0.0006469685865069777,0.0006469685865069777,0.176693667,0.04405659837073517,0.04405659837073517
2024-05-02 22:00:00+09:00,0.0,0.0,0.0023845445830374956,0.0023845445830374956,0.034150523,0.0,0.0
2024-05-02 23:00:00+09:00,0.0,0.0,0.0023845445830374956,0.0023845445830374956,0.000742246,0.008256149081417084,0.008256149081417084
2024-05-03 00:00:00+09:00,0.0,,,,,,
2024-05-03 01:00:00+09:00,0.0,0.0,0.0,0.0,0.0,0.0,0.0
2024-05-03 02:00:00+09:00,0.0,0.0,0.0,0.0,0.0,0.0,0.0
2024-05-03 03:00:00+09:00,0.0,0.0,0.0,0.0,0.0,0.0,0.0
2024-05-03 04:00:00+09:00,0.0,0.0,0.0,0.0,0.0,0.0,0.0
2024-05-03 05:00:00+09:00,0.0,0.0,0.0,0.0,0.0,0.0,0.0
2024-05-03 06:00:00+09:00,0.002970012,0.0,0.004282780922949314,0.004282780922949314,0.0,0.010435829870402813,0.010435829870402813
2024-05-03 07:00:00+09:00,0.089831326,0.002970012,0.06277157934585761,0.06277157934585761,0.0,0.06595320254564285,0.06595320254564285
2024-05-03 08:00:00+09:00,0.255388216,0.089831326,0.17704605667998885,0.17704605667998885,0.0,0.08696499466896057,0.08696499466896057
2024-05-03 09:00:00+09:00,0.44395988,0.255388216,0.3639080607108269,0.3639080607108269,0.002970012,0.2858449538258667,0.2858449538258667
2024-05-03 10:00:00+09:00,0.587987516,0.44395988,0.5919973136242676,0.5919973136242676,0.089831326,0.4665981566827545,0.4665981566827545
2024-05-03 11:00:00+09:00,0.674849857,0.587987516,0.6081834527841482,0.6081834527841482,0.255388216,0.49948202155152893,0.49948202155152893
2024-05-03 12:00:00+09:00,0.750575421,0.674849857,0.6939473807637758,0.6939473807637758,0.44395988,0.5820296437796402,0.5820296437796402
2024-05-03 13:00:00+09:00,0.789180449,0.750575421,0.7252080269103012,0.7252080269103012,0.587987516,0.6961638591429863,0.6961638591429863
2024-05-03 14:00:00+09:00,0.767650169,,,,,,
2024-05-03 15:00:00+09:00,0.683757841,0.767650169,0.7064647196381989,0.7064647196381989,0.750575421,0.6704306878094635,0.6704306878094635
2024-05-03 16:00:00+09:00,0.556805979,0.683757841,0.6040019089073334,0.6040019089073334,0.789180449,0.6700116235524406,0.6700116235524406
2024-05-03 17:00:00+09:00,0.38902235,0.556805979,0.4563701483472862,0.4563701483472862,0.767650169,0.49475200162825017,0.49475200162825017
2024-05-03 18:00:00+09:00,0.197480674,0.38902235,0.2637499716745377,0.2637499716745377,0.683757841,0.34597426594201663,0.34597426594201663
2024-05-03 19:00:00+09:00,0.051968544,0.197480674,0.11054090699694061,0.11054090699694061,0.556805979,0.23931704042997737,0.23931704042997737
2024-05-03 20:00:00+09:00,0.000742246,0.051968544,0.013581200712532042,0.013581200712532042,0.38902235,0.12280508844718935,0.12280508844718935
2024-05-03 21:00:00+09:00,0.0,0.000742246,0.0,0.0,0.197480674,0.07275583139202499,0.07275583139202499
2024-05-03 22:00:00+09:00,0.0,0.0,0.0011237792205065489,0.0011237792205065489,0.051968544,0.01642810853680992,0.01642810853680992
2024-05-03 23:00:00+09:00,0.0,0.0,0.0011237792205065489,0.0011237792205065489,0.000742246,0.008749723037608624,0.008749723037608624
2024-05-04 00:00:00+09:00,0.0,0.0,0.0,0.0,0.0,0.0,0.0
2024-05-04 01:00:00+09:00,0.0,0.0,0.0,0.0,0.0,0.0,0.0
2024-05-04 02:00:00+09:00,0.0,0.0,0.0,0.0,0.0,0.0,0.0
2024-05-04 03:00:00+09:00,0.0,0.0,0.0,0.0,0.0,0.0,0.0
2024-05-04 04:00:00+09:00,0.0,0.0,0.0,0.0,0.0,0.0,0.0
2024-05-04 05:00:00+09:00,0.0,0.0,0.0,0.0,0.0,0.0,0.0
2024-05-04 06:00:00+09:00,0.003712259,0.0,0.003167204326018691,0.003167204326018691,0.0,0.0,0.0
2024-05-04 07:00:00+09:00,0.095028078,0.003712259,0.057779595022853854,0.057779595022853854,0.0,0.06266430765390396,0.06266430765390396
2024-05-04 08:00:00+09:00,0.262070488,0.095028078,0.2025669494671135,0.2025669494671135,0.0,0.19348886609077454,0.19348886609077454
2024-05-04 09:00:00+09:00,0.440248647,0.262070488,0.4087340345621948,0.4087340345621948,0.003712259,0.36733468598669433,0.36733468598669433
2024-05-04 10:00:00+09:00,0.583533011,0.440248647,0.5973007765070648,0.5973007765070648,0.095028078,0.4041800851029663,0.4041800851029663
2024-05-04 11:00:00+09:00,0.666683093,0.583533011,0.627941816668354,0.627941816668354,0.262070488,0.4964013209582214,0.4964013209582214
2024-05-04 12:00:00+09:00,0.72904514,0.666683093,0.7371434125190429,0.7371434125190429,0.440248647,0.7154263940111847,0.7154263940111847
2024-05-04 13:00:00+09:00,0.74018089,0.72904514,0.756385982410922,0.756385982410922,0.583533011,0.6828473802612648,0.6828473802612648
2024-05-04 14:00:00+09:00,0.726818401,0.74018089,0.6413640407086754,0.6413640407086754,0.666683093,0.6180317851787261,0.6180317851787261
2024-05-04 15:00:00+09:00,0.615456795,0.726818401,0.660531576356388,0.660531576356388,0.72904514,0.598991679402008,0.598991679402008
2024-05-04 16:00:00+09:00,0.484792674,0.615456795,0.5529669724930953,0.5529669724930953,0.74018089,0.5482149523855591,0.5482149523855591
2024-05-04 17:00:00+09:00,0.345962816,0.484792674,0.3818882797310104,0.3818882797310104,0.726818401,0.45237861909577937,0.45237861909577937
2024-05-04 18:00:00+09:00,0.159617892,0.345962816,0.23842561346294022,0.23842561346294022,0.615456795,0.32556617786781306,0.32556617786781306
2024-05-04 19:00:00+09:00,0.062362048,0.159617892,0.04190228739670945,0.04190228739670945,0.484792674,0.1024744753191223,0.1024744753191223
2024-05-04 20:00:00+09:00,0.0,0.062362048,0.02136062008132744,0.02136062008132744,0.345962816,0.0840309495926056,0.0840309495926056
2024-05-04 21:00:00+09:00,0.0,0.0,0.0,0.0,0.159617892,0.027610561343948375,0.027610561343948375
2024-05-04 22:00:00+09:00,0.0,0.0,0.0,0.0,0.062362048,0.017381488501928333,0.017381488501928333
2024-05-04 23:00:00+09:00,,,,,,,
2024-05-05 00:00:00+09:00,0.0,,,,0.0,0.0,0.0
2024-05-05 01:00:00+09:00,0.0,0.0,0.0,0.0,0.0,0.0,0.0
2024-05-05 02:00:00+09:00,0.0,0.0,0.0,0.0,,,
2024-05-05 03:00:00+09:00,0.0,0.0,0.0,0.0,0.0,0.0,0.0
2024-05-05 04:00:00+09:00,0.0,0.0,0.0,0.0,0.0,0.0,0.0
2024-05-05 05:00:00+09:00,0.0,0.0,0.0,0.0,0.0,0.0,0.0
2024-05-05 06:00:00+09:00,0.0,0.0,0.004459047224372625,0.004459047224372625,0.0,0.003999210894107819,0.003999210894107819
2024-05-05 07:00:00+09:00,0.005196752,0.0,0.06389562785625458,0.06389562785625458,0.0,0.0832780972123146,0.0832780972123146
2024-05-05 08:00:00+09:00,0.041575041,0.005196752,0.11676152979150009,0.11676152979150009,0.0,0.1871299147605896,0.1871299147605896
2024-05-05 09:00:00+09:00,0.072755551,0.041575041,0.1845527853408966,0.1845527853408966,0.0,0.35290923714637756,0.35290923714637756
2024-05-05 10:00:00+09:00,0.08908908,0.072755551,0.2240701523021469,0.2240701523021469,0.005196752,0.34753194634928897,0.34753194634928897
2024-05-05 11:00:00+09:00,0.117300605,0.08908908,0.18720529904373168,0.18720529904373168,0.041575041,0.41504513878022764,0.41504513878022764
2024-05-05 12:00:00+09:00,0.143284364,0.117300605,0.18509840738866806,0.18509840738866806,0.072755551,0.3893116768792877,0.3893116768792877
2024-05-05 13:00:00+09:00,0.12175511,0.143284364,0.16407267595831299,0.16407267595831299,0.08908908,0.29323579301841735,0.29323579301841735
2024-05-05 14:00:00+09:00,0.07795333,0.12175511,0.10760000244967699,0.10760000244967699,0.117300605,0.19860395562742233,0.19860395562742233
2024-05-05 15:00:00+09:00,0.078695576,0.07795333,0.026625371296958925,0.026625371296958925,0.143284364,0.05028937603536987,0.05028937603536987
2024-05-05 16:00:00+09:00,0.050484051,0.078695576,0.0017404661653289827,0.0017404661653289827,0.12175511,0.009964974497184753,0.009964974497184753
2024-05-05 17:00:00+09:00,0.028211525,0.050484051,0.0117448987473259,0.0117448987473259,0.07795333,0.0,0.0
2024-05-05 18:00:00+09:00,0.019302514,0.028211525,0.0,0.0,0.078695576,0.0,0.0
2024-05-05 19:00:00+09:00,0.002970012,0.019302514,0.0,0.0,0.050484051,0.0,0.0
2024-05-05 20:00:00+09:00,0.0,0.002970012,0.0,0.0,0.028211525,0.0,0.0
2024-05-05 21:00:00+09:00,0.0,0.0,0.0,0.0,0.019302514,0.0,0.0
2024-05-05 22:00:00+09:00,0.0,0.0,0.0020912555046379566,0.0020912555046379566,0.002970012,0.0,0.0
2024-05-05 23:00:00+09:00,0.0,,,,,,
2024-05-06 00:00:00+09:00,,,,,,,
2024-05-06 01:00:00+09:00,0.0,,,,0.0,0.0009897334966808558,0.0009897334966808558
2024-05-06 02:00:00+09:00,0.0,0.0,0.0003005281905643642,0.0003005281905643642,0.0,0.0009897334966808558,0.0009897334966808558
2024-05-06 03:00:00+09:00,0.0,0.0,0.0003005281905643642,0.0003005281905643642,,,
2024-05-06 04:00:00+09:00,0.0,0.0,0.0003005281905643642,0.0003005281905643642,0.0,0.0009897334966808558,0.0009897334966808558
2024-05-06 05:00:00+09:00,0.0,0.0,0.0003005281905643642,0.0003005281905643642,0.0,0.0009897334966808558,0.0009897334966808558
2024-05-06 06:00:00+09:00,0.0,0.0,0.00158044439740479,0.00158044439740479,0.0,0.0019404442282393575,0.0019404442282393575
2024-05-06 07:00:00+09:00,0.039347275,0.0,0.0359937958419323,0.0359937958419323,0.0,0.04387923330068588,0.04387923330068588
2024-05-06 08:00:00+09:00,0.204161919,0.039347275,0.10577539990463257,0.10577539990463257,0.0,0.12010175734758377,0.12010175734758377
2024-05-06 09:00:00+09:00,0.231631197,0.204161919,0.28844265574440386,0.28844265574440386,0.0,0.24895840883255005,0.24895840883255005
2024-05-06 10:00:00+09:00,0.478111429,0.231631197,0.3438922688011856,0.3438922688011856,0.039347275,0.3766203064731598,0.3766203064731598
2024-05-06 11:00:00+09:00,0.570911741,0.478111429,0.551827756548027,0.551827756548027,0.204161919,0.4185869612716141,0.4185869612716141
2024-05-06 12:00:00+09:00,0.712712639,0.570911741,0.7086093929823074,0.7086093929823074,0.231631197,0.4518894627337189,0.4518894627337189
2024-05-06 13:00:00+09:00,0.728302894,0.712712639,0.7749332794805184,0.7749332794805184,0.478111429,0.6051307151557006,0.6051307151557006
2024-05-06 14:00:00+09:00,0.762453417,0.728302894,0.7291326055564347,0.7291326055564347,0.570911741,0.6296642777736816,0.6296642777736816
2024-05-06 15:00:00+09:00,0.492959438,0.762453417,0.7108014064697666,0.7108014064697666,0.712712639,0.6283015841503754,0.6283015841503754
2024-05-06 16:00:00+09:00,0.364523084,0.492959438,0.47431692491856864,0.47431692491856864,0.728302894,0.7374788958840433,0.7374788958840433
2024-05-06 17:00:00+09:00,0.2420247,0.364523084,0.33060780642951393,0.33060780642951393,0.762453417,0.7307723375825329,0.7307723375825329
2024-05-06 18:00:00+09:00,,,,,,,
2024-05-06 19:00:00+09:00,0.054938557,,,,0.364523084,0.18291679127539062,0.18291679127539062
2024-05-06 20:00:00+09:00,0.000742246,0.054938557,0.020296825469572066,0.020296825469572066,0.2420247,0.031495611026000986,0.031495611026000986
2024-05-06 21:00:00+09:00,0.0,0.000742246,0.0,0.0,,,
2024-05-06 22:00:00+09:00,0.0,0.0,0.0008916195947676897,0.0008916195947676897,0.054938557,0.009886695445615767,0.009886695445615767
2024-05-06 23:00:00+09:00,,,,,,,
2024-05-07 00:00:00+09:00,,,,,,,
2024-05-07 01:00:00+09:00,0.0,,,,0.0,0.00166406633798033,0.00166406633798033
2024-05-07 02:00:00+09:00,0.0,0.0,0.0008215833804570138,0.0008215833804570138,,,
2024-05-07 03:00:00+09:00,0.0,0.0,0.0008215833804570138,0.0008215833804570138,,,
2024-05-07 04:00:00+09:00,0.0,0.0,0.0008215833804570138,0.0008215833804570138,0.0,0.00166406633798033,0.00166406633798033
2024-05-07 05:00:00+09:00,0.0,0.0,0.0008215833804570138,0.0008215833804570138,0.0,0.00166406633798033,0.00166406633798033
2024-05-07 06:00:00+09:00,0.0,0.0,0.0021747713908553123,0.0021747713908553123,0.0,0.0027867977041751146,0.0027867977041751146
2024-05-07 07:00:00+09:00,0.038605028,0.0,0.0637766569852829,0.0637766569852829,0.0,0.061109624803066254,0.061109624803066254
2024-05-07 08:00:00+09:00,0.103937089,0.038605028,0.18899534007561491,0.18899534007561491,0.0,0.28711727261543274,0.28711727261543274
2024-05-07 09:00:00+09:00,0.205647438,0.103937089,0.2577931429484024,0.2577931429484024,0.0,0.25552573800086975,0.25552573800086975
2024-05-07 10:00:00+09:00,0.397188087,0.205647438,0.3403856597645645,0.3403856597645645,0.038605028,0.3717603321934967,0.3717603321934967
2024-05-07 11:00:00+09:00,0.564972743,0.397188087,0.44655361120258524,0.44655361120258524,0.103937089,0.40045151070143126,0.40045151070143126
2024-05-07 12:00:00+09:00,0.345962816,0.564972743,0.6214151639296703,0.6214151639296703,0.205647438,0.5709784917338256,0.5709784917338256
2024-05-07 13:00:00+09:00,0.193026169,0.345962816,0.37708426181973553,0.37708426181973553,0.397188087,0.6268366025820846,0.6268366025820846
2024-05-07 14:00:00+09:00,0.038605028,0.193026169,0.08459198361429596,0.08459198361429596,0.564972743,0.6206991296066933,0.6206991296066933
2024-05-07 15:00:00+09:00,0.01262127,0.038605028,0.0,0.0,0.345962816,0.3574677492380295,0.3574677492380295
2024-05-07 16:00:00+09:00,0.013363516,0.01262127,0.0,0.0,0.193026169,0.0,0.0
2024-05-07 17:00:00+09:00,0.031923784,0.013363516,0.0,0.0,0.038605028,0.0,0.0
2024-05-07 18:00:00+09:00,0.010393504,,,,,,
2024-05-07 19:00:00+09:00,0.000742246,0.010393504,0.0,0.0,0.013363516,0.0,0.0
2024-05-07 20:00:00+09:00,0.0,0.000742246,0.0,0.0,0.031923784,0.0,0.0
2024-05-07 21:00:00+09:00,0.0,0.0,0.0,0.0,0.010393504,0.0,0.0
2024-05-07 22:00:00+09:00,0.0,0.0,0.0,0.0,0.000742246,0.0,0.0
2024-05-07 23:00:00+09:00,0.0,,,,,,
2024-05-08 00:00:00+09:00,0.0,,,,,,
2024-05-08 01:00:00+09:00,0.0,0.0,0.0009949903469532728,0.0009949903469532728,0.0,0.0023204819299280643,0.0023204819299280643
2024-05-08 02:00:00+09:00,0.0,0.0,0.0009949903469532728,0.0009949903469532728,0.0,0.0023204819299280643,0.0023204819299280643
2024-05-08 03:00:00+09:00,0.0,0.0,0.0009949903469532728,0.0009949903469532728,0.0,0.0023204819299280643,0.0023204819299280643
2024-05-08 04:00:00+09:00,0.0,0.0,0.0009949903469532728,0.0009949903469532728,0.0,0.0023204819299280643,0.0023204819299280643
2024-05-08 05:00:00+09:00,0.0,0.0,0.0009949903469532728,0.0009949903469532728,0.0,0.0023204819299280643,0.0023204819299280643
2024-05-08 06:00:00+09:00,0.0,0.0,0.002350857248529792,0.002350857248529792,0.0,0.0036171053070575,0.0036171053070575
2024-05-08 07:00:00+09:00,0.017818021,0.0,0.06420258432626724,0.06420258432626724,0.0,0.06516850739717484,0.06516850739717484
2024-05-08 08:00:00+09:00,0.149966635,0.017818021,0.10497829538640595,0.10497829538640595,0.0,0.1423594355583191,0.1423594355583191
2024-05-08 09:00:00+09:00,0.240540208,0.149966635,0.27724262345958706,0.27724262345958706,0.0,0.3212449550628662,0.3212449550628662
2024-05-08 10:00:00+09:00,0.456581149,0.240540208,0.3351581633866386,0.3351581633866386,0.017818021,0.23639284294900512,0.23639284294900512
2024-05-08 11:00:00+09:00,0.501868449,0.456581149,0.5601120402396431,0.5601120402396431,0.149966635,0.49953515101600643,0.49953515101600643
2024-05-08 12:00:00+09:00,0.575366247,0.501868449,0.5448551809762707,0.5448551809762707,0.240540208,0.47918720700150297,0.47918720700150297
2024-05-08 13:00:00+09:00,0.584275257,0.575366247,0.6156279850023003,0.6156279850023003,0.456581149,0.6502542679489365,0.6502542679489365
2024-05-08 14:00:00+09:00,0.552351474,0.584275257,0.6059444697287388,0.6059444697287388,0.501868449,0.5585955789660206,0.5585955789660206
2024-05-08 15:00:00+09:00,0.41129385,0.552351474,0.503515585495018,0.503515585495018,0.575366247,0.5379393096285077,0.5379393096285077
2024-05-08 16:00:00+09:00,0.250933711,0.41129385,0.3837116292668343,0.3837116292668343,0.584275257,0.5629922693308897,0.5629922693308897
2024-05-08 17:00:00+09:00,0.296221011,0.250933711,0.17669501579574204,0.17669501579574204,0.552351474,0.3765730105171432,0.3765730105171432
2024-05-08 18:00:00+09:00,0.213070929,0.296221011,0.22211852731021497,0.22211852731021497,0.41129385,0.1557101166797638,0.1557101166797638
2024-05-08 19:00:00+09:00,0.060135309,0.213070929,0.15783111746035003,0.15783111746035003,0.250933711,0.04292665845922089,0.04292665845922089
2024-05-08 20:00:00+09:00,0.000742246,0.060135309,0.03285500628171825,0.03285500628171825,0.296221011,0.08658463569196317,0.08658463569196317
2024-05-08 21:00:00+09:00,0.0,0.000742246,0.0,0.0,0.213070929,0.05677922064981841,0.05677922064981841
2024-05-08 22:00:00+09:00,0.0,0.0,0.0,0.0,0.060135309,0.007016830493196485,0.007016830493196485
2024-05-08 23:00:00+09:00,0.0,0.0,0.0,0.0,0.000742246,0.0,0.0
2024-05-09 00:00:00+09:00,0.0,0.0,0.0,0.0,0.0,0.00029550757608376443,0.00029550757608376443
2024-05-09 01:00:00+09:00,0.0,0.0,0.0,0.0,0.0,0.00029550757608376443,0.00029550757608376443
2024-05-09 02:00:00+09:00,0.0,0.0,0.0,0.0,0.0,0.00029550757608376443,0.00029550757608376443
2024-05-09 03:00:00+09:00,0.0,0.0,0.0,0.0,0.0,0.00029550757608376443,0.00029550757608376443
2024-05-09 04:00:00+09:00,0.0,0.0,0.0,0.0,0.0,0.00029550757608376443,0.00029550757608376443
2024-05-09 05:00:00+09:00,0.0,0.0,0.0,0.0,0.0,0.00029550757608376443,0.00029550757608376443
2024-05-09 06:00:00+09:00,0.005196752,0.0,0.0,0.0,0.0,0.00010257441317662597,0.00010257441317662597
2024-05-09 07:00:00+09:00,0.095770325,0.005196752,0.02611563165798378,0.02611563165798378,0.0,0.015237153507769108,0.015237153507769108
2024-05-09 08:00:00+09:00,0.264297227,0.095770325,0.18962584012241362,0.18962584012241362,0.0,0.11666764318943024,0.11666764318943024
2024-05-09 09:00:00+09:00,0.449899905,0.264297227,0.36765847597003176,0.36765847597003176,0.005196752,0.2130578029634018,0.2130578029634018
2024-05-09 10:00:00+09:00,0.597638773,0.449899905,0.6015950372555542,0.6015950372555542,0.095770325,0.4081706958362579,0.4081706958362579
2024-05-09 11:00:00+09:00,0.697121357,0.597638773,0.6775755604860764,0.6775755604860764,0.264297227,0.5709529319751282,0.5709529319751282
2024-05-09 12:00:00+09:00,0.737954151,0.697121357,0.759323981976635,0.759323981976635,0.449899905,0.7183602681496429,0.7183602681496429
2024-05-09 13:00:00+09:00,0.786210437,0.737954151,0.7443854591093132,0.7443854591093132,0.597638773,0.7287259867546539,0.7287259867546539
2024-05-09 14:00:00+09:00,0.760226678,0.786210437,0.7831391989460375,0.7831391989460375,0.697121357,0.6476266769827671,0.6476266769827671
2024-05-09 15:00:00+09:00,0.658516328,0.760226678,0.7021303287606506,0.7021303287606506,0.737954151,0.644851710762001,0.644851710762001
2024-05-09 16:00:00+09:00,0.530079974,0.658516328,0.5666592746605187,0.5666592746605187,0.786210437,0.6270378275515671,0.6270378275515671
2024-05-09 17:00:00+09:00,0.368234316,0.530079974,0.4559047502918472,0.4559047502918472,0.760226678,0.5870882979493408,0.5870882979493408
2024-05-09 18:00:00+09:00,0.191541676,0.368234316,0.25272229511405564,0.25272229511405564,0.658516328,0.3338757559289246,0.3338757559289246
2024-05-09 19:00:00+09:00,0.054938557,0.191541676,0.10086586751067733,0.10086586751067733,0.530079974,0.1346078646822204,0.1346078646822204
2024-05-09 20:00:00+09:00,0.000742246,0.054938557,0.01751494258745384,0.01751494258745384,0.368234316,0.06566632736589051,0.06566632736589051
2024-05-09 21:00:00+09:00,0.0,0.000742246,0.0006469685865069777,0.0006469685865069777,0.191541676,0.05890460737073516,0.05890460737073516
2024-05-09 22:00:00+09:00,0.0,0.0,0.0023845445830374956,0.0023845445830374956,0.054938557,0.020768179000455855,0.020768179000455855
2024-05-09 23:00:00+09:00,0.0,0.0,0.0023845445830374956,0.0023845445830374956,0.000742246,0.008256149081417084,0.008256149081417084
2024-05-10 00:00:00+09:00,0.0,0.0,0.0,0.0,0.0,0.0,0.0
2024-05-10 01:00:00+09:00,0.0,0.0,0.0,0.0,0.0,0.0,0.0
2024-05-10 02:00:00+09:00,0.0,0.0,0.0,0.0,0.0,0.0,0.0
2024-05-10 03:00:00+09:00,0.0,0.0,0.0,0.0,0.0,0.0,0.0
2024-05-10 04:00:00+09:00,0.0,0.0,0.0,0.0,0.0,0.0,0.0
2024-05-10 05:00:00+09:00,0.0,0.0,0.0,0.0,0.0,0.0,0.0
2024-05-10 06:00:00+09:00,0.005196752,0.0,0.004565468989312649,0.004565468989312649,0.0,0.009928200393915176,0.009928200393915176
2024-05-10 07:00:00+09:00,0.087604587,0.005196752,0.06482814808502388,0.06482814808502388,0.0,0.0711526945233345,0.0711526945233345
2024-05-10 08:00:00+09:00,0.242767974,0.087604587,0.16066814683018876,0.16066814683018876,0.0,0.035942442715168,0.035942442715168
2024-05-10 09:00:00+09:00,0.422430626,0.242767974,0.36511766837122345,0.36511766837122345,0.005196752,0.3093020040275116,0.3093020040275116
2024-05-10 10:00:00+09:00,0.572397261,0.422430626,0.5065940235505828,0.5065940235505828,0.087604587,0.44073352686701966,0.44073352686701966
2024-05-10 11:00:00+09:00,0.668909832,0.572397261,0.6004217128071413,0.6004217128071413,0.242767974,0.4251310967016449,0.4251310967016449
2024-05-10 12:00:00+09:00,0.72904514,0.668909832,0.709206915556652,0.709206915556652,0.422430626,0.6180018399606475,0.6180018399606475
2024-05-10 13:00:00+09:00,0.760968924,0.72904514,0.7004191990959787,0.7004191990959787,0.572397261,0.6260346165660248,0.6260346165660248
2024-05-10 14:00:00+09:00,0.737954151,0.760968924,0.6250683520576706,0.6250683520576706,0.668909832,0.5828996739380188,0.5828996739380188
2024-05-10 15:00:00+09:00,0.664455327,0.737954151,0.6767687016381988,0.6767687016381988,0.72904514,0.6489004068094635,0.6489004068094635
2024-05-10 16:00:00+09:00,0.542700217,0.664455327,0.5934588488000412,0.5934588488000412,0.760968924,0.6505866427561989,0.6505866427561989
2024-05-10 17:00:00+09:00,0.386794584,0.542700217,0.38923211478327946,0.38923211478327946,0.737954151,0.4310799055948028,0.4310799055948028
2024-05-10 18:00:00+09:00,0.203419672,0.386794584,0.3218252604245033,0.3218252604245033,0.664455327,0.3669532265323181,0.3669532265323181
2024-05-10 19:00:00+09:00,0.059393062,0.203419672,0.08400204186398696,0.08400204186398696,0.542700217,0.18575348042582707,0.18575348042582707
2024-05-10 20:00:00+09:00,0.000742246,0.059393062,0.021005718712532047,0.021005718712532047,0.386794584,0.12057732244718933,0.12057732244718933
2024-05-10 21:00:00+09:00,0.0,0.000742246,0.0,0.0,0.203419672,0.07869482939202499,0.07869482939202499
2024-05-10 22:00:00+09:00,0.0,0.0,0.0011237792205065489,0.0011237792205065489,0.059393062,0.023852626536809925,0.023852626536809925
2024-05-10 23:00:00+09:00,0.0,0.0,0.0011237792205065489,0.0011237792205065489,0.000742246,0.008749723037608624,0.008749723037608624
2024-05-11 00:00:00+09:00,0.0,0.0,0.0,0.0,0.0,0.0,0.0
2024-05-11 01:00:00+09:00,0.0,0.0,0.0,0.0,0.0,0.0,0.0
2024-05-11 02:00:00+09:00,0.0,0.0,0.0,0.0,0.0,0.0,0.0
2024-05-11 03:00:00+09:00,0.0,0.0,0.0,0.0,0.0,0.0,0.0
2024-05-11 04:00:00+09:00,0.0,0.0,0.0,0.0,0.0,0.0,0.0
2024-05-11 05:00:00+09:00,0.0,0.0,0.0,0.0,0.0,0.0,0.0
2024-05-11 06:00:00+09:00,0.005196752,0.0,0.00538574019446969,0.00538574019446969,0.0,0.010389757342636585,0.010389757342636585
2024-05-11 07:00:00+09:00,0.07795333,0.005196752,0.05589320321693611,0.05589320321693611,0.0,0.05966443568468094,0.05966443568468094
2024-05-11 08:00:00+09:00,0.146254376,0.07795333,0.1716812613802719,0.1716812613802719,0.0,0.13221170008182526,0.13221170008182526
2024-05-11 09:00:00+09:00,0.155905633,0.146254376,0.24844349963052367,0.24844349963052367,0.005196752,0.26086688225283816,0.26086688225283816
2024-05-11 10:00:00+09:00,0.270236225,0.155905633,0.2693106743966179,0.2693106743966179,0.07795333,0.38400762410934447,0.38400762410934447
2024-05-11 11:00:00+09:00,0.400900346,0.270236225,0.2993972572892666,0.2993972572892666,0.146254376,0.4227520976720581,0.4227520976720581
2024-05-11 12:00:00+09:00,0.345219543,0.400900346,0.47864454682569124,0.47864454682569124,0.155905633,0.413407652405365,0.413407652405365
2024-05-11 13:00:00+09:00,0.324432536,0.345219543,0.37256038541092207,0.37256038541092207,0.270236225,0.3695505942612648,0.3695505942612648
2024-05-11 14:00:00+09:00,0.464747913,0.324432536,0.23638065808414077,0.23638065808414077,0.400900346,0.4186254970322094,0.4186254970322094
2024-05-11 15:00:00+09:00,0.442475387,0.464747913,0.4237100591927891,0.4237100591927891,0.345219543,0.3106710405845814,0.3106710405845814
2024-05-11 16:00:00+09:00,0.483308181,0.442475387,0.41655200078383636,0.41655200078383636,0.324432536,0.17708213531373596,0.17708213531373596
2024-05-11 17:00:00+09:00,0.284341988,0.483308181,0.38040378673101044,0.38040378673101044,0.464747913,0.19030813109577943,0.19030813109577943
2024-05-11 18:00:00+09:00,0.088346833,0.284341988,0.16893061700733947,0.16893061700733947,0.442475387,0.208628409646904,0.208628409646904
2024-05-11 19:00:00+09:00,0.030438264,0.088346833,0.0,0.0,0.483308181,0.06908093376184082,0.06908093376184082
2024-05-11 20:00:00+09:00,0.0,0.030438264,0.0,0.0,0.284341988,0.02241012159260558,0.02241012159260558
2024-05-11 21:00:00+09:00,0.0,0.0,0.0,0.0,0.088346833,0.0,0.0
2024-05-11 22:00:00+09:00,0.0,0.0,0.0,0.0,0.030438264,0.0,0.0
2024-05-11 23:00:00+09:00,0.0,0.0,0.0,0.0,0.0,0.00029428282869048417,0.00029428282869048417
2024-05-12 00:00:00+09:00,0.0,0.0,0.0,0.0,0.0,0.0,0.0
2024-05-12 01:00:00+09:00,0.0,0.0,0.0,0.0,0.0,0.0,0.0
2024-05-12 02:00:00+09:00,0.0,0.0,0.0,0.0,0.0,0.0,0.0
2024-05-12 03:00:00+09:00,0.0,0.0,0.0,0.0,0.0,0.0,0.0
2024-05-12 04:00:00+09:00,0.0,0.0,0.0,0.0,0.0,0.0,0.0
2024-05-12 05:00:00+09:00,0.0,0.0,0.0,0.0,0.0,0.0,0.0
2024-05-12 06:00:00+09:00,0.0,0.0,0.004873386584222317,0.004873386584222317,0.0,0.018030086532235146,0.018030086532235146
2024-05-12 07:00:00+09:00,0.005938998,0.0,0.0522737093269825,0.0522737093269825,0.0,0.04356558248400688,0.04356558248400688
2024-05-12 08:00:00+09:00,0.0452873,0.005938998,0.12202017618832398,0.12202017618832398,0.0,0.14064280688762665,0.14064280688762665
2024-05-12 09:00:00+09:00,0.080922316,0.0452873,0.09373307610492707,0.09373307610492707,0.0,0.10130824148654938,0.10130824148654938
2024-05-12 10:00:00+09:00,0.216040942,0.080922316,0.1808724358530197,0.1808724358530197,0.005938998,0.26149567081150815,0.26149567081150815
2024-05-12 11:00:00+09:00,0.236085702,0.216040942,0.23433897189959718,0.23433897189959718,0.0452873,0.22485885406475067,0.22485885406475067
2024-05-12 12:00:00+09:00,0.286569754,0.236085702,0.28793249678406907,0.28793249678406907,0.080922316,0.2542594775409851,0.2542594775409851
2024-05-12 13:00:00+09:00,0.56348825,0.286569754,0.3088301330462017,0.3088301330462017,0.216040942,0.3728236287103577,0.3728236287103577
2024-05-12 14:00:00+09:00,0.686727853,0.56348825,0.5493394065253139,0.5493394065253139,0.236085702,0.26675060231778813,0.26675060231778813
2024-05-12 15:00:00+09:00,0.499640683,0.686727853,0.6306972554622441,0.6306972554622441,0.286569754,0.235920047725729,0.235920047725729
2024-05-12 16:00:00+09:00,0.318493537,0.499640683,0.4203678018497543,0.4203678018497543,0.56348825,0.4109701266117096,0.4109701266117096
2024-05-12 17:00:00+09:00,0.184117158,0.318493537,0.25031160502749633,0.25031160502749633,0.686727853,0.5358750386832505,0.5358750386832505
2024-05-12 18:00:00+09:00,0.091315819,0.184117158,0.08125248277617264,0.08125248277617264,0.499640683,0.17525611287823484,0.17525611287823484
2024-05-12 19:00:00+09:00,0.031923784,0.091315819,0.031006110881561286,0.031006110881561286,0.318493537,0.08844882934409332,0.08844882934409332
2024-05-12 20:00:00+09:00,0.0,0.031923784,0.009208364469131466,0.009208364469131466,0.184117158,0.011597176138885501,0.011597176138885501
2024-05-12 21:00:00+09:00,0.0,0.0,0.0,0.0,0.091315819,0.0,0.0
2024-05-12 22:00:00+09:00,0.0,0.0,0.0020912555046379566,0.0020912555046379566,0.031923784,0.0,0.0
2024-05-12 23:00:00+09:00,0.0,0.0,0.0020912555046379566,0.0020912555046379566,0.0,0.00402058195322752,0.00402058195322752
2024-05-13 00:00:00+09:00,0.0,0.0,0.0003005281905643642,0.0003005281905643642,0.0,0.0009897334966808558,0.0009897334966808558
2024-05-13 01:00:00+09:00,0.0,0.0,0.0003005281905643642,0.0003005281905643642,0.0,0.0009897334966808558,0.0009897334966808558
2024-05-13 02:00:00+09:00,0.0,0.0,0.0003005281905643642,0.0003005281905643642,0.0,0.0009897334966808558,0.0009897334966808558
2024-05-13 03:00:00+09:00,,,,,,,
2024-05-13 04:00:00+09:00,0.0,,,,0.0,0.0009897334966808558,0.0009897334966808558
2024-05-13 05:00:00+09:00,0.0,0.0,0.0003005281905643642,0.0003005281905643642,0.0,0.0009897334966808558,0.0009897334966808558
2024-05-13 06:00:00+09:00,0.004454505,0.0,0.00158044439740479,0.00158044439740479,,,
2024-05-13 07:00:00+09:00,0.103194842,0.004454505,0.03902592912662506,0.03902592912662506,0.0,0.0415940023958683,0.0415940023958683
2024-05-13 08:00:00+09:00,0.274690731,0.103194842,0.21835426415919496,0.21835426415919496,0.0,0.1510332226753235,0.1510332226753235
2024-05-13 09:00:00+09:00,0.459551162,0.274690731,0.3823098452201424,0.3823098452201424,0.004454505,0.27897672012794494,0.27897672012794494
2024-05-13 10:00:00+09:00,0.601351032,0.459551162,0.5574323748305435,0.5574323748305435,0.103194842,0.3406034800004883,0.3406034800004883
2024-05-13 11:00:00+09:00,0.702318109,0.601351032,0.6973777878693885,0.6973777878693885,0.274690731,0.5498186485281524,0.5498186485281524
2024-05-13 12:00:00+09:00,0.75280216,0.702318109,0.7127372877540913,0.7127372877540913,0.459551162,0.6580600504830475,0.6580600504830475
2024-05-13 13:00:00+09:00,0.74018089,0.75280216,0.759442328838203,0.759442328838203,0.601351032,0.7212265450171775,0.7212265450171775
2024-05-13 14:00:00+09:00,0.625108052,0.74018089,0.714243744424119,0.714243744424119,0.702318109,0.6880783069747415,0.6880783069747415
2024-05-13 15:00:00+09:00,0.665197573,0.625108052,0.5601969696130294,0.5601969696130294,0.75280216,0.7926654074243641,0.7926654074243641
2024-05-13 16:00:00+09:00,0.551609227,0.665197573,0.602177313858078,0.602177313858078,0.74018089,0.40289704028381346,0.40289704028381346
2024-05-13 17:00:00+09:00,0.393476855,0.551609227,0.46536043429207996,0.46536043429207996,0.625108052,0.417200867041542,0.417200867041542
2024-05-13 18:00:00+09:00,0.212328683,0.393476855,0.3010645545921135,0.3010645545921135,0.665197573,0.43698900132756047,0.43698900132756047
2024-05-13 19:00:00+09:00,0.066074307,0.212328683,0.12504626379528808,0.12504626379528808,0.551609227,0.2683768361194153,0.2683768361194153
2024-05-13 20:00:00+09:00,0.001484493,0.066074307,0.031432575469572066,0.031432575469572066,0.393476855,0.182947766026001,0.182947766026001
2024-05-13 21:00:00+09:00,0.0,0.001484493,4.9297787747561855e-05,4.9297787747561855e-05,0.212328683,0.05770460830250548,0.05770460830250548
2024-05-13 22:00:00+09:00,0.0,0.0,0.0008916195947676897,0.0008916195947676897,0.066074307,0.021022445445615767,0.021022445445615767
2024-05-13 23:00:00+09:00,0.0,0.0,0.0008916195947676897,0.0008916195947676897,0.001484493,0.0022626343733027875,0.0022626343733027875
2024-05-14 00:00:00+09:00,,,,,,,
2024-05-14 01:00:00+09:00,0.0,,,,0.0,0.00166406633798033,0.00166406633798033
2024-05-14 02:00:00+09:00,0.0,0.0,0.0008215833804570138,0.0008215833804570138,0.0,0.00166406633798033,0.00166406633798033
2024-05-14 03:00:00+09:00,0.0,,,,,,
2024-05-14 04:00:00+09:00,0.0,0.0,0.0008215833804570138,0.0008215833804570138,0.0,0.00166406633798033,0.00166406633798033
2024-05-14 05:00:00+09:00,0.0,0.0,0.0008215833804570138,0.0008215833804570138,0.0,0.00166406633798033,0.00166406633798033
2024-05-14 06:00:00+09:00,0.007424518,0.0,0.004056228324770927,0.004056228324770927,0.0,0.025991152971982956,0.025991152971982956
2024-05-14 07:00:00+09:00,0.112846099,0.007424518,0.06994077516686249,0.06994077516686249,0.0,0.08256524801254272,0.08256524801254272
2024-05-14 08:00:00+09:00,0.280630755,0.112846099,0.25711246595861814,0.25711246595861814,0.0,0.2113867849111557,0.2113867849111557
2024-05-14 09:00:00+09:00,0.461777901,0.280630755,0.43164037423599244,0.43164037423599244,0.007424518,0.3808688069690399,0.3808688069690399
2024-05-14 10:00:00+09:00,0.602093279,0.461777901,0.565178220814682,0.565178220814682,0.112846099,0.569850288491272,0.569850288491272
2024-05-14 11:00:00+09:00,0.68524336,0.602093279,0.7245846387106933,0.7245846387106933,0.280630755,0.7499695892857361,0.7499695892857361
2024-05-14 12:00:00+09:00,0.705288121,0.68524336,0.7630490281156158,0.7630490281156158,0.461777901,0.8780589156808625,0.8780589156808625
2024-05-14 13:00:00+09:00,0.715681625,0.705288121,0.7719380273372612,0.7719380273372612,0.602093279,0.837057724233345,0.837057724233345
2024-05-14 14:00:00+09:00,0.733499646,0.715681625,0.6675627505693436,0.6675627505693436,0.68524336,0.7131065812430238,0.7131065812430238
2024-05-14 15:00:00+09:00,0.672622091,0.733499646,0.6623047886410675,0.6623047886410675,0.705288121,0.6155878319293938,0.6155878319293938
2024-05-14 16:00:00+09:00,0.557549252,0.672622091,0.554479359512249,0.554479359512249,0.715681625,0.4289561635169983,0.4289561635169983
2024-05-14 17:00:00+09:00,0.394219101,0.557549252,0.40455029794230657,0.40455029794230657,0.733499646,0.4170487521210632,0.4170487521210632
2024-05-14 18:00:00+09:00,0.21084419,0.394219101,0.30161605082767107,0.30161605082767107,0.672622091,0.3018117908882294,0.3018117908882294
2024-05-14 19:00:00+09:00,0.06533206,0.21084419,0.09825945007652281,0.09825945007652281,0.557549252,0.15588690229907232,0.15588690229907232
2024-05-14 20:00:00+09:00,0.002226739,0.06533206,0.009347916832265851,0.009347916832265851,0.394219101,0.06898298912065126,0.06898298912065126
2024-05-14 21:00:00+09:00,0.0,0.002226739,0.0,0.0,0.21084419,0.047689304827156054,0.047689304827156054
2024-05-14 22:00:00+09:00,0.0,0.0,0.0,0.0,0.06533206,0.0031554561760997746,0.0031554561760997746
2024-05-14 23:00:00+09:00,0.0,0.0,0.0,0.0,0.002226739,0.0,0.0
2024-05-15 00:00:00+09:00,0.0,,,,,,
2024-05-15 01:00:00+09:00,0.0,0.0,0.0009949903469532728,0.0009949903469532728,0.0,0.0023204819299280643,0.0023204819299280643
2024-05-15 02:00:00+09:00,0.0,0.0,0.0009949903469532728,0.0009949903469532728,0.0,0.0023204819299280643,0.0023204819299280643
2024-05-15 03:00:00+09:00,0.0,0.0,0.0009949903469532728,0.0009949903469532728,0.0,0.0023204819299280643,0.0023204819299280643
2024-05-15 04:00:00+09:00,0.0,0.0,0.0009949903469532728,0.0009949903469532728,0.0,0.0023204819299280643,0.0023204819299280643
2024-05-15 05:00:00+09:00,0.0,0.0,0.0009949903469532728,0.0009949903469532728,0.0,0.0023204819299280643,0.0023204819299280643
2024-05-15 06:00:00+09:00,0.006681245,0.0,0.007839534431695938,0.007839534431695938,0.0,0.018546612933278084,0.018546612933278084
2024-05-15 07:00:00+09:00,0.104679335,0.006681245,0.07971670869075775,0.07971670869075775,0.0,0.0807611346244812,0.0807611346244812
2024-05-15 08:00:00+09:00,0.268751732,0.104679335,0.2407700308580017,0.2407700308580017,0.0,0.2153903692960739,0.2153903692960739
2024-05-15 09:00:00+09:00,0.445445399,0.268751732,0.3931472887479134,0.3931472887479134,0.006681245,0.3397795969554138,0.3397795969554138
2024-05-15 10:00:00+09:00,0.577594013,0.445445399,0.5759526595609894,0.5759526595609894,0.104679335,0.5543649681825257,0.5543649681825257
2024-05-15 11:00:00+09:00,0.658516328,0.577594013,0.665507041895855,0.665507041895855,0.268751732,0.6693154190861054,0.6693154190861054
2024-05-15 12:00:00+09:00,0.753544406,0.658516328,0.6996947109331398,0.6996947109331398,0.445445399,0.7694121107595673,0.7694121107595673
2024-05-15 13:00:00+09:00,0.786210437,0.753544406,0.7261490849437533,0.7261490849437533,0.577594013,0.6627022186760788,0.6627022186760788
2024-05-15 14:00:00+09:00,0.762453417,0.786210437,0.8751376389267083,0.8751376389267083,0.658516328,0.7802174940337449,0.7802174940337449
2024-05-15 15:00:00+09:00,0.694894617,0.762453417,0.652184719857399,0.652184719857399,0.753544406,0.6814427459271966,0.6814427459271966
2024-05-15 16:00:00+09:00,0.572397261,0.694894617,0.599468683400528,0.599468683400528,0.786210437,0.5430893643500443,0.5430893643500443
2024-05-15 17:00:00+09:00,0.412779369,0.572397261,0.47152847710879897,0.47152847710879897,0.762453417,0.4522467057077332,0.4522467057077332
2024-05-15 18:00:00+09:00,0.202677426,0.412779369,0.29198533350567246,0.29198533350567246,0.694894617,0.3110752455381317,0.3110752455381317
2024-05-15 19:00:00+09:00,0.026727032,0.202677426,0.12521320309197997,0.12521320309197997,0.572397261,0.3406211278203354,0.3406211278203354
2024-05-15 20:00:00+09:00,0.0,0.026727032,0.0,0.0,0.412779369,0.152063854578537,0.152063854578537
2024-05-15 21:00:00+09:00,0.0,0.0,0.0,0.0,0.202677426,0.046385717649818414,0.046385717649818414
2024-05-15 22:00:00+09:00,0.0,0.0,0.0,0.0,0.026727032,0.0,0.0
2024-05-15 23:00:00+09:00,0.0,0.0,0.0,0.0,0.0,0.0,0.0
2024-05-16 00:00:00+09:00,0.0,0.0,0.0,0.0,0.0,0.00029550757608376443,0.00029550757608376443
2024-05-16 01:00:00+09:00,0.0,0.0,0.0,0.0,0.0,0.00029550757608376443,0.00029550757608376443
2024-05-16 02:00:00+09:00,0.0,0.0,0.0,0.0,0.0,0.00029550757608376443,0.00029550757608376443
2024-05-16 03:00:00+09:00,0.0,0.0,0.0,0.0,0.0,0.00029550757608376443,0.00029550757608376443
2024-05-16 04:00:00+09:00,0.0,0.0,0.0,0.0,0.0,0.00029550757608376443,0.00029550757608376443
2024-05-16 05:00:00+09:00,0.0,0.0,0.0,0.0,0.0,0.00029550757608376443,0.00029550757608376443
2024-05-16 06:00:00+09:00,0.000742246,0.0,0.0025313962250947952,0.0025313962250947952,0.0,0.0022459891624748707,0.0022459891624748707
2024-05-16 07:00:00+09:00,0.040090548,0.000742246,0.05645241269273377,0.05645241269273377,0.0,0.061792243272066116,0.061792243272066116
2024-05-16 08:00:00+09:00,0.163330151,0.040090548,0.10606595327582169,0.10606595327582169,0.0,0.03532226383686066,0.03532226383686066
2024-05-16 09:00:00+09:00,0.29844775,0.163330151,0.3238758875512848,0.3238758875512848,0.000742246,0.40600420960588074,0.40600420960588074
2024-05-16 10:00:00+09:00,0.648865071,0.29844775,0.4217343921341896,0.4217343921341896,0.040090548,0.43392361899342347,0.43392361899342347
2024-05-16 11:00:00+09:00,0.760226678,0.648865071,0.7458892658962212,0.7458892658962212,0.163330151,0.5535887314462433,0.5535887314462433
2024-05-16 12:00:00+09:00,0.793634954,0.760226678,0.8265158942799835,0.8265158942799835,0.29844775,0.48382087746047975,0.48382087746047975
2024-05-16 13:00:00+09:00,0.79808946,0.793634954,0.82125810636032,0.82125810636032,0.648865071,0.7230067447437248,0.7230067447437248
2024-05-16 14:00:00+09:00,0.788438203,0.79808946,0.7249423717107392,0.7249423717107392,0.760226678,0.739120172233489,0.739120172233489
2024-05-16 15:00:00+09:00,0.701575862,0.788438203,0.6563687494029312,0.6563687494029312,0.793634954,0.5361615150218048,0.5361615150218048
2024-05-16 16:00:00+09:00,0.579078506,0.701575862,0.5656652168727035,0.5656652168727035,0.79808946,0.6012353752698517,0.6012353752698517
2024-05-16 17:00:00+09:00,0.410551603,0.579078506,0.5165339813303528,0.5165339813303528,0.788438203,0.5236747583379059,0.5236747583379059
2024-05-16 18:00:00+09:00,0.221237693,0.410551603,0.3020729152963905,0.3020729152963905,0.701575862,0.44003962142230224,0.44003962142230224
2024-05-16 19:00:00+09:00,0.0675588,0.221237693,0.1343474276544266,0.1343474276544266,0.579078506,0.2441740140986023,0.2441740140986023
2024-05-16 20:00:00+09:00,0.001484493,0.0675588,0.046945934313583376,0.046945934313583376,0.410551603,0.23268654481632994,0.23268654481632994
2024-05-16 21:00:00+09:00,0.0,0.001484493,0.0013892155865069776,0.0013892155865069776,0.221237693,0.08860062437073518,0.08860062437073518
2024-05-16 22:00:00+09:00,0.0,0.0,0.0023845445830374956,0.0023845445830374956,0.0675588,0.03338842200045586,0.03338842200045586
2024-05-16 23:00:00+09:00,0.0,0.0,0.0023845445830374956,0.0023845445830374956,0.001484493,0.008998396081417084,0.008998396081417084
2024-05-17 00:00:00+09:00,,,,,,,
2024-05-17 01:00:00+09:00,0.0,,,,0.0,0.0,0.0
2024-05-17 02:00:00+09:00,0.0,0.0,0.0,0.0,0.0,0.0,0.0
2024-05-17 03:00:00+09:00,0.0,0.0,0.0,0.0,,,
2024-05-17 04:00:00+09:00,0.0,0.0,0.0,0.0,0.0,0.0,0.0
2024-05-17 05:00:00+09:00,0.0,0.0,0.0,0.0,0.0,0.0,0.0
2024-05-17 06:00:00+09:00,0.011879023,0.0,0.002725169761106372,0.002725169761106372,0.0,0.0008036741055548191,0.0008036741055548191
2024-05-17 07:00:00+09:00,0.096513598,0.011879023,0.04691540433406639,0.04691540433406639,0.0,0.06611078232526779,0.06611078232526779
2024-05-17 08:00:00+09:00,0.210101943,0.096513598,0.16482703272003937,0.16482703272003937,0.0,0.06844401359558105,0.06844401359558105
2024-05-17 09:00:00+09:00,0.40906711,0.210101943,0.37678810535256196,0.37678810535256196,0.011879023,0.3473759552681427,0.3473759552681427
2024-05-17 10:00:00+09:00,0.576851766,0.40906711,0.5447630293944932,0.5447630293944932,0.096513598,0.487799911533783,0.487799911533783
2024-05-17 11:00:00+09:00,0.725332882,0.576851766,0.6132274078228149,0.6132274078228149,0.210101943,0.37349251983944703,0.37349251983944703
2024-05-17 12:00:00+09:00,0.779529192,0.725332882,0.7444304057637758,0.7444304057637758,0.40906711,0.5471368737796403,0.5471368737796403
2024-05-17 13:00:00+09:00,0.781013685,0.779529192,0.7509032510959788,0.7509032510959788,0.576851766,0.6304891215660248,0.6304891215660248
2024-05-17 14:00:00+09:00,0.768392415,0.781013685,0.6451131130576706,0.6451131130576706,0.725332882,0.6393227239380188,0.6393227239380188
2024-05-17 15:00:00+09:00,0.677818843,0.768392415,0.591766895009079,0.591766895009079,0.779529192,0.43411765292224125,0.43411765292224125
2024-05-17 16:00:00+09:00,0.57610952,0.677818843,0.6395145327079944,0.6395145327079944,0.781013685,0.6322778339505768,0.6322778339505768
2024-05-17 17:00:00+09:00,0.400900346,0.57610952,0.5064521793542099,0.5064521793542099,0.768392415,0.44844499344924926,0.44844499344924926
2024-05-17 18:00:00+09:00,0.233858963,0.400900346,0.2852107256243668,0.2852107256243668,0.677818843,0.3754699908424072,0.3754699908424072
2024-05-17 19:00:00+09:00,0.061619801,0.233858963,0.1397083452813034,0.1397083452813034,0.57610952,0.3839796547112656,0.3839796547112656
2024-05-17 20:00:00+09:00,0.001484493,0.061619801,0.013520283177734377,0.013520283177734377,0.400900346,0.11965362425546267,0.11965362425546267
2024-05-17 21:00:00+09:00,0.0,0.001484493,0.0004236565172069072,0.0004236565172069072,0.233858963,0.109134120392025,0.109134120392025
2024-05-17 22:00:00+09:00,0.0,0.0,0.0011237792205065489,0.0011237792205065489,0.061619801,0.026079365536809923,0.026079365536809923
2024-05-17 23:00:00+09:00,0.0,0.0,0.0011237792205065489,0.0011237792205065489,0.001484493,0.009491970037608623,0.009491970037608623
2024-05-18 00:00:00+09:00,0.0,,,,,,
2024-05-18 01:00:00+09:00,0.0,0.0,0.0,0.0,0.0,0.0,0.0
2024-05-18 02:00:00+09:00,0.0,0.0,0.0,0.0,0.0,0.0,0.0
2024-05-18 03:00:00+09:00,0.0,0.0,0.0,0.0,0.0,0.0,0.0
2024-05-18 04:00:00+09:00,0.0,0.0,0.0,0.0,0.0,0.0,0.0
2024-05-18 05:00:00+09:00,0.0,0.0,0.0,0.0,0.0,0.0,0.0
2024-05-18 06:00:00+09:00,0.009651257,0.0,0.0,0.0,0.0,0.0041523706167936325,0.0041523706167936325
2024-05-18 07:00:00+09:00,0.108391594,0.009651257,0.05056945448282432,0.05056945448282432,0.0,0.03479094058275223,0.03479094058275223
2024-05-18 08:00:00+09:00,0.268751732,0.108391594,0.17161657274498365,0.17161657274498365,0.0,0.2101096659898758,0.2101096659898758
2024-05-18 09:00:00+09:00,0.446187646,0.268751732,0.33448850262988283,0.33448850262988283,0.009651257,0.12405731370213699,0.12405731370213699
2024-05-18 10:00:00+09:00,0.584275257,0.446187646,0.5716283031388245,0.5716283031388245,0.108391594,0.4564554205609741,0.4564554205609741
2024-05-18 11:00:00+09:00,0.671137598,0.584275257,0.6598871985163994,0.6598871985163994,0.268751732,0.5235274051510163,0.5235274051510163
2024-05-18 12:00:00+09:00,0.759484431,0.671137598,0.745777752838562,0.745777752838562,0.446187646,0.6203637280150376,0.6203637280150376
2024-05-18 13:00:00+09:00,0.775074687,0.759484431,0.786825273410922,0.786825273410922,0.584275257,0.6835896262612648,0.6835896262612648
2024-05-18 14:00:00+09:00,0.752059914,0.775074687,0.6762578377086754,0.6762578377086754,0.671137598,0.6224862901787261,0.6224862901787261
2024-05-18 15:00:00+09:00,0.677076596,0.752059914,0.698605872518982,0.698605872518982,0.759484431,0.6628522185995636,0.6628522185995636
2024-05-18 16:00:00+09:00,0.559033745,0.677076596,0.6504875786385975,0.6504875786385975,0.775074687,0.7237516531307335,0.7237516531307335
2024-05-18 17:00:00+09:00,0.404612605,0.559033745,0.45877913481914523,0.45877913481914523,0.752059914,0.4556265844177857,0.4556265844177857
2024-05-18 18:00:00+09:00,0.2197532,0.404612605,0.2699780953173447,0.2699780953173447,0.677076596,0.3463668405793152,0.3463668405793152
2024-05-18 19:00:00+09:00,0.071271059,0.2197532,0.11177238244361878,0.11177238244361878,0.559033745,0.15374090618812564,0.15374090618812564
2024-05-18 20:00:00+09:00,0.002970012,0.071271059,0.021226082825168607,0.021226082825168607,0.404612605,0.11592829647109987,0.11592829647109987
2024-05-18 21:00:00+09:00,0.0,0.002970012,0.0,0.0,0.2197532,0.08774586934394837,0.08774586934394837
2024-05-18 22:00:00+09:00,0.0,0.0,0.0,0.0,0.071271059,0.026290499501928327,0.026290499501928327
2024-05-18 23:00:00+09:00,0.0,0.0,0.0,0.0,0.002970012,0.0032642948286904843,0.0032642948286904843
2024-05-19 00:00:00+09:00,0.0,0.0,0.0,0.0,0.0,0.0,0.0
2024-05-19 01:00:00+09:00,0.0,0.0,0.0,0.0,0.0,0.0,0.0
2024-05-19 02:00:00+09:00,0.0,0.0,0.0,0.0,0.0,0.0,0.0
2024-05-19 03:00:00+09:00,0.0,0.0,0.0,0.0,0.0,0.0,0.0
2024-05-19 04:00:00+09:00,0.0,0.0,0.0,0.0,0.0,0.0,0.0
2024-05-19 05:00:00+09:00,0.0,0.0,0.0,0.0,0.0,0.0,0.0
2024-05-19 06:00:00+09:00,0.009651257,0.0,0.008104108273983002,0.008104108273983002,0.0,0.009008445776998997,0.009008445776998997
2024-05-19 07:00:00+09:00,0.115072839,0.009651257,0.0762822463131256,0.0762822463131256,0.0,0.07542219758033752,0.07542219758033752
2024-05-19 08:00:00+09:00,0.279145236,0.115072839,0.1779760867736473,0.1779760867736473,0.0,0.05385839194059372,0.05385839194059372
2024-05-19 09:00:00+09:00,0.456581149,0.279145236,0.4262872439469681,0.4262872439469681,0.009651257,0.3814099266147919,0.3814099266147919
2024-05-19 10:00:00+09:00,0.579820752,0.456581149,0.6078957503021469,0.6078957503021469,0.115072839,0.4574080333492889,0.4574080333492889
2024-05-19 11:00:00+09:00,0.644410566,0.579820752,0.6252436077646275,0.6252436077646275,0.279145236,0.5999351990069732,0.5999351990069732
2024-05-19 12:00:00+09:00,0.684501114,0.644410566,0.7078197752514038,0.7078197752514038,0.456581149,0.7369938825548401,0.7369938825548401
2024-05-19 13:00:00+09:00,0.702318109,0.684501114,0.6809217009473517,0.6809217009473517,0.579820752,0.7368436454288025,0.7368436454288025
2024-05-19 14:00:00+09:00,0.699349123,0.702318109,0.5624917814376679,0.5624917814376679,0.644410566,0.6942766947128926,0.6942766947128926
2024-05-19 15:00:00+09:00,0.658516328,0.699349123,0.6452715238023738,0.6452715238023738,0.684501114,0.6094929451834336,0.6094929451834336
2024-05-19 16:00:00+09:00,0.548640241,0.658516328,0.5727101668347626,0.5727101668347626,0.702318109,0.5001948246600952,0.5001948246600952
2024-05-19 17:00:00+09:00,0.399415853,0.548640241,0.44927893308097455,0.44927893308097455,0.699349123,0.3828718242634277,0.3828718242634277
2024-05-19 18:00:00+09:00,0.217525435,0.399415853,0.29338676718504714,0.29338676718504714,0.658516328,0.3615706368912964,0.3615706368912964
2024-05-19 19:00:00+09:00,0.0675588,0.217525435,0.11915589621597289,0.11915589621597289,0.548640241,0.245557029816452,0.245557029816452
2024-05-19 20:00:00+09:00,0.001484493,0.0675588,0.02252970741991997,0.02252970741991997,0.399415853,0.10533476111920165,0.10533476111920165
2024-05-19 21:00:00+09:00,0.0,0.001484493,0.0014581989279141248,0.0014581989279141248,0.217525435,0.09389149150186538,0.09389149150186538
2024-05-19 22:00:00+09:00,0.0,0.0,0.0020912555046379566,0.0020912555046379566,0.0675588,0.028250523972558977,0.028250523972558977
2024-05-19 23:00:00+09:00,0.0,0.0,0.0020912555046379566,0.0020912555046379566,0.001484493,0.00550507495322752,0.00550507495322752
2024-05-20 00:00:00+09:00,0.0,0.0,0.0003005281905643642,0.0003005281905643642,0.0,0.0009897334966808558,0.0009897334966808558
2024-05-20 01:00:00+09:00,0.0,0.0,0.0003005281905643642,0.0003005281905643642,0.0,0.0009897334966808558,0.0009897334966808558
2024-05-20 02:00:00+09:00,0.0,0.0,0.0003005281905643642,0.0003005281905643642,0.0,0.0009897334966808558,0.0009897334966808558
2024-05-20 03:00:00+09:00,0.0,0.0,0.0003005281905643642,0.0003005281905643642,0.0,0.0009897334966808558,0.0009897334966808558
2024-05-20 04:00:00+09:00,0.0,0.0,0.0003005281905643642,0.0003005281905643642,0.0,0.0009897334966808558,0.0009897334966808558
2024-05-20 05:00:00+09:00,0.0,0.0,0.0003005281905643642,0.0003005281905643642,0.0,0.0009897334966808558,0.0009897334966808558
2024-05-20 06:00:00+09:00,0.01113575,0.0,0.013466240838170052,0.013466240838170052,0.0,0.02369842305779457,0.02369842305779457
2024-05-20 07:00:00+09:00,0.111361606,0.01113575,0.09252379137706757,0.09252379137706757,0.0,0.0852469801902771,0.0852469801902771
2024-05-20 08:00:00+09:00,0.236827949,0.111361606,0.23356547760778046,0.23356547760778046,0.0,0.16495686769485474,0.16495686769485474
2024-05-20 09:00:00+09:00,0.437278635,0.236827949,0.417428592157959,0.417428592157959,0.01113575,0.37764426368904114,0.37764426368904114
2024-05-20 10:00:00+09:00,0.568685002,0.437278635,0.5942423559177017,0.5942423559177017,0.111361606,0.5620439182501373,0.5620439182501373
2024-05-20 11:00:00+09:00,0.664455327,0.568685002,0.629965520770218,0.629965520770218,0.236827949,0.5560027155405274,0.5560027155405274
2024-05-20 12:00:00+09:00,0.718651637,0.664455327,0.6364550541895408,0.6364550541895408,0.437278635,0.609469032977829,0.609469032977829
2024-05-20 13:00:00+09:00,0.692666851,0.718651637,0.6916059772791023,0.6916059772791023,0.568685002,0.6046782539495488,0.6046782539495488
2024-05-20 14:00:00+09:00,0.678561089,0.692666851,0.6674443371752987,0.6674443371752987,0.664455327,0.6342721886741896,0.6342721886741896
2024-05-20 15:00:00+09:00,0.639213814,0.678561089,0.6057975491492882,0.6057975491492882,0.718651637,0.6348851765812988,0.6348851765812988
2024-05-20 16:00:00+09:00,0.464747913,0.639213814,0.5190175385869636,0.5190175385869636,0.692666851,0.5014577582637558,0.5014577582637558
2024-05-20 17:00:00+09:00,0.334826039,0.464747913,0.3493548629850273,0.3493548629850273,0.678561089,0.4118329262344971,0.4118329262344971
2024-05-20 18:00:00+09:00,0.215298695,0.334826039,0.2521460296945229,0.2521460296945229,0.639213814,0.3813322620190277,0.3813322620190277
2024-05-20 19:00:00+09:00,0.066074307,0.215298695,0.10414948824245454,0.10414948824245454,0.464747913,0.19606385361851503,0.19606385361851503
2024-05-20 20:00:00+09:00,0.002970012,0.066074307,0.0070240003221817005,0.0070240003221817005,0.334826039,0.010276781244720479,0.010276781244720479
2024-05-20 21:00:00+09:00,0.0,0.002970012,0.001534816787747562,0.001534816787747562,0.215298695,0.060674620302505505,0.060674620302505505
2024-05-20 22:00:00+09:00,0.0,0.0,0.0008916195947676897,0.0008916195947676897,0.066074307,0.021022445445615767,0.021022445445615767
2024-05-20 23:00:00+09:00,0.0,0.0,0.0008916195947676897,0.0008916195947676897,0.002970012,0.0037481533733027877,0.0037481533733027877
2024-05-21 00:00:00+09:00,,,,,,,
2024-05-21 01:00:00+09:00,0.0,,,,0.0,0.00166406633798033,0.00166406633798033
2024-05-21 02:00:00+09:00,0.0,0.0,0.0008215833804570138,0.0008215833804570138,0.0,0.00166406633798033,0.00166406633798033
2024-05-21 03:00:00+09:00,0.0,0.0,0.0008215833804570138,0.0008215833804570138,,,
2024-05-21 04:00:00+09:00,0.0,0.0,0.0008215833804570138,0.0008215833804570138,0.0,0.00166406633798033,0.00166406633798033
2024-05-21 05:00:00+09:00,0.0,0.0,0.0008215833804570138,0.0008215833804570138,0.0,0.00166406633798033,0.00166406633798033
2024-05-21 06:00:00+09:00,0.008909011,0.0,0.01284897979348898,0.01284897979348898,0.0,0.009826881811022758,0.009826881811022758
2024-05-21 07:00:00+09:00,0.108391594,0.008909011,0.07764639865716552,0.07764639865716552,0.0,0.09152741730213165,0.09152741730213165
2024-05-21 08:00:00+09:00,0.269493979,0.108391594,0.2543648442698898,0.2543648442698898,0.0,0.17949946224689484,0.17949946224689484
2024-05-21 09:00:00+09:00,0.445445399,0.269493979,0.44280150213137054,0.44280150213137054,0.008909011,0.38671239625772097,0.38671239625772097
2024-05-21 10:00:00+09:00,0.585760777,0.445445399,0.5481271699207535,0.5481271699207535,0.108391594,0.4848280361367645,0.4848280361367645
2024-05-21 11:00:00+09:00,0.68524336,0.585760777,0.7015879723463554,0.7015879723463554,0.269493979,0.6732240734328307,0.6732240734328307
2024-05-21 12:00:00+09:00,0.731272906,0.68524336,0.7695396312049484,0.7695396312049484,0.445445399,0.7695249423521271,0.7695249423521271
2024-05-21 13:00:00+09:00,0.722363896,0.731272906,0.74813046672402,0.74813046672402,0.585760777,0.777227913144638,0.777227913144638
2024-05-21 14:00:00+09:00,0.706030367,0.722363896,0.6972169869419059,0.6972169869419059,0.68524336,0.6978797067425108,0.6978797067425108
2024-05-21 15:00:00+09:00,0.635501555,0.706030367,0.6062515508960648,0.6062515508960648,0.731272906,0.5917859374826965,0.5917859374826965
2024-05-21 16:00:00+09:00,0.525625468,0.635501555,0.503849259410553,0.503849259410553,0.722363896,0.468475944625946,0.468475944625946
2024-05-21 17:00:00+09:00,0.378628846,0.525625468,0.3798705793462448,0.3798705793462448,0.706030367,0.3600346427987976,0.3600346427987976
2024-05-21 18:00:00+09:00,0.205647438,0.378628846,0.260101493190094,0.260101493190094,0.635501555,0.2272431168896485,0.2272431168896485
2024-05-21 19:00:00+09:00,0.060877555,0.205647438,0.09306269807652282,0.09306269807652282,0.525625468,0.12396311829907225,0.12396311829907225
2024-05-21 20:00:00+09:00,0.002226739,0.060877555,0.00848890184085846,0.00848890184085846,0.378628846,0.05305304725007631,0.05305304725007631
2024-05-21 21:00:00+09:00,0.0,0.002226739,0.0,0.0,0.205647438,0.042492552827156055,0.042492552827156055
2024-05-21 22:00:00+09:00,0.0,0.0,0.0,0.0,0.060877555,0.0,0.0
2024-05-21 23:00:00+09:00,0.0,0.0,0.0,0.0,0.002226739,0.0,0.0
2024-05-22 00:00:00+09:00,,,,,,,
2024-05-22 01:00:00+09:00,0.0,,,,0.0,0.0023204819299280643,0.0023204819299280643
2024-05-22 02:00:00+09:00,0.0,0.0,0.0009949903469532728,0.0009949903469532728,0.0,0.0023204819299280643,0.0023204819299280643
2024-05-22 03:00:00+09:00,0.0,0.0,0.0009949903469532728,0.0009949903469532728,,,
2024-05-22 04:00:00+09:00,0.0,0.0,0.0009949903469532728,0.0009949903469532728,0.0,0.0023204819299280643,0.0023204819299280643
2024-05-22 05:00:00+09:00,0.0,0.0,0.0009949903469532728,0.0009949903469532728,0.0,0.0023204819299280643,0.0023204819299280643
2024-05-22 06:00:00+09:00,0.013363516,0.0,0.00806957297027111,0.00806957297027111,0.0,0.013435411266982555,0.013435411266982555
2024-05-22 07:00:00+09:00,0.097255844,0.013363516,0.07887781974383927,0.07887781974383927,0.0,0.0672537162899971,0.0672537162899971
2024-05-22 08:00:00+09:00,0.203419672,0.097255844,0.20264617663921736,0.20264617663921736,0.0,0.08194266259670258,0.08194266259670258
2024-05-22 09:00:00+09:00,0.348931802,0.203419672,0.3687515125151367,0.3687515125151367,0.013363516,0.434879606631485,0.434879606631485
2024-05-22 10:00:00+09:00,0.456581149,0.348931802,0.5394846475972672,0.5394846475972672,0.097255844,0.5494358421594085,0.5494358421594085
2024-05-22 11:00:00+09:00,0.43059739,0.456581149,0.544494177895855,0.544494177895855,0.203419672,0.6039833590861053,0.6039833590861053
2024-05-22 12:00:00+09:00,0.377143326,0.43059739,0.539679135147705,0.539679135147705,0.348931802,0.6782736904277344,0.6782736904277344
2024-05-22 13:00:00+09:00,0.417976121,0.377143326,0.34974800494375324,0.34974800494375324,0.456581149,0.5416893546760788,0.5416893546760788
2024-05-22 14:00:00+09:00,0.395703594,0.417976121,0.4263812997853241,0.4263812997853241,0.43059739,0.5041902912298584,0.5041902912298584
2024-05-22 15:00:00+09:00,0.316265771,0.395703594,0.29722906163420104,0.29722906163420104,0.377143326,0.24591103453996277,0.24591103453996277
2024-05-22 16:00:00+09:00,0.220495447,0.316265771,0.2105203511401138,0.2105203511401138,0.417976121,0.23394789784307096,0.23394789784307096
2024-05-22 17:00:00+09:00,0.175950394,0.220495447,0.13075848617169572,0.13075848617169572,0.395703594,0.0,0.0
2024-05-22 18:00:00+09:00,0.10022483,0.175950394,0.037811473931259165,0.037811473931259165,0.316265771,0.0,0.0
2024-05-22 19:00:00+09:00,0.039347275,0.10022483,0.00010375657518386927,0.00010375657518386927,0.220495447,0.0,0.0
2024-05-22 20:00:00+09:00,0.001484493,0.039347275,0.0,0.0,0.175950394,0.0,0.0
2024-05-22 21:00:00+09:00,0.0,0.001484493,0.0,0.0,0.10022483,0.0,0.0
2024-05-22 22:00:00+09:00,0.0,0.0,0.0,0.0,0.039347275,0.0,0.0
2024-05-22 23:00:00+09:00,0.0,0.0,0.0,0.0,0.001484493,0.0,0.0
2024-05-23 00:00:00+09:00,0.0,,,,,,
2024-05-23 01:00:00+09:00,0.0,0.0,0.0,0.0,0.0,0.00029550757608376443,0.00029550757608376443
2024-05-23 02:00:00+09:00,0.0,0.0,0.0,0.0,0.0,0.00029550757608376443,0.00029550757608376443
2024-05-23 03:00:00+09:00,0.0,0.0,0.0,0.0,0.0,0.00029550757608376443,0.00029550757608376443
2024-05-23 04:00:00+09:00,0.0,0.0,0.0,0.0,0.0,0.00029550757608376443,0.00029550757608376443
2024-05-23 05:00:00+09:00,0.0,0.0,0.0,0.0,0.0,0.00029550757608376443,0.00029550757608376443
2024-05-23 06:00:00+09:00,0.001484493,0.0,0.003670228412374854,0.003670228412374854,0.0,0.00858373660594225,0.00858373660594225
2024-05-23 07:00:00+09:00,0.043059534,0.001484493,0.029797025231211662,0.029797025231211662,0.0,0.024503154680132866,0.024503154680132866
2024-05-23 08:00:00+09:00,0.139573131,0.043059534,0.17563431577547456,0.17563431577547456,0.0,0.2732744514942169,0.2732744514942169
2024-05-23 09:00:00+09:00,0.262070488,0.139573131,0.2649182865967331,0.2649182865967331,0.001484493,0.2591523623294525,0.2591523623294525
2024-05-23 10:00:00+09:00,0.36377981,0.262070488,0.4137656202555542,0.4137656202555542,0.043059534,0.35545990483625794,0.35545990483625794
2024-05-23 11:00:00+09:00,0.418718367,0.36377981,0.47527904503398893,0.47527904503398893,0.139573131,0.402298961078125,0.402298961078125
2024-05-23 12:00:00+09:00,0.462520147,0.418718367,0.44315976381756494,0.44315976381756494,0.262070488,0.46631501224049376,0.46631501224049376
2024-05-23 13:00:00+09:00,0.471429158,0.462520147,0.417649584148571,0.417649584148571,0.36377981,0.4519401683693504,0.4519401683693504
2024-05-23 14:00:00+09:00,0.467716899,0.471429158,0.44316544011021425,0.44316544011021425,0.418718367,0.39989389397658537,0.39989389397658537
2024-05-23 15:00:00+09:00,0.417233874,0.467716899,0.4364228250904789,0.4364228250904789,0.462520147,0.32711235645835113,0.32711235645835113
2024-05-23 16:00:00+09:00,0.351901814,0.417233874,0.32255689511387253,0.32255689511387253,0.471429158,0.28463611379051973,0.28463611379051973
2024-05-23 17:00:00+09:00,0.251676984,0.351901814,0.24430835212885282,0.24430835212885282,0.467716899,0.24560230620939638,0.24560230620939638
2024-05-23 18:00:00+09:00,0.160360138,0.251676984,0.1230150981424179,0.1230150981424179,0.417233874,0.15433307448713685,0.15433307448713685
2024-05-23 19:00:00+09:00,0.05642305,0.160360138,0.09145308572148134,0.09145308572148134,0.351901814,0.10090361501394651,0.10090361501394651
2024-05-23 20:00:00+09:00,0.001484493,0.05642305,0.011652451588439944,0.011652451588439944,0.251676984,0.0,0.0
2024-05-23 21:00:00+09:00,0.0,0.001484493,0.0013892155865069776,0.0013892155865069776,0.160360138,0.02772306937073518,0.02772306937073518
2024-05-23 22:00:00+09:00,0.0,0.0,0.0023845445830374956,0.0023845445830374956,0.05642305,0.02225267200045586,0.02225267200045586
2024-05-23 23:00:00+09:00,0.0,0.0,0.0023845445830374956,0.0023845445830374956,0.001484493,0.008998396081417084,0.008998396081417084
2024-05-24 00:00:00+09:00,0.0,0.0,0.0,0.0,0.0,0.0,0.0
2024-05-24 01:00:00+09:00,0.0,0.0,0.0,0.0,0.0,0.0,0.0
2024-05-24 02:00:00+09:00,0.0,0.0,0.0,0.0,0.0,0.0,0.0
2024-05-24 03:00:00+09:00,0.0,0.0,0.0,0.0,0.0,0.0,0.0
2024-05-24 04:00:00+09:00,0.0,0.0,0.0,0.0,0.0,0.0,0.0
2024-05-24 05:00:00+09:00,0.0,0.0,0.0,0.0,0.0,0.0,0.0
2024-05-24 06:00:00+09:00,0.008909011,0.0,0.0015898356214165688,0.0015898356214165688,0.0,0.0038327293004840612,0.0038327293004840612
2024-05-24 07:00:00+09:00,0.094285832,0.008909011,0.0523125172789917,0.0523125172789917,0.0,0.06123539060354233,0.06123539060354233
2024-05-24 08:00:00+09:00,0.222722186,0.094285832,0.1581501897694893,0.1581501897694893,0.0,0.09900792688131332,0.09900792688131332
2024-05-24 09:00:00+09:00,0.36377981,0.222722186,0.34283605799163436,0.34283605799163436,0.008909011,0.2670782746013031,0.2670782746013031
2024-05-24 10:00:00+09:00,0.475883663,0.36377981,0.41162102364355085,0.41162102364355085,0.094285832,0.2613785874368973,0.2613785874368973
2024-05-24 11:00:00+09:00,0.520428717,0.475883663,0.5308781529976254,0.5308781529976254,0.222722186,0.3949636353560791,0.3949636353560791
2024-05-24 12:00:00+09:00,0.575366247,0.520428717,0.5866808070368691,0.5866808070368691,0.36377981,0.6338979869371033,0.6338979869371033
2024-05-24 13:00:00+09:00,0.592442022,0.575366247,0.5527304965274544,0.5527304965274544,0.475883663,0.5816843661679154,0.5816843661679154
2024-05-24 14:00:00+09:00,0.584275257,0.592442022,0.6221925814789981,0.6221925814789981,0.520428717,0.5975161044425888,0.5975161044425888
2024-05-24 15:00:00+09:00,0.526367715,0.584275257,0.49913121403125005,0.49913121403125005,0.575366247,0.4393786522762986,0.4393786522762986
2024-05-24 16:00:00+09:00,0.479595922,0.526367715,0.4798798359919453,0.4798798359919453,0.592442022,0.4845988986236305,0.4845988986236305
2024-05-24 17:00:00+09:00,0.356356319,0.479595922,0.38396290696341706,0.38396290696341706,0.584275257,0.38569497705367284,0.38569497705367284
2024-05-24 18:00:00+09:00,0.198965167,0.356356319,0.23911469798254392,0.23911469798254392,0.526367715,0.24146836101898195,0.24146836101898195
2024-05-24 19:00:00+09:00,0.066074307,0.198965167,0.07361704607218933,0.07361704607218933,0.479595922,0.07746040082652283,0.07746040082652283
2024-05-24 20:00:00+09:00,0.003712259,0.066074307,0.017974789177734374,0.017974789177734374,0.356356319,0.07510959725546262,0.07510959725546262
2024-05-24 21:00:00+09:00,0.0,0.003712259,0.002651422517206907,0.002651422517206907,0.198965167,0.07424032439202499,0.07424032439202499
2024-05-24 22:00:00+09:00,0.0,0.0,0.0011237792205065489,0.0011237792205065489,0.066074307,0.03053387153680992,0.03053387153680992
2024-05-24 23:00:00+09:00,0.0,0.0,0.0011237792205065489,0.0011237792205065489,0.003712259,0.011719736037608623,0.011719736037608623
2024-05-25 00:00:00+09:00,0.0,0.0,0.0,0.0,0.0,0.0,0.0
2024-05-25 01:00:00+09:00,0.0,0.0,0.0,0.0,0.0,0.0,0.0
2024-05-25 02:00:00+09:00,0.0,0.0,0.0,0.0,0.0,0.0,0.0
2024-05-25 03:00:00+09:00,0.0,0.0,0.0,0.0,0.0,0.0,0.0
2024-05-25 04:00:00+09:00,0.0,0.0,0.0,0.0,0.0,0.0,0.0
2024-05-25 05:00:00+09:00,0.0,0.0,0.0,0.0,0.0,0.0,0.0
2024-05-25 06:00:00+09:00,0.0,0.0,0.007743657100945711,0.007743657100945711,0.0,0.007477528415620327,0.007477528415620327
2024-05-25 07:00:00+09:00,0.036378289,0.0,0.04688344895839691,0.04688344895839691,0.0,0.059665072709321976,0.059665072709321976
2024-05-25 08:00:00+09:00,0.166299137,0.036378289,0.09704227222582246,0.09704227222582246,0.0,0.122769795358181,0.122769795358181
2024-05-25 09:00:00+09:00,0.362295318,0.166299137,0.2581994409598465,0.2581994409598465,0.0,0.19652876257896423,0.19652876257896423
2024-05-25 10:00:00+09:00,0.556805979,0.362295318,0.4660703424140625,0.4660703424140625,0.036378289,0.2951831467308655,0.2951831467308655
2024-05-25 11:00:00+09:00,0.673364337,0.556805979,0.6751111331447639,0.6751111331447639,0.166299137,0.4412215377129669,0.4412215377129669
2024-05-25 12:00:00+09:00,0.562746004,0.673364337,0.770608219715702,0.770608219715702,0.362295318,0.7055917266532592,0.7055917266532592
2024-05-25 13:00:00+09:00,0.657774082,0.562746004,0.5537359889444627,0.5537359889444627,0.556805979,0.6387691902979888,0.6387691902979888
2024-05-25 14:00:00+09:00,0.688212346,0.657774082,0.6709171092012949,0.6709171092012949,0.673364337,0.6497867325571651,0.6497867325571651
2024-05-25 15:00:00+09:00,0.620653546,0.688212346,0.6746996303027115,0.6746996303027115,0.562746004,0.5042866363969364,0.5042866363969364
2024-05-25 16:00:00+09:00,0.492959438,0.620653546,0.5556651638393364,0.5556651638393364,0.657774082,0.524301415855629,0.524301415855629
2024-05-25 17:00:00+09:00,0.355614073,0.492959438,0.43440435651329806,0.43440435651329806,0.688212346,0.41619260208062747,0.41619260208062747
2024-05-25 18:00:00+09:00,0.17817816,0.355614073,0.21233280690674589,0.21233280690674589,0.620653546,0.26092577590989685,0.26092577590989685
2024-05-25 19:00:00+09:00,0.061619801,0.17817816,0.07338131825939179,0.07338131825939179,0.492959438,0.17980885330227664,0.17980885330227664
2024-05-25 20:00:00+09:00,0.004454505,0.061619801,0.02079322330677605,0.02079322330677605,0.355614073,0.1429677525377731,0.1429677525377731
2024-05-25 21:00:00+09:00,0.0,0.004454505,0.0013854306412088872,0.0013854306412088872,0.17817816,0.046170829343948366,0.046170829343948366
2024-05-25 22:00:00+09:00,0.0,0.0,0.0,0.0,0.061619801,0.01663924150192833,0.01663924150192833
2024-05-25 23:00:00+09:00,0.0,0.0,0.0,0.0,0.004454505,0.004748787828690484,0.004748787828690484
2024-05-26 00:00:00+09:00,0.0,0.0,0.0,0.0,0.0,0.0,0.0
2024-05-26 01:00:00+09:00,0.0,0.0,0.0,0.0,0.0,0.0,0.0
2024-05-26 02:00:00+09:00,0.0,0.0,0.0,0.0,0.0,0.0,0.0
2024-05-26 03:00:00+09:00,0.0,0.0,0.0,0.0,0.0,0.0,0.0
2024-05-26 04:00:00+09:00,0.0,0.0,0.0,0.0,0.0,0.0,0.0
2024-05-26 05:00:00+09:00,0.0,0.0,0.0,0.0,0.0,0.0,0.0
2024-05-26 06:00:00+09:00,0.009651257,0.0,0.0003758794046007097,0.0003758794046007097,0.0,0.0,0.0
2024-05-26 07:00:00+09:00,0.106907101,0.009651257,0.05000610118272972,0.05000610118272972,0.0,0.005602368153631687,0.005602368153631687
2024-05-26 08:00:00+09:00,0.24351022,0.106907101,0.21774904581372834,0.21774904581372834,0.0,0.1532214879989624,0.1532214879989624
2024-05-26 09:00:00+09:00,0.210101943,0.24351022,0.32009368742391586,0.32009368742391586,0.009651257,0.19730645259383392,0.19730645259383392
2024-05-26 10:00:00+09:00,0.288796493,0.210101943,0.3608437585670166,0.3608437585670166,0.106907101,0.5233380809671173,0.5233380809671173
2024-05-26 11:00:00+09:00,0.326659275,0.288796493,0.3562940295400314,0.3562940295400314,0.24351022,0.5302272772280884,0.5302272772280884
2024-05-26 12:00:00+09:00,0.575366247,0.326659275,0.41603741586675647,0.41603741586675647,0.210101943,0.49810079811398317,0.49810079811398317
2024-05-26 13:00:00+09:00,0.672622091,0.575366247,0.5906915501894565,0.5906915501894565,0.288796493,0.45578954476734923,0.45578954476734923
2024-05-26 14:00:00+09:00,0.305872268,0.672622091,0.6805398257943187,0.6805398257943187,0.326659275,0.4183890649723053,0.4183890649723053
2024-05-26 15:00:00+09:00,0.296963257,0.305872268,0.2548236539152794,0.2548236539152794,0.575366247,0.5442258860187741,0.5442258860187741
2024-05-26 16:00:00+09:00,0.140315378,0.296963257,0.1809765223713226,0.1809765223713226,0.672622091,0.5408109490322266,0.5408109490322266
2024-05-26 17:00:00+09:00,0.016332502,0.140315378,0.07870628490016746,0.07870628490016746,0.305872268,0.0,0.0
2024-05-26 18:00:00+09:00,0.003712259,0.016332502,0.0,0.0,0.296963257,0.0,0.0
2024-05-26 19:00:00+09:00,0.0,0.003712259,0.0,0.0,0.140315378,0.0,0.0
2024-05-26 20:00:00+09:00,0.0,0.0,0.0,0.0,0.016332502,0.0,0.0
2024-05-26 21:00:00+09:00,0.0,0.0,0.0,0.0,0.003712259,0.0,0.0
2024-05-26 22:00:00+09:00,0.0,0.0,0.0020912555046379566,0.0020912555046379566,0.0,0.0,0.0
2024-05-26 23:00:00+09:00,0.0,0.0,0.0020912555046379566,0.0020912555046379566,0.0,0.00402058195322752,0.00402058195322752
2024-05-27 00:00:00+09:00,,,,,,,
2024-05-27 01:00:00+09:00,0.0,,,,0.0,0.0009897334966808558,0.0009897334966808558
2024-05-27 02:00:00+09:00,0.0,0.0,0.0003005281905643642,0.0003005281905643642,0.0,0.0009897334966808558,0.0009897334966808558
2024-05-27 03:00:00+09:00,0.0,0.0,0.0003005281905643642,0.0003005281905643642,,,
2024-05-27 04:00:00+09:00,0.0,0.0,0.0003005281905643642,0.0003005281905643642,0.0,0.0009897334966808558,0.0009897334966808558
2024-05-27 05:00:00+09:00,0.0,0.0,0.0003005281905643642,0.0003005281905643642,0.0,0.0009897334966808558,0.0009897334966808558
2024-05-27 06:00:00+09:00,0.011879023,0.0,0.013466240838170052,0.013466240838170052,0.0,0.02369842305779457,0.02369842305779457
2024-05-27 07:00:00+09:00,0.096513598,0.011879023,0.0841405427300911,0.0841405427300911,0.0,0.07203786820173264,0.07203786820173264
2024-05-27 08:00:00+09:00,0.252419231,0.096513598,0.24823069456715394,0.24823069456715394,0.0,0.23203809559345245,0.23203809559345245
2024-05-27 09:00:00+09:00,0.423915119,0.252419231,0.31283767289167025,0.31283767289167025,0.011879023,0.24236678688168334,0.24236678688168334
2024-05-27 10:00:00+09:00,0.587987516,0.423915119,0.5672952691989365,0.5672952691989365,0.096513598,0.4114648092140656,0.4114648092140656
2024-05-27 11:00:00+09:00,0.638471568,0.587987516,0.6767925805589828,0.6767925805589828,0.252419231,0.4851705259705124,0.4851705259705124
2024-05-27 12:00:00+09:00,0.569427249,0.638471568,0.694831592958849,0.694831592958849,0.423915119,0.6750697801785889,0.6750697801785889
2024-05-27 13:00:00+09:00,0.594668761,0.569427249,0.5251762503539791,0.5251762503539791,0.587987516,0.6359701267621193,0.6359701267621193
2024-05-27 14:00:00+09:00,0.698606876,0.594668761,0.6054772866069899,0.6054772866069899,0.638471568,0.7427298147198372,0.7427298147198372
2024-05-27 15:00:00+09:00,0.639956061,0.698606876,0.7060987500428985,0.7060987500428985,0.569427249,0.5563974007745852,0.5563974007745852
2024-05-27 16:00:00+09:00,0.407582617,0.639956061,0.561583463305603,0.561583463305603,0.594668761,0.4963299111574516,0.4963299111574516
2024-05-27 17:00:00+09:00,0.253161477,0.407582617,0.3751736680122776,0.3751736680122776,0.698606876,0.6696922269604931,0.6696922269604931
2024-05-27 18:00:00+09:00,0.113588346,0.253161477,0.19644672244835093,0.19644672244835093,0.639956061,0.5081735292617188,0.5081735292617188
2024-05-27 19:00:00+09:00,0.028953771,0.113588346,0.05918523466138459,0.05918523466138459,0.407582617,0.2044183226379318,0.2044183226379318
2024-05-27 20:00:00+09:00,0.000742246,0.028953771,0.0,0.0,0.253161477,0.042632388026001,0.042632388026001
2024-05-27 21:00:00+09:00,0.0,0.000742246,0.0,0.0,0.113588346,0.0,0.0
2024-05-27 22:00:00+09:00,0.0,0.0,0.0008916195947676897,0.0008916195947676897,0.028953771,0.0,0.0
2024-05-27 23:00:00+09:00,0.0,0.0,0.0008916195947676897,0.0008916195947676897,0.000742246,0.0015203873733027876,0.0015203873733027876
2024-05-28 00:00:00+09:00,0.0,,,,,,
2024-05-28 01:00:00+09:00,0.0,0.0,0.0008215833804570138,0.0008215833804570138,0.0,0.00166406633798033,0.00166406633798033
2024-05-28 02:00:00+09:00,0.0,0.0,0.0008215833804570138,0.0008215833804570138,0.0,0.00166406633798033,0.00166406633798033
2024-05-28 03:00:00+09:00,0.0,0.0,0.0008215833804570138,0.0008215833804570138,0.0,0.00166406633798033,0.00166406633798033
2024-05-28 04:00:00+09:00,0.0,0.0,0.0008215833804570138,0.0008215833804570138,0.0,0.00166406633798033,0.00166406633798033
2024-05-28 05:00:00+09:00,0.0,0.0,0.0008215833804570138,0.0008215833804570138,0.0,0.00166406633798033,0.00166406633798033
2024-05-28 06:00:00+09:00,0.001484493,0.0,0.002633096417412162,0.002633096417412162,0.0,0.011129309423267841,0.011129309423267841
2024-05-28 07:00:00+09:00,0.05419631,0.001484493,0.04715993834802437,0.04715993834802437,0.0,0.0412638783454895,0.0412638783454895
2024-05-28 08:00:00+09:00,0.160360138,0.05419631,0.19974437053638458,0.19974437053638458,0.0,0.25814419984817505,0.25814419984817505
2024-05-28 09:00:00+09:00,0.36526533,0.160360138,0.3004041268238907,0.3004041268238907,0.001484493,0.37801627276608274,0.37801627276608274
2024-05-28 10:00:00+09:00,0.54344349,0.36526533,0.5147800498438644,0.5147800498438644,0.05419631,0.49369080062347415,0.49369080062347415
2024-05-28 11:00:00+09:00,0.608774523,0.54344349,0.6576697492911721,0.6576697492911721,0.160360138,0.4993652208456879,0.4993652208456879
2024-05-28 12:00:00+09:00,0.734984139,0.608774523,0.6226541509206872,0.6226541509206872,0.36526533,0.5834738963080215,0.5834738963080215
2024-05-28 13:00:00+09:00,0.762453417,0.734984139,0.693403320406498,0.693403320406498,0.54344349,0.6218035260155106,0.6218035260155106
2024-05-28 14:00:00+09:00,0.491474945,0.762453417,0.7225023011533661,0.7225023011533661,0.608774523,0.6395608156274538,0.6395608156274538
2024-05-28 15:00:00+09:00,0.662970834,0.491474945,0.39169612889606475,0.39169612889606475,0.734984139,0.5954971704826966,0.5954971704826966
2024-05-28 16:00:00+09:00,0.345219543,0.662970834,0.5996824284623947,0.5996824284623947,0.762453417,0.502204040703003,0.502204040703003
2024-05-28 17:00:00+09:00,0.211586436,0.345219543,0.19784056188656618,0.19784056188656618,0.491474945,0.2466152197631073,0.2466152197631073
2024-05-28 18:00:00+09:00,0.100967076,0.211586436,0.12329305496467208,0.12329305496467208,0.662970834,0.34425725839842225,0.34425725839842225
2024-05-28 19:00:00+09:00,0.044544027,0.100967076,0.0,0.0,0.345219543,0.0,0.0
2024-05-28 20:00:00+09:00,0.001484493,0.044544027,0.0,0.0,0.211586436,0.0,0.0
2024-05-28 21:00:00+09:00,0.0,0.001484493,0.0,0.0,0.100967076,0.0,0.0
2024-05-28 22:00:00+09:00,0.0,0.0,0.0,0.0,0.044544027,0.0,0.0
2024-05-28 23:00:00+09:00,0.0,0.0,0.0,0.0,0.001484493,0.0,0.0
2024-05-29 00:00:00+09:00,0.0,0.0,0.0009949903469532728,0.0009949903469532728,0.0,0.0023204819299280643,0.0023204819299280643
2024-05-29 01:00:00+09:00,0.0,0.0,0.0009949903469532728,0.0009949903469532728,0.0,0.0023204819299280643,0.0023204819299280643
2024-05-29 02:00:00+09:00,0.0,0.0,0.0009949903469532728,0.0009949903469532728,0.0,0.0023204819299280643,0.0023204819299280643
2024-05-29 03:00:00+09:00,0.0,0.0,0.0009949903469532728,0.0009949903469532728,0.0,0.0023204819299280643,0.0023204819299280643
2024-05-29 04:00:00+09:00,0.0,0.0,0.0009949903469532728,0.0009949903469532728,0.0,0.0023204819299280643,0.0023204819299280643
2024-05-29 05:00:00+09:00,0.0,0.0,0.0009949903469532728,0.0009949903469532728,0.0,0.0023204819299280643,0.0023204819299280643
2024-05-29 06:00:00+09:00,0.013363516,0.0,0.0037350142374634743,0.0037350142374634743,0.0,0.002809555036947131,0.002809555036947131
2024-05-29 07:00:00+09:00,0.129921874,0.013363516,0.05560097661325073,0.05560097661325073,0.0,0.02908267267048359,0.02908267267048359
2024-05-29 08:00:00+09:00,0.295478764,0.129921874,0.2228972818388214,0.2228972818388214,0.0,0.14719651639461517,0.14719651639461517
2024-05-29 09:00:00+09:00,0.468460172,0.295478764,0.3725672094250336,0.3725672094250336,0.013363516,0.22906818058797454,0.22906818058797454
2024-05-29 10:00:00+09:00,0.596896527,0.468460172,0.6091355528259964,0.6091355528259964,0.129921874,0.47823875208036803,0.47823875208036803
2024-05-29 11:00:00+09:00,0.702318109,0.596896527,0.7063119538503189,0.7063119538503189,0.295478764,0.7091597644711152,0.7091597644711152
2024-05-29 12:00:00+09:00,0.755772172,0.702318109,0.8113998541477051,0.8113998541477051,0.468460172,0.7978020604277344,0.7978020604277344
2024-05-29 13:00:00+09:00,0.753544406,0.755772172,0.75865682376709,0.75865682376709,0.596896527,0.7209629618006248,0.7209629618006248
2024-05-29 14:00:00+09:00,0.752059914,0.753544406,0.7570865552066235,0.7570865552066235,0.702318109,0.7737449699881401,0.7737449699881401
2024-05-29 15:00:00+09:00,0.552351474,0.752059914,0.6558168603253022,0.6558168603253022,0.755772172,0.6260668621321411,0.6260668621321411
2024-05-29 16:00:00+09:00,0.536018972,0.552351474,0.4766062117943992,0.4766062117943992,0.753544406,0.5288342097433625,0.5288342097433625
2024-05-29 17:00:00+09:00,0.418718367,0.536018972,0.44201265712630466,0.44201265712630466,0.752059914,0.46528408659216314,0.46528408659216314
2024-05-29 18:00:00+09:00,0.236827949,0.418718367,0.3214251614407463,0.3214251614407463,0.552351474,0.19509729666807551,0.19509729666807551
2024-05-29 19:00:00+09:00,0.07795333,0.236827949,0.16677280695497895,0.16677280695497895,0.536018972,0.20534918149363712,0.20534918149363712
2024-05-29 20:00:00+09:00,0.006681245,0.07795333,0.026162496526794435,0.026162496526794435,0.418718367,0.07577657618083189,0.07577657618083189
2024-05-29 21:00:00+09:00,0.0,0.006681245,0.003106726280311942,0.003106726280311942,0.236827949,0.08053624064981843,0.08053624064981843
2024-05-29 22:00:00+09:00,0.0,0.0,0.0,0.0,0.07795333,0.02483485149319649,0.02483485149319649
2024-05-29 23:00:00+09:00,0.0,0.0,0.0,0.0,0.006681245,0.0,0.0
2024-05-30 00:00:00+09:00,0.0,0.0,0.0,0.0,0.0,0.00029550757608376443,0.00029550757608376443
2024-05-30 01:00:00+09:00,0.0,0.0,0.0,0.0,0.0,0.00029550757608376443,0.00029550757608376443
2024-05-30 02:00:00+09:00,0.0,0.0,0.0,0.0,0.0,0.00029550757608376443,0.00029550757608376443
2024-05-30 03:00:00+09:00,0.0,0.0,0.0,0.0,0.0,0.00029550757608376443,0.00029550757608376443
2024-05-30 04:00:00+09:00,0.0,0.0,0.0,0.0,0.0,0.00029550757608376443,0.00029550757608376443
2024-05-30 05:00:00+09:00,0.0,0.0,0.0,0.0,0.0,0.00029550757608376443,0.00029550757608376443
2024-05-30 06:00:00+09:00,0.003712259,0.0,0.003670228412374854,0.003670228412374854,0.0,0.00858373660594225,0.00858373660594225
2024-05-30 07:00:00+09:00,0.046771793,0.003712259,0.06534204981273078,0.06534204981273078,0.0,0.08932853490114212,0.08932853490114212
2024-05-30 08:00:00+09:00,0.109876087,0.046771793,0.195844395391243,0.195844395391243,0.0,0.14367520809173584,0.14367520809173584
2024-05-30 09:00:00+09:00,0.136603119,0.109876087,0.2852383312483902,0.2852383312483902,0.003712259,0.40265151089971923,0.40265151089971923
2024-05-30 10:00:00+09:00,0.158875645,0.136603119,0.25022231988529586,0.25022231988529586,0.046771793,0.48502343737294007,0.48502343737294007
2024-05-30 11:00:00+09:00,0.329629287,0.158875645,0.2166432746234131,0.2166432746234131,0.109876087,0.4182843175431366,0.4182843175431366
2024-05-30 12:00:00+09:00,0.35264406,0.329629287,0.3959185032799835,0.3959185032799835,0.136603119,0.32197624646047973,0.32197624646047973
2024-05-30 13:00:00+09:00,0.337053805,0.35264406,0.3802672123603201,0.3802672123603201,0.158875645,0.23301731874372483,0.23301731874372483
2024-05-30 14:00:00+09:00,0.391249089,0.337053805,0.25220271886032103,0.25220271886032103,0.329629287,0.3444880674287672,0.3444880674287672
2024-05-30 15:00:00+09:00,0.506322954,0.391249089,0.34682239448763275,0.34682239448763275,0.35264406,0.23878816161972044,0.23878816161972044
2024-05-30 16:00:00+09:00,0.328144795,0.506322954,0.4194988870630303,0.4194988870630303,0.337053805,0.20183552742641447,0.20183552742641447
2024-05-30 17:00:00+09:00,0.283599741,0.328144795,0.24104920655433654,0.24104920655433654,0.391249089,0.15715318774916076,0.15715318774916076
2024-05-30 18:00:00+09:00,0.097255844,0.283599741,0.14469619764691927,0.14469619764691927,0.506322954,0.1505576410899201,0.1505576410899201
2024-05-30 19:00:00+09:00,0.033408277,0.097255844,0.0,0.0,0.328144795,0.0,0.0
2024-05-30 20:00:00+09:00,0.002970012,0.033408277,0.0,0.0,0.283599741,0.0,0.0
2024-05-30 21:00:00+09:00,0.0,0.002970012,0.002874734586506978,0.002874734586506978,0.097255844,0.0,0.0
2024-05-30 22:00:00+09:00,0.0,0.0,0.0023845445830374956,0.0023845445830374956,0.033408277,0.0,0.0
2024-05-30 23:00:00+09:00,0.0,0.0,0.0023845445830374956,0.0023845445830374956,0.002970012,0.010483915081417085,0.010483915081417085
2024-05-31 00:00:00+09:00,0.0,0.0,0.0,0.0,0.0,0.0,0.0
2024-05-31 01:00:00+09:00,0.0,0.0,0.0,0.0,0.0,0.0,0.0
2024-05-31 02:00:00+09:00,0.0,0.0,0.0,0.0,0.0,0.0,0.0
2024-05-31 03:00:00+09:00,0.0,0.0,0.0,0.0,0.0,0.0,0.0
2024-05-31 04:00:00+09:00,0.0,0.0,0.0,0.0,0.0,0.0,0.0
2024-05-31 05:00:00+09:00,0.0,0.0,0.0,0.0,0.0,0.0,0.0
2024-05-31 06:00:00+09:00,0.0,0.0,0.004282780922949314,0.004282780922949314,0.0,0.010435829870402813,0.010435829870402813
2024-05-31 07:00:00+09:00,0.031181537,0.0,0.03513751178979874,0.03513751178979874,0.0,0.08041728287935257,0.08041728287935257
2024-05-31 08:00:00+09:00,0.208616424,0.031181537,0.12613233217364503,0.12613233217364503,0.0,0.1402641236782074,0.1402641236782074
2024-05-31 09:00:00+09:00,0.355614073,0.208616424,0.28021493146393206,0.28021493146393206,0.0,0.1467210352420807,0.1467210352420807
2024-05-31 10:00:00+09:00,0.520428717,0.355614073,0.4061329061007957,0.4061329061007957,0.031181537,0.1928566623604889,0.1928566623604889
2024-05-31 11:00:00+09:00,0.594668761,0.520428717,0.6229999734587593,0.6229999734587593,0.208616424,0.43102003971311953,0.43102003971311953
2024-05-31 12:00:00+09:00,0.714939378,0.594668761,0.6196970735787973,0.6196970735787973,0.355614073,0.5852151432848434,0.5852151432848434
2024-05-31 13:00:00+09:00,0.706030367,0.714939378,0.7178482059698044,0.7178482059698044,0.520428717,0.6365028022355957,0.6365028022355957
2024-05-31 14:00:00+09:00,0.704545875,0.706030367,0.6978030037712021,0.6978030037712021,0.594668761,0.5947667112437985,0.5947667112437985
2024-05-31 15:00:00+09:00,0.662228587,0.704545875,0.6426249192228317,0.6426249192228317,0.714939378,0.6922451609588651,0.6922451609588651
2024-05-31 16:00:00+09:00,0.55457924,0.662228587,0.607578719882595,0.607578719882595,0.706030367,0.53155107615699,0.53155107615699
2024-05-31 17:00:00+09:00,0.401642592,0.55457924,0.49592635846709254,0.49592635846709254,0.704545875,0.5538741544952392,0.5538741544952392
2024-05-31 18:00:00+09:00,0.233858963,0.401642592,0.3030407739152832,0.3030407739152832,0.662228587,0.40268662842951963,0.40268662842951963
2024-05-31 19:00:00+09:00,0.083150082,0.233858963,0.1547654098741417,0.1547654098741417,0.55457924,0.31138410857891086,0.31138410857891086
2024-05-31 20:00:00+09:00,0.004454505,0.083150082,0.036703795858127594,0.036703795858127594,0.401642592,0.11214190845393374,0.11214190845393374
2024-05-31 21:00:00+09:00,0.0,0.004454505,0.0033936685172069074,0.0033936685172069074,0.233858963,0.109134120392025,0.109134120392025
2024-05-31 22:00:00+09:00,0.0,0.0,0.0011237792205065489,0.0011237792205065489,0.083150082,0.04760964653680992,0.04760964653680992
2024-05-31 23:00:00+09:00,,,,,,,
2024-06-01 00:00:00+09:00,,,,,,,
2024-06-01 01:00:00+09:00,0.0,,,,0.0,0.0030532090459018946,0.0030532090459018946
2024-06-01 02:00:00+09:00,0.0,0.0,0.0008180087897926569,0.0008180087897926569,,,
2024-06-01 03:00:00+09:00,0.0,0.0,0.0008180087897926569,0.0008180087897926569,,,
2024-06-01 04:00:00+09:00,0.0,0.0,0.0008180087897926569,0.0008180087897926569,0.0,0.0030532090459018946,0.0030532090459018946
2024-06-01 05:00:00+09:00,0.0,0.0,0.0008180087897926569,0.0008180087897926569,0.0,0.0030532090459018946,0.0030532090459018946
2024-06-01 06:00:00+09:00,0.008166764,0.0,0.0022495491430163383,0.0022495491430163383,0.0,0.004950191359966993,0.004950191359966993
2024-06-01 07:00:00+09:00,0.087604587,0.008166764,0.08039570234114074,0.08039570234114074,0.0,0.0816386267542839,0.0816386267542839
2024-06-01 08:00:00+09:00,0.235343456,0.087604587,0.16421206019459916,0.16421206019459916,0.0,0.27202725410461426,0.27202725410461426
2024-06-01 09:00:00+09:00,0.403128112,0.235343456,0.3755657074152527,0.3755657074152527,0.008166764,0.31170589111143493,0.31170589111143493
2024-06-01 10:00:00+09:00,0.524139949,0.403128112,0.48186548266984175,0.48186548266984175,0.087604587,0.35881880394755555,0.35881880394755555
2024-06-01 11:00:00+09:00,0.612486782,0.524139949,0.6045068883062592,0.6045068883062592,0.235343456,0.5018487868010102,0.5018487868010102
2024-06-01 12:00:00+09:00,0.694152371,0.612486782,0.657765707448656,0.657765707448656,0.403128112,0.7004804856000061,0.7004804856000061
2024-06-01 13:00:00+09:00,0.694152371,0.694152371,0.6744937272476635,0.6744937272476635,0.524139949,0.7143080317140809,0.7143080317140809
2024-06-01 14:00:00+09:00,0.626592545,0.694152371,0.6749731385814629,0.6749731385814629,0.612486782,0.7102626734232254,0.7102626734232254
2024-06-01 15:00:00+09:00,0.433566376,0.626592545,0.5666776431473922,0.5666776431473922,0.694152371,0.6393846096205197,0.6393846096205197
2024-06-01 16:00:00+09:00,0.507807447,0.433566376,0.34428048822219465,0.34428048822219465,0.694152371,0.451757700155922,0.451757700155922
2024-06-01 17:00:00+09:00,0.340765037,0.507807447,0.38701107202336504,0.38701107202336504,0.626592545,0.31788232752410883,0.31788232752410883
2024-06-01 18:00:00+09:00,0.161102385,0.340765037,0.18008204585295867,0.18008204585295867,0.433566376,0.052770122318817114,0.052770122318817114
2024-06-01 19:00:00+09:00,0.057165296,0.161102385,0.03266754813552855,0.03266754813552855,0.507807447,0.06241352705523684,0.06241352705523684
2024-06-01 20:00:00+09:00,0.004454505,0.057165296,0.0,0.0,0.340765037,0.04435370153170776,0.04435370153170776
2024-06-01 21:00:00+09:00,0.0,0.004454505,0.0,0.0,0.161102385,0.0,0.0
2024-06-01 22:00:00+09:00,0.0,0.0,0.0,0.0,0.057165296,0.0,0.0
2024-06-01 23:00:00+09:00,0.0,,,,,,
2024-06-02 00:00:00+09:00,0.0,,,,,,
2024-06-02 01:00:00+09:00,0.0,0.0,4.054290002386551e-06,4.054290002386551e-06,0.0,0.0,0.0
2024-06-02 02:00:00+09:00,0.0,0.0,4.054290002386551e-06,4.054290002386551e-06,0.0,0.0,0.0
2024-06-02 03:00:00+09:00,0.0,0.0,4.054290002386551e-06,4.054290002386551e-06,0.0,0.0,0.0
2024-06-02 04:00:00+09:00,0.0,0.0,4.054290002386551e-06,4.054290002386551e-06,0.0,0.0,0.0
2024-06-02 05:00:00+09:00,0.0,0.0,4.054290002386551e-06,4.054290002386551e-06,0.0,0.0,0.0
2024-06-02 06:00:00+09:00,0.014848009,0.0,0.006286088842898607,0.006286088842898607,0.0,0.014222575351595879,0.014222575351595879
2024-06-02 07:00:00+09:00,0.115816112,0.014848009,0.07907379443424606,0.07907379443424606,0.0,0.0597974918782711,0.0597974918782711
2024-06-02 08:00:00+09:00,0.252419231,0.115816112,0.21720987870122146,0.21720987870122146,0.0,0.19029833376407623,0.19029833376407623
2024-06-02 09:00:00+09:00,0.44395988,0.252419231,0.3565690419698296,0.3565690419698296,0.014848009,0.3229606899120178,0.3229606899120178
2024-06-02 10:00:00+09:00,0.532306713,0.44395988,0.5072430477794456,0.5072430477794456,0.115816112,0.4237941758217926,0.4237941758217926
2024-06-02 11:00:00+09:00,0.623623559,0.532306713,0.7011736751944427,0.7011736751944427,0.252419231,0.5753495073938903,0.5753495073938903
2024-06-02 12:00:00+09:00,0.683757841,0.623623559,0.7111166210193481,0.7111166210193481,0.44395988,0.7983561040219116,0.7983561040219116
2024-06-02 13:00:00+09:00,0.635501555,0.683757841,0.724684159615675,0.724684159615675,0.532306713,0.8221407057196503,0.8221407057196503
2024-06-02 14:00:00+09:00,0.549382488,0.635501555,0.6455947848228145,0.6455947848228145,0.623623559,0.6705363967735615,0.6705363967735615
2024-06-02 15:00:00+09:00,0.620653546,0.549382488,0.46526088820656586,0.46526088820656586,0.683757841,0.5904466876477394,0.5904466876477394
2024-06-02 16:00:00+09:00,0.501126202,0.620653546,0.5240467624311409,0.5240467624311409,0.635501555,0.5019382897955704,0.5019382897955704
2024-06-02 17:00:00+09:00,0.218267681,0.501126202,0.3891513889559288,0.3891513889559288,0.549382488,0.24032453702648926,0.24032453702648926
2024-06-02 18:00:00+09:00,0.163330151,0.218267681,0.1053027304980812,0.1053027304980812,0.620653546,0.3261102499012909,0.3261102499012909
2024-06-02 19:00:00+09:00,0.092801339,0.163330151,0.05513340816733933,0.05513340816733933,0.501126202,0.07933226431689455,0.07933226431689455
2024-06-02 20:00:00+09:00,0.010393504,0.092801339,0.037657267421020504,0.037657267421020504,0.218267681,0.0,0.0
2024-06-02 21:00:00+09:00,0.0,0.010393504,0.004405498451284408,0.004405498451284408,0.163330151,0.0,0.0
2024-06-02 22:00:00+09:00,0.0,0.0,0.0,0.0,0.092801339,0.026470026939643856,0.026470026939643856
2024-06-02 23:00:00+09:00,0.0,0.0,0.0,0.0,0.010393504,0.00022506056605958898,0.00022506056605958898
2024-06-03 00:00:00+09:00,0.0,0.0,0.0,0.0,0.0,0.0,0.0
2024-06-03 01:00:00+09:00,0.0,0.0,0.0,0.0,0.0,0.0,0.0
2024-06-03 02:00:00+09:00,0.0,0.0,0.0,0.0,0.0,0.0,0.0
2024-06-03 03:00:00+09:00,0.0,0.0,0.0,0.0,0.0,0.0,0.0
2024-06-03 04:00:00+09:00,0.0,0.0,0.0,0.0,0.0,0.0,0.0
2024-06-03 05:00:00+09:00,0.0,0.0,0.0,0.0,0.0,0.0,0.0
2024-06-03 06:00:00+09:00,0.002226739,0.0,0.00830740388482809,0.00830740388482809,0.0,0.005194562021642923,0.005194562021642923
2024-06-03 07:00:00+09:00,0.111361606,0.002226739,0.06659449524752045,0.06659449524752045,0.0,0.07549646496772766,0.07549646496772766
2024-06-03 08:00:00+09:00,0.163330151,0.111361606,0.2420313637238083,0.2420313637238083,0.0,0.24192604422569275,0.24192604422569275
2024-06-03 09:00:00+09:00,0.323690289,0.163330151,0.3101733459615479,0.3101733459615479,0.002226739,0.40194603688589475,0.40194603688589475
2024-06-03 10:00:00+09:00,0.379371092,0.323690289,0.4945270654949799,0.4945270654949799,0.111361606,0.5538936685305176,0.5538936685305176
2024-06-03 11:00:00+09:00,0.435051896,0.379371092,0.4674462976837082,0.4674462976837082,0.163330151,0.46739347115991214,0.46739347115991214
2024-06-03 12:00:00+09:00,0.40906711,0.435051896,0.4159472047776899,0.4159472047776899,0.323690289,0.5175027636084213,0.5175027636084213
2024-06-03 13:00:00+09:00,0.260584968,0.40906711,0.4602090388814068,0.4602090388814068,0.379371092,0.5095158520126266,0.5095158520126266
2024-06-03 14:00:00+09:00,0.487762686,0.260584968,0.28126529124314115,0.28126529124314115,0.435051896,0.40963924149582004,0.40963924149582004
2024-06-03 15:00:00+09:00,0.48702044,0.487762686,0.4987312100313411,0.4987312100313411,0.40906711,0.4633986063579178,0.4633986063579178
2024-06-03 16:00:00+09:00,0.280630755,0.48702044,0.3771207701143646,0.3771207701143646,0.260584968,0.08663429585034177,0.08663429585034177
2024-06-03 17:00:00+09:00,0.4001581,0.280630755,0.18773639457691194,0.18773639457691194,0.487762686,0.2584817224599228,0.2584817224599228
2024-06-03 18:00:00+09:00,0.239055715,0.4001581,0.31156160699424745,0.31156160699424745,0.48702044,0.18432862271636963,0.18432862271636963
2024-06-03 19:00:00+09:00,0.0675588,0.239055715,0.1358474786036873,0.1358474786036873,0.280630755,0.0,0.0
2024-06-03 20:00:00+09:00,0.004454505,0.0675588,0.0014853450835227988,0.0014853450835227988,0.4001581,0.07179089652595522,0.07179089652595522
2024-06-03 21:00:00+09:00,0.0,0.004454505,0.0,0.0,0.239055715,0.07058527270492554,0.07058527270492554
2024-06-03 22:00:00+09:00,0.0,0.0,0.0007027894607745111,0.0007027894607745111,0.0675588,0.0022160309732437156,0.0022160309732437156
2024-06-03 23:00:00+09:00,0.0,0.0,0.0007027894607745111,0.0007027894607745111,0.004454505,0.0,0.0
2024-06-04 00:00:00+09:00,0.0,0.0,0.0002598570426926017,0.0002598570426926017,0.0,0.0,0.0
2024-06-04 01:00:00+09:00,0.0,0.0,0.0002598570426926017,0.0002598570426926017,0.0,0.0,0.0
2024-06-04 02:00:00+09:00,0.0,0.0,0.0002598570426926017,0.0002598570426926017,0.0,0.0,0.0
2024-06-04 03:00:00+09:00,0.0,0.0,0.0002598570426926017,0.0002598570426926017,0.0,0.0,0.0
2024-06-04 04:00:00+09:00,0.0,0.0,0.0002598570426926017,0.0002598570426926017,0.0,0.0,0.0
2024-06-04 05:00:00+09:00,0.0,0.0,0.0002598570426926017,0.0002598570426926017,0.0,0.0,0.0
2024-06-04 06:00:00+09:00,0.013363516,0.0,0.0032432624138891697,0.0032432624138891697,0.0,0.015759391710162163,0.015759391710162163
2024-06-04 07:00:00+09:00,0.128436355,0.013363516,0.07018592026540375,0.07018592026540375,0.0,0.08799755573272705,0.08799755573272705
2024-06-04 08:00:00+09:00,0.279888509,0.128436355,0.2212533709459114,0.2212533709459114,0.0,0.12218526750802994,0.12218526750802994
2024-06-04 09:00:00+09:00,0.322205796,0.279888509,0.40653274782961274,0.40653274782961274,0.013363516,0.28478798833200075,0.28478798833200075
2024-06-04 10:00:00+09:00,0.63104705,0.322205796,0.4674311718907318,0.4674311718907318,0.128436355,0.44112536132858277,0.44112536132858277
2024-06-04 11:00:00+09:00,0.733499646,0.63104705,0.6947497972257615,0.6947497972257615,0.279888509,0.5196320695525971,0.5196320695525971
2024-06-04 12:00:00+09:00,0.772104674,0.733499646,0.7896365782240352,0.7896365782240352,0.322205796,0.5555498144593201,0.5555498144593201
2024-06-04 13:00:00+09:00,0.775074687,0.772104674,0.8115075463239899,0.8115075463239899,0.63104705,0.8112991251953126,0.8112991251953126
2024-06-04 14:00:00+09:00,0.749832148,0.775074687,0.7518017200339671,0.7518017200339671,0.733499646,0.7313324080774507,0.7313324080774507
2024-06-04 15:00:00+09:00,0.668167585,0.749832148,0.7253650802069883,0.7253650802069883,0.772104674,0.7506279693727246,0.7506279693727246
2024-06-04 16:00:00+09:00,0.56348825,0.668167585,0.6799635118391132,0.6799635118391132,0.775074687,0.7279307061392899,0.7279307061392899
2024-06-04 17:00:00+09:00,0.38753683,0.56348825,0.37272014222812655,0.37272014222812655,0.749832148,0.38209372226834104,0.38209372226834104
2024-06-04 18:00:00+09:00,0.221237693,0.38753683,0.2693115535298157,0.2693115535298157,0.668167585,0.2969191609468078,0.2969191609468078
2024-06-04 19:00:00+09:00,0.08908908,0.221237693,0.12653842197672655,0.12653842197672655,0.56348825,0.28122965000343325,0.28122965000343325
2024-06-04 20:00:00+09:00,0.007424518,0.08908908,0.04013442924030304,0.04013442924030304,0.38753683,0.19079158335121155,0.19079158335121155
2024-06-04 21:00:00+09:00,0.0,0.007424518,0.001483141909950256,0.001483141909950256,0.221237693,0.07104534285084535,0.07104534285084535
2024-06-04 22:00:00+09:00,0.0,0.0,0.0,0.0,0.08908908,0.028608202242927552,0.028608202242927552
2024-06-04 23:00:00+09:00,0.0,0.0,0.0,0.0,0.007424518,0.0,0.0
2024-06-05 00:00:00+09:00,0.0,0.0,0.0,0.0,0.0,0.0,0.0
2024-06-05 01:00:00+09:00,0.0,0.0,0.0,0.0,0.0,0.0,0.0
2024-06-05 02:00:00+09:00,0.0,0.0,0.0,0.0,0.0,0.0,0.0
2024-06-05 03:00:00+09:00,0.0,0.0,0.0,0.0,0.0,0.0,0.0
2024-06-05 04:00:00+09:00,0.0,0.0,0.0,0.0,0.0,0.0,0.0
2024-06-05 05:00:00+09:00,0.0,0.0,0.0,0.0,0.0,0.0,0.0
2024-06-05 06:00:00+09:00,0.016332502,0.0,0.00719761336222291,0.00719761336222291,0.0,0.003543092170730233,0.003543092170730233
2024-06-05 07:00:00+09:00,0.13289086,0.016332502,0.08424952112879944,0.08424952112879944,0.0,0.11236322671175003,0.11236322671175003
2024-06-05 08:00:00+09:00,0.284341988,0.13289086,0.23898261264835358,0.23898261264835358,0.0,0.18781790137290955,0.18781790137290955
2024-06-05 09:00:00+09:00,0.460293408,0.284341988,0.4021801993575935,0.4021801993575935,0.016332502,0.21464399480071258,0.21464399480071258
2024-06-05 10:00:00+09:00,0.591699775,0.460293408,0.5857738363380509,0.5857738363380509,0.13289086,0.42661369816337585,0.42661369816337585
2024-06-05 11:00:00+09:00,0.63104705,0.591699775,0.689270388026619,0.689270388026619,0.284341988,0.5668878823843841,0.5668878823843841
2024-06-05 12:00:00+09:00,0.706772614,0.63104705,0.6583996792294264,0.6583996792294264,0.460293408,0.515403821581133,0.515403821581133
2024-06-05 13:00:00+09:00,0.662970834,0.706772614,0.7412285019733086,0.7412285019733086,0.591699775,0.577196698327446,0.577196698327446
2024-06-05 14:00:00+09:00,0.702318109,0.662970834,0.5814719801377144,0.5814719801377144,0.63104705,0.5822763242729188,0.5822763242729188
2024-06-05 15:00:00+09:00,0.613972302,0.702318109,0.6010898122432556,0.6010898122432556,0.706772614,0.6507335004486218,0.6507335004486218
2024-06-05 16:00:00+09:00,0.448414385,0.613972302,0.557929209838583,0.557929209838583,0.662970834,0.5300817569326248,0.5300817569326248
2024-06-05 17:00:00+09:00,0.305130021,0.448414385,0.3284605142266846,0.3284605142266846,0.702318109,0.3854304322841492,0.3854304322841492
2024-06-05 18:00:00+09:00,0.177435913,0.305130021,0.1623995018244705,0.1623995018244705,0.613972302,0.22150858811564633,0.22150858811564633
2024-06-05 19:00:00+09:00,0.059393062,0.177435913,0.060105309698474885,0.060105309698474885,0.448414385,0.050980865636596706,0.050980865636596706
2024-06-05 20:00:00+09:00,0.002970012,0.059393062,0.0,0.0,0.305130021,0.04551543416986081,0.04551543416986081
2024-06-05 21:00:00+09:00,0.0,0.002970012,0.0,0.0,0.177435913,0.018417575273406983,0.018417575273406983
2024-06-05 22:00:00+09:00,0.0,0.0,0.0005433284677565098,0.0005433284677565098,0.059393062,0.003717205230915073,0.003717205230915073
2024-06-05 23:00:00+09:00,0.0,0.0,0.0005433284677565098,0.0005433284677565098,0.002970012,4.0049061348557645e-05,4.0049061348557645e-05
2024-06-06 00:00:00+09:00,,,,,,,
2024-06-06 01:00:00+09:00,0.0,,,,0.0,0.0007822185289114714,0.0007822185289114714
2024-06-06 02:00:00+09:00,0.0,0.0,0.0,0.0,0.0,0.0007822185289114714,0.0007822185289114714
2024-06-06 03:00:00+09:00,0.0,0.0,0.0,0.0,,,
2024-06-06 04:00:00+09:00,0.0,0.0,0.0,0.0,0.0,0.0007822185289114714,0.0007822185289114714
2024-06-06 05:00:00+09:00,0.0,0.0,0.0,0.0,0.0,0.0007822185289114714,0.0007822185289114714
2024-06-06 06:00:00+09:00,0.0,0.0,0.005985327996313572,0.005985327996313572,0.0,0.005533755291253328,0.005533755291253328
2024-06-06 07:00:00+09:00,0.0452873,0.0,0.06660304963588715,0.06660304963588715,0.0,0.09250220656394958,0.09250220656394958
2024-06-06 08:00:00+09:00,0.192283922,0.0452873,0.1461100914571762,0.1461100914571762,0.0,0.12973076105117798,0.12973076105117798
2024-06-06 09:00:00+09:00,0.213070929,0.192283922,0.2950416217876167,0.2950416217876167,0.0,0.3481372892856598,0.3481372892856598
2024-06-06 10:00:00+09:00,0.361553071,0.213070929,0.3556605427952805,0.3556605427952805,0.0452873,0.4347802587841034,0.4347802587841034
2024-06-06 11:00:00+09:00,0.460293408,0.361553071,0.4165014903325043,0.4165014903325043,0.192283922,0.46635105566508483,0.46635105566508483
2024-06-06 12:00:00+09:00,0.526367715,0.460293408,0.4661705526347237,0.4661705526347237,0.213070929,0.4305167048665085,0.4305167048665085
2024-06-06 13:00:00+09:00,0.390506842,0.526367715,0.5616392366577053,0.5616392366577053,0.361553071,0.5223512034195862,0.5223512034195862
2024-06-06 14:00:00+09:00,0.266524993,0.390506842,0.3975312940902634,0.3975312940902634,0.460293408,0.5091297137374955,0.5091297137374955
2024-06-06 15:00:00+09:00,0.42020286,0.266524993,0.2926187907582216,0.2926187907582216,0.526367715,0.5491283502418661,0.5491283502418661
2024-06-06 16:00:00+09:00,0.247964725,0.42020286,0.2747643528007126,0.2747643528007126,0.390506842,0.18254596815776064,0.18254596815776064
2024-06-06 17:00:00+09:00,0.262812734,0.247964725,0.14047013978395462,0.14047013978395462,0.266524993,0.07655852299687194,0.07655852299687194
2024-06-06 18:00:00+09:00,0.182632665,0.262812734,0.11011804675272369,0.11011804675272369,0.42020286,0.10014969980941774,0.10014969980941774
2024-06-06 19:00:00+09:00,0.04380178,0.182632665,0.07985549684528351,0.07985549684528351,0.247964725,0.0,0.0
2024-06-06 20:00:00+09:00,0.000742246,0.04380178,0.0,0.0,0.262812734,0.0,0.0
2024-06-06 21:00:00+09:00,0.0,0.000742246,0.0,0.0,0.182632665,0.024207929930725097,0.024207929930725097
2024-06-06 22:00:00+09:00,0.0,0.0,0.0019680303521454334,0.0019680303521454334,0.04380178,0.0,0.0
2024-06-06 23:00:00+09:00,0.0,0.0,0.0019680303521454334,0.0019680303521454334,0.000742246,0.0002886805265645534,0.0002886805265645534
2024-06-07 00:00:00+09:00,0.0,,,,,,
2024-06-07 01:00:00+09:00,0.0,0.0,0.0007453499129042029,0.0007453499129042029,0.0,0.002956035314127803,0.002956035314127803
2024-06-07 02:00:00+09:00,0.0,0.0,0.0007453499129042029,0.0007453499129042029,0.0,0.002956035314127803,0.002956035314127803
2024-06-07 03:00:00+09:00,0.0,0.0,0.0007453499129042029,0.0007453499129042029,0.0,0.002956035314127803,0.002956035314127803
2024-06-07 04:00:00+09:00,0.0,0.0,0.0007453499129042029,0.0007453499129042029,0.0,0.002956035314127803,0.002956035314127803
2024-06-07 05:00:00+09:00,0.0,0.0,0.0007453499129042029,0.0007453499129042029,0.0,0.002956035314127803,0.002956035314127803
2024-06-07 06:00:00+09:00,0.015590255,0.0,0.002223698887974024,0.002223698887974024,0.0,0.004231676459312439,0.004231676459312439
2024-06-07 07:00:00+09:00,0.122497356,0.015590255,0.09019146565378189,0.09019146565378189,0.0,0.0780198723077774,0.0780198723077774
2024-06-07 08:00:00+09:00,0.271721745,0.122497356,0.26923761374002075,0.26923761374002075,0.0,0.21164901554584503,0.21164901554584503
2024-06-07 09:00:00+09:00,0.44173314,0.271721745,0.39742426024448396,0.39742426024448396,0.015590255,0.27559793446243286,0.27559793446243286
2024-06-07 10:00:00+09:00,0.526367715,0.44173314,0.5265614273630523,0.5265614273630523,0.122497356,0.40304846173768616,0.40304846173768616
2024-06-07 11:00:00+09:00,0.579820752,0.526367715,0.595658680795517,0.595658680795517,0.271721745,0.6201998238421631,0.6201998238421631
2024-06-07 12:00:00+09:00,0.678561089,0.579820752,0.6695891170255204,0.6695891170255204,0.44173314,0.7145765605055237,0.7145765605055237
2024-06-07 13:00:00+09:00,0.611002289,0.678561089,0.6967633100210562,0.6967633100210562,0.526367715,0.6714049190271759,0.6714049190271759
2024-06-07 14:00:00+09:00,0.584275257,0.611002289,0.5703229236035003,0.5703229236035003,0.579820752,0.6276545187882443,0.6276545187882443
2024-06-07 15:00:00+09:00,0.573139507,0.584275257,0.4890844637241669,0.4890844637241669,0.678561089,0.5665520777909889,0.5665520777909889
2024-06-07 16:00:00+09:00,0.38753683,0.573139507,0.4813001860423394,0.4813001860423394,0.611002289,0.4497819172768249,0.4497819172768249
2024-06-07 17:00:00+09:00,0.219010954,0.38753683,0.2870867165842819,0.2870867165842819,0.584275257,0.35538254321482854,0.35538254321482854
2024-06-07 18:00:00+09:00,0.21084419,0.219010954,0.058128540612701424,0.058128540612701424,0.573139507,0.19732357901766973,0.19732357901766973
2024-06-07 19:00:00+09:00,0.070528812,0.21084419,0.13098152088970183,0.13098152088970183,0.38753683,0.17236726611049652,0.17236726611049652
2024-06-07 20:00:00+09:00,0.006681245,0.070528812,0.0220383100597496,0.0220383100597496,0.219010954,0.0,0.0
2024-06-07 21:00:00+09:00,0.0,0.006681245,0.0,0.0,0.21084419,0.017889932869377123,0.017889932869377123
2024-06-07 22:00:00+09:00,0.0,0.0,0.0,0.0,0.070528812,0.0,0.0
2024-06-07 23:00:00+09:00,0.0,0.0,0.0,0.0,0.006681245,0.0,0.0
2024-06-08 00:00:00+09:00,0.0,0.0,0.0008180087897926569,0.0008180087897926569,0.0,0.0030532090459018946,0.0030532090459018946
2024-06-08 01:00:00+09:00,0.0,0.0,0.0008180087897926569,0.0008180087897926569,0.0,0.0030532090459018946,0.0030532090459018946
2024-06-08 02:00:00+09:00,0.0,0.0,0.0008180087897926569,0.0008180087897926569,0.0,0.0030532090459018946,0.0030532090459018946
2024-06-08 03:00:00+09:00,0.0,0.0,0.0008180087897926569,0.0008180087897926569,0.0,0.0030532090459018946,0.0030532090459018946
2024-06-08 04:00:00+09:00,0.0,0.0,0.0008180087897926569,0.0008180087897926569,0.0,0.0030532090459018946,0.0030532090459018946
2024-06-08 05:00:00+09:00,0.0,0.0,0.0008180087897926569,0.0008180087897926569,0.0,0.0030532090459018946,0.0030532090459018946
2024-06-08 06:00:00+09:00,0.002970012,0.0,0.0082600312307477,0.0082600312307477,0.0,0.02311996929347515,0.02311996929347515
2024-06-08 07:00:00+09:00,0.034150523,0.002970012,0.06621702211180877,0.06621702211180877,0.0,0.07344385981559753,0.07344385981559753
2024-06-08 08:00:00+09:00,0.167784656,0.034150523,0.13415278946661757,0.13415278946661757,0.0,0.08913737535476685,0.08913737535476685
2024-06-08 09:00:00+09:00,0.207131931,0.167784656,0.32090965898023227,0.32090965898023227,0.002970012,0.41186794834414675,0.41186794834414675
2024-06-08 10:00:00+09:00,0.185601651,0.207131931,0.2669354951014576,0.2669354951014576,0.034150523,0.32631723289990233,0.32631723289990233
2024-06-08 11:00:00+09:00,0.060135309,0.185601651,0.33334152333638767,0.33334152333638767,0.167784656,0.5259385356424866,0.5259385356424866
2024-06-08 12:00:00+09:00,0.08908908,0.060135309,0.10147270222423935,0.10147270222423935,0.207131931,0.4895903257658539,0.4895903257658539
2024-06-08 13:00:00+09:00,0.091315819,0.08908908,0.08618568117514432,0.08618568117514432,0.185601651,0.3762649589051972,0.3762649589051972
2024-06-08 14:00:00+09:00,0.07795333,0.091315819,0.11465912317215825,0.11465912317215825,0.060135309,0.07787667435823345,0.07787667435823345
2024-06-08 15:00:00+09:00,0.121012864,0.07795333,0.06295060807939053,0.06295060807939053,0.08908908,0.11071229284413338,0.11071229284413338
2024-06-08 16:00:00+09:00,0.13437638,0.121012864,0.022026774770416258,0.022026774770416258,0.091315819,0.0,0.0
2024-06-08 17:00:00+09:00,0.069044319,0.13437638,0.03949960634458541,0.03949960634458541,0.07795333,0.0,0.0
2024-06-08 18:00:00+09:00,0.042317287,0.069044319,0.0,0.0,0.121012864,0.0,0.0
2024-06-08 19:00:00+09:00,0.017818021,0.042317287,0.0,0.0,0.13437638,0.0,0.0
2024-06-08 20:00:00+09:00,0.002970012,0.017818021,0.0,0.0,0.069044319,0.0,0.0
2024-06-08 21:00:00+09:00,0.0,0.002970012,0.0,0.0,0.042317287,0.0,0.0
2024-06-08 22:00:00+09:00,0.0,0.0,0.0,0.0,0.017818021,0.0,0.0
2024-06-08 23:00:00+09:00,0.0,0.0,0.0,0.0,0.002970012,0.0,0.0
2024-06-09 00:00:00+09:00,0.0,0.0,4.054290002386551e-06,4.054290002386551e-06,0.0,0.0,0.0
2024-06-09 01:00:00+09:00,0.0,0.0,4.054290002386551e-06,4.054290002386551e-06,0.0,0.0,0.0
2024-06-09 02:00:00+09:00,0.0,0.0,4.054290002386551e-06,4.054290002386551e-06,0.0,0.0,0.0
2024-06-09 03:00:00+09:00,0.0,0.0,4.054290002386551e-06,4.054290002386551e-06,0.0,0.0,0.0
2024-06-09 04:00:00+09:00,0.0,0.0,4.054290002386551e-06,4.054290002386551e-06,0.0,0.0,0.0
2024-06-09 05:00:00+09:00,0.0,0.0,4.054290002386551e-06,4.054290002386551e-06,0.0,0.0,0.0
2024-06-09 06:00:00+09:00,0.003712259,0.0,0.003665096126496792,0.003665096126496792,0.0,0.0,0.0
2024-06-09 07:00:00+09:00,0.059393062,0.003712259,0.057206272845920565,0.057206272845920565,0.0,0.014143459498882294,0.014143459498882294
2024-06-09 08:00:00+09:00,0.140315378,0.059393062,0.20044885457011413,0.20044885457011413,0.0,0.18518094718456268,0.18518094718456268
2024-06-09 09:00:00+09:00,0.15442114,0.140315378,0.27048438220188903,0.27048438220188903,0.003712259,0.3081867916042175,0.3081867916042175
2024-06-09 10:00:00+09:00,0.172239161,0.15442114,0.2525330526081467,0.2525330526081467,0.059393062,0.30199846506568145,0.30199846506568145
2024-06-09 11:00:00+09:00,0.345962816,0.172239161,0.2673942436430321,0.2673942436430321,0.140315378,0.4220943692223816,0.4220943692223816
2024-06-09 12:00:00+09:00,0.217525435,0.345962816,0.4185573394298706,0.4185573394298706,0.15442114,0.4428560626951599,0.4428560626951599
2024-06-09 13:00:00+09:00,0.279145236,0.217525435,0.20533959040724992,0.20533959040724992,0.172239161,0.28894749926065066,0.28894749926065066
2024-06-09 14:00:00+09:00,0.060877555,0.279145236,0.2611087941225157,0.2611087941225157,0.345962816,0.3913257355690155,0.3913257355690155
2024-06-09 15:00:00+09:00,0.348189555,0.060877555,0.016162891822271347,0.016162891822271347,0.217525435,0.15698423361712455,0.15698423361712455
2024-06-09 16:00:00+09:00,0.536018972,0.348189555,0.2926148808407116,0.2926148808407116,0.279145236,0.18157858668225862,0.18157858668225862
2024-06-09 17:00:00+09:00,0.27617625,0.536018972,0.46266024251830296,0.46266024251830296,0.060877555,0.0,0.0
2024-06-09 18:00:00+09:00,0.219010954,0.27617625,0.20817494990348817,0.20817494990348817,0.348189555,0.2228201403128433,0.2228201403128433
2024-06-09 19:00:00+09:00,0.090573573,0.219010954,0.139072810508255,0.139072810508255,0.536018972,0.24429852207553104,0.24429852207553104
2024-06-09 20:00:00+09:00,0.008166764,0.090573573,0.03742109004335213,0.03742109004335213,0.27617625,0.0,0.0
2024-06-09 21:00:00+09:00,0.0,0.008166764,0.0021787584512844085,0.0021787584512844085,0.219010954,0.046818603970054634,0.046818603970054634
2024-06-09 22:00:00+09:00,0.0,0.0,0.0,0.0,0.090573573,0.024242260939643864,0.024242260939643864
2024-06-09 23:00:00+09:00,0.0,0.0,0.0,0.0,0.008166764,0.0,0.0
2024-06-10 00:00:00+09:00,0.0,0.0,0.0,0.0,0.0,0.0,0.0
2024-06-10 01:00:00+09:00,0.0,0.0,0.0,0.0,0.0,0.0,0.0
2024-06-10 02:00:00+09:00,0.0,0.0,0.0,0.0,0.0,0.0,0.0
2024-06-10 03:00:00+09:00,0.0,0.0,0.0,0.0,0.0,0.0,0.0
2024-06-10 04:00:00+09:00,0.0,0.0,0.0,0.0,0.0,0.0,0.0
2024-06-10 05:00:00+09:00,0.0,0.0,0.0,0.0,0.0,0.0,0.0
2024-06-10 06:00:00+09:00,0.001484493,0.0,0.004240813199430704,0.004240813199430704,0.0,0.024993188679218292,0.024993188679218292
2024-06-10 07:00:00+09:00,0.046771793,0.001484493,0.03869296072193909,0.03869296072193909,0.0,0.06770097464323044,0.06770097464323044
2024-06-10 08:00:00+09:00,0.083892328,0.046771793,0.11546844833304215,0.11546844833304215,0.0,0.10055545717477798,0.10055545717477798
2024-06-10 09:00:00+09:00,0.195996181,0.083892328,0.14583268136375238,0.14583268136375238,0.001484493,0.18553488908478546,0.18553488908478546
2024-06-10 10:00:00+09:00,0.426142885,0.195996181,0.3044662409312782,0.3044662409312782,0.046771793,0.32703155123402405,0.32703155123402405
2024-06-10 11:00:00+09:00,0.641440554,0.426142885,0.5045217635338402,0.5045217635338402,0.083892328,0.37558750555508424,0.37558750555508424
2024-06-10 12:00:00+09:00,0.641440554,0.641440554,0.6879928730796375,0.6879928730796375,0.195996181,0.4175029405243454,0.4175029405243454
2024-06-10 13:00:00+09:00,0.675592103,0.641440554,0.6800996460388699,0.6800996460388699,0.426142885,0.6007942544524765,0.6007942544524765
2024-06-10 14:00:00+09:00,0.737954151,0.675592103,0.7240400583997517,0.7240400583997517,0.641440554,0.879017053581337,0.879017053581337
2024-06-10 15:00:00+09:00,0.679303335,0.737954151,0.7262039390607843,0.7262039390607843,0.641440554,0.6158058740566769,0.6158058740566769
2024-06-10 16:00:00+09:00,0.562746004,0.679303335,0.5623021814713096,0.5623021814713096,0.675592103,0.5507026174619942,0.5507026174619942
2024-06-10 17:00:00+09:00,0.415748355,0.562746004,0.46247572524814984,0.46247572524814984,0.737954151,0.5230724775447616,0.5230724775447616
2024-06-10 18:00:00+09:00,0.235343456,0.415748355,0.33743237426755907,0.33743237426755907,0.679303335,0.3286383915433502,0.3286383915433502
2024-06-10 19:00:00+09:00,0.082407835,0.235343456,0.16124428036800004,0.16124428036800004,0.562746004,0.2747658349421539,0.2747658349421539
2024-06-10 20:00:00+09:00,0.007424518,0.082407835,0.00569768535419464,0.00569768535419464,0.415748355,0.1374430926728058,0.1374430926728058
2024-06-10 21:00:00+09:00,0.0,0.007424518,0.001630533486270189,0.001630533486270189,0.235343456,0.06687301370492554,0.06687301370492554
2024-06-10 22:00:00+09:00,0.0,0.0,0.0007027894607745111,0.0007027894607745111,0.082407835,0.017065065973243712,0.017065065973243712
2024-06-10 23:00:00+09:00,0.0,0.0,0.0007027894607745111,0.0007027894607745111,0.007424518,0.0,0.0
2024-06-11 00:00:00+09:00,0.0,0.0,0.0002598570426926017,0.0002598570426926017,0.0,0.0,0.0
2024-06-11 01:00:00+09:00,0.0,0.0,0.0002598570426926017,0.0002598570426926017,0.0,0.0,0.0
2024-06-11 02:00:00+09:00,0.0,0.0,0.0002598570426926017,0.0002598570426926017,0.0,0.0,0.0
2024-06-11 03:00:00+09:00,0.0,0.0,0.0002598570426926017,0.0002598570426926017,0.0,0.0,0.0
2024-06-11 04:00:00+09:00,0.0,0.0,0.0002598570426926017,0.0002598570426926017,0.0,0.0,0.0
2024-06-11 05:00:00+09:00,0.0,0.0,0.0002598570426926017,0.0002598570426926017,0.0,0.0,0.0
2024-06-11 06:00:00+09:00,0.011879023,0.0,0.00311616575345397,0.00311616575345397,0.0,0.0,0.0
2024-06-11 07:00:00+09:00,0.101710349,0.011879023,0.04675454629897881,0.04675454629897881,0.0,0.04536157473921776,0.04536157473921776
2024-06-11 08:00:00+09:00,0.248706972,0.101710349,0.1694029566412201,0.1694029566412201,0.0,0.10309213399887085,0.10309213399887085
2024-06-11 09:00:00+09:00,0.42020286,0.248706972,0.4244473928183289,0.4244473928183289,0.011879023,0.29352706281781005,0.29352706281781005
2024-06-11 10:00:00+09:00,0.553094747,0.42020286,0.5549790052198029,0.5549790052198029,0.101710349,0.39669260350515745,0.39669260350515745
2024-06-11 11:00:00+09:00,0.635501555,0.553094747,0.636289695732853,0.636289695732853,0.248706972,0.5311058813303681,0.5311058813303681
2024-06-11 12:00:00+09:00,0.666683093,0.635501555,0.6745831173104573,0.6745831173104573,0.42020286,0.6433449474595643,0.6433449474595643
2024-06-11 13:00:00+09:00,0.727560648,0.666683093,0.7099883708244018,0.7099883708244018,0.553094747,0.6774621107509347,0.6774621107509347
2024-06-11 14:00:00+09:00,0.698606876,0.727560648,0.7278582958717755,0.7278582958717755,0.635501555,0.6871329572243023,0.6871329572243023
2024-06-11 15:00:00+09:00,0.562746004,0.698606876,0.6239164893470536,0.6239164893470536,0.666683093,0.562955081749504,0.562955081749504
2024-06-11 16:00:00+09:00,0.413521615,0.562746004,0.4404326908138313,0.4404326908138313,0.727560648,0.5327107396481018,0.5327107396481018
2024-06-11 17:00:00+09:00,0.323690289,0.413521615,0.19947020444416047,0.19947020444416047,0.698606876,0.3900352095208893,0.3900352095208893
2024-06-11 18:00:00+09:00,0.210101943,0.323690289,0.22206672404142763,0.22206672404142763,0.562746004,0.19141663683920285,0.19141663683920285
2024-06-11 19:00:00+09:00,0.063104294,0.210101943,0.1318873795706444,0.1318873795706444,0.413521615,0.188702535958519,0.188702535958519
2024-06-11 20:00:00+09:00,0.004454505,0.063104294,0.0036659573594036154,0.0036659573594036154,0.323690289,0.08831387136312868,0.08831387136312868
2024-06-11 21:00:00+09:00,0.0,0.004454505,0.0,0.0,0.210101943,0.05990959285084535,0.05990959285084535
2024-06-11 22:00:00+09:00,0.0,0.0,0.0,0.0,0.063104294,0.0026234162429275565,0.0026234162429275565
2024-06-11 23:00:00+09:00,0.0,0.0,0.0,0.0,0.004454505,0.0,0.0
2024-06-12 00:00:00+09:00,0.0,0.0,0.0,0.0,0.0,0.0,0.0
2024-06-12 01:00:00+09:00,0.0,0.0,0.0,0.0,0.0,0.0,0.0
2024-06-12 02:00:00+09:00,0.0,0.0,0.0,0.0,0.0,0.0,0.0
2024-06-12 03:00:00+09:00,0.0,0.0,0.0,0.0,0.0,0.0,0.0
2024-06-12 04:00:00+09:00,0.0,0.0,0.0,0.0,0.0,0.0,0.0
2024-06-12 05:00:00+09:00,0.0,0.0,0.0,0.0,0.0,0.0,0.0
2024-06-12 06:00:00+09:00,0.009651257,0.0,0.0055542285554111,0.0055542285554111,0.0,0.004538006614893675,0.004538006614893675
2024-06-12 07:00:00+09:00,0.092059092,0.009651257,0.05177587111952972,0.05177587111952972,0.0,0.052525389939546585,0.052525389939546585
2024-06-12 08:00:00+09:00,0.256130463,0.092059092,0.15819128729390336,0.15819128729390336,0.0,0.12242252379655838,0.12242252379655838
2024-06-12 09:00:00+09:00,0.419460614,0.256130463,0.3436286063153152,0.3436286063153152,0.009651257,0.25903846164706423,0.25903846164706423
2024-06-12 10:00:00+09:00,0.539731231,0.419460614,0.5601444735867157,0.5601444735867157,0.092059092,0.3787548405675812,0.3787548405675812
2024-06-12 11:00:00+09:00,0.615456795,0.539731231,0.6279335584898529,0.6279335584898529,0.256130463,0.5161738158423309,0.5161738158423309
2024-06-12 12:00:00+09:00,0.688955619,0.615456795,0.6747831009854507,0.6747831009854507,0.419460614,0.5904741629702225,0.5904741629702225
2024-06-12 13:00:00+09:00,0.705288121,0.688955619,0.7700388049707833,0.7700388049707833,0.539731231,0.7112576779385147,0.7112576779385147
2024-06-12 14:00:00+09:00,0.703061382,0.705288121,0.7356770238728009,0.7356770238728009,0.615456795,0.7084203489650917,0.7084203489650917
2024-06-12 15:00:00+09:00,0.639956061,0.703061382,0.6463103244943924,0.6463103244943924,0.688955619,0.7233567489312115,0.7233567489312115
2024-06-12 16:00:00+09:00,0.495928424,0.639956061,0.602053765410553,0.602053765410553,0.705288121,0.6344156726152382,0.6344156726152382
2024-06-12 17:00:00+09:00,0.372688821,0.495928424,0.38218310713694,0.38218310713694,0.703061382,0.4376778404159851,0.4376778404159851
2024-06-12 18:00:00+09:00,0.201192933,0.372688821,0.21885669831647492,0.21885669831647492,0.639956061,0.3069392780009613,0.3069392780009613
2024-06-12 19:00:00+09:00,0.07795333,0.201192933,0.09652192411509322,0.09652192411509322,0.495928424,0.09403296053335569,0.09403296053335569
2024-06-12 20:00:00+09:00,0.003712259,0.07795333,0.027528038938598634,0.027528038938598634,0.372688821,0.1365588516415558,0.1365588516415558
2024-06-12 21:00:00+09:00,0.0,0.003712259,0.0,0.0,0.201192933,0.04217459527340697,0.04217459527340697
2024-06-12 22:00:00+09:00,0.0,0.0,0.0005433284677565098,0.0005433284677565098,0.07795333,0.02227747323091507,0.02227747323091507
2024-06-12 23:00:00+09:00,0.0,0.0,0.0005433284677565098,0.0005433284677565098,0.003712259,0.0007822960613485573,0.0007822960613485573
2024-06-13 00:00:00+09:00,0.0,0.0,0.0,0.0,0.0,0.0007822185289114714,0.0007822185289114714
2024-06-13 01:00:00+09:00,0.0,0.0,0.0,0.0,0.0,0.0007822185289114714,0.0007822185289114714
2024-06-13 02:00:00+09:00,0.0,0.0,0.0,0.0,0.0,0.0007822185289114714,0.0007822185289114714
2024-06-13 03:00:00+09:00,0.0,0.0,0.0,0.0,0.0,0.0007822185289114714,0.0007822185289114714
2024-06-13 04:00:00+09:00,0.0,0.0,0.0,0.0,0.0,0.0007822185289114714,0.0007822185289114714
2024-06-13 05:00:00+09:00,0.0,0.0,0.0,0.0,0.0,0.0007822185289114714,0.0007822185289114714
2024-06-13 06:00:00+09:00,0.01113575,0.0,0.006929751019924879,0.006929751019924879,0.0,0.016698569059371948,0.016698569059371948
2024-06-13 07:00:00+09:00,0.107649348,0.01113575,0.04896771583390236,0.04896771583390236,0.0,0.033616308122873306,0.033616308122873306
2024-06-13 08:00:00+09:00,0.255388216,0.107649348,0.2257122167143326,0.2257122167143326,0.0,0.19542106986045837,0.19542106986045837
2024-06-13 09:00:00+09:00,0.42168838,0.255388216,0.3635399051717911,0.3635399051717911,0.01113575,0.30721666711997986,0.30721666711997986
2024-06-13 10:00:00+09:00,0.540473477,0.42168838,0.5461315012544441,0.5461315012544441,0.107649348,0.4721889116558533,0.4721889116558533
2024-06-13 11:00:00+09:00,0.612486782,0.540473477,0.7246906766831894,0.7246906766831894,0.255388216,0.5824072220138703,0.5824072220138703
2024-06-13 12:00:00+09:00,0.645152812,0.612486782,0.6202529929397351,0.6202529929397351,0.42168838,0.5744838288992691,0.5744838288992691
2024-06-13 13:00:00+09:00,0.703061382,0.645152812,0.6472515974804843,0.6472515974804843,0.540473477,0.6497568199574967,0.6497568199574967
2024-06-13 14:00:00+09:00,0.706772614,0.703061382,0.7100858340902634,0.7100858340902634,0.612486782,0.6613230877374954,0.6613230877374954
2024-06-13 15:00:00+09:00,0.629562557,0.706772614,0.6073285152293816,0.6073285152293816,0.645152812,0.5252982798177833,0.5252982798177833
2024-06-13 16:00:00+09:00,0.549382488,0.629562557,0.5478919672549553,0.5478919672549553,0.703061382,0.6571678581579037,0.6571678581579037
2024-06-13 17:00:00+09:00,0.403128112,0.549382488,0.4018278668995743,0.4018278668995743,0.706772614,0.4546996538616791,0.4546996538616791
2024-06-13 18:00:00+09:00,0.198965167,0.403128112,0.2548925823388214,0.2548925823388214,0.629562557,0.26907423164256283,0.26907423164256283
2024-06-13 19:00:00+09:00,0.051226298,0.198965167,0.07038258512229156,0.07038258512229156,0.549382488,0.17541409538945008,0.17541409538945008
2024-06-13 20:00:00+09:00,0.003712259,0.051226298,0.01705129318990517,0.01705129318990517,0.403128112,0.23853912417269896,0.23853912417269896
2024-06-13 21:00:00+09:00,0.0,0.003712259,0.0,0.0,0.198965167,0.040540431930725096,0.040540431930725096
2024-06-13 22:00:00+09:00,0.0,0.0,0.0019680303521454334,0.0019680303521454334,0.051226298,0.0,0.0
2024-06-13 23:00:00+09:00,0.0,0.0,0.0019680303521454334,0.0019680303521454334,0.003712259,0.0032586935265645533,0.0032586935265645533
2024-06-14 00:00:00+09:00,,,,,,,
2024-06-14 01:00:00+09:00,0.0,,,,0.0,0.002956035314127803,0.002956035314127803
2024-06-14 02:00:00+09:00,0.0,0.0,0.0007453499129042029,0.0007453499129042029,0.0,0.002956035314127803,0.002956035314127803
2024-06-14 03:00:00+09:00,0.0,0.0,0.0007453499129042029,0.0007453499129042029,,,
2024-06-14 04:00:00+09:00,0.0,0.0,0.0007453499129042029,0.0007453499129042029,0.0,0.002956035314127803,0.002956035314127803
2024-06-14 05:00:00+09:00,0.0,0.0,0.0007453499129042029,0.0007453499129042029,0.0,0.002956035314127803,0.002956035314127803
2024-06-14 06:00:00+09:00,0.01262127,0.0,0.009322265163064003,0.009322265163064003,0.0,0.013244781643152237,0.013244781643152237
2024-06-14 07:00:00+09:00,0.119527344,0.01262127,0.09412580120470047,0.09412580120470047,0.0,0.10157087445259094,0.10157087445259094
2024-06-14 08:00:00+09:00,0.273206238,0.119527344,0.23852421004738233,0.23852421004738233,0.0,0.22344401478767395,0.22344401478767395
2024-06-14 09:00:00+09:00,0.435794142,0.273206238,0.4020686040802841,0.4020686040802841,0.01262127,0.3561300202002716,0.3561300202002716
2024-06-14 10:00:00+09:00,0.566457236,0.435794142,0.5575149328630371,0.5575149328630371,0.119527344,0.5141085128899994,0.5141085128899994
2024-06-14 11:00:00+09:00,0.647380578,0.566457236,0.7275508584460602,0.7275508584460602,0.273206238,0.6259198527022247,0.6259198527022247
2024-06-14 12:00:00+09:00,0.6874701,0.647380578,0.683968695480278,0.683968695480278,0.435794142,0.6940515608709259,0.6940515608709259
2024-06-14 13:00:00+09:00,0.722363896,0.6874701,0.6774521648133754,0.6774521648133754,0.566457236,0.701514283009468,0.701514283009468
2024-06-14 14:00:00+09:00,0.729787387,0.722363896,0.7106213879611215,0.7106213879611215,0.647380578,0.7049840303546696,0.7049840303546696
2024-06-14 15:00:00+09:00,0.668167585,0.729787387,0.6756476462349053,0.6756476462349053,0.6874701,0.6284583724285125,0.6284583724285125
2024-06-14 16:00:00+09:00,0.53304896,0.668167585,0.5535194887365913,0.5535194887365913,0.722363896,0.4508666165944061,0.4508666165944061
2024-06-14 17:00:00+09:00,0.355614073,0.53304896,0.4127191254791832,0.4127191254791832,0.729787387,0.43611032520381166,0.43611032520381166
2024-06-14 18:00:00+09:00,0.220495447,0.355614073,0.2103474208927612,0.2103474208927612,0.668167585,0.26633685217758174,0.26633685217758174
2024-06-14 19:00:00+09:00,0.103937089,0.220495447,0.11169887282464219,0.11169887282464219,0.53304896,0.13109281900497438,0.13109281900497438
2024-06-14 20:00:00+09:00,0.005196752,0.103937089,0.05817257941152,0.05817257941152,0.355614073,0.1453355172491531,0.1453355172491531
2024-06-14 21:00:00+09:00,0.0,0.005196752,0.0,0.0,0.220495447,0.027541189869377147,0.027541189869377147
2024-06-14 22:00:00+09:00,0.0,0.0,0.0,0.0,0.103937089,0.025660670850528713,0.025660670850528713
2024-06-14 23:00:00+09:00,0.0,0.0,0.0,0.0,0.005196752,0.0,0.0
2024-06-15 00:00:00+09:00,,,,,,,
2024-06-15 01:00:00+09:00,0.0,,,,0.0,0.0030532090459018946,0.0030532090459018946
2024-06-15 02:00:00+09:00,0.0,0.0,0.0008180087897926569,0.0008180087897926569,0.0,0.0030532090459018946,0.0030532090459018946
2024-06-15 03:00:00+09:00,0.0,0.0,0.0008180087897926569,0.0008180087897926569,,,
2024-06-15 04:00:00+09:00,0.0,0.0,0.0008180087897926569,0.0008180087897926569,0.0,0.0030532090459018946,0.0030532090459018946
2024-06-15 05:00:00+09:00,0.0,0.0,0.0008180087897926569,0.0008180087897926569,0.0,0.0030532090459018946,0.0030532090459018946
2024-06-15 06:00:00+09:00,0.011879023,0.0,0.006954891607165337,0.006954891607165337,0.0,0.018869031220674515,0.018869031220674515
2024-06-15 07:00:00+09:00,0.104679335,0.011879023,0.0843444651210289,0.0843444651210289,0.0,0.07401000708341599,0.07401000708341599
2024-06-15 08:00:00+09:00,0.259842722,0.104679335,0.20468160146661757,0.20468160146661757,0.0,0.08913737535476685,0.08913737535476685
2024-06-15 09:00:00+09:00,0.402385865,0.259842722,0.40426513391864016,0.40426513391864016,0.011879023,0.363720025702713,0.363720025702713
2024-06-15 10:00:00+09:00,0.478111429,0.402385865,0.5682963027031327,0.5682963027031327,0.104679335,0.4925984629411316,0.4925984629411316
2024-06-15 11:00:00+09:00,0.531564467,0.478111429,0.5740153620482482,0.5740153620482482,0.259842722,0.6093137546194763,0.6093137546194763
2024-06-15 12:00:00+09:00,0.624365805,0.531564467,0.5641172680725975,0.5641172680725975,0.402385865,0.70055720641922,0.70055720641922
2024-06-15 13:00:00+09:00,0.66371308,0.624365805,0.6177692695557404,0.6177692695557404,0.478111429,0.669371632719139,0.669371632719139
2024-06-15 14:00:00+09:00,0.671879844,0.66371308,0.6558964011556077,0.6558964011556077,0.531564467,0.5979124236574097,0.5979124236574097
2024-06-15 15:00:00+09:00,0.63104705,0.671879844,0.5703883554836693,0.5703883554836693,0.624365805,0.5166114999949265,0.5166114999949265
2024-06-15 16:00:00+09:00,0.544185736,0.63104705,0.5465109818585396,0.5465109818585396,0.66371308,0.5563759479037094,0.5563759479037094
2024-06-15 17:00:00+09:00,0.355614073,0.544185736,0.4578049935097084,0.4578049935097084,0.671879844,0.4309595983525696,0.4309595983525696
2024-06-15 18:00:00+09:00,0.240540208,0.355614073,0.23776294978623197,0.23776294978623197,0.63104705,0.2946933009632111,0.2946933009632111
2024-06-15 19:00:00+09:00,0.066816553,0.240540208,0.11571706988220978,0.11571706988220978,0.544185736,0.13572052937692258,0.13572052937692258
2024-06-15 20:00:00+09:00,0.001484493,0.066816553,0.0,0.0,0.355614073,0.03144062253002927,0.03144062253002927
2024-06-15 21:00:00+09:00,0.0,0.001484493,0.0,0.0,0.240540208,0.04254606522923279,0.04254606522923279
2024-06-15 22:00:00+09:00,0.0,0.0,0.0,0.0,0.066816553,0.0,0.0
2024-06-15 23:00:00+09:00,0.0,0.0,0.0,0.0,0.001484493,0.0,0.0
2024-06-16 00:00:00+09:00,0.0,,,,,,
2024-06-16 01:00:00+09:00,0.0,0.0,4.054290002386551e-06,4.054290002386551e-06,0.0,0.0,0.0
2024-06-16 02:00:00+09:00,0.0,0.0,4.054290002386551e-06,4.054290002386551e-06,0.0,0.0,0.0
2024-06-16 03:00:00+09:00,0.0,0.0,4.054290002386551e-06,4.054290002386551e-06,0.0,0.0,0.0
2024-06-16 04:00:00+09:00,0.0,0.0,4.054290002386551e-06,4.054290002386551e-06,0.0,0.0,0.0
2024-06-16 05:00:00+09:00,0.0,0.0,4.054290002386551e-06,4.054290002386551e-06,0.0,0.0,0.0
2024-06-16 06:00:00+09:00,0.007424518,0.0,0.005844065919518471,0.005844065919518471,0.0,0.0148179205134511,0.0148179205134511
2024-06-16 07:00:00+09:00,0.07795333,0.007424518,0.08976755989682007,0.08976755989682007,0.0,0.09345678240060806,0.09345678240060806
2024-06-16 08:00:00+09:00,0.222722186,0.07795333,0.18038177372987746,0.18038177372987746,0.0,0.19926759600639343,0.19926759600639343
2024-06-16 09:00:00+09:00,0.435794142,0.222722186,0.32687199696982955,0.32687199696982955,0.007424518,0.3155371989120178,0.3155371989120178
2024-06-16 10:00:00+09:00,0.573881754,0.435794142,0.548012618831913,0.548012618831913,0.07795333,0.35590218635375975,0.35590218635375975
2024-06-16 11:00:00+09:00,0.642183827,0.573881754,0.6879584279845276,0.6879584279845276,0.222722186,0.6648935212203368,0.6648935212203368
2024-06-16 12:00:00+09:00,0.688212346,0.642183827,0.769167469578125,0.769167469578125,0.435794142,0.7947544724862976,0.7947544724862976
2024-06-16 13:00:00+09:00,0.692666851,0.688212346,0.7376504612093411,0.7376504612093411,0.573881754,0.7577041623185196,0.7577041623185196
2024-06-16 14:00:00+09:00,0.550124734,0.692666851,0.6612936966280232,0.6612936966280232,0.642183827,0.659625204043724,0.659625204043724
2024-06-16 15:00:00+09:00,0.449899905,0.550124734,0.4787777134335365,0.4787777134335365,0.688212346,0.5069609840338669,0.5069609840338669
2024-06-16 16:00:00+09:00,0.35264406,0.449899905,0.39408773985889434,0.39408773985889434,0.692666851,0.5245533213178406,0.5245533213178406
2024-06-16 17:00:00+09:00,0.27617625,0.35264406,0.26599478368383406,0.26599478368383406,0.550124734,0.27931222255590815,0.27931222255590815
2024-06-16 18:00:00+09:00,0.234601209,0.27617625,0.12404533328533174,0.12404533328533174,0.449899905,0.07130646017578124,0.07130646017578124
2024-06-16 19:00:00+09:00,0.088346833,0.234601209,0.1291354094299164,0.1291354094299164,0.35264406,0.04605093990188597,0.04605093990188597
2024-06-16 20:00:00+09:00,0.01262127,0.088346833,0.03478276134472656,0.03478276134472656,0.27617625,0.0,0.0
2024-06-16 21:00:00+09:00,0.0,0.01262127,0.006633264451284409,0.006633264451284409,0.234601209,0.06240885897005463,0.06240885897005463
2024-06-16 22:00:00+09:00,0.0,0.0,0.0,0.0,0.088346833,0.02201552093964386,0.02201552093964386
2024-06-16 23:00:00+09:00,0.0,0.0,0.0,0.0,0.01262127,0.00245282656605959,0.00245282656605959
2024-06-17 00:00:00+09:00,0.0,0.0,0.0,0.0,0.0,0.0,0.0
2024-06-17 01:00:00+09:00,0.0,0.0,0.0,0.0,0.0,0.0,0.0
2024-06-17 02:00:00+09:00,0.0,0.0,0.0,0.0,0.0,0.0,0.0
2024-06-17 03:00:00+09:00,0.0,0.0,0.0,0.0,0.0,0.0,0.0
2024-06-17 04:00:00+09:00,0.0,0.0,0.0,0.0,0.0,0.0,0.0
2024-06-17 05:00:00+09:00,0.0,0.0,0.0,0.0,0.0,0.0,0.0
2024-06-17 06:00:00+09:00,0.014105762,0.0,0.0055318367667496204,0.0055318367667496204,0.0,0.014186600223183632,0.014186600223183632
2024-06-17 07:00:00+09:00,0.10022483,0.014105762,0.07786941027156066,0.07786941027156066,0.0,0.05527247115969658,0.05527247115969658
2024-06-17 08:00:00+09:00,0.117300605,0.10022483,0.22232942262132643,0.22232942262132643,0.0,0.18364015221595764,0.18364015221595764
2024-06-17 09:00:00+09:00,0.192283922,0.117300605,0.22208752256725312,0.22208752256725312,0.014105762,0.28487824892512514,0.28487824892512514
2024-06-17 10:00:00+09:00,0.259100475,0.192283922,0.3533200408650131,0.3533200408650131,0.10022483,0.3838098121567535,0.3838098121567535
2024-06-17 11:00:00+09:00,0.290282013,0.259100475,0.29871382622585296,0.29871382622585296,0.117300605,0.3612390361437607,0.3612390361437607
2024-06-17 12:00:00+09:00,0.279888509,0.290282013,0.27117732177768994,0.27117732177768994,0.192283922,0.3860963966084213,0.3860963966084213
2024-06-17 13:00:00+09:00,0.38753683,0.279888509,0.2719524420521226,0.2719524420521226,0.259100475,0.384513654397583,0.384513654397583
2024-06-17 14:00:00+09:00,0.406840371,0.38753683,0.4082171532431412,0.4082171532431412,0.290282013,0.26486935849582005,0.26486935849582005
2024-06-17 15:00:00+09:00,0.224949952,0.406840371,0.36031783934158895,0.36031783934158895,0.279888509,0.2520684824979868,0.2520684824979868
2024-06-17 16:00:00+09:00,0.224949952,0.224949952,0.17617595546803666,0.17617595546803666,0.38753683,0.316245845250206,0.316245845250206
2024-06-17 17:00:00+09:00,0.265782747,0.224949952,0.12467967324814988,0.12467967324814988,0.406840371,0.19195869754476164,0.19195869754476164
2024-06-17 18:00:00+09:00,0.119527344,0.265782747,0.16698091807915877,0.16698091807915877,0.224949952,0.0,0.0
2024-06-17 19:00:00+09:00,0.057165296,0.119527344,0.009625580501216882,0.009625580501216882,0.224949952,0.0,0.0
2024-06-17 20:00:00+09:00,0.008909011,0.057165296,0.0,0.0,0.265782747,0.0,0.0
2024-06-17 21:00:00+09:00,0.0,0.008909011,0.003115026486270189,0.003115026486270189,0.119527344,0.0,0.0
2024-06-17 22:00:00+09:00,0.0,0.0,0.0007027894607745111,0.0007027894607745111,0.057165296,0.0,0.0
2024-06-17 23:00:00+09:00,0.0,0.0,0.0007027894607745111,0.0007027894607745111,0.008909011,0.0,0.0
2024-06-18 00:00:00+09:00,0.0,0.0,0.0002598570426926017,0.0002598570426926017,0.0,0.0,0.0
2024-06-18 01:00:00+09:00,0.0,0.0,0.0002598570426926017,0.0002598570426926017,0.0,0.0,0.0
2024-06-18 02:00:00+09:00,0.0,0.0,0.0002598570426926017,0.0002598570426926017,0.0,0.0,0.0
2024-06-18 03:00:00+09:00,0.0,0.0,0.0002598570426926017,0.0002598570426926017,0.0,0.0,0.0
2024-06-18 04:00:00+09:00,0.0,0.0,0.0002598570426926017,0.0002598570426926017,0.0,0.0,0.0
2024-06-18 05:00:00+09:00,0.0,0.0,0.0002598570426926017,0.0002598570426926017,0.0,0.0,0.0
2024-06-18 06:00:00+09:00,0.01262127,0.0,0.009377796202898026,0.009377796202898026,0.0,0.005612978246062994,0.005612978246062994
2024-06-18 07:00:00+09:00,0.120270617,0.01262127,0.039280840634365086,0.039280840634365086,0.0,0.0646049827337265,0.0646049827337265
2024-06-18 08:00:00+09:00,0.273206238,0.120270617,0.2132421952403946,0.2132421952403946,0.0,0.1439215987920761,0.1439215987920761
2024-06-18 09:00:00+09:00,0.44173314,0.273206238,0.46400298580368804,0.46400298580368804,0.01262127,0.25107899445201876,0.25107899445201876
2024-06-18 10:00:00+09:00,0.573139507,0.44173314,0.5938184740625763,0.5938184740625763,0.120270617,0.5133857798494262,0.5133857798494262
2024-06-18 11:00:00+09:00,0.651091811,0.573139507,0.6034633849306412,0.6034633849306412,0.273206238,0.5828886966391449,0.5828886966391449
2024-06-18 12:00:00+09:00,0.679303335,0.651091811,0.7057889110730992,0.7057889110730992,0.44173314,0.7385163786493683,0.7385163786493683
2024-06-18 13:00:00+09:00,0.668909832,0.679303335,0.73406347816082,0.73406347816082,0.573139507,0.7339160029335328,0.7339160029335328
2024-06-18 14:00:00+09:00,0.694152371,0.668909832,0.6374615534238643,0.6374615534238643,0.651091811,0.6572244416313276,0.6572244416313276
2024-06-18 15:00:00+09:00,0.65480407,0.694152371,0.6385888540851555,0.6385888540851555,0.679303335,0.6809552085792487,0.6809552085792487
2024-06-18 16:00:00+09:00,0.559033745,0.65480407,0.6042089019756984,0.6042089019756984,0.668909832,0.5532005122892685,0.5532005122892685
2024-06-18 17:00:00+09:00,0.415006108,0.559033745,0.3616091097089005,0.3616091097089005,0.694152371,0.34261117966050725,0.34261117966050725
2024-06-18 18:00:00+09:00,0.240540208,0.415006108,0.3604634472868042,0.3604634472868042,0.65480407,0.37708642006332393,0.37708642006332393
2024-06-18 19:00:00+09:00,0.08908908,0.240540208,0.1569584102213936,0.1569584102213936,0.559033745,0.19158437199317935,0.19158437199317935
2024-06-18 20:00:00+09:00,0.009651257,0.08908908,0.01902772417076111,0.01902772417076111,0.415006108,0.16566119284840392,0.16566119284840392
2024-06-18 21:00:00+09:00,0.0,0.009651257,0.0037098809099502562,0.0037098809099502562,0.240540208,0.09034785785084534,0.09034785785084534
2024-06-18 22:00:00+09:00,0.0,0.0,0.0,0.0,0.08908908,0.028608202242927552,0.028608202242927552
2024-06-18 23:00:00+09:00,0.0,0.0,0.0,0.0,0.009651257,0.0014315995341844558,0.0014315995341844558
2024-06-19 00:00:00+09:00,0.0,0.0,0.0,0.0,0.0,0.0,0.0
2024-06-19 01:00:00+09:00,0.0,0.0,0.0,0.0,0.0,0.0,0.0
2024-06-19 02:00:00+09:00,0.0,0.0,0.0,0.0,0.0,0.0,0.0
2024-06-19 03:00:00+09:00,0.0,0.0,0.0,0.0,0.0,0.0,0.0
2024-06-19 04:00:00+09:00,0.0,0.0,0.0,0.0,0.0,0.0,0.0
2024-06-19 05:00:00+09:00,0.0,0.0,0.0,0.0,0.0,0.0,0.0
2024-06-19 06:00:00+09:00,0.017818021,0.0,0.0055542285554111,0.0055542285554111,0.0,0.004538006614893675,0.004538006614893675
2024-06-19 07:00:00+09:00,0.115072839,0.017818021,0.0747202209835968,0.0747202209835968,0.0,0.09896381199359894,0.09896381199359894
2024-06-19 08:00:00+09:00,0.204161919,0.115072839,0.18902020160175703,0.18902020160175703,0.0,0.03976568952202797,0.03976568952202797
2024-06-19 09:00:00+09:00,0.327402548,0.204161919,0.3302041807197037,0.3302041807197037,0.017818021,0.3628917209511719,0.3628917209511719
2024-06-19 10:00:00+09:00,0.443217633,0.327402548,0.4644733230320435,0.4644733230320435,0.115072839,0.3890017494938507,0.3890017494938507
2024-06-19 11:00:00+09:00,0.475141417,0.443217633,0.5293713264971809,0.5293713264971809,0.204161919,0.44768337095007327,0.44768337095007327
2024-06-19 12:00:00+09:00,0.522655456,0.475141417,0.49237013584703637,0.49237013584703637,0.327402548,0.5069174776522141,0.5069174776522141
2024-06-19 13:00:00+09:00,0.615456795,0.522655456,0.537179583356708,0.537179583356708,0.443217633,0.5650382094889717,0.5650382094889717
2024-06-19 14:00:00+09:00,0.72904514,0.615456795,0.6546131052602958,0.6546131052602958,0.475141417,0.5861542036268158,0.5861542036268158
2024-06-19 15:00:00+09:00,0.656289589,0.72904514,0.6536175705510521,0.6536175705510521,0.522655456,0.48966186367812725,0.48966186367812725
2024-06-19 16:00:00+09:00,0.55457924,0.656289589,0.5808463807823792,0.5808463807823792,0.615456795,0.4210382007588577,0.4210382007588577
2024-06-19 17:00:00+09:00,0.372688821,0.55457924,0.4258469610569382,0.4258469610569382,0.72904514,0.46116264388145445,0.46116264388145445
2024-06-19 18:00:00+09:00,0.195996181,0.372688821,0.21576515440358734,0.21576515440358734,0.656289589,0.2771786268475189,0.2771786268475189
2024-06-19 19:00:00+09:00,0.080922316,0.195996181,0.07866557769847488,0.07866557769847488,0.55457924,0.1571457206365967,0.1571457206365967
2024-06-19 20:00:00+09:00,0.004454505,0.080922316,0.02532545401169395,0.02532545401169395,0.372688821,0.08447720710649109,0.08447720710649109
2024-06-19 21:00:00+09:00,0.0,0.004454505,0.0,0.0,0.195996181,0.036977843273406974,0.036977843273406974
2024-06-19 22:00:00+09:00,0.0,0.0,0.0005433284677565098,0.0005433284677565098,0.080922316,0.025246459230915064,0.025246459230915064
2024-06-19 23:00:00+09:00,0.0,0.0,0.0005433284677565098,0.0005433284677565098,0.004454505,0.0015245420613485576,0.0015245420613485576
2024-06-20 00:00:00+09:00,0.0,0.0,0.0,0.0,0.0,0.0007822185289114714,0.0007822185289114714
2024-06-20 01:00:00+09:00,0.0,0.0,0.0,0.0,0.0,0.0007822185289114714,0.0007822185289114714
2024-06-20 02:00:00+09:00,0.0,0.0,0.0,0.0,0.0,0.0007822185289114714,0.0007822185289114714
2024-06-20 03:00:00+09:00,0.0,0.0,0.0,0.0,0.0,0.0007822185289114714,0.0007822185289114714
2024-06-20 04:00:00+09:00,0.0,0.0,0.0,0.0,0.0,0.0007822185289114714,0.0007822185289114714
2024-06-20 05:00:00+09:00,0.0,0.0,0.0,0.0,0.0,0.0007822185289114714,0.0007822185289114714
2024-06-20 06:00:00+09:00,0.003712259,0.0,0.006266288459300995,0.006266288459300995,0.0,0.004662621300667524,0.004662621300667524
2024-06-20 07:00:00+09:00,0.040832794,0.003712259,0.07362561649626159,0.07362561649626159,0.0,0.07052051275968552,0.07052051275968552
2024-06-20 08:00:00+09:00,0.090573573,0.040832794,0.17354779570230866,0.17354779570230866,0.0,0.27342987060546875,0.27342987060546875
2024-06-20 09:00:00+09:00,0.135118626,0.090573573,0.2141053913898926,0.2141053913898926,0.003712259,0.3015647155696716,0.3015647155696716
2024-06-20 10:00:00+09:00,0.186344924,0.135118626,0.28608033800275423,0.28608033800275423,0.040832794,0.4382171991361084,0.4382171991361084
2024-06-20 11:00:00+09:00,0.279145236,0.186344924,0.2495179945499649,0.2495179945499649,0.090573573,0.33985490489678194,0.33985490489678194
2024-06-20 12:00:00+09:00,0.239797961,0.279145236,0.35747356979507067,0.35747356979507067,0.135118626,0.36420697713048555,0.36420697713048555
2024-06-20 13:00:00+09:00,0.209359697,0.239797961,0.3427362032566414,0.3427362032566414,0.186344924,0.4220920676262131,0.4220920676262131
2024-06-20 14:00:00+09:00,0.216040942,0.209359697,0.2000236156665416,0.2000236156665416,0.279145236,0.27370724255549767,0.27370724255549767
2024-06-20 15:00:00+09:00,0.206389685,0.216040942,0.180894664602129,0.180894664602129,0.239797961,0.22690574362466193,0.22690574362466193
2024-06-20 16:00:00+09:00,0.125467369,0.206389685,0.13129546942811965,0.13129546942811965,0.209359697,0.04095873881957246,0.04095873881957246
2024-06-20 17:00:00+09:00,0.068302073,0.125467369,0.0,0.0,0.216040942,0.0,0.0
2024-06-20 18:00:00+09:00,0.052710791,0.068302073,0.0024140704851608324,0.0024140704851608324,0.206389685,0.0,0.0
2024-06-20 19:00:00+09:00,0.020044761,0.052710791,0.0,0.0,0.125467369,0.0,0.0
2024-06-20 20:00:00+09:00,0.0,0.020044761,0.0,0.0,0.068302073,0.0,0.0
2024-06-20 21:00:00+09:00,0.0,0.0,0.0,0.0,0.052710791,0.0,0.0
2024-06-20 22:00:00+09:00,0.0,0.0,0.0019680303521454334,0.0019680303521454334,0.020044761,0.0,0.0
2024-06-20 23:00:00+09:00,0.0,0.0,0.0019680303521454334,0.0019680303521454334,0.0,0.0,0.0
2024-06-21 00:00:00+09:00,0.0,0.0,0.0007453499129042029,0.0007453499129042029,0.0,0.002956035314127803,0.002956035314127803
2024-06-21 01:00:00+09:00,0.0,0.0,0.0007453499129042029,0.0007453499129042029,0.0,0.002956035314127803,0.002956035314127803
2024-06-21 02:00:00+09:00,0.0,0.0,0.0007453499129042029,0.0007453499129042029,0.0,0.002956035314127803,0.002956035314127803
2024-06-21 03:00:00+09:00,0.0,0.0,0.0007453499129042029,0.0007453499129042029,0.0,0.002956035314127803,0.002956035314127803
2024-06-21 04:00:00+09:00,0.0,0.0,0.0007453499129042029,0.0007453499129042029,0.0,0.002956035314127803,0.002956035314127803
2024-06-21 05:00:00+09:00,0.0,0.0,0.0007453499129042029,0.0007453499129042029,0.0,0.002956035314127803,0.002956035314127803
2024-06-21 06:00:00+09:00,0.014848009,0.0,0.0064065661281347275,0.0064065661281347275,0.0,0.023890454322099686,0.023890454322099686
2024-06-21 07:00:00+09:00,0.092059092,0.014848009,0.07223499591129684,0.07223499591129684,0.0,0.07759036868810654,0.07759036868810654
2024-06-21 08:00:00+09:00,0.203419672,0.092059092,0.1933343870191498,0.1933343870191498,0.0,0.1412193775177002,0.1412193775177002
2024-06-21 09:00:00+09:00,0.293250998,0.203419672,0.2989224806900711,0.2989224806900711,0.014848009,0.20429034555929565,0.20429034555929565
2024-06-21 10:00:00+09:00,0.206389685,0.293250998,0.3729040748275261,0.3729040748275261,0.092059092,0.32235701508807374,0.32235701508807374
2024-06-21 11:00:00+09:00,0.261328241,0.206389685,0.3007037833581543,0.3007037833581543,0.203419672,0.5302376613493652,0.5302376613493652
2024-06-21 12:00:00+09:00,0.285085261,0.261328241,0.2930564565156136,0.2930564565156136,0.293250998,0.5410271039999466,0.5410271039999466
2024-06-21 13:00:00+09:00,0.573881754,0.285085261,0.28647297016964857,0.28647297016964857,0.206389685,0.43358855398994445,0.43358855398994445
2024-06-21 14:00:00+09:00,0.624365805,0.573881754,0.5886971562172093,0.5886971562172093,0.261328241,0.36614123559934236,0.36614123559934236
2024-06-21 15:00:00+09:00,0.567200509,0.624365805,0.5925172700583268,0.5925172700583268,0.285085261,0.32041883854349706,0.32041883854349706
2024-06-21 16:00:00+09:00,0.507807447,0.567200509,0.49012820898311993,0.49012820898311993,0.573881754,0.4915398520420112,0.4915398520420112
2024-06-21 17:00:00+09:00,0.350417321,0.507807447,0.41473676858708575,0.41473676858708575,0.624365805,0.46259699603908544,0.46259699603908544
2024-06-21 18:00:00+09:00,0.152193374,0.350417321,0.22969307509412384,0.22969307509412384,0.567200509,0.20155688850897213,0.20155688850897213
2024-06-21 19:00:00+09:00,0.096513598,0.152193374,0.03994648810427093,0.03994648810427093,0.507807447,0.16217018513247683,0.16217018513247683
2024-06-21 20:00:00+09:00,0.005938998,0.096513598,0.06070672604937363,0.06070672604937363,0.350417321,0.13870151844968415,0.13870151844968415
2024-06-21 21:00:00+09:00,0.0,0.005938998,0.0,0.0,0.152193374,0.0,0.0
2024-06-21 22:00:00+09:00,0.0,0.0,0.0,0.0,0.096513598,0.018237179850528723,0.018237179850528723
2024-06-21 23:00:00+09:00,0.0,0.0,0.0,0.0,0.005938998,0.0,0.0
2024-06-22 00:00:00+09:00,0.0,0.0,0.0008180087897926569,0.0008180087897926569,0.0,0.0030532090459018946,0.0030532090459018946
2024-06-22 01:00:00+09:00,0.0,0.0,0.0008180087897926569,0.0008180087897926569,0.0,0.0030532090459018946,0.0030532090459018946
2024-06-22 02:00:00+09:00,0.0,0.0,0.0008180087897926569,0.0008180087897926569,0.0,0.0030532090459018946,0.0030532090459018946
2024-06-22 03:00:00+09:00,0.0,0.0,0.0008180087897926569,0.0008180087897926569,0.0,0.0030532090459018946,0.0030532090459018946
2024-06-22 04:00:00+09:00,0.0,0.0,0.0008180087897926569,0.0008180087897926569,0.0,0.0030532090459018946,0.0030532090459018946
2024-06-22 05:00:00+09:00,0.0,0.0,0.0008180087897926569,0.0008180087897926569,0.0,0.0030532090459018946,0.0030532090459018946
2024-06-22 06:00:00+09:00,0.0,0.0,0.00975009799003601,0.00975009799003601,0.0,0.019009506329894066,0.019009506329894066
2024-06-22 07:00:00+09:00,0.001484493,0.0,0.05322008952498436,0.05322008952498436,0.0,0.046027012169361115,0.046027012169361115
2024-06-22 08:00:00+09:00,0.030438264,0.001484493,0.12471799759337235,0.12471799759337235,0.0,0.3151260316371918,0.3151260316371918
2024-06-22 09:00:00+09:00,0.031181537,0.030438264,0.198276181804718,0.198276181804718,0.0,0.28967803716659546,0.28967803716659546
2024-06-22 10:00:00+09:00,0.037862782,0.031181537,0.14681303539639665,0.14681303539639665,0.001484493,0.34621743319699094,0.34621743319699094
2024-06-22 11:00:00+09:00,0.08908908,0.037862782,0.09342742022722435,0.09342742022722435,0.030438264,0.3882776397343292,0.3882776397343292
2024-06-22 12:00:00+09:00,0.084634575,0.08908908,0.15375561198003768,0.15375561198003768,0.031181537,0.2709708739197845,0.2709708739197845
2024-06-22 13:00:00+09:00,0.046029546,0.084634575,0.1291912113632679,0.1291912113632679,0.037862782,0.2640346331581421,0.2640346331581421
2024-06-22 14:00:00+09:00,0.074241071,0.046029546,0.09970203105353928,0.09970203105353928,0.08908908,0.26568250288970946,0.26568250288970946
2024-06-22 15:00:00+09:00,0.057907543,0.074241071,0.05392822901835061,0.05392822901835061,0.084634575,0.041989865651321415,0.041989865651321415
2024-06-22 16:00:00+09:00,0.066816553,0.057907543,0.0,0.0,0.046029546,0.0,0.0
2024-06-22 17:00:00+09:00,0.037862782,0.066816553,0.0,0.0,0.074241071,0.0,0.0
2024-06-22 18:00:00+09:00,0.017818021,0.037862782,0.0,0.0,0.057907543,0.0,0.0
2024-06-22 19:00:00+09:00,0.002226739,0.017818021,0.0,0.0,0.066816553,0.0,0.0
2024-06-22 20:00:00+09:00,0.0,0.002226739,0.0,0.0,0.037862782,0.0,0.0
2024-06-22 21:00:00+09:00,0.0,0.0,0.0,0.0,0.017818021,0.0,0.0
2024-06-22 22:00:00+09:00,0.0,0.0,0.0,0.0,0.002226739,0.0,0.0
2024-06-22 23:00:00+09:00,0.0,0.0,0.0,0.0,0.0,0.0,0.0
2024-06-23 00:00:00+09:00,0.0,0.0,4.054290002386551e-06,4.054290002386551e-06,0.0,0.0,0.0
2024-06-23 01:00:00+09:00,0.0,0.0,4.054290002386551e-06,4.054290002386551e-06,0.0,0.0,0.0
2024-06-23 02:00:00+09:00,0.0,0.0,4.054290002386551e-06,4.054290002386551e-06,0.0,0.0,0.0
2024-06-23 03:00:00+09:00,0.0,0.0,4.054290002386551e-06,4.054290002386551e-06,0.0,0.0,0.0
2024-06-23 04:00:00+09:00,0.0,0.0,4.054290002386551e-06,4.054290002386551e-06,0.0,0.0,0.0
2024-06-23 05:00:00+09:00,0.0,0.0,4.054290002386551e-06,4.054290002386551e-06,0.0,0.0,0.0
2024-06-23 06:00:00+09:00,0.0,0.0,0.0012374806683510542,0.0012374806683510542,0.0,0.001172115677036345,0.001172115677036345
2024-06-23 07:00:00+09:00,0.007424518,0.0,0.0379459373652935,0.0379459373652935,0.0,0.04130947217345238,0.04130947217345238
2024-06-23 08:00:00+09:00,0.072755551,0.007424518,0.0862325425256424,0.0862325425256424,0.0,0.11539918929338455,0.11539918929338455
2024-06-23 09:00:00+09:00,0.155163387,0.072755551,0.19002814408099747,0.19002814408099747,0.0,0.19446316361427307,0.19446316361427307
2024-06-23 10:00:00+09:00,0.178920406,0.155163387,0.24387957358304216,0.24387957358304216,0.007424518,0.24469739152085113,0.24469739152085113
2024-06-23 11:00:00+09:00,0.151451128,0.178920406,0.2573790131968079,0.2573790131968079,0.072755551,0.38188121284997556,0.38188121284997556
2024-06-23 12:00:00+09:00,0.35264406,0.151451128,0.24930733668206023,0.24930733668206023,0.155163387,0.4460029398793335,0.4460029398793335
2024-06-23 13:00:00+09:00,0.299191023,0.35264406,0.3769882490925169,0.3769882490925169,0.178920406,0.30554171194253543,0.30554171194253543
2024-06-23 14:00:00+09:00,0.464747913,0.299191023,0.30527341343504,0.30527341343504,0.151451128,0.2489479653775482,0.2489479653775482
2024-06-23 15:00:00+09:00,0.222722186,0.464747913,0.41980336960853387,0.41980336960853387,0.35264406,0.23572622631412504,0.23572622631412504
2024-06-23 16:00:00+09:00,0.36377981,0.222722186,0.16840267390097236,0.16840267390097236,0.299191023,0.17664462585043716,0.17664462585043716
2024-06-23 17:00:00+09:00,0.351901814,0.36377981,0.29915724389606474,0.29915724389606474,0.464747913,0.2999889178246384,0.2999889178246384
2024-06-23 18:00:00+09:00,0.164814644,0.351901814,0.27935460175691984,0.27935460175691984,0.222722186,0.015539882928977955,0.015539882928977955
2024-06-23 19:00:00+09:00,0.066816553,0.164814644,0.0983732943148079,0.0983732943148079,0.36377981,0.17209918491893766,0.17209918491893766
2024-06-23 20:00:00+09:00,0.014105762,0.066816553,0.03599020046332169,0.03599020046332169,0.351901814,0.15031771327673338,0.15031771327673338
2024-06-23 21:00:00+09:00,0.0,0.014105762,0.00811775645128441,0.00811775645128441,0.164814644,0.0,0.0
2024-06-23 22:00:00+09:00,0.0,0.0,0.0,0.0,0.066816553,0.0004852409396438606,0.0004852409396438606
2024-06-23 23:00:00+09:00,0.0,0.0,0.0,0.0,0.014105762,0.00393731856605959,0.00393731856605959
2024-06-24 00:00:00+09:00,0.0,0.0,0.0,0.0,0.0,0.0,0.0
2024-06-24 01:00:00+09:00,0.0,0.0,0.0,0.0,0.0,0.0,0.0
2024-06-24 02:00:00+09:00,0.0,0.0,0.0,0.0,0.0,0.0,0.0
2024-06-24 03:00:00+09:00,0.0,0.0,0.0,0.0,0.0,0.0,0.0
2024-06-24 04:00:00+09:00,0.0,0.0,0.0,0.0,0.0,0.0,0.0
2024-06-24 05:00:00+09:00,0.0,0.0,0.0,0.0,0.0,0.0,0.0
2024-06-24 06:00:00+09:00,0.000742246,0.0,0.0005418569198809564,0.0005418569198809564,0.0,0.0,0.0
2024-06-24 07:00:00+09:00,0.063847567,0.000742246,0.025774639634319304,0.025774639634319304,0.0,0.03196055069565773,0.03196055069565773
2024-06-24 08:00:00+09:00,0.13289086,0.063847567,0.12323828325471115,0.12323828325471115,0.0,0.10717775672674179,0.10717775672674179
2024-06-24 09:00:00+09:00,0.288054247,0.13289086,0.19483121336375236,0.19483121336375236,0.000742246,0.18479264208478546,0.18479264208478546
2024-06-24 10:00:00+09:00,0.550124734,0.288054247,0.39263947735049437,0.39263947735049437,0.063847567,0.34918480650386047,0.34918480650386047
2024-06-24 11:00:00+09:00,0.619169054,0.550124734,0.6057601676440563,0.6057601676440563,0.13289086,0.39092345015083313,0.39092345015083313
2024-06-24 12:00:00+09:00,0.582048518,0.619169054,0.6438356688304939,0.6438356688304939,0.288054247,0.5756520820639344,0.5756520820639344
2024-06-24 13:00:00+09:00,0.468460172,0.582048518,0.644800496635788,0.644800496635788,0.550124734,0.8336042755401458,0.8336042755401458
2024-06-24 14:00:00+09:00,0.373431068,0.468460172,0.41424701321370316,0.41424701321370316,0.619169054,0.6061497995688715,0.6061497995688715
2024-06-24 15:00:00+09:00,0.16555689,0.373431068,0.3382839896647148,0.3382839896647148,0.582048518,0.5595412173995905,0.5595412173995905
2024-06-24 16:00:00+09:00,0.258358229,0.16555689,0.036611107219352734,0.036611107219352734,0.468460172,0.334303438248703,0.334303438248703
2024-06-24 17:00:00+09:00,0.230146704,0.258358229,0.16284843166532897,0.16284843166532897,0.373431068,0.17849211030880735,0.17849211030880735
2024-06-24 18:00:00+09:00,0.083892328,0.230146704,0.18520726798153306,0.18520726798153306,0.16555689,0.0,0.0
2024-06-24 19:00:00+09:00,0.025984785,0.083892328,0.0,0.0,0.258358229,0.0,0.0
2024-06-24 20:00:00+09:00,0.0,0.025984785,0.0,0.0,0.230146704,0.0,0.0
2024-06-24 21:00:00+09:00,0.0,0.0,0.0,0.0,0.083892328,0.0,0.0
2024-06-24 22:00:00+09:00,0.0,0.0,0.0007027894607745111,0.0007027894607745111,0.025984785,0.0,0.0
2024-06-24 23:00:00+09:00,0.0,0.0,0.0007027894607745111,0.0007027894607745111,0.0,0.0,0.0
2024-06-25 00:00:00+09:00,0.0,0.0,0.0002598570426926017,0.0002598570426926017,0.0,0.0,0.0
2024-06-25 01:00:00+09:00,0.0,0.0,0.0002598570426926017,0.0002598570426926017,0.0,0.0,0.0
2024-06-25 02:00:00+09:00,0.0,0.0,0.0002598570426926017,0.0002598570426926017,0.0,0.0,0.0
2024-06-25 03:00:00+09:00,0.0,0.0,0.0002598570426926017,0.0002598570426926017,0.0,0.0,0.0
2024-06-25 04:00:00+09:00,0.0,0.0,0.0002598570426926017,0.0002598570426926017,0.0,0.0,0.0
2024-06-25 05:00:00+09:00,0.0,0.0,0.0002598570426926017,0.0002598570426926017,0.0,0.0,0.0
2024-06-25 06:00:00+09:00,0.005938998,0.0,0.0029016355983912945,0.0029016355983912945,0.0,0.0,0.0
2024-06-25 07:00:00+09:00,0.07795333,0.005938998,0.05705798281845856,0.05705798281845856,0.0,0.06946490705013275,0.06946490705013275
2024-06-25 08:00:00+09:00,0.181890419,0.07795333,0.16721873613174437,0.16721873613174437,0.0,0.1488650143146515,0.1488650143146515
2024-06-25 09:00:00+09:00,0.190056156,0.181890419,0.2816667168076935,0.2816667168076935,0.005938998,0.2682709903877716,0.2682709903877716
2024-06-25 10:00:00+09:00,0.261328241,0.190056156,0.33386942335019687,0.33386942335019687,0.07795333,0.4387701067524719,0.4387701067524719
2024-06-25 11:00:00+09:00,0.325917029,0.261328241,0.3234879655335579,0.3234879655335579,0.181890419,0.4669067172940674,0.4669067172940674
2024-06-25 12:00:00+09:00,0.415748355,0.325917029,0.4030682381159821,0.4030682381159821,0.190056156,0.4595821309889374,0.4595821309889374
2024-06-25 13:00:00+09:00,0.439505374,0.415748355,0.4723955812144089,0.4723955812144089,0.261328241,0.41698283530217745,0.41698283530217745
2024-06-25 14:00:00+09:00,0.404612605,0.439505374,0.4078099969183674,0.4078099969183674,0.325917029,0.4180285345680275,0.4180285345680275
2024-06-25 15:00:00+09:00,0.419460614,0.404612605,0.42495623091803075,0.42495623091803075,0.415748355,0.48377317657945634,0.48377317657945634
2024-06-25 16:00:00+09:00,0.283599741,0.419460614,0.38546252322617913,0.38546252322617913,0.439505374,0.33053210930578614,0.33053210930578614
2024-06-25 17:00:00+09:00,0.226434445,0.283599741,0.12662228121167757,0.12662228121167757,0.404612605,0.13516050996826173,0.13516050996826173
2024-06-25 18:00:00+09:00,0.144027637,0.226434445,0.1254128422501755,0.1254128422501755,0.419460614,0.08153461364332582,0.08153461364332582
2024-06-25 19:00:00+09:00,0.060877555,0.144027637,0.053369069154178606,0.053369069154178606,0.283599741,0.0,0.0
2024-06-25 20:00:00+09:00,0.004454505,0.060877555,0.034722355144433975,0.034722355144433975,0.226434445,0.06661670467884065,0.06661670467884065
2024-06-25 21:00:00+09:00,0.0,0.004454505,0.0,0.0,0.144027637,0.0,0.0
2024-06-25 22:00:00+09:00,0.0,0.0,0.0,0.0,0.060877555,0.00039667724292755113,0.00039667724292755113
2024-06-25 23:00:00+09:00,0.0,0.0,0.0,0.0,0.004454505,0.0,0.0
2024-06-26 00:00:00+09:00,0.0,0.0,0.0,0.0,0.0,0.0,0.0
2024-06-26 01:00:00+09:00,0.0,0.0,0.0,0.0,0.0,0.0,0.0
2024-06-26 02:00:00+09:00,0.0,0.0,0.0,0.0,0.0,0.0,0.0
2024-06-26 03:00:00+09:00,0.0,0.0,0.0,0.0,0.0,0.0,0.0
2024-06-26 04:00:00+09:00,0.0,0.0,0.0,0.0,0.0,0.0,0.0
2024-06-26 05:00:00+09:00,0.0,0.0,0.0,0.0,0.0,0.0,0.0
2024-06-26 06:00:00+09:00,0.007424518,0.0,0.003600713796913624,0.003600713796913624,0.0,0.023251112550497055,0.023251112550497055
2024-06-26 07:00:00+09:00,0.079437823,0.007424518,0.07100322795998383,0.07100322795998383,0.0,0.05366150289773941,0.05366150289773941
2024-06-26 08:00:00+09:00,0.182632665,0.079437823,0.14899424553160479,0.14899424553160479,0.0,0.16231690347194672,0.16231690347194672
2024-06-26 09:00:00+09:00,0.389764596,0.182632665,0.2875234213090324,0.2875234213090324,0.007424518,0.18126359535347747,0.18126359535347747
2024-06-26 10:00:00+09:00,0.484050428,0.389764596,0.4837410936501465,0.4837410936501465,0.079437823,0.4212795504951935,0.4212795504951935
2024-06-26 11:00:00+09:00,0.456581149,0.484050428,0.5644779256253509,0.5644779256253509,0.182632665,0.4373999040937805,0.4373999040937805
2024-06-26 12:00:00+09:00,0.473656924,0.456581149,0.45838040239762123,0.45838040239762123,0.389764596,0.6159928033497772,0.6159928033497772
2024-06-26 13:00:00+09:00,0.56571499,0.473656924,0.5029213964249839,0.5029213964249839,0.484050428,0.6457346728711395,0.6457346728711395
2024-06-26 14:00:00+09:00,0.561260484,0.56571499,0.5816151697437668,0.5816151697437668,0.456581149,0.5453694572032204,0.5453694572032204
2024-06-26 15:00:00+09:00,0.472171405,0.561260484,0.4318255557020034,0.4318255557020034,0.473656924,0.4101447700764885,0.4101447700764885
2024-06-26 16:00:00+09:00,0.464005667,0.472171405,0.40702126328399657,0.40702126328399657,0.56571499,0.4993024815122986,0.4993024815122986
2024-06-26 17:00:00+09:00,0.333341546,0.464005667,0.31357015970248414,0.31357015970248414,0.561260484,0.29491203262403864,0.29491203262403864
2024-06-26 18:00:00+09:00,0.250191465,0.333341546,0.25779101216888045,0.25779101216888045,0.472171405,0.12838790718963622,0.12838790718963622
2024-06-26 19:00:00+09:00,0.074241071,0.250191465,0.15682347116836548,0.15682347116836548,0.464005667,0.06119899752635194,0.06119899752635194
2024-06-26 20:00:00+09:00,0.008909011,0.074241071,0.02381577993859864,0.02381577993859864,0.333341546,0.09721157664155577,0.09721157664155577
2024-06-26 21:00:00+09:00,0.0,0.008909011,0.0034632526535317894,0.0034632526535317894,0.250191465,0.09117312727340698,0.09117312727340698
2024-06-26 22:00:00+09:00,0.0,0.0,0.0005433284677565098,0.0005433284677565098,0.074241071,0.018565214230915075,0.018565214230915075
2024-06-26 23:00:00+09:00,0.0,0.0,0.0005433284677565098,0.0005433284677565098,0.008909011,0.005979048061348557,0.005979048061348557
2024-06-27 00:00:00+09:00,,,,,,,
2024-06-27 01:00:00+09:00,0.0,,,,0.0,0.0007822185289114714,0.0007822185289114714
2024-06-27 02:00:00+09:00,0.0,0.0,0.0,0.0,0.0,0.0007822185289114714,0.0007822185289114714
2024-06-27 03:00:00+09:00,0.0,0.0,0.0,0.0,,,
2024-06-27 04:00:00+09:00,0.0,0.0,0.0,0.0,0.0,0.0007822185289114714,0.0007822185289114714
2024-06-27 05:00:00+09:00,0.0,0.0,0.0,0.0,0.0,0.0007822185289114714,0.0007822185289114714
2024-06-27 06:00:00+09:00,0.003712259,0.0,0.005182910710573196,0.005182910710573196,0.0,0.02262088470160961,0.02262088470160961
2024-06-27 07:00:00+09:00,0.050484051,0.003712259,0.057976551120933535,0.057976551120933535,0.0,0.0668930932879448,0.0668930932879448
2024-06-27 08:00:00+09:00,0.126951862,0.050484051,0.13576820213687515,0.13576820213687515,0.0,0.17407600581645966,0.17407600581645966
2024-06-27 09:00:00+09:00,0.200450686,0.126951862,0.2417660391554947,0.2417660391554947,0.003712259,0.32989557809179687,0.32989557809179687
2024-06-27 10:00:00+09:00,0.220495447,0.200450686,0.2964325744730339,0.2964325744730339,0.050484051,0.35660709906709287,0.35660709906709287
2024-06-27 11:00:00+09:00,0.249449218,0.220495447,0.29616421409461213,0.29616421409461213,0.126951862,0.4258983916268463,0.4258983916268463
2024-06-27 12:00:00+09:00,0.268751732,0.249449218,0.2803341693530731,0.2803341693530731,0.200450686,0.3812607947808609,0.3812607947808609
2024-06-27 13:00:00+09:00,0.265039474,0.268751732,0.3502198745690651,0.3502198745690651,0.220495447,0.3784677381119461,0.3784677381119461
2024-06-27 14:00:00+09:00,0.29844775,0.265039474,0.25169396795775795,0.25169396795775795,0.249449218,0.22364108108979988,0.22364108108979988
2024-06-27 15:00:00+09:00,0.188571663,0.29844775,0.18976579555654527,0.18976579555654527,0.268751732,0.19679853219617083,0.19679853219617083
2024-06-27 16:00:00+09:00,0.079437823,0.188571663,0.07336766401709366,0.07336766401709366,0.265039474,0.15414426498558426,0.15414426498558426
2024-06-27 17:00:00+09:00,0.04380178,0.079437823,0.0,0.0,0.29844775,0.08792959847831727,0.08792959847831727
2024-06-27 18:00:00+09:00,0.043059534,0.04380178,0.0,0.0,0.188571663,0.0,0.0
2024-06-27 19:00:00+09:00,0.016332502,0.043059534,0.0,0.0,0.079437823,0.0,0.0
2024-06-27 20:00:00+09:00,0.0,0.016332502,0.0,0.0,0.04380178,0.0,0.0
2024-06-27 21:00:00+09:00,0.0,0.0,0.0,0.0,0.043059534,0.0,0.0
2024-06-27 22:00:00+09:00,0.0,0.0,0.0019680303521454334,0.0019680303521454334,0.016332502,0.0,0.0
2024-06-27 23:00:00+09:00,0.0,0.0,0.0019680303521454334,0.0019680303521454334,0.0,0.0,0.0
2024-06-28 00:00:00+09:00,0.0,,,,,,
2024-06-28 01:00:00+09:00,0.0,0.0,0.0007453499129042029,0.0007453499129042029,0.0,0.002956035314127803,0.002956035314127803
2024-06-28 02:00:00+09:00,0.0,0.0,0.0007453499129042029,0.0007453499129042029,0.0,0.002956035314127803,0.002956035314127803
2024-06-28 03:00:00+09:00,0.0,0.0,0.0007453499129042029,0.0007453499129042029,0.0,0.002956035314127803,0.002956035314127803
2024-06-28 04:00:00+09:00,0.0,0.0,0.0007453499129042029,0.0007453499129042029,0.0,0.002956035314127803,0.002956035314127803
2024-06-28 05:00:00+09:00,0.0,0.0,0.0007453499129042029,0.0007453499129042029,0.0,0.002956035314127803,0.002956035314127803
2024-06-28 06:00:00+09:00,0.006681245,0.0,0.0064065661281347275,0.0064065661281347275,0.0,0.023890454322099686,0.023890454322099686
2024-06-28 07:00:00+09:00,0.11061936,0.006681245,0.05808749812924385,0.05808749812924385,0.0,0.0471540167927742,0.0471540167927742
2024-06-28 08:00:00+09:00,0.265039474,0.11061936,0.17719616869102478,0.17719616869102478,0.0,0.15109935402870178,0.15109935402870178
2024-06-28 09:00:00+09:00,0.43059739,0.265039474,0.39384849392321014,0.39384849392321014,0.006681245,0.24574537220680237,0.24574537220680237
2024-06-28 10:00:00+09:00,0.558291499,0.43059739,0.5465199229756736,0.5465199229756736,0.11061936,0.3781517384351349,0.3781517384351349
2024-06-28 11:00:00+09:00,0.642183827,0.558291499,0.6009222496859302,0.6009222496859302,0.265039474,0.48918849252607727,0.48918849252607727
2024-06-28 12:00:00+09:00,0.697121357,0.642183827,0.6482842925435681,0.6482842925435681,0.43059739,0.5875315470138931,0.5875315470138931
2024-06-28 13:00:00+09:00,0.710484873,0.697121357,0.6768690547109909,0.6768690547109909,0.558291499,0.6402292516640892,0.6402292516640892
2024-06-28 14:00:00+09:00,0.711227119,0.710484873,0.747267491612051,0.747267491612051,0.642183827,0.8140617327264328,0.8140617327264328
2024-06-28 15:00:00+09:00,0.65480407,0.711227119,0.6515522040737095,0.6515522040737095,0.697121357,0.6168148195506401,0.6168148195506401
2024-06-28 16:00:00+09:00,0.567942756,0.65480407,0.5626938086789322,0.5626938086789322,0.710484873,0.5523781287106018,0.5523781287106018
2024-06-28 17:00:00+09:00,0.416491628,0.567942756,0.49831484514756774,0.49831484514756774,0.711227119,0.6048515215826454,0.6048515215826454
2024-06-28 18:00:00+09:00,0.239055715,0.416491628,0.3377606648294716,0.3377606648294716,0.65480407,0.530842479769535,0.530842479769535
2024-06-28 19:00:00+09:00,0.115072839,0.239055715,0.15975234607395172,0.15975234607395172,0.567942756,0.31231309730096435,0.31231309730096435
2024-06-28 20:00:00+09:00,0.014848009,0.115072839,0.07926596704937362,0.07926596704937362,0.416491628,0.20477582544968415,0.20477582544968415
2024-06-28 21:00:00+09:00,0.0,0.014848009,0.005600164892550946,0.005600164892550946,0.239055715,0.04610145786937714,0.04610145786937714
2024-06-28 22:00:00+09:00,0.0,0.0,0.0,0.0,0.115072839,0.03679642085052871,0.03679642085052871
2024-06-28 23:00:00+09:00,0.0,0.0,0.0,0.0,0.014848009,0.0,0.0
2024-06-29 00:00:00+09:00,0.0,0.0,0.0008180087897926569,0.0008180087897926569,0.0,0.0030532090459018946,0.0030532090459018946
2024-06-29 01:00:00+09:00,0.0,0.0,0.0008180087897926569,0.0008180087897926569,0.0,0.0030532090459018946,0.0030532090459018946
2024-06-29 02:00:00+09:00,0.0,0.0,0.0008180087897926569,0.0008180087897926569,0.0,0.0030532090459018946,0.0030532090459018946
2024-06-29 03:00:00+09:00,0.0,0.0,0.0008180087897926569,0.0008180087897926569,0.0,0.0030532090459018946,0.0030532090459018946
2024-06-29 04:00:00+09:00,0.0,0.0,0.0008180087897926569,0.0008180087897926569,0.0,0.0030532090459018946,0.0030532090459018946
2024-06-29 05:00:00+09:00,0.0,0.0,0.0008180087897926569,0.0008180087897926569,0.0,0.0030532090459018946,0.0030532090459018946
2024-06-29 06:00:00+09:00,0.004454505,0.0,0.005869988352060318,0.005869988352060318,0.0,0.00814074371010065,0.00814074371010065
2024-06-29 07:00:00+09:00,0.099482583,0.004454505,0.08074347332466125,0.08074347332466125,0.0,0.09511028975248337,0.09511028975248337
2024-06-29 08:00:00+09:00,0.259842722,0.099482583,0.15133218665295411,0.15133218665295411,0.0,0.058509327471256256,0.058509327471256256
2024-06-29 09:00:00+09:00,0.215298695,0.259842722,0.40426513391864016,0.40426513391864016,0.004454505,0.356295507702713,0.356295507702713
2024-06-29 10:00:00+09:00,0.362295318,0.215298695,0.3416740721781921,0.3416740721781921,0.099482583,0.47352753777676393,0.47352753777676393
2024-06-29 11:00:00+09:00,0.360068578,0.362295318,0.38929071796683595,0.38929071796683595,0.259842722,0.4767009450806351,0.4767009450806351
2024-06-29 12:00:00+09:00,0.368976562,0.360068578,0.39981897893064305,0.39981897893064305,0.215298695,0.5000150329192352,0.5000150329192352
2024-06-29 13:00:00+09:00,0.33111378,0.368976562,0.35729746678390456,0.35729746678390456,0.362295318,0.5207625362798385,0.5207625362798385
2024-06-29 14:00:00+09:00,0.106164855,0.33111378,0.29861612439969065,0.29861612439969065,0.360068578,0.427188727731636,0.427188727731636
2024-06-29 15:00:00+09:00,0.059393062,0.106164855,0.04039289527795792,0.04039289527795792,0.368976562,0.3157521846658821,0.3157521846658821
2024-06-29 16:00:00+09:00,0.025984785,0.059393062,0.029937389050447467,0.029937389050447467,0.33111378,0.16713115022399905,0.16713115022399905
2024-06-29 17:00:00+09:00,0.02375702,0.025984785,0.0,0.0,0.106164855,0.0,0.0
2024-06-29 18:00:00+09:00,0.017818021,0.02375702,0.0,0.0,0.059393062,0.0,0.0
2024-06-29 19:00:00+09:00,0.000742246,0.017818021,0.0,0.0,0.025984785,0.0,0.0
2024-06-29 20:00:00+09:00,0.0,0.000742246,0.0,0.0,0.02375702,0.0,0.0
2024-06-29 21:00:00+09:00,0.0,0.0,0.0,0.0,0.017818021,0.0,0.0
2024-06-29 22:00:00+09:00,0.0,0.0,0.0,0.0,0.000742246,0.0,0.0
2024-06-29 23:00:00+09:00,0.0,0.0,0.0,0.0,0.0,0.0,0.0
2024-06-30 00:00:00+09:00,0.0,0.0,4.054290002386551e-06,4.054290002386551e-06,0.0,0.0,0.0
2024-06-30 01:00:00+09:00,0.0,0.0,4.054290002386551e-06,4.054290002386551e-06,0.0,0.0,0.0
2024-06-30 02:00:00+09:00,0.0,0.0,4.054290002386551e-06,4.054290002386551e-06,0.0,0.0,0.0
2024-06-30 03:00:00+09:00,0.0,0.0,4.054290002386551e-06,4.054290002386551e-06,0.0,0.0,0.0
2024-06-30 04:00:00+09:00,0.0,0.0,4.054290002386551e-06,4.054290002386551e-06,0.0,0.0,0.0
2024-06-30 05:00:00+09:00,0.0,0.0,4.054290002386551e-06,4.054290002386551e-06,0.0,0.0,0.0
2024-06-30 06:00:00+09:00,0.0,0.0,0.002945591462776065,0.002945591462776065,0.0,0.008821793831884861,0.008821793831884861
2024-06-30 07:00:00+09:00,0.0,0.0,0.06982562690973282,0.06982562690973282,0.0,0.08664847910404205,0.08664847910404205
2024-06-30 08:00:00+09:00,0.005938998,0.0,0.10242844372987747,0.10242844372987747,0.0,0.19926759600639343,0.19926759600639343
2024-06-30 09:00:00+09:00,0.025984785,0.005938998,0.1309435726564865,0.1309435726564865,0.0,0.22652193903923035,0.22652193903923035
2024-06-30 10:00:00+09:00,0.024499266,0.025984785,0.12377431843629837,0.12377431843629837,0.0,0.24755921959877014,0.24755921959877014
2024-06-30 11:00:00+09:00,0.080922316,0.024499266,0.07506427779933547,0.07506427779933547,0.005938998,0.27139570428547666,0.27139570428547666
2024-06-30 12:00:00+09:00,0.084634575,0.080922316,0.08430647867186403,0.08430647867186403,0.025984785,0.24349928502193452,0.24349928502193452
2024-06-30 13:00:00+09:00,0.069044319,0.084634575,0.1315630813445568,0.1315630813445568,0.024499266,0.21738141641160583,0.21738141641160583
2024-06-30 14:00:00+09:00,0.062362048,0.069044319,0.0764534613302889,0.0764534613302889,0.080922316,0.13965011684609985,0.13965011684609985
2024-06-30 15:00:00+09:00,0.227918938,0.062362048,0.011644202440879825,0.011644202440879825,0.084634575,0.014889682581615452,0.014889682581615452
2024-06-30 16:00:00+09:00,0.146254376,0.227918938,0.21186335218349742,0.21186335218349742,0.069044319,0.03668889870857621,0.03668889870857621
2024-06-30 17:00:00+09:00,0.074983317,0.146254376,0.08024292481525039,0.08024292481525039,0.062362048,0.0,0.0
2024-06-30 18:00:00+09:00,0.017075775,0.074983317,0.0024361047569198546,0.0024361047569198546,0.227918938,0.020736634928977954,0.020736634928977954
2024-06-30 19:00:00+09:00,0.001484493,0.017075775,0.0,0.0,0.146254376,0.0,0.0
2024-06-30 20:00:00+09:00,0.0,0.001484493,0.0,0.0,0.074983317,0.0,0.0
2024-06-30 21:00:00+09:00,0.0,0.0,0.0,0.0,0.017075775,0.0,0.0
2024-06-30 22:00:00+09:00,0.0,0.0,0.0,0.0,0.001484493,0.0,0.0
2024-06-30 23:00:00+09:00,0.0,0.0,0.0,0.0,0.0,0.0,0.0
2024-07-01 00:00:00+09:00,0.0,0.0,0.0009045859333127737,0.0009045859333127737,0.0,0.0018028090707957745,0.0018028090707957745
2024-07-01 01:00:00+09:00,0.0,0.0,0.0009045859333127737,0.0009045859333127737,0.0,0.0018028090707957745,0.0018028090707957745
2024-07-01 02:00:00+09:00,0.0,0.0,0.0009045859333127737,0.0009045859333127737,0.0,0.0018028090707957745,0.0018028090707957745
2024-07-01 03:00:00+09:00,0.0,0.0,0.0009045859333127737,0.0009045859333127737,0.0,0.0018028090707957745,0.0018028090707957745
2024-07-01 04:00:00+09:00,0.0,0.0,0.0009045859333127737,0.0009045859333127737,0.0,0.0018028090707957745,0.0018028090707957745
2024-07-01 05:00:00+09:00,0.0,0.0,0.0009045859333127737,0.0009045859333127737,0.0,0.0018028090707957745,0.0018028090707957745
2024-07-01 06:00:00+09:00,0.000742246,0.0,0.001935532665811479,0.001935532665811479,0.0,0.0028150188736617565,0.0028150188736617565
2024-07-01 07:00:00+09:00,0.068302073,0.000742246,0.02771713824374294,0.02771713824374294,0.0,0.02482110820710659,0.02482110820710659
2024-07-01 08:00:00+09:00,0.233858963,0.068302073,0.13435762417130281,0.13435762417130281,0.0,0.09830296784639359,0.09830296784639359
2024-07-01 09:00:00+09:00,0.211586436,0.233858963,0.3434419161550407,0.3434419161550407,0.000742246,0.1898967517296753,0.1898967517296753
2024-07-01 10:00:00+09:00,0.371204328,0.211586436,0.33583379324925994,0.33583379324925994,0.068302073,0.27126739215664675,0.27126739215664675
2024-07-01 11:00:00+09:00,0.424657365,0.371204328,0.5027412587994842,0.5027412587994842,0.233858963,0.5948170027605896,0.5948170027605896
2024-07-01 12:00:00+09:00,0.6874701,0.424657365,0.5389262267110253,0.5389262267110253,0.211586436,0.5001459920073852,0.5001459920073852
2024-07-01 13:00:00+09:00,0.601351032,0.6874701,0.7026364105934858,0.7026364105934858,0.371204328,0.522464137732437,0.522464137732437
2024-07-01 14:00:00+09:00,0.671879844,0.601351032,0.5345057714394874,0.5345057714394874,0.424657365,0.5134155430552865,0.5134155430552865
2024-07-01 15:00:00+09:00,0.626592545,0.671879844,0.6293189276060047,0.6293189276060047,0.6874701,0.6501921779657364,0.6501921779657364
2024-07-01 16:00:00+09:00,0.534534479,0.626592545,0.6320265114056897,0.6320265114056897,0.601351032,0.465056071024353,0.465056071024353
2024-07-01 17:00:00+09:00,0.273206238,0.534534479,0.3888252922076263,0.3888252922076263,0.671879844,0.41507287435736084,0.41507287435736084
2024-07-01 18:00:00+09:00,0.155905633,0.273206238,0.21245085477670478,0.21245085477670478,0.626592545,0.4392426294955444,0.4392426294955444
2024-07-01 19:00:00+09:00,0.107649348,0.155905633,0.10191682237134742,0.10191682237134742,0.534534479,0.3706915178078689,0.3706915178078689
2024-07-01 20:00:00+09:00,0.015590255,0.107649348,0.07166362113685418,0.07166362113685418,0.273206238,0.07675630256375121,0.07675630256375121
2024-07-01 21:00:00+09:00,0.0,0.015590255,0.009975175690208674,0.009975175690208674,0.155905633,0.010599075583084094,0.010599075583084094
2024-07-01 22:00:00+09:00,0.0,0.0,0.0,0.0,0.107649348,0.048385910013626104,0.048385910013626104
2024-07-01 23:00:00+09:00,0.0,0.0,0.0,0.0,0.015590255,0.008396758549218179,0.008396758549218179
2024-07-02 00:00:00+09:00,0.0,0.0,0.0,0.0,0.0,0.0,0.0
2024-07-02 01:00:00+09:00,0.0,0.0,0.0,0.0,0.0,0.0,0.0
2024-07-02 02:00:00+09:00,0.0,0.0,0.0,0.0,0.0,0.0,0.0
2024-07-02 03:00:00+09:00,0.0,0.0,0.0,0.0,0.0,0.0,0.0
2024-07-02 04:00:00+09:00,0.0,0.0,0.0,0.0,0.0,0.0,0.0
2024-07-02 05:00:00+09:00,0.0,0.0,0.0,0.0,0.0,0.0,0.0
2024-07-02 06:00:00+09:00,0.0,0.0,0.0008708792738616467,0.0008708792738616467,0.0,0.0,0.0
2024-07-02 07:00:00+09:00,0.0,0.0,0.04604142904281616,0.04604142904281616,0.0,0.07577653974294662,0.07577653974294662
2024-07-02 08:00:00+09:00,0.001484493,0.0,0.12309261411428452,0.12309261411428452,0.0,0.194097101688385,0.194097101688385
2024-07-02 09:00:00+09:00,0.002970012,0.001484493,0.11264630613991547,0.11264630613991547,0.0,0.21774205565452576,0.21774205565452576
2024-07-02 10:00:00+09:00,0.037862782,0.002970012,0.171305896809494,0.171305896809494,0.0,0.30600759387016296,0.30600759387016296
2024-07-02 11:00:00+09:00,0.047514039,0.037862782,0.06638684925287437,0.06638684925287437,0.001484493,0.2371564751691513,0.2371564751691513
2024-07-02 12:00:00+09:00,0.074241071,0.047514039,0.07547667147728349,0.07547667147728349,0.002970012,0.160068200996315,0.160068200996315
2024-07-02 13:00:00+09:00,0.2197532,0.074241071,0.0,0.0,0.037862782,0.007327801181370733,0.007327801181370733
2024-07-02 14:00:00+09:00,0.170011395,0.2197532,0.14870121497459413,0.14870121497459413,0.047514039,0.0,0.0
2024-07-02 15:00:00+09:00,0.192283922,0.170011395,0.1542453052178812,0.1542453052178812,0.074241071,0.0,0.0
2024-07-02 16:00:00+09:00,0.258358229,0.192283922,0.13925192610747528,0.13925192610747528,0.2197532,0.10771836507864,0.10771836507864
2024-07-02 17:00:00+09:00,0.129921874,0.258358229,0.1575029530114212,0.1575029530114212,0.170011395,0.0,0.0
2024-07-02 18:00:00+09:00,0.038605028,0.129921874,0.06944389079348945,0.06944389079348945,0.192283922,0.0,0.0
2024-07-02 19:00:00+09:00,0.002970012,0.038605028,0.0,0.0,0.258358229,0.07082267482939147,0.07082267482939147
2024-07-02 20:00:00+09:00,0.0,0.002970012,0.0,0.0,0.129921874,0.015501147104667656,0.015501147104667656
2024-07-02 21:00:00+09:00,0.0,0.0,0.0,0.0,0.038605028,0.0,0.0
2024-07-02 22:00:00+09:00,0.0,0.0,0.0035624441225081682,0.0035624441225081682,0.002970012,0.0,0.0
2024-07-02 23:00:00+09:00,0.0,0.0,0.0035624441225081682,0.0035624441225081682,0.0,0.016376975923776627,0.016376975923776627
2024-07-03 00:00:00+09:00,0.0,0.0,0.0,0.0,0.0,0.0,0.0
2024-07-03 01:00:00+09:00,0.0,0.0,0.0,0.0,0.0,0.0,0.0
2024-07-03 02:00:00+09:00,0.0,0.0,0.0,0.0,0.0,0.0,0.0
2024-07-03 03:00:00+09:00,0.0,0.0,0.0,0.0,0.0,0.0,0.0
2024-07-03 04:00:00+09:00,0.0,0.0,0.0,0.0,0.0,0.0,0.0
2024-07-03 05:00:00+09:00,0.0,0.0,0.0,0.0,0.0,0.0,0.0
2024-07-03 06:00:00+09:00,0.0,0.0,0.0,0.0,0.0,0.0,0.0
2024-07-03 07:00:00+09:00,0.005196752,0.0,0.010892072692513466,0.010892072692513466,0.0,0.010254506021738052,0.010254506021738052
2024-07-03 08:00:00+09:00,0.022272527,0.005196752,0.031500127139832496,0.031500127139832496,0.0,0.05424875393509865,0.05424875393509865
2024-07-03 09:00:00+09:00,0.044544027,0.022272527,0.047868044829060555,0.047868044829060555,0.0,0.07649841904640198,0.07649841904640198
2024-07-03 10:00:00+09:00,0.04380178,0.044544027,0.09871072396569443,0.09871072396569443,0.005196752,0.17172572200312805,0.17172572200312805
2024-07-03 11:00:00+09:00,0.083150082,0.04380178,0.11481675054100036,0.11481675054100036,0.022272527,0.20974066831736754,0.20974066831736754
2024-07-03 12:00:00+09:00,0.10022483,0.083150082,0.19656340844224168,0.19656340844224168,0.044544027,0.3022259034209747,0.3022259034209747
2024-07-03 13:00:00+09:00,0.102452596,0.10022483,0.1058988797238934,0.1058988797238934,0.04380178,0.2015457406189728,0.2015457406189728
2024-07-03 14:00:00+09:00,0.244252466,0.102452596,0.16254816325621224,0.16254816325621224,0.083150082,0.25296170330832674,0.25296170330832674
2024-07-03 15:00:00+09:00,0.42168838,0.244252466,0.2152016464242134,0.2152016464242134,0.10022483,0.10618848658566356,0.10618848658566356
2024-07-03 16:00:00+09:00,0.371204328,0.42168838,0.3625447510749149,0.3625447510749149,0.102452596,0.011551049819751746,0.011551049819751746
2024-07-03 17:00:00+09:00,0.449899905,0.371204328,0.339537155091217,0.339537155091217,0.244252466,0.11614764515248871,0.11614764515248871
2024-07-03 18:00:00+09:00,0.207874177,0.449899905,0.3803893407919693,0.3803893407919693,0.42168838,0.31366688972414014,0.31366688972414014
2024-07-03 19:00:00+09:00,0.09799809,0.207874177,0.14897995626039695,0.14897995626039695,0.371204328,0.1480618829125671,0.1480618829125671
2024-07-03 20:00:00+09:00,0.008909011,0.09799809,0.06665374329790115,0.06665374329790115,0.449899905,0.2589622816183853,0.2589622816183853
2024-07-03 21:00:00+09:00,0.0,0.008909011,0.0008636980514750477,0.0008636980514750477,0.207874177,0.044067872664405816,0.044067872664405816
2024-07-03 22:00:00+09:00,0.0,0.0,0.0,0.0,0.09799809,0.0286585091660881,0.0286585091660881
2024-07-03 23:00:00+09:00,0.0,0.0,0.0,0.0,0.008909011,0.0,0.0
2024-07-04 00:00:00+09:00,0.0,0.0,0.0003972541308030486,0.0003972541308030486,0.0,0.0006314393249340355,0.0006314393249340355
2024-07-04 01:00:00+09:00,0.0,0.0,0.0003972541308030486,0.0003972541308030486,0.0,0.0006314393249340355,0.0006314393249340355
2024-07-04 02:00:00+09:00,0.0,0.0,0.0003972541308030486,0.0003972541308030486,0.0,0.0006314393249340355,0.0006314393249340355
2024-07-04 03:00:00+09:00,0.0,0.0,0.0003972541308030486,0.0003972541308030486,0.0,0.0006314393249340355,0.0006314393249340355
2024-07-04 04:00:00+09:00,0.0,0.0,0.0003972541308030486,0.0003972541308030486,0.0,0.0006314393249340355,0.0006314393249340355
2024-07-04 05:00:00+09:00,0.0,0.0,0.0003972541308030486,0.0003972541308030486,0.0,0.0006314393249340355,0.0006314393249340355
2024-07-04 06:00:00+09:00,0.003712259,0.0,0.001019920571707189,0.001019920571707189,0.0,0.00021070193906780332,0.00021070193906780332
2024-07-04 07:00:00+09:00,0.10022483,0.003712259,0.02578124008124733,0.02578124008124733,0.0,0.02453550696372986,0.02453550696372986
2024-07-04 08:00:00+09:00,0.247222479,0.10022483,0.16109824159582137,0.16109824159582137,0.0,0.06749321520328522,0.06749321520328522
2024-07-04 09:00:00+09:00,0.383082325,0.247222479,0.3393095615648308,0.3393095615648308,0.003712259,0.16850920743292236,0.16850920743292236
2024-07-04 10:00:00+09:00,0.556063733,0.383082325,0.4488767780248642,0.4488767780248642,0.10022483,0.3349526894970703,0.3349526894970703
2024-07-04 11:00:00+09:00,0.636986048,0.556063733,0.6513731767718391,0.6513731767718391,0.247222479,0.4879846531294861,0.4879846531294861
2024-07-04 12:00:00+09:00,0.691924605,0.636986048,0.671213601755045,0.671213601755045,0.383082325,0.6386832542602539,0.6386832542602539
2024-07-04 13:00:00+09:00,0.70751486,0.691924605,0.6727999164193678,0.6727999164193678,0.556063733,0.6525125419084625,0.6525125419084625
2024-07-04 14:00:00+09:00,0.69637911,0.70751486,0.6602897460418796,0.6602897460418796,0.636986048,0.6933795297910195,0.6933795297910195
2024-07-04 15:00:00+09:00,0.625108052,0.69637911,0.5998193321441269,0.5998193321441269,0.691924605,0.5911281960487175,0.5911281960487175
2024-07-04 16:00:00+09:00,0.513746445,0.625108052,0.5374637431945343,0.5374637431945343,0.70751486,0.5857227447289085,0.5857227447289085
2024-07-04 17:00:00+09:00,0.214556449,0.513746445,0.34282438915950775,0.34282438915950775,0.69637911,0.45571728028999325,0.45571728028999325
2024-07-04 18:00:00+09:00,0.234601209,0.214556449,0.06748963231241609,0.06748963231241609,0.625108052,0.35455645988841245,0.35455645988841245
2024-07-04 19:00:00+09:00,0.109876087,0.234601209,0.09413110657061005,0.09413110657061005,0.513746445,0.19931176763755798,0.19931176763755798
2024-07-04 20:00:00+09:00,0.003712259,0.109876087,0.029032362689601895,0.029032362689601895,0.214556449,0.0,0.0
2024-07-04 21:00:00+09:00,0.0,0.003712259,0.0,0.0,0.234601209,0.06994732661569977,0.06994732661569977
2024-07-04 22:00:00+09:00,0.0,0.0,0.0,0.0,0.109876087,0.04407866119347763,0.04407866119347763
2024-07-04 23:00:00+09:00,0.0,0.0,0.0,0.0,0.003712259,0.0,0.0
2024-07-05 00:00:00+09:00,,,,,,,
2024-07-05 01:00:00+09:00,0.0,,,,0.0,0.0,0.0
2024-07-05 02:00:00+09:00,0.0,0.0,0.0,0.0,0.0,0.0,0.0
2024-07-05 03:00:00+09:00,0.0,0.0,0.0,0.0,,,
2024-07-05 04:00:00+09:00,0.0,0.0,0.0,0.0,0.0,0.0,0.0
2024-07-05 05:00:00+09:00,0.0,0.0,0.0,0.0,0.0,0.0,0.0
2024-07-05 06:00:00+09:00,0.0,0.0,0.003890872234478593,0.003890872234478593,0.0,0.015782976523041725,0.015782976523041725
2024-07-05 07:00:00+09:00,0.010393504,0.0,0.03267454728484154,0.03267454728484154,0.0,0.06907425820827484,0.06907425820827484
2024-07-05 08:00:00+09:00,0.020787007,0.010393504,0.06263150641947174,0.06263150641947174,0.0,0.0786302387714386,0.0786302387714386
2024-07-05 09:00:00+09:00,0.161844631,0.020787007,0.15652055182650756,0.15652055182650756,0.0,0.3470500707626343,0.3470500707626343
2024-07-05 10:00:00+09:00,0.252419231,0.161844631,0.24470439301295852,0.24470439301295852,0.010393504,0.3609090186121979,0.3609090186121979
2024-07-05 11:00:00+09:00,0.568685002,0.252419231,0.30749252951388933,0.30749252951388933,0.020787007,0.25383738317683413,0.25383738317683413
2024-07-05 12:00:00+09:00,0.478111429,0.568685002,0.6130509333023091,0.6130509333023091,0.161844631,0.3639487226442871,0.3639487226442871
2024-07-05 13:00:00+09:00,0.639213814,0.478111429,0.47361039170036695,0.47361039170036695,0.252419231,0.36141774571185686,0.36141774571185686
2024-07-05 14:00:00+09:00,0.586503023,0.639213814,0.6648384151704206,0.6648384151704206,0.568685002,0.6585114070483704,0.6585114070483704
2024-07-05 15:00:00+09:00,0.667425339,0.586503023,0.5805033843010049,0.5805033843010049,0.478111429,0.5560693050266303,0.5560693050266303
2024-07-05 16:00:00+09:00,0.561260484,0.667425339,0.5595069051549568,0.5595069051549568,0.639213814,0.5083227144278183,0.5083227144278183
2024-07-05 17:00:00+09:00,0.420946133,0.561260484,0.4924739523132171,0.4924739523132171,0.586503023,0.38342269668125917,0.38342269668125917
2024-07-05 18:00:00+09:00,0.249449218,0.420946133,0.27764619575177,0.27764619575177,0.667425339,0.3438808367416992,0.3438808367416992
2024-07-05 19:00:00+09:00,0.090573573,0.249449218,0.15222123482329178,0.15222123482329178,0.561260484,0.23307438923910517,0.23307438923910517
2024-07-05 20:00:00+09:00,0.009651257,0.090573573,0.05416167292671013,0.05416167292671013,0.420946133,0.2684798060480194,0.2684798060480194
2024-07-05 21:00:00+09:00,0.0,0.009651257,0.007723018336177587,0.007723018336177587,0.249449218,0.11419742771488953,0.11419742771488953
2024-07-05 22:00:00+09:00,0.0,0.0,0.0021505129989236593,0.0021505129989236593,0.090573573,0.04065835241155434,0.04065835241155434
2024-07-05 23:00:00+09:00,0.0,0.0,0.0021505129989236593,0.0021505129989236593,0.009651257,0.010480698472887993,0.010480698472887993
2024-07-06 00:00:00+09:00,0.0,,,,,,
2024-07-06 01:00:00+09:00,0.0,0.0,0.0,0.0,0.0,0.0,0.0
2024-07-06 02:00:00+09:00,0.0,0.0,0.0,0.0,0.0,0.0,0.0
2024-07-06 03:00:00+09:00,0.0,0.0,0.0,0.0,0.0,0.0,0.0
2024-07-06 04:00:00+09:00,0.0,0.0,0.0,0.0,0.0,0.0,0.0
2024-07-06 05:00:00+09:00,0.0,0.0,0.0,0.0,0.0,0.0,0.0
2024-07-06 06:00:00+09:00,0.0,0.0,0.0,0.0,0.0,0.0,0.0
2024-07-06 07:00:00+09:00,0.008166764,0.0,0.025066055357456207,0.025066055357456207,0.0,0.030453134328126907,0.030453134328126907
2024-07-06 08:00:00+09:00,0.135118626,0.008166764,0.05907737098032379,0.05907737098032379,0.0,0.07379910349845886,0.07379910349845886
2024-07-06 09:00:00+09:00,0.138830885,0.135118626,0.1567544582650194,0.1567544582650194,0.0,0.07612767815589905,0.07612767815589905
2024-07-06 10:00:00+09:00,0.475883663,0.138830885,0.20625669480062483,0.20625669480062483,0.008166764,0.2589846887379303,0.2589846887379303
2024-07-06 11:00:00+09:00,0.370462082,0.475883663,0.5852089899791604,0.5852089899791604,0.135118626,0.44134699547441103,0.44134699547441103
2024-07-06 12:00:00+09:00,0.425399612,0.370462082,0.43500205841801837,0.43500205841801837,0.138830885,0.3591376540134048,0.3591376540134048
2024-07-06 13:00:00+09:00,0.450642151,0.425399612,0.3890514218413944,0.3890514218413944,0.475883663,0.6037268045557862,0.6037268045557862
2024-07-06 14:00:00+09:00,0.447672139,0.450642151,0.4761035770047674,0.4761035770047674,0.370462082,0.4011102650775738,0.4011102650775738
2024-07-06 15:00:00+09:00,0.489989426,0.447672139,0.40818574194222834,0.40818574194222834,0.425399612,0.45301992941440294,0.45301992941440294
2024-07-06 16:00:00+09:00,0.402385865,0.489989426,0.3929909877609024,0.3929909877609024,0.450642151,0.25331945455262755,0.25331945455262755
2024-07-06 17:00:00+09:00,0.259842722,0.402385865,0.2989411769778633,0.2989411769778633,0.447672139,0.22287286360174563,0.22287286360174563
2024-07-06 18:00:00+09:00,0.127694108,0.259842722,0.13210360545050814,0.13210360545050814,0.489989426,0.26647951827752686,0.26647951827752686
2024-07-06 19:00:00+09:00,0.060135309,0.127694108,0.04391424398680496,0.04391424398680496,0.402385865,0.10308346584152223,0.10308346584152223
2024-07-06 20:00:00+09:00,0.005196752,0.060135309,0.0005064200353469828,0.0005064200353469828,0.259842722,0.0,0.0
2024-07-06 21:00:00+09:00,0.0,0.005196752,0.0029351524741907118,0.0029351524741907118,0.127694108,0.0,0.0
2024-07-06 22:00:00+09:00,0.0,0.0,0.0018171524861827493,0.0018171524861827493,0.060135309,0.008284878332599638,0.008284878332599638
2024-07-06 23:00:00+09:00,0.0,0.0,0.0018171524861827493,0.0018171524861827493,0.005196752,0.005220848287233988,0.005220848287233988
2024-07-07 00:00:00+09:00,0.0,0.0,0.0,0.0,0.0,0.0,0.0
2024-07-07 01:00:00+09:00,0.0,0.0,0.0,0.0,0.0,0.0,0.0
2024-07-07 02:00:00+09:00,0.0,0.0,0.0,0.0,0.0,0.0,0.0
2024-07-07 03:00:00+09:00,0.0,0.0,0.0,0.0,0.0,0.0,0.0
2024-07-07 04:00:00+09:00,0.0,0.0,0.0,0.0,0.0,0.0,0.0
2024-07-07 05:00:00+09:00,0.0,0.0,0.0,0.0,0.0,0.0,0.0
2024-07-07 06:00:00+09:00,0.0,0.0,0.0,0.0,0.0,0.0,0.0
2024-07-07 07:00:00+09:00,0.002226739,0.0,0.017342673614621162,0.017342673614621162,0.0,0.036089420318603516,0.036089420318603516
2024-07-07 08:00:00+09:00,0.062362048,0.002226739,0.0981129843699112,0.0981129843699112,0.0,0.1319931596517563,0.1319931596517563
2024-07-07 09:00:00+09:00,0.197480674,0.062362048,0.1528522625266533,0.1528522625266533,0.0,0.1780022382736206,0.1780022382736206
2024-07-07 10:00:00+09:00,0.359325305,0.197480674,0.3091009288146248,0.3091009288146248,0.002226739,0.32718092090956113,0.32718092090956113
2024-07-07 11:00:00+09:00,0.46549016,0.359325305,0.3804675474763441,0.3804675474763441,0.062362048,0.3000581741034012,0.3000581741034012
2024-07-07 12:00:00+09:00,0.425399612,0.46549016,0.5253646722551918,0.5253646722551918,0.197480674,0.3778340621902695,0.3778340621902695
2024-07-07 13:00:00+09:00,0.301417763,0.425399612,0.40330638300419996,0.40330638300419996,0.359325305,0.44260757453744887,0.44260757453744887
2024-07-07 14:00:00+09:00,0.593926515,0.301417763,0.2366926545553093,0.2366926545553093,0.46549016,0.43428568118480204,0.43428568118480204
2024-07-07 15:00:00+09:00,0.538988984,0.593926515,0.5844527292419816,0.5844527292419816,0.425399612,0.44523900683761786,0.44523900683761786
2024-07-07 16:00:00+09:00,0.406840371,0.538988984,0.4396149281375732,0.4396149281375732,0.301417763,0.17780297494458008,0.17780297494458008
2024-07-07 17:00:00+09:00,0.279888509,0.406840371,0.28922567706031416,0.28922567706031416,0.593926515,0.4192633885313416,0.4192633885313416
2024-07-07 18:00:00+09:00,0.066074307,0.279888509,0.20808789708679581,0.20808789708679581,0.538988984,0.24270877875021357,0.24270877875021357
2024-07-07 19:00:00+09:00,0.033408277,0.066074307,0.0,0.0,0.406840371,0.04781370054406736,0.04781370054406736
2024-07-07 20:00:00+09:00,0.002226739,0.033408277,0.0,0.0,0.279888509,0.05060159989660645,0.05060159989660645
2024-07-07 21:00:00+09:00,0.0,0.002226739,0.0012322315438016655,0.0012322315438016655,0.066074307,0.0,0.0
2024-07-07 22:00:00+09:00,0.0,0.0,0.0030171775724738836,0.0030171775724738836,0.033408277,0.0,0.0
2024-07-07 23:00:00+09:00,0.0,0.0,0.0030171775724738836,0.0030171775724738836,0.002226739,0.003437550547935009,0.003437550547935009
2024-07-08 00:00:00+09:00,0.0,0.0,0.0009045859333127737,0.0009045859333127737,0.0,0.0018028090707957745,0.0018028090707957745
2024-07-08 01:00:00+09:00,0.0,0.0,0.0009045859333127737,0.0009045859333127737,0.0,0.0018028090707957745,0.0018028090707957745
2024-07-08 02:00:00+09:00,0.0,0.0,0.0009045859333127737,0.0009045859333127737,0.0,0.0018028090707957745,0.0018028090707957745
2024-07-08 03:00:00+09:00,0.0,0.0,0.0009045859333127737,0.0009045859333127737,0.0,0.0018028090707957745,0.0018028090707957745
2024-07-08 04:00:00+09:00,0.0,0.0,0.0009045859333127737,0.0009045859333127737,0.0,0.0018028090707957745,0.0018028090707957745
2024-07-08 05:00:00+09:00,0.0,0.0,0.0009045859333127737,0.0009045859333127737,0.0,0.0018028090707957745,0.0018028090707957745
2024-07-08 06:00:00+09:00,0.0,0.0,0.001935532665811479,0.001935532665811479,0.0,0.0028150188736617565,0.0028150188736617565
2024-07-08 07:00:00+09:00,0.000742246,0.0,0.03477301076054573,0.03477301076054573,0.0,0.059465017169713974,0.059465017169713974
2024-07-08 08:00:00+09:00,0.040832794,0.000742246,0.07366587647599793,0.07366587647599793,0.0,0.1115851104259491,0.1115851104259491
2024-07-08 09:00:00+09:00,0.119527344,0.040832794,0.16668709247240449,0.16668709247240449,0.0,0.23219238221645355,0.23219238221645355
2024-07-08 10:00:00+09:00,0.091315819,0.119527344,0.2784875075932922,0.2784875075932922,0.000742246,0.35636587866944885,0.35636587866944885
2024-07-08 11:00:00+09:00,0.112846099,0.091315819,0.13597938982128527,0.13597938982128527,0.040832794,0.37545768051275635,0.37545768051275635
2024-07-08 12:00:00+09:00,0.182632665,0.112846099,0.12239657172145749,0.12239657172145749,0.119527344,0.3609261851426544,0.3609261851426544
2024-07-08 13:00:00+09:00,0.218267681,0.182632665,0.28317978497509,0.28317978497509,0.091315819,0.42086537001013186,0.42086537001013186
2024-07-08 14:00:00+09:00,0.171495888,0.218267681,0.19522055230773067,0.19522055230773067,0.112846099,0.0616092795241108,0.0616092795241108
2024-07-08 15:00:00+09:00,0.086861314,0.171495888,0.08495664185808946,0.08495664185808946,0.182632665,0.13494814079169273,0.13494814079169273
2024-07-08 16:00:00+09:00,0.123981849,0.086861314,0.0,0.0,0.218267681,0.029919521806007376,0.029919521806007376
2024-07-08 17:00:00+09:00,0.086119067,0.123981849,0.014936283871673589,0.014936283871673589,0.171495888,0.0,0.0
2024-07-08 18:00:00+09:00,0.05642305,0.086119067,0.0,0.0,0.086861314,0.0,0.0
2024-07-08 19:00:00+09:00,0.036378289,0.05642305,0.0,0.0,0.123981849,0.0,0.0
2024-07-08 20:00:00+09:00,0.0,0.036378289,0.0,0.0,0.086119067,0.0,0.0
2024-07-08 21:00:00+09:00,0.0,0.0,0.0,0.0,0.05642305,0.0,0.0
2024-07-08 22:00:00+09:00,0.0,0.0,0.0,0.0,0.036378289,0.0,0.0
2024-07-08 23:00:00+09:00,0.0,0.0,0.0,0.0,0.0,0.0,0.0
2024-07-09 00:00:00+09:00,0.0,0.0,0.0,0.0,0.0,0.0,0.0
2024-07-09 01:00:00+09:00,0.0,0.0,0.0,0.0,0.0,0.0,0.0
2024-07-09 02:00:00+09:00,0.0,0.0,0.0,0.0,0.0,0.0,0.0
2024-07-09 03:00:00+09:00,0.0,0.0,0.0,0.0,0.0,0.0,0.0
2024-07-09 04:00:00+09:00,0.0,0.0,0.0,0.0,0.0,0.0,0.0
2024-07-09 05:00:00+09:00,0.0,0.0,0.0,0.0,0.0,0.0,0.0
2024-07-09 06:00:00+09:00,0.0,0.0,0.0,0.0,0.0,0.0,0.0
2024-07-09 07:00:00+09:00,0.000742246,0.0,0.02269696444272995,0.02269696444272995,0.0,0.01984967291355133,0.01984967291355133
2024-07-09 08:00:00+09:00,0.044544027,0.000742246,0.05739028060240364,0.05739028060240364,0.0,0.09993239492177963,0.09993239492177963
2024-07-09 09:00:00+09:00,0.080922316,0.044544027,0.10590564161472511,0.10590564161472511,0.0,0.16301816701889038,0.16301816701889038
2024-07-09 10:00:00+09:00,0.116558358,0.080922316,0.18241197912408447,0.18241197912408447,0.000742246,0.2618423891941986,0.2618423891941986
2024-07-09 11:00:00+09:00,0.162587904,0.116558358,0.15470204495020676,0.15470204495020676,0.044544027,0.23587089851432036,0.23587089851432036
2024-07-09 12:00:00+09:00,0.074241071,0.162587904,0.2176707206306019,0.2176707206306019,0.080922316,0.28972780255986785,0.28972780255986785
2024-07-09 13:00:00+09:00,0.05419631,0.074241071,0.08120052655344225,0.08120052655344225,0.116558358,0.2233596815926628,0.2233596815926628
2024-07-09 14:00:00+09:00,0.054938557,0.05419631,0.0,0.0,0.162587904,0.1976543186244526,0.1976543186244526
2024-07-09 15:00:00+09:00,0.02153028,0.054938557,0.0848268777142353,0.0848268777142353,0.074241071,0.0,0.0
2024-07-09 16:00:00+09:00,0.019302514,0.02153028,0.1770859007895279,0.1770859007895279,0.05419631,0.019817714349803922,0.019817714349803922
2024-07-09 17:00:00+09:00,0.025984785,0.019302514,0.0,0.0,0.054938557,0.0,0.0
2024-07-09 18:00:00+09:00,0.087604587,0.025984785,0.0,0.0,0.02153028,0.0,0.0
2024-07-09 19:00:00+09:00,0.027469278,0.087604587,0.04849925733743858,0.04849925733743858,0.019302514,0.0,0.0
2024-07-09 20:00:00+09:00,0.0,0.027469278,0.00715776967227745,0.00715776967227745,0.025984785,0.0,0.0
2024-07-09 21:00:00+09:00,0.0,0.0,0.0,0.0,0.087604587,0.0,0.0
2024-07-09 22:00:00+09:00,0.0,0.0,0.0035624441225081682,0.0035624441225081682,0.027469278,0.0,0.0
2024-07-09 23:00:00+09:00,0.0,0.0,0.0035624441225081682,0.0035624441225081682,0.0,0.016376975923776627,0.016376975923776627
2024-07-10 00:00:00+09:00,0.0,0.0,0.0,0.0,0.0,0.0,0.0
2024-07-10 01:00:00+09:00,0.0,0.0,0.0,0.0,0.0,0.0,0.0
2024-07-10 02:00:00+09:00,0.0,0.0,0.0,0.0,0.0,0.0,0.0
2024-07-10 03:00:00+09:00,0.0,0.0,0.0,0.0,0.0,0.0,0.0
2024-07-10 04:00:00+09:00,0.0,0.0,0.0,0.0,0.0,0.0,0.0
2024-07-10 05:00:00+09:00,0.0,0.0,0.0,0.0,0.0,0.0,0.0
2024-07-10 06:00:00+09:00,0.0,0.0,0.0,0.0,0.0,0.0,0.0
2024-07-10 07:00:00+09:00,0.000742246,0.0,0.016835059970617294,0.016835059970617294,0.0,0.01602698117494583,0.01602698117494583
2024-07-10 08:00:00+09:00,0.003712259,0.000742246,0.052416246918865206,0.052416246918865206,0.0,0.0678875520825386,0.0678875520825386
2024-07-10 09:00:00+09:00,0.005938998,0.003712259,0.09116590744799041,0.09116590744799041,0.0,0.15684165060520172,0.15684165060520172
2024-07-10 10:00:00+09:00,0.014848009,0.005938998,0.09180148555455017,0.09180148555455017,0.000742246,0.21832721361322022,0.21832721361322022
2024-07-10 11:00:00+09:00,0.038605028,0.014848009,0.0359546749539938,0.0359546749539938,0.003712259,0.14799145585840606,0.14799145585840606
2024-07-10 12:00:00+09:00,0.062362048,0.038605028,0.15201835444224165,0.15201835444224165,0.005938998,0.2636208744209747,0.2636208744209747
2024-07-10 13:00:00+09:00,0.417976121,0.062362048,0.07843556922664452,0.07843556922664452,0.014848009,0.03536914500075245,0.03536914500075245
2024-07-10 14:00:00+09:00,0.373431068,0.417976121,0.4439962045764408,0.4439962045764408,0.038605028,0.06709262466085243,0.06709262466085243
2024-07-10 15:00:00+09:00,0.326659275,0.373431068,0.32965637752095983,0.32965637752095983,0.062362048,0.0,0.0
2024-07-10 16:00:00+09:00,0.355614073,0.326659275,0.31083380036523345,0.31083380036523345,0.417976121,0.39290105602795694,0.39290105602795694
2024-07-10 17:00:00+09:00,0.265039474,0.355614073,0.29040384235148237,0.29040384235148237,0.373431068,0.2461860292522125,0.2461860292522125
2024-07-10 18:00:00+09:00,0.07646781,0.265039474,0.18027924769070053,0.18027924769070053,0.326659275,0.04320834368934634,0.04320834368934634
2024-07-10 19:00:00+09:00,0.005938998,0.07646781,0.0,0.0,0.355614073,0.06894696446423337,0.06894696446423337
2024-07-10 20:00:00+09:00,0.0,0.005938998,0.0,0.0,0.265039474,0.07410185061838531,0.07410185061838531
2024-07-10 21:00:00+09:00,0.0,0.0,0.0,0.0,0.07646781,0.0,0.0
2024-07-10 22:00:00+09:00,0.0,0.0,0.0,0.0,0.005938998,0.0,0.0
2024-07-10 23:00:00+09:00,0.0,0.0,0.0,0.0,0.0,0.0,0.0
2024-07-11 00:00:00+09:00,0.0,0.0,0.0003972541308030486,0.0003972541308030486,0.0,0.0006314393249340355,0.0006314393249340355
2024-07-11 01:00:00+09:00,0.0,0.0,0.0003972541308030486,0.0003972541308030486,0.0,0.0006314393249340355,0.0006314393249340355
2024-07-11 02:00:00+09:00,0.0,0.0,0.0003972541308030486,0.0003972541308030486,0.0,0.0006314393249340355,0.0006314393249340355
2024-07-11 03:00:00+09:00,0.0,0.0,0.0003972541308030486,0.0003972541308030486,0.0,0.0006314393249340355,0.0006314393249340355
2024-07-11 04:00:00+09:00,0.0,0.0,0.0003972541308030486,0.0003972541308030486,0.0,0.0006314393249340355,0.0006314393249340355
2024-07-11 05:00:00+09:00,0.0,0.0,0.0003972541308030486,0.0003972541308030486,0.0,0.0006314393249340355,0.0006314393249340355
2024-07-11 06:00:00+09:00,0.0,0.0,0.001019920571707189,0.001019920571707189,0.0,0.00021070193906780332,0.00021070193906780332
2024-07-11 07:00:00+09:00,0.022272527,0.0,0.023075304925441742,0.023075304925441742,0.0,0.019463712349534035,0.019463712349534035
2024-07-11 08:00:00+09:00,0.084634575,0.022272527,0.06085405476956558,0.06085405476956558,0.0,0.08223012089729309,0.08223012089729309
2024-07-11 09:00:00+09:00,0.175950394,0.084634575,0.16897420113344191,0.16897420113344191,0.0,0.1544984132051468,0.1544984132051468
2024-07-11 10:00:00+09:00,0.187829417,0.175950394,0.2325668120636406,0.2325668120636406,0.022272527,0.1593630162683029,0.1593630162683029
2024-07-11 11:00:00+09:00,0.248706972,0.187829417,0.2302163586117668,0.2302163586117668,0.084634575,0.2837674943115234,0.2837674943115234
2024-07-11 12:00:00+09:00,0.436536389,0.248706972,0.3061448165744515,0.3061448165744515,0.175950394,0.3306316295518341,0.3306316295518341
2024-07-11 13:00:00+09:00,0.375658834,0.436536389,0.39644852892238047,0.39644852892238047,0.187829417,0.30565085710066986,0.30565085710066986
2024-07-11 14:00:00+09:00,0.335568286,0.375658834,0.3533598572210159,0.3533598572210159,0.248706972,0.3524387010902138,0.3524387010902138
2024-07-11 15:00:00+09:00,0.381597832,0.335568286,0.29758833673428153,0.29758833673428153,0.436536389,0.4026207910545483,0.4026207910545483
2024-07-11 16:00:00+09:00,0.287312,0.381597832,0.30122967824910357,0.30122967824910357,0.375658834,0.24984053673303985,0.24984053673303985
2024-07-11 17:00:00+09:00,0.149224388,0.287312,0.1739753325815201,0.1739753325815201,0.335568286,0.10887616079877471,0.10887616079877471
2024-07-11 18:00:00+09:00,0.061619801,0.149224388,0.014146047231185926,0.014146047231185926,0.381597832,0.10702262834284976,0.10702262834284976
2024-07-11 19:00:00+09:00,0.017818021,0.061619801,0.0,0.0,0.287312,0.12494774063777925,0.12494774063777925
2024-07-11 20:00:00+09:00,0.0,0.017818021,0.0,0.0,0.149224388,0.0,0.0
2024-07-11 21:00:00+09:00,0.0,0.0,0.0,0.0,0.061619801,0.0,0.0
2024-07-11 22:00:00+09:00,0.0,0.0,0.0,0.0,0.017818021,0.0,0.0
2024-07-11 23:00:00+09:00,0.0,0.0,0.0,0.0,0.0,0.0,0.0
2024-07-12 00:00:00+09:00,,,,,,,
2024-07-12 01:00:00+09:00,0.0,,,,0.0,0.0,0.0
2024-07-12 02:00:00+09:00,0.0,0.0,0.0,0.0,0.0,0.0,0.0
2024-07-12 03:00:00+09:00,0.0,0.0,0.0,0.0,,,
2024-07-12 04:00:00+09:00,0.0,0.0,0.0,0.0,0.0,0.0,0.0
2024-07-12 05:00:00+09:00,0.0,0.0,0.0,0.0,0.0,0.0,0.0
2024-07-12 06:00:00+09:00,0.0,0.0,0.00010938983177766204,0.00010938983177766204,0.0,0.0,0.0
2024-07-12 07:00:00+09:00,0.028953771,0.0,0.028895890340209007,0.028895890340209007,0.0,0.0290826503187418,0.0290826503187418
2024-07-12 08:00:00+09:00,0.126209615,0.028953771,0.09175730020293808,0.09175730020293808,0.0,0.08026955276727676,0.08026955276727676
2024-07-12 09:00:00+09:00,0.232373443,0.126209615,0.20341434908699035,0.20341434908699035,0.0,0.15916657447814941,0.15916657447814941
2024-07-12 10:00:00+09:00,0.524883222,0.232373443,0.2966895294710808,0.2966895294710808,0.028953771,0.21088277817258452,0.21088277817258452
2024-07-12 11:00:00+09:00,0.612486782,0.524883222,0.5448873137843581,0.5448873137843581,0.126209615,0.3036150170643234,0.3036150170643234
2024-07-12 12:00:00+09:00,0.469944665,0.612486782,0.6392919313912935,0.6392919313912935,0.232373443,0.3850338128730469,0.3850338128730469
2024-07-12 13:00:00+09:00,0.587987516,0.469944665,0.48366014545426605,0.48366014545426605,0.524883222,0.7433256024283142,0.7433256024283142
2024-07-12 14:00:00+09:00,0.711227119,0.587987516,0.5990705973646316,0.5990705973646316,0.612486782,0.6719804764544315,0.6719804764544315
2024-07-12 15:00:00+09:00,0.648122825,0.711227119,0.6732719540906372,0.6732719540906372,0.469944665,0.4397003536821985,0.4397003536821985
2024-07-12 16:00:00+09:00,0.540473477,0.648122825,0.5696264135572433,0.5696264135572433,0.587987516,0.5348210855564747,0.5348210855564747
2024-07-12 17:00:00+09:00,0.404612605,0.540473477,0.5025375159621258,0.5025375159621258,0.711227119,0.5799049884391251,0.5799049884391251
2024-07-12 18:00:00+09:00,0.239055715,0.404612605,0.3152055409793663,0.3152055409793663,0.648122825,0.35573030290336605,0.35573030290336605
2024-07-12 19:00:00+09:00,0.080180069,0.239055715,0.17000015774902344,0.17000015774902344,0.540473477,0.29242336844802097,0.29242336844802097
2024-07-12 20:00:00+09:00,0.003712259,0.080180069,0.0533476188187542,0.0533476188187542,0.404612605,0.2455606204514313,0.2455606204514313
2024-07-12 21:00:00+09:00,0.0,0.003712259,0.0017840203361775874,0.0017840203361775874,0.239055715,0.10380392471488953,0.10380392471488953
2024-07-12 22:00:00+09:00,0.0,0.0,0.0021505129989236593,0.0021505129989236593,0.080180069,0.030264848411554343,0.030264848411554343
2024-07-12 23:00:00+09:00,0.0,0.0,0.0021505129989236593,0.0021505129989236593,0.003712259,0.004541700472887993,0.004541700472887993
2024-07-13 00:00:00+09:00,0.0,,,,,,
2024-07-13 01:00:00+09:00,0.0,0.0,0.0,0.0,0.0,0.0,0.0
2024-07-13 02:00:00+09:00,0.0,0.0,0.0,0.0,0.0,0.0,0.0
2024-07-13 03:00:00+09:00,0.0,0.0,0.0,0.0,0.0,0.0,0.0
2024-07-13 04:00:00+09:00,0.0,0.0,0.0,0.0,0.0,0.0,0.0
2024-07-13 05:00:00+09:00,0.0,0.0,0.0,0.0,0.0,0.0,0.0
2024-07-13 06:00:00+09:00,0.002970012,0.0,0.0,0.0,0.0,0.0,0.0
2024-07-13 07:00:00+09:00,0.074241071,0.002970012,0.03470056327263069,0.03470056327263069,0.0,0.017600499093532562,0.017600499093532562
2024-07-13 08:00:00+09:00,0.234601209,0.074241071,0.12162802646984673,0.12162802646984673,0.0,0.09095238894224167,0.09095238894224167
2024-07-13 09:00:00+09:00,0.397188087,0.234601209,0.29145036830032733,0.29145036830032733,0.002970012,0.1565819402245636,0.1565819402245636
2024-07-13 10:00:00+09:00,0.511519706,0.397188087,0.439198010607111,0.439198010607111,0.074241071,0.34081342722406005,0.34081342722406005
2024-07-13 11:00:00+09:00,0.49815619,0.511519706,0.661549812306076,0.661549812306076,0.234601209,0.5496998523029175,0.5496998523029175
2024-07-13 12:00:00+09:00,0.313296786,0.49815619,0.6078106985310936,0.6078106985310936,0.397188087,0.7152074771062011,0.7152074771062011
2024-07-13 13:00:00+09:00,0.240540208,0.313296786,0.34032808658944225,0.34032808658944225,0.511519706,0.6232250985991058,0.6232250985991058
2024-07-13 14:00:00+09:00,0.426142885,0.240540208,0.2187758811593609,0.2187758811593609,0.49815619,0.5730994195560837,0.5730994195560837
2024-07-13 15:00:00+09:00,0.171495888,0.426142885,0.3695289368038273,0.3695289368038273,0.313296786,0.30128405844138717,0.30128405844138717
2024-07-13 16:00:00+09:00,0.19822292,0.171495888,0.093736175065506,0.093736175065506,0.240540208,0.13534891762142945,0.13534891762142945
2024-07-13 17:00:00+09:00,0.188571663,0.19822292,0.10128556162063598,0.10128556162063598,0.426142885,0.19263920059848788,0.19263920059848788
2024-07-13 18:00:00+09:00,0.109876087,0.188571663,0.04678283760727692,0.04678283760727692,0.171495888,0.0,0.0
2024-07-13 19:00:00+09:00,0.028953771,0.109876087,0.03313149332009506,0.03313149332009506,0.19822292,0.0,0.0
2024-07-13 20:00:00+09:00,0.0,0.028953771,0.0,0.0,0.188571663,0.01934568712891388,0.01934568712891388
2024-07-13 21:00:00+09:00,0.0,0.0,0.0,0.0,0.109876087,0.0,0.0
2024-07-13 22:00:00+09:00,0.0,0.0,0.0018171524861827493,0.0018171524861827493,0.028953771,0.0,0.0
2024-07-13 23:00:00+09:00,0.0,0.0,0.0018171524861827493,0.0018171524861827493,0.0,2.4096287233987823e-05,2.4096287233987823e-05
2024-07-14 00:00:00+09:00,0.0,0.0,0.0,0.0,0.0,0.0,0.0
2024-07-14 01:00:00+09:00,0.0,0.0,0.0,0.0,0.0,0.0,0.0
2024-07-14 02:00:00+09:00,0.0,0.0,0.0,0.0,0.0,0.0,0.0
2024-07-14 03:00:00+09:00,0.0,0.0,0.0,0.0,0.0,0.0,0.0
2024-07-14 04:00:00+09:00,0.0,0.0,0.0,0.0,0.0,0.0,0.0
2024-07-14 05:00:00+09:00,0.0,0.0,0.0,0.0,0.0,0.0,0.0
2024-07-14 06:00:00+09:00,0.0,0.0,0.0023852756712585688,0.0023852756712585688,0.0,0.0,0.0
2024-07-14 07:00:00+09:00,0.0,0.0,0.05784597247838974,0.05784597247838974,0.0,0.06084106117486954,0.06084106117486954
2024-07-14 08:00:00+09:00,0.0,0.0,0.08183105289936066,0.08183105289936066,0.0,0.1659756898880005,0.1659756898880005
2024-07-14 09:00:00+09:00,0.057907543,0.0,0.039759304374456406,0.039759304374456406,0.0,0.22007299959659576,0.22007299959659576
2024-07-14 10:00:00+09:00,0.239055715,0.057907543,0.18208823990465928,0.18208823990465928,0.0,0.3689984381198883,0.3689984381198883
2024-07-14 11:00:00+09:00,0.17817816,0.239055715,0.28549870798524857,0.28549870798524857,0.0,0.317364364862442,0.317364364862442
2024-07-14 12:00:00+09:00,0.106164855,0.17817816,0.2519603432299232,0.2519603432299232,0.057907543,0.24771904092671204,0.24771904092671204
2024-07-14 13:00:00+09:00,0.07795333,0.106164855,0.08096602843366146,0.08096602843366146,0.239055715,0.3923050383680725,0.3923050383680725
2024-07-14 14:00:00+09:00,0.197480674,0.07795333,0.018855857421712877,0.018855857421712877,0.17817816,0.13965344290748596,0.13965344290748596
2024-07-14 15:00:00+09:00,0.129178601,0.197480674,0.13787701270124816,0.13787701270124816,0.106164855,0.06641749763153076,0.06641749763153076
2024-07-14 16:00:00+09:00,0.037862782,0.129178601,0.08101844290225602,0.08101844290225602,0.07795333,0.0,0.0
2024-07-14 17:00:00+09:00,0.060877555,0.037862782,0.0,0.0,0.197480674,0.0,0.0
2024-07-14 18:00:00+09:00,0.039347275,0.060877555,0.0,0.0,0.129178601,0.0,0.0
2024-07-14 19:00:00+09:00,0.022272527,0.039347275,0.0,0.0,0.037862782,0.0,0.0
2024-07-14 20:00:00+09:00,0.001484493,0.022272527,0.0,0.0,0.060877555,0.0,0.0
2024-07-14 21:00:00+09:00,0.0,0.001484493,0.0004899855438016652,0.0004899855438016652,0.039347275,0.0,0.0
2024-07-14 22:00:00+09:00,0.0,0.0,0.0030171775724738836,0.0030171775724738836,0.022272527,0.0,0.0
2024-07-14 23:00:00+09:00,0.0,0.0,0.0030171775724738836,0.0030171775724738836,0.001484493,0.002695304547935009,0.002695304547935009
2024-07-15 00:00:00+09:00,0.0,0.0,0.0009045859333127737,0.0009045859333127737,0.0,0.0018028090707957745,0.0018028090707957745
2024-07-15 01:00:00+09:00,0.0,0.0,0.0009045859333127737,0.0009045859333127737,0.0,0.0018028090707957745,0.0018028090707957745
2024-07-15 02:00:00+09:00,0.0,0.0,0.0009045859333127737,0.0009045859333127737,0.0,0.0018028090707957745,0.0018028090707957745
2024-07-15 03:00:00+09:00,0.0,0.0,0.0009045859333127737,0.0009045859333127737,0.0,0.0018028090707957745,0.0018028090707957745
2024-07-15 04:00:00+09:00,0.0,0.0,0.0009045859333127737,0.0009045859333127737,0.0,0.0018028090707957745,0.0018028090707957745
2024-07-15 05:00:00+09:00,0.0,0.0,0.0009045859333127737,0.0009045859333127737,0.0,0.0018028090707957745,0.0018028090707957745
2024-07-15 06:00:00+09:00,0.001484493,0.0,0.001935532665811479,0.001935532665811479,0.0,0.0028150188736617565,0.0028150188736617565
2024-07-15 07:00:00+09:00,0.049741805,0.001484493,0.028459385243742943,0.028459385243742943,0.0,0.02482110820710659,0.02482110820710659
2024-07-15 08:00:00+09:00,0.081664562,0.049741805,0.08462952117412567,0.08462952117412567,0.0,0.06038356572389603,0.06038356572389603
2024-07-15 09:00:00+09:00,0.146254376,0.081664562,0.16275427467938614,0.16275427467938614,0.001484493,0.26764599440762327,0.26764599440762327
2024-07-15 10:00:00+09:00,0.246479206,0.146254376,0.29103772384507753,0.29103772384507753,0.049741805,0.3593429032990265,0.3593429032990265
2024-07-15 11:00:00+09:00,0.391249089,0.246479206,0.3237858491283951,0.3237858491283951,0.081664562,0.38015684462901306,0.38015684462901306
2024-07-15 12:00:00+09:00,0.443217633,0.391249089,0.4524224646959438,0.4524224646959438,0.146254376,0.4941472564397583,0.4941472564397583
2024-07-15 13:00:00+09:00,0.293250998,0.443217633,0.4826700479596691,0.4826700479596691,0.246479206,0.3852813618523178,0.3852813618523178
2024-07-15 14:00:00+09:00,0.323690289,0.293250998,0.24325610835323142,0.24325610835323142,0.391249089,0.4526479751441612,0.4526479751441612
2024-07-15 15:00:00+09:00,0.29993327,0.323690289,0.3868115333113327,0.3868115333113327,0.443217633,0.4198631157040434,0.4198631157040434
2024-07-15 16:00:00+09:00,0.2197532,0.29993327,0.2534670125768375,0.2534670125768375,0.293250998,0.19315638158688353,0.19315638158688353
2024-07-15 17:00:00+09:00,0.159617892,0.2197532,0.1302017884308815,0.1302017884308815,0.323690289,0.1815866616758957,0.1815866616758957
2024-07-15 18:00:00+09:00,0.106164855,0.159617892,0.09624799946240617,0.09624799946240617,0.29993327,0.08922643997528074,0.08922643997528074
2024-07-15 19:00:00+09:00,0.047514039,0.106164855,0.02566249394081116,0.02566249394081116,0.2197532,0.0,0.0
2024-07-15 20:00:00+09:00,0.0,0.047514039,0.0,0.0,0.159617892,0.0,0.0
2024-07-15 21:00:00+09:00,0.0,0.0,0.0,0.0,0.106164855,0.0,0.0
2024-07-15 22:00:00+09:00,0.0,0.0,0.0,0.0,0.047514039,0.0,0.0
2024-07-15 23:00:00+09:00,0.0,0.0,0.0,0.0,0.0,0.0,0.0
2024-07-16 00:00:00+09:00,,,,,,,
2024-07-16 01:00:00+09:00,0.0,,,,0.0,0.0,0.0
2024-07-16 02:00:00+09:00,0.0,0.0,0.0,0.0,0.0,0.0,0.0
2024-07-16 03:00:00+09:00,0.0,0.0,0.0,0.0,,,
2024-07-16 04:00:00+09:00,0.0,0.0,0.0,0.0,0.0,0.0,0.0
2024-07-16 05:00:00+09:00,0.0,0.0,0.0,0.0,0.0,0.0,0.0
2024-07-16 06:00:00+09:00,0.0,0.0,0.0013300621649250388,0.0013300621649250388,0.0,0.0,0.0
2024-07-16 07:00:00+09:00,0.0,0.0,0.04481762275099754,0.04481762275099754,0.0,0.03364846482872963,0.03364846482872963
2024-07-16 08:00:00+09:00,0.041575041,0.0,0.08319199830293655,0.08319199830293655,0.0,0.1054397001862526,0.1054397001862526
2024-07-16 09:00:00+09:00,0.059393062,0.041575041,0.2185389812627945,0.2185389812627945,0.0,0.2195786088705063,0.2195786088705063
2024-07-16 10:00:00+09:00,0.194510661,0.059393062,0.16765093684645843,0.16765093684645843,0.0,0.19373545050621033,0.19373545050621033
2024-07-16 11:00:00+09:00,0.115816112,0.194510661,0.21286732324360466,0.21286732324360466,0.041575041,0.26983391899263,0.26983391899263
2024-07-16 12:00:00+09:00,0.103194842,0.115816112,0.13407418443585586,0.13407418443585586,0.059393062,0.27564722180815887,0.27564722180815887
2024-07-16 13:00:00+09:00,0.08908908,0.103194842,0.1024499267819075,0.1024499267819075,0.194510661,0.34115388237832645,0.34115388237832645
2024-07-16 14:00:00+09:00,0.033408277,0.08908908,0.017563513720111848,0.017563513720111848,0.115816112,0.031104865807544707,0.031104865807544707
2024-07-16 15:00:00+09:00,0.017075775,0.033408277,0.057363838220645905,0.057363838220645905,0.103194842,0.11144683405428361,0.11144683405428361
2024-07-16 16:00:00+09:00,0.061619801,0.017075775,0.011129903881543876,0.011129903881543876,0.08908908,0.0,0.0
2024-07-16 17:00:00+09:00,0.040090548,0.061619801,0.0,0.0,0.033408277,0.0,0.0
2024-07-16 18:00:00+09:00,0.04380178,0.040090548,0.0,0.0,0.017075775,0.0,0.0
2024-07-16 19:00:00+09:00,0.01113575,0.04380178,0.0,0.0,0.061619801,0.0,0.0
2024-07-16 20:00:00+09:00,0.0,0.01113575,0.0,0.0,0.040090548,0.0,0.0
2024-07-16 21:00:00+09:00,0.0,0.0,0.0,0.0,0.04380178,0.0,0.0
2024-07-16 22:00:00+09:00,0.0,0.0,0.0035624441225081682,0.0035624441225081682,0.01113575,0.0,0.0
2024-07-16 23:00:00+09:00,0.0,0.0,0.0035624441225081682,0.0035624441225081682,0.0,0.016376975923776627,0.016376975923776627
2024-07-17 00:00:00+09:00,0.0,,,,,,
2024-07-17 01:00:00+09:00,0.0,0.0,0.0,0.0,0.0,0.0,0.0
2024-07-17 02:00:00+09:00,0.0,0.0,0.0,0.0,0.0,0.0,0.0
2024-07-17 03:00:00+09:00,0.0,0.0,0.0,0.0,0.0,0.0,0.0
2024-07-17 04:00:00+09:00,0.0,0.0,0.0,0.0,0.0,0.0,0.0
2024-07-17 05:00:00+09:00,0.0,0.0,0.0,0.0,0.0,0.0,0.0
2024-07-17 06:00:00+09:00,0.0,0.0,0.0,0.0,0.0,0.0,0.0
2024-07-17 07:00:00+09:00,0.020044761,0.0,0.010892072692513466,0.010892072692513466,0.0,0.010254506021738052,0.010254506021738052
2024-07-17 08:00:00+09:00,0.074241071,0.020044761,0.057901589421354295,0.057901589421354295,0.0,0.09340869635343552,0.09340869635343552
2024-07-17 09:00:00+09:00,0.152936647,0.074241071,0.12758015002240752,0.12758015002240752,0.0,0.17265428602695465,0.17265428602695465
2024-07-17 10:00:00+09:00,0.197480674,0.152936647,0.2523653081676216,0.2523653081676216,0.020044761,0.2694961747506485,0.2694961747506485
2024-07-17 11:00:00+09:00,0.272463991,0.197480674,0.2924194141342392,0.2924194141342392,0.074241071,0.25902438069810485,0.25902438069810485
2024-07-17 12:00:00+09:00,0.250933711,0.272463991,0.32558051372939684,0.32558051372939684,0.152936647,0.3808004952093811,0.3808004952093811
2024-07-17 13:00:00+09:00,0.260584968,0.250933711,0.24598868009841895,0.24598868009841895,0.197480674,0.3223160459711304,0.3223160459711304
2024-07-17 14:00:00+09:00,0.529337727,0.260584968,0.272990388653522,0.272990388653522,0.272463991,0.304590387894455,0.304590387894455
2024-07-17 15:00:00+09:00,0.530079974,0.529337727,0.5031450563119669,0.5031450563119669,0.250933711,0.22259992785028077,0.22259992785028077
2024-07-17 16:00:00+09:00,0.289539766,0.530079974,0.5324675539961388,0.5324675539961388,0.260584968,0.18803571429783628,0.18803571429783628
2024-07-17 17:00:00+09:00,0.175950394,0.289539766,0.2163084488970909,0.2163084488970909,0.529337727,0.4714241591291447,0.4714241591291447
2024-07-17 18:00:00+09:00,0.124725122,0.175950394,0.11216790321010972,0.11216790321010972,0.530079974,0.45835902369453807,0.45835902369453807
2024-07-17 19:00:00+09:00,0.040832794,0.124725122,0.05406616255166244,0.05406616255166244,0.289539766,0.004727404998031592,0.004727404998031592
2024-07-17 20:00:00+09:00,0.003712259,0.040832794,0.009488447297901152,0.009488447297901152,0.175950394,0.0,0.0
2024-07-17 21:00:00+09:00,0.0,0.003712259,0.0,0.0,0.124725122,0.0,0.0
2024-07-17 22:00:00+09:00,0.0,0.0,0.0,0.0,0.040832794,0.0,0.0
2024-07-17 23:00:00+09:00,0.0,0.0,0.0,0.0,0.003712259,0.0,0.0
2024-07-18 00:00:00+09:00,,,,,,,
2024-07-18 01:00:00+09:00,0.0,,,,0.0,0.0006314393249340355,0.0006314393249340355
2024-07-18 02:00:00+09:00,0.0,0.0,0.0003972541308030486,0.0003972541308030486,0.0,0.0006314393249340355,0.0006314393249340355
2024-07-18 03:00:00+09:00,0.0,0.0,0.0003972541308030486,0.0003972541308030486,,,
2024-07-18 04:00:00+09:00,0.0,0.0,0.0003972541308030486,0.0003972541308030486,0.0,0.0006314393249340355,0.0006314393249340355
2024-07-18 05:00:00+09:00,0.0,0.0,0.0003972541308030486,0.0003972541308030486,0.0,0.0006314393249340355,0.0006314393249340355
2024-07-18 06:00:00+09:00,0.0,0.0,0.001019920571707189,0.001019920571707189,0.0,0.00021070193906780332,0.00021070193906780332
2024-07-18 07:00:00+09:00,0.005196752,0.0,0.024167479947209358,0.024167479947209358,0.0,0.016627855598926544,0.016627855598926544
2024-07-18 08:00:00+09:00,0.072755551,0.005196752,0.08182910268321228,0.08182910268321228,0.0,0.10833072662353516,0.10833072662353516
2024-07-18 09:00:00+09:00,0.089831326,0.072755551,0.13931645270145035,0.13931645270145035,0.0,0.12010012567043304,0.12010012567043304
2024-07-18 10:00:00+09:00,0.097255844,0.089831326,0.1898146456401596,0.1898146456401596,0.005196752,0.23891847019210052,0.23891847019210052
2024-07-18 11:00:00+09:00,0.083150082,0.097255844,0.14436677035989187,0.14436677035989187,0.072755551,0.2340206411079178,0.2340206411079178
2024-07-18 12:00:00+09:00,0.15664788,0.083150082,0.1042986351181097,0.1042986351181097,0.089831326,0.24493316172769164,0.24493316172769164
2024-07-18 13:00:00+09:00,0.195253935,0.15664788,0.14280811082286118,0.14280811082286118,0.097255844,0.2405355752736511,0.2405355752736511
2024-07-18 14:00:00+09:00,0.072013305,0.195253935,0.2007109753881371,0.2007109753881371,0.083150082,0.14723732388804628,0.14723732388804628
2024-07-18 15:00:00+09:00,0.079437823,0.072013305,0.04504154572539806,0.04504154572539806,0.15664788,0.16397367454779624,0.16397367454779624
2024-07-18 16:00:00+09:00,0.151451128,0.079437823,0.0,0.0,0.195253935,0.13728000625043868,0.13728000625043868
2024-07-18 17:00:00+09:00,0.072013305,0.151451128,0.05250868427155303,0.05250868427155303,0.072013305,0.0,0.0
2024-07-18 18:00:00+09:00,0.01113575,0.072013305,0.0,0.0,0.079437823,0.0,0.0
2024-07-18 19:00:00+09:00,0.003712259,0.01113575,0.0,0.0,0.151451128,0.0,0.0
2024-07-18 20:00:00+09:00,0.0,0.003712259,0.0,0.0,0.072013305,0.0,0.0
2024-07-18 21:00:00+09:00,0.0,0.0,0.0,0.0,0.01113575,0.0,0.0
2024-07-18 22:00:00+09:00,0.0,0.0,0.0,0.0,0.003712259,0.0,0.0
2024-07-18 23:00:00+09:00,0.0,0.0,0.0,0.0,0.0,0.0,0.0
2024-07-19 00:00:00+09:00,,,,,,,
2024-07-19 01:00:00+09:00,0.0,,,,0.0,0.0,0.0
2024-07-19 02:00:00+09:00,0.0,0.0,0.0,0.0,0.0,0.0,0.0
2024-07-19 03:00:00+09:00,0.0,0.0,0.0,0.0,,,
2024-07-19 04:00:00+09:00,0.0,0.0,0.0,0.0,0.0,0.0,0.0
2024-07-19 05:00:00+09:00,0.0,0.0,0.0,0.0,0.0,0.0,0.0
2024-07-19 06:00:00+09:00,0.0,0.0,0.00010938983177766204,0.00010938983177766204,0.0,0.0,0.0
2024-07-19 07:00:00+09:00,0.019302514,0.0,0.020618608221411705,0.020618608221411705,0.0,0.01781659945845604,0.01781659945845604
2024-07-19 08:00:00+09:00,0.020787007,0.019302514,0.08905709962374114,0.08905709962374114,0.0,0.08221127837896347,0.08221127837896347
2024-07-19 09:00:00+09:00,0.050484051,0.020787007,0.09849617519572448,0.09849617519572448,0.0,0.13204917311668396,0.13204917311668396
2024-07-19 10:00:00+09:00,0.391991335,0.050484051,0.10899611655962563,0.10899611655962563,0.019302514,0.23436054269796752,0.23436054269796752
2024-07-19 11:00:00+09:00,0.27840299,0.391991335,0.48209506555934906,0.48209506555934906,0.020787007,0.2513025317449875,0.2513025317449875
2024-07-19 12:00:00+09:00,0.075725564,0.27840299,0.33818634067629816,0.33818634067629816,0.050484051,0.18955687154424286,0.18955687154424286
2024-07-19 13:00:00+09:00,0.071271059,0.075725564,0.0867015712082281,0.0867015712082281,0.391991335,0.5132271899237251,0.5132271899237251
2024-07-19 14:00:00+09:00,0.166299137,0.071271059,0.07088734030404278,0.07088734030404278,0.27840299,0.3426854147479439,0.3426854147479439
2024-07-19 15:00:00+09:00,0.439505374,0.166299137,0.09773361188546373,0.09773361188546373,0.075725564,0.0,0.0
2024-07-19 16:00:00+09:00,0.320720277,0.439505374,0.379777094290184,0.379777094290184,0.071271059,0.0,0.0
2024-07-19 17:00:00+09:00,0.123981849,0.320720277,0.21936755554728699,0.21936755554728699,0.166299137,0.0025130684413070814,0.0025130684413070814
2024-07-19 18:00:00+09:00,0.211586436,0.123981849,0.06525795598342324,0.06525795598342324,0.439505374,0.29743862704985047,0.29743862704985047
2024-07-19 19:00:00+09:00,0.090573573,0.211586436,0.1632826828624115,0.1632826828624115,0.320720277,0.16253691093974304,0.16253691093974304
2024-07-19 20:00:00+09:00,0.002970012,0.090573573,0.0637411228187542,0.0637411228187542,0.123981849,0.0,0.0
2024-07-19 21:00:00+09:00,0.0,0.002970012,0.0010417733361775877,0.0010417733361775877,0.211586436,0.07633464571488952,0.07633464571488952
2024-07-19 22:00:00+09:00,0.0,0.0,0.0021505129989236593,0.0021505129989236593,0.090573573,0.04065835241155434,0.04065835241155434
2024-07-19 23:00:00+09:00,0.0,0.0,0.0021505129989236593,0.0021505129989236593,0.002970012,0.003799453472887993,0.003799453472887993
2024-07-20 00:00:00+09:00,0.0,,,,,,
2024-07-20 01:00:00+09:00,0.0,0.0,0.0,0.0,0.0,0.0,0.0
2024-07-20 02:00:00+09:00,0.0,0.0,0.0,0.0,0.0,0.0,0.0
2024-07-20 03:00:00+09:00,0.0,0.0,0.0,0.0,0.0,0.0,0.0
2024-07-20 04:00:00+09:00,0.0,0.0,0.0,0.0,0.0,0.0,0.0
2024-07-20 05:00:00+09:00,0.0,0.0,0.0,0.0,0.0,0.0,0.0
2024-07-20 06:00:00+09:00,0.0,0.0,0.0,0.0,0.0,0.0,0.0
2024-07-20 07:00:00+09:00,0.031181537,0.0,0.017792118713259697,0.017792118713259697,0.0,0.008033991791307926,0.008033991791307926
2024-07-20 08:00:00+09:00,0.123239603,0.031181537,0.08209214398032379,0.08209214398032379,0.0,0.07379910349845886,0.07379910349845886
2024-07-20 09:00:00+09:00,0.149224388,0.123239603,0.20599636073620606,0.20599636073620606,0.0,0.15196719765663147,0.15196719765663147
2024-07-20 10:00:00+09:00,0.318493537,0.149224388,0.19498220696710397,0.19498220696710397,0.031181537,0.22664768287306977,0.22664768287306977
2024-07-20 11:00:00+09:00,0.423915119,0.318493537,0.3701359772594566,0.3701359772594566,0.123239603,0.371767532186821,0.371767532186821
2024-07-20 12:00:00+09:00,0.373431068,0.423915119,0.5597388754563751,0.5597388754563751,0.149224388,0.3733046972718125,0.3733046972718125
2024-07-20 13:00:00+09:00,0.236827949,0.373431068,0.37142347320223973,0.37142347320223973,0.318493537,0.4330518984706993,0.4330518984706993
2024-07-20 14:00:00+09:00,0.573139507,0.236827949,0.29321207658708004,0.29321207658708004,0.423915119,0.544712879784626,0.544712879784626
2024-07-20 15:00:00+09:00,0.513746445,0.573139507,0.5032873262210198,0.5032873262210198,0.373431068,0.2674310618011169,0.2674310618011169
2024-07-20 16:00:00+09:00,0.420946133,0.513746445,0.46649298903328895,0.46649298903328895,0.236827949,0.04719450504839326,0.04719450504839326
2024-07-20 17:00:00+09:00,0.345962816,0.420946133,0.3384691743675308,0.3384691743675308,0.573139507,0.40723629636004643,0.40723629636004643
2024-07-20 18:00:00+09:00,0.211586436,0.345962816,0.2387463535070572,0.2387463535070572,0.513746445,0.2203930662272644,0.2203930662272644
2024-07-20 19:00:00+09:00,0.041575041,0.211586436,0.12780657198680495,0.12780657198680495,0.420946133,0.12164373384152222,0.12164373384152222
2024-07-20 20:00:00+09:00,0.000742246,0.041575041,0.0,0.0,0.345962816,0.0815047557354126,0.0815047557354126
2024-07-20 21:00:00+09:00,0.0,0.000742246,0.0,0.0,0.211586436,0.0821858250762329,0.0821858250762329
2024-07-20 22:00:00+09:00,0.0,0.0,0.0018171524861827493,0.0018171524861827493,0.041575041,0.0,0.0
2024-07-20 23:00:00+09:00,0.0,0.0,0.0018171524861827493,0.0018171524861827493,0.000742246,0.0007663422872339878,0.0007663422872339878
2024-07-21 00:00:00+09:00,0.0,0.0,0.0,0.0,0.0,0.0,0.0
2024-07-21 01:00:00+09:00,0.0,0.0,0.0,0.0,0.0,0.0,0.0
2024-07-21 02:00:00+09:00,0.0,0.0,0.0,0.0,0.0,0.0,0.0
2024-07-21 03:00:00+09:00,0.0,0.0,0.0,0.0,0.0,0.0,0.0
2024-07-21 04:00:00+09:00,0.0,0.0,0.0,0.0,0.0,0.0,0.0
2024-07-21 05:00:00+09:00,0.0,0.0,0.0,0.0,0.0,0.0,0.0
2024-07-21 06:00:00+09:00,0.0,0.0,0.0,0.0,0.0,0.0,0.0
2024-07-21 07:00:00+09:00,0.035636043,0.0,0.05605285242199898,0.05605285242199898,0.0,0.04911753535270691,0.04911753535270691
2024-07-21 08:00:00+09:00,0.144027637,0.035636043,0.10974011366345215,0.10974011366345215,0.0,0.11309975385665894,0.11309975385665894
2024-07-21 09:00:00+09:00,0.435051896,0.144027637,0.23868963276854704,0.23868963276854704,0.0,0.13351696729660034,0.13351696729660034
2024-07-21 10:00:00+09:00,0.336311559,0.435051896,0.549956992590519,0.549956992590519,0.035636043,0.29082203452565003,0.29082203452565003
2024-07-21 11:00:00+09:00,0.58724527,0.336311559,0.3840206850254383,0.3840206850254383,0.144027637,0.3464698806952591,0.3464698806952591
2024-07-21 12:00:00+09:00,0.694894617,0.58724527,0.6123371751468373,0.6123371751468373,0.435051896,0.6482986736536942,0.6482986736536942
2024-07-21 13:00:00+09:00,0.723848389,0.694894617,0.6692913319406671,0.6692913319406671,0.336311559,0.4822904717111435,0.4822904717111435
2024-07-21 14:00:00+09:00,0.570169495,0.723848389,0.7143609211820379,0.7143609211820379,0.58724527,0.6552328237753106,0.6552328237753106
2024-07-21 15:00:00+09:00,0.560518238,0.570169495,0.4760521962777329,0.4760521962777329,0.694894617,0.6543815560130043,0.6543815560130043
2024-07-21 16:00:00+09:00,0.478111429,0.560518238,0.46491942857893753,0.46491942857893753,0.723848389,0.5210297717753067,0.5210297717753067
2024-07-21 17:00:00+09:00,0.403870358,0.478111429,0.41706596487174413,0.41706596487174413,0.570169495,0.32650616909420016,0.32650616909420016
2024-07-21 18:00:00+09:00,0.229404458,0.403870358,0.30338935447712706,0.30338935447712706,0.560518238,0.2586540908137207,0.2586540908137207
2024-07-21 19:00:00+09:00,0.083150082,0.229404458,0.1740613031821804,0.1740613031821804,0.478111429,0.3725849444509544,0.3725849444509544
2024-07-21 20:00:00+09:00,0.005938998,0.083150082,0.04539237610290718,0.04539237610290718,0.403870358,0.16320425165673064,0.16320425165673064
2024-07-21 21:00:00+09:00,0.0,0.005938998,0.004944490543801665,0.004944490543801665,0.229404458,0.10048233826332856,0.10048233826332856
2024-07-21 22:00:00+09:00,0.0,0.0,0.0030171775724738836,0.0030171775724738836,0.083150082,0.03471365264843178,0.03471365264843178
2024-07-21 23:00:00+09:00,0.0,0.0,0.0030171775724738836,0.0030171775724738836,0.005938998,0.007149809547935009,0.007149809547935009
2024-07-22 00:00:00+09:00,0.0,0.0,0.0009045859333127737,0.0009045859333127737,0.0,0.0018028090707957745,0.0018028090707957745
2024-07-22 01:00:00+09:00,0.0,0.0,0.0009045859333127737,0.0009045859333127737,0.0,0.0018028090707957745,0.0018028090707957745
2024-07-22 02:00:00+09:00,0.0,0.0,0.0009045859333127737,0.0009045859333127737,0.0,0.0018028090707957745,0.0018028090707957745
2024-07-22 03:00:00+09:00,0.0,0.0,0.0009045859333127737,0.0009045859333127737,0.0,0.0018028090707957745,0.0018028090707957745
2024-07-22 04:00:00+09:00,0.0,0.0,0.0009045859333127737,0.0009045859333127737,0.0,0.0018028090707957745,0.0018028090707957745
2024-07-22 05:00:00+09:00,0.0,0.0,0.0009045859333127737,0.0009045859333127737,0.0,0.0018028090707957745,0.0018028090707957745
2024-07-22 06:00:00+09:00,0.0,0.0,0.001935532665811479,0.001935532665811479,0.0,0.0028150188736617565,0.0028150188736617565
2024-07-22 07:00:00+09:00,0.044544027,0.0,0.04099985584616661,0.04099985584616661,0.0,0.03135692700743675,0.03135692700743675
2024-07-22 08:00:00+09:00,0.226434445,0.044544027,0.24035812988810729,0.24035812988810729,0.0,0.16765905916690826,0.16765905916690826
2024-07-22 09:00:00+09:00,0.213813176,0.226434445,0.3471478577616882,0.3471478577616882,0.0,0.3020016551017761,0.3020016551017761
2024-07-22 10:00:00+09:00,0.283599741,0.213813176,0.34618737324464416,0.34618737324464416,0.044544027,0.3574055589728851,0.3574055589728851
2024-07-22 11:00:00+09:00,0.34150831,0.283599741,0.4072405837357674,0.4072405837357674,0.226434445,0.5966569539073181,0.5966569539073181
2024-07-22 12:00:00+09:00,0.378628846,0.34150831,0.3299757425585365,0.3299757425585365,0.213813176,0.3734789393781433,0.3734789393781433
2024-07-22 13:00:00+09:00,0.416491628,0.378628846,0.3659283832861624,0.3659283832861624,0.283599741,0.36067861242896654,0.36067861242896654
2024-07-22 14:00:00+09:00,0.4001581,0.416491628,0.32749381692097473,0.32749381692097473,0.34150831,0.20787959889560698,0.20787959889560698
2024-07-22 15:00:00+09:00,0.360068578,0.4001581,0.30460892634687425,0.30460892634687425,0.378628846,0.3086040799720726,0.3086040799720726
2024-07-22 16:00:00+09:00,0.231631197,0.360068578,0.2647911493729858,0.2647911493729858,0.416491628,0.2226795557229309,0.2226795557229309
2024-07-22 17:00:00+09:00,0.186344924,0.231631197,0.08677572753474427,0.08677572753474427,0.4001581,0.09693842398223879,0.09693842398223879
2024-07-22 18:00:00+09:00,0.157390126,0.186344924,0.06906540187904739,0.06906540187904739,0.360068578,0.008587497944763156,0.008587497944763156
2024-07-22 19:00:00+09:00,0.03266603,0.157390126,0.05908000559623336,0.05908000559623336,0.231631197,0.0,0.0
2024-07-22 20:00:00+09:00,0.000742246,0.03266603,0.0,0.0,0.186344924,0.0,0.0
2024-07-22 21:00:00+09:00,0.0,0.000742246,0.0,0.0,0.157390126,0.012083568583084098,0.012083568583084098
2024-07-22 22:00:00+09:00,0.0,0.0,0.0,0.0,0.03266603,0.0,0.0
2024-07-22 23:00:00+09:00,0.0,0.0,0.0,0.0,0.000742246,0.0,0.0
2024-07-23 00:00:00+09:00,0.0,0.0,0.0,0.0,0.0,0.0,0.0
2024-07-23 01:00:00+09:00,0.0,0.0,0.0,0.0,0.0,0.0,0.0
2024-07-23 02:00:00+09:00,0.0,0.0,0.0,0.0,0.0,0.0,0.0
2024-07-23 03:00:00+09:00,0.0,0.0,0.0,0.0,0.0,0.0,0.0
2024-07-23 04:00:00+09:00,0.0,0.0,0.0,0.0,0.0,0.0,0.0
2024-07-23 05:00:00+09:00,0.0,0.0,0.0,0.0,0.0,0.0,0.0
2024-07-23 06:00:00+09:00,0.0,0.0,0.0,0.0,0.0,0.0,0.0
2024-07-23 07:00:00+09:00,0.039347275,0.0,0.04546322301030159,0.04546322301030159,0.0,0.04278267174959183,0.04278267174959183
2024-07-23 08:00:00+09:00,0.230146704,0.039347275,0.17948371062793733,0.17948371062793733,0.0,0.2041809856891632,0.2041809856891632
2024-07-23 09:00:00+09:00,0.386794584,0.230146704,0.32260913191414264,0.32260913191414264,0.0,0.1712084710597992,0.1712084710597992
2024-07-23 10:00:00+09:00,0.235343456,0.386794584,0.5209919532178726,0.5209919532178726,0.039347275,0.3495766956619263,0.3495766956619263
2024-07-23 11:00:00+09:00,0.321462523,0.235343456,0.24799527666708804,0.24799527666708804,0.230146704,0.4763768443284073,0.4763768443284073
2024-07-23 12:00:00+09:00,0.459551162,0.321462523,0.3413126634374838,0.3413126634374838,0.386794584,0.6085077246068802,0.6085077246068802
2024-07-23 13:00:00+09:00,0.467716899,0.459551162,0.37474685805588914,0.37474685805588914,0.235343456,0.23650200195787824,0.23650200195787824
2024-07-23 14:00:00+09:00,0.339280545,0.467716899,0.35326890297968294,0.35326890297968294,0.321462523,0.19415947403168488,0.19415947403168488
2024-07-23 15:00:00+09:00,0.249449218,0.339280545,0.28514851558582305,0.28514851558582305,0.459551162,0.315057194705307,0.315057194705307
2024-07-23 16:00:00+09:00,0.268009486,0.249449218,0.21109694459540176,0.21109694459540176,0.467716899,0.29654691763956453,0.29654691763956453
2024-07-23 17:00:00+09:00,0.220495447,0.268009486,0.15191479990905382,0.15191479990905382,0.339280545,0.15458226132766723,0.15458226132766723
2024-07-23 18:00:00+09:00,0.112846099,0.220495447,0.16812047310683442,0.16812047310683442,0.249449218,0.06771519252163696,0.06771519252163696
2024-07-23 19:00:00+09:00,0.046029546,0.112846099,0.0578326100218525,0.0578326100218525,0.268009486,0.08865569750493624,0.08865569750493624
2024-07-23 20:00:00+09:00,0.002970012,0.046029546,0.009095822162862775,0.009095822162862775,0.220495447,0.02842512675139619,0.02842512675139619
2024-07-23 21:00:00+09:00,0.0,0.002970012,0.0022695504964160623,0.0022695504964160623,0.112846099,0.014840632836841589,0.014840632836841589
2024-07-23 22:00:00+09:00,0.0,0.0,0.0035624441225081682,0.0035624441225081682,0.046029546,0.012955684848066328,0.012955684848066328
2024-07-23 23:00:00+09:00,0.0,0.0,0.0035624441225081682,0.0035624441225081682,0.002970012,0.019346987923776628,0.019346987923776628
2024-07-24 00:00:00+09:00,0.0,0.0,0.0,0.0,0.0,0.0,0.0
2024-07-24 01:00:00+09:00,0.0,0.0,0.0,0.0,0.0,0.0,0.0
2024-07-24 02:00:00+09:00,0.0,0.0,0.0,0.0,0.0,0.0,0.0
2024-07-24 03:00:00+09:00,0.0,0.0,0.0,0.0,0.0,0.0,0.0
2024-07-24 04:00:00+09:00,0.0,0.0,0.0,0.0,0.0,0.0,0.0
2024-07-24 05:00:00+09:00,0.0,0.0,0.0,0.0,0.0,0.0,0.0
2024-07-24 06:00:00+09:00,0.0,0.0,0.0,0.0,0.0,0.0,0.0
2024-07-24 07:00:00+09:00,0.002970012,0.0,0.04328136891126633,0.04328136891126633,0.0,0.053079891949892044,0.053079891949892044
2024-07-24 08:00:00+09:00,0.116558358,0.002970012,0.07534887092391204,0.07534887092391204,0.0,0.18314604461193085,0.18314604461193085
2024-07-24 09:00:00+09:00,0.085376821,0.116558358,0.2203256412608223,0.2203256412608223,0.0,0.2861504554748535,0.2861504554748535
2024-07-24 10:00:00+09:00,0.084634575,0.085376821,0.14609337924780463,0.14609337924780463,0.002970012,0.20349852936545562,0.20349852936545562
2024-07-24 11:00:00+09:00,0.347447309,0.084634575,0.21148492669124602,0.21148492669124602,0.116558358,0.2953412681085663,0.2953412681085663
2024-07-24 12:00:00+09:00,0.680788855,0.347447309,0.39206239516805075,0.39206239516805075,0.085376821,0.30639979942502593,0.30639979942502593
2024-07-24 13:00:00+09:00,0.44395988,0.680788855,0.7237716940479088,0.7237716940479088,0.084634575,0.23241731797714232,0.23241731797714232
2024-07-24 14:00:00+09:00,0.307356761,0.44395988,0.4077085026856708,0.4077085026856708,0.347447309,0.40427502925465963,0.40427502925465963
2024-07-24 15:00:00+09:00,0.564972743,0.307356761,0.21916909625276182,0.21916909625276182,0.680788855,0.6529115838246154,0.6529115838246154
2024-07-24 16:00:00+09:00,0.222722186,0.564972743,0.4767357181563072,0.4767357181563072,0.44395988,0.31209102583492276,0.31209102583492276
2024-07-24 17:00:00+09:00,0.195253935,0.222722186,0.12239936575378035,0.12239936575378035,0.307356761,0.0830607425187454,0.0830607425187454
2024-07-24 18:00:00+09:00,0.086119067,0.195253935,0.11583888187080382,0.11583888187080382,0.564972743,0.32615031262776184,0.32615031262776184
2024-07-24 19:00:00+09:00,0.031181537,0.086119067,0.0,0.0,0.222722186,0.0,0.0
2024-07-24 20:00:00+09:00,0.002226739,0.031181537,0.0,0.0,0.195253935,0.0,0.0
2024-07-24 21:00:00+09:00,0.0,0.002226739,0.0,0.0,0.086119067,0.0,0.0
2024-07-24 22:00:00+09:00,0.0,0.0,0.0,0.0,0.031181537,0.0,0.0
2024-07-24 23:00:00+09:00,0.0,0.0,0.0,0.0,0.002226739,0.0,0.0
2024-07-25 00:00:00+09:00,0.0,0.0,0.0003972541308030486,0.0003972541308030486,0.0,0.0006314393249340355,0.0006314393249340355
2024-07-25 01:00:00+09:00,0.0,0.0,0.0003972541308030486,0.0003972541308030486,0.0,0.0006314393249340355,0.0006314393249340355
2024-07-25 02:00:00+09:00,0.0,0.0,0.0003972541308030486,0.0003972541308030486,0.0,0.0006314393249340355,0.0006314393249340355
2024-07-25 03:00:00+09:00,0.0,0.0,0.0003972541308030486,0.0003972541308030486,0.0,0.0006314393249340355,0.0006314393249340355
2024-07-25 04:00:00+09:00,0.0,0.0,0.0003972541308030486,0.0003972541308030486,0.0,0.0006314393249340355,0.0006314393249340355
2024-07-25 05:00:00+09:00,0.0,0.0,0.0003972541308030486,0.0003972541308030486,0.0,0.0006314393249340355,0.0006314393249340355
2024-07-25 06:00:00+09:00,0.000742246,0.0,0.001019920571707189,0.001019920571707189,0.0,0.00021070193906780332,0.00021070193906780332
2024-07-25 07:00:00+09:00,0.060877555,0.000742246,0.02247165196938133,0.02247165196938133,0.0,0.015569339506328106,0.015569339506328106
2024-07-25 08:00:00+09:00,0.217525435,0.060877555,0.14972118376415253,0.14972118376415253,0.0,0.13262295722961426,0.13262295722961426
2024-07-25 09:00:00+09:00,0.303645529,0.217525435,0.30954981347852706,0.30954981347852706,0.000742246,0.163966242758461,0.163966242758461
2024-07-25 10:00:00+09:00,0.488504933,0.303645529,0.40830528005762484,0.40830528005762484,0.060877555,0.31104584871452334,0.31104584871452334
2024-07-25 11:00:00+09:00,0.628078064,0.488504933,0.5538033338193016,0.5538033338193016,0.217525435,0.4583558862500763,0.4583558862500763
2024-07-25 12:00:00+09:00,0.688955619,0.628078064,0.6729194466525211,0.6729194466525211,0.303645529,0.5131645725647964,0.5131645725647964
2024-07-25 13:00:00+09:00,0.65480407,0.688955619,0.7413694364951077,0.7413694364951077,0.488504933,0.6853020654920654,0.6853020654920654
2024-07-25 14:00:00+09:00,0.677818843,0.65480407,0.6130813252967071,0.6130813252967071,0.628078064,0.6777572054916515,0.6777572054916515
2024-07-25 15:00:00+09:00,0.616199041,0.677818843,0.6153265021968536,0.6153265021968536,0.688955619,0.6831958694384518,0.6831958694384518
2024-07-25 16:00:00+09:00,0.54195797,0.616199041,0.525967786303154,0.525967786303154,0.65480407,0.4950246256631088,0.4950246256631088
2024-07-25 17:00:00+09:00,0.402385865,0.54195797,0.4793783381945801,0.4793783381945801,0.677818843,0.520252131693428,0.520252131693428
2024-07-25 18:00:00+09:00,0.144769883,0.402385865,0.32156161650728227,0.32156161650728227,0.616199041,0.3558969145923767,0.3558969145923767
2024-07-25 19:00:00+09:00,0.09799809,0.144769883,0.051407320641620624,0.051407320641620624,0.54195797,0.24913283739158631,0.24913283739158631
2024-07-25 20:00:00+09:00,0.002226739,0.09799809,0.04761706283792495,0.04761706283792495,0.402385865,0.16873866751502992,0.16873866751502992
2024-07-25 21:00:00+09:00,0.0,0.002226739,0.0,0.0,0.144769883,0.0,0.0
2024-07-25 22:00:00+09:00,0.0,0.0,0.0,0.0,0.09799809,0.03220066419347763,0.03220066419347763
2024-07-25 23:00:00+09:00,0.0,0.0,0.0,0.0,0.002226739,0.0,0.0
2024-07-26 00:00:00+09:00,0.0,0.0,0.0,0.0,0.0,0.0,0.0
2024-07-26 01:00:00+09:00,0.0,0.0,0.0,0.0,0.0,0.0,0.0
2024-07-26 02:00:00+09:00,0.0,0.0,0.0,0.0,0.0,0.0,0.0
2024-07-26 03:00:00+09:00,0.0,0.0,0.0,0.0,0.0,0.0,0.0
2024-07-26 04:00:00+09:00,0.0,0.0,0.0,0.0,0.0,0.0,0.0
2024-07-26 05:00:00+09:00,0.0,0.0,0.0,0.0,0.0,0.0,0.0
2024-07-26 06:00:00+09:00,0.0,0.0,0.002986380597576499,0.002986380597576499,0.0,0.002255659783259034,0.002255659783259034
2024-07-26 07:00:00+09:00,0.069044319,0.0,0.04728253185749054,0.04728253185749054,0.0,0.0389116108417511,0.0389116108417511
2024-07-26 08:00:00+09:00,0.19822292,0.069044319,0.18172406127666857,0.18172406127666857,0.0,0.17054596543312073,0.17054596543312073
2024-07-26 09:00:00+09:00,0.348931802,0.19822292,0.3748649206752014,0.3748649206752014,0.0,0.33359038829803467,0.33359038829803467
2024-07-26 10:00:00+09:00,0.484050428,0.348931802,0.4233014560594101,0.4233014560594101,0.069044319,0.4110117228887024,0.4110117228887024
2024-07-26 11:00:00+09:00,0.505580708,0.484050428,0.5566115653782158,0.5566115653782158,0.19822292,0.4603330042952728,0.4603330042952728
2024-07-26 12:00:00+09:00,0.446187646,0.505580708,0.525108063208993,0.525108063208993,0.348931802,0.5523644513740082,0.5523644513740082
2024-07-26 13:00:00+09:00,0.50929194,0.446187646,0.5126891367717705,0.5126891367717705,0.484050428,0.6987213096289902,0.6987213096289902
2024-07-26 14:00:00+09:00,0.489247179,0.50929194,0.5451559802555466,0.5451559802555466,0.505580708,0.556546948465641,0.556546948465641
2024-07-26 15:00:00+09:00,0.624365805,0.489247179,0.48458099166519425,0.48458099166519425,0.446187646,0.4753622457965336,0.4753622457965336
2024-07-26 16:00:00+09:00,0.415748355,0.624365805,0.5831383376418877,0.5831383376418877,0.50929194,0.3541451623701477,0.3541451623701477
2024-07-26 17:00:00+09:00,0.314781279,0.415748355,0.3159552412318993,0.3159552412318993,0.489247179,0.2565382480307617,0.2565382480307617
2024-07-26 18:00:00+09:00,0.139573131,0.314781279,0.25496751877899554,0.25496751877899554,0.624365805,0.3521888538300324,0.3521888538300324
2024-07-26 19:00:00+09:00,0.046771793,0.139573131,0.011449400578933705,0.011449400578933705,0.415748355,0.12462603768585206,0.12462603768585206
2024-07-26 20:00:00+09:00,0.001484493,0.046771793,0.0,0.0,0.314781279,0.10533016982908633,0.10533016982908633
2024-07-26 21:00:00+09:00,0.0,0.001484493,0.0,0.0,0.139573131,0.0043213407148895155,0.0043213407148895155
2024-07-26 22:00:00+09:00,0.0,0.0,0.0021505129989236593,0.0021505129989236593,0.046771793,0.0,0.0
2024-07-26 23:00:00+09:00,0.0,0.0,0.0021505129989236593,0.0021505129989236593,0.001484493,0.0023139344728879928,0.0023139344728879928
2024-07-27 00:00:00+09:00,0.0,0.0,0.0,0.0,0.0,0.0,0.0
2024-07-27 01:00:00+09:00,0.0,0.0,0.0,0.0,0.0,0.0,0.0
2024-07-27 02:00:00+09:00,0.0,0.0,0.0,0.0,0.0,0.0,0.0
2024-07-27 03:00:00+09:00,0.0,0.0,0.0,0.0,0.0,0.0,0.0
2024-07-27 04:00:00+09:00,0.0,0.0,0.0,0.0,0.0,0.0,0.0
2024-07-27 05:00:00+09:00,0.0,0.0,0.0,0.0,0.0,0.0,0.0
2024-07-27 06:00:00+09:00,0.0,0.0,0.0,0.0,0.0,0.0,0.0
2024-07-27 07:00:00+09:00,0.037120535,0.0,0.050948530435562134,0.050948530435562134,0.0,0.03138810396194458,0.03138810396194458
2024-07-27 08:00:00+09:00,0.148482142,0.037120535,0.14067561827484132,0.14067561827484132,0.0,0.1776929348707199,0.1776929348707199
2024-07-27 09:00:00+09:00,0.297705504,0.148482142,0.2656473796651764,0.2656473796651764,0.0,0.27503424882888794,0.27503424882888794
2024-07-27 10:00:00+09:00,0.424657365,0.297705504,0.3840303373334923,0.3840303373334923,0.037120535,0.34719167552772523,0.34719167552772523
2024-07-27 11:00:00+09:00,0.53304896,0.424657365,0.5008385457751656,0.5008385457751656,0.148482142,0.46649262121180723,0.46649262121180723
2024-07-27 12:00:00+09:00,0.633274816,0.53304896,0.6143135080036736,0.6143135080036736,0.297705504,0.5466575798390427,0.5466575798390427
2024-07-27 13:00:00+09:00,0.651835084,0.633274816,0.623555559688345,0.623555559688345,0.424657365,0.5955697052833939,0.5955697052833939
2024-07-27 14:00:00+09:00,0.647380578,0.651835084,0.6511251111317922,0.6511251111317922,0.53304896,0.5842564614412403,0.5842564614412403
2024-07-27 15:00:00+09:00,0.659258575,0.647380578,0.6419596347435325,0.6419596347435325,0.633274816,0.6765157133574639,0.6765157133574639
2024-07-27 16:00:00+09:00,0.520428717,0.659258575,0.5904557265417099,0.5904557265417099,0.651835084,0.5308592990425911,0.5308592990425911
2024-07-27 17:00:00+09:00,0.274690731,0.520428717,0.44542324529360966,0.44542324529360966,0.647380578,0.43891421206658177,0.43891421206658177
2024-07-27 18:00:00+09:00,0.085376821,0.274690731,0.1900907517781792,0.1900907517781792,0.659258575,0.4789877392427444,0.4789877392427444
2024-07-27 19:00:00+09:00,0.033408277,0.085376821,0.0,0.0,0.520428717,0.19473904357623295,0.19473904357623295
2024-07-27 20:00:00+09:00,0.000742246,0.033408277,0.0,0.0,0.274690731,0.016472680996948263,0.016472680996948263
2024-07-27 21:00:00+09:00,0.0,0.000742246,0.0,0.0,0.085376821,0.0,0.0
2024-07-27 22:00:00+09:00,0.0,0.0,0.0018171524861827493,0.0018171524861827493,0.033408277,0.0,0.0
2024-07-27 23:00:00+09:00,0.0,0.0,0.0018171524861827493,0.0018171524861827493,0.000742246,0.0007663422872339878,0.0007663422872339878
2024-07-28 00:00:00+09:00,0.0,0.0,0.0,0.0,0.0,0.0,0.0
2024-07-28 01:00:00+09:00,0.0,0.0,0.0,0.0,0.0,0.0,0.0
2024-07-28 02:00:00+09:00,0.0,0.0,0.0,0.0,0.0,0.0,0.0
2024-07-28 03:00:00+09:00,0.0,0.0,0.0,0.0,0.0,0.0,0.0
2024-07-28 04:00:00+09:00,0.0,0.0,0.0,0.0,0.0,0.0,0.0
2024-07-28 05:00:00+09:00,0.0,0.0,0.0,0.0,0.0,0.0,0.0
2024-07-28 06:00:00+09:00,0.0,0.0,0.0,0.0,0.0,0.0,0.0
2024-07-28 07:00:00+09:00,0.040832794,0.0,0.04003503546118736,0.04003503546118736,0.0,0.040327657014131546,0.040327657014131546
2024-07-28 08:00:00+09:00,0.221237693,0.040832794,0.14462846397289658,0.14462846397289658,0.0,0.10645939409732819,0.10645939409732819
2024-07-28 09:00:00+09:00,0.321462523,0.221237693,0.36272263901249696,0.36272263901249696,0.0,0.3353098928928375,0.3353098928928375
2024-07-28 10:00:00+09:00,0.390506842,0.321462523,0.43280893172478485,0.43280893172478485,0.040832794,0.2914632025254669,0.2914632025254669
2024-07-28 11:00:00+09:00,0.302902255,0.390506842,0.49920941965054705,0.49920941965054705,0.221237693,0.6560998298408203,0.6560998298408203
2024-07-28 12:00:00+09:00,0.358583059,0.302902255,0.3956456294072914,0.3956456294072914,0.321462523,0.5324926784203033,0.5324926784203033
2024-07-28 13:00:00+09:00,0.500382929,0.358583059,0.40170079453490637,0.40170079453490637,0.390506842,0.60365022049617,0.60365022049617
2024-07-28 14:00:00+09:00,0.498898436,0.500382929,0.5169792574671307,0.5169792574671307,0.302902255,0.43724683278930665,0.43724683278930665
2024-07-28 15:00:00+09:00,0.466974653,0.498898436,0.44856147902215576,0.44856147902215576,0.358583059,0.34848739190600775,0.34848739190600775
2024-07-28 16:00:00+09:00,0.480338169,0.466974653,0.40178515731728365,0.40178515731728365,0.500382929,0.3716157813397446,0.3716157813397446
2024-07-28 17:00:00+09:00,0.379371092,0.480338169,0.4056216755126419,0.4056216755126419,0.498898436,0.38107041703666306,0.38107041703666306
2024-07-28 18:00:00+09:00,0.19822292,0.379371092,0.2950106861972733,0.2950106861972733,0.466974653,0.15878365158474733,0.15878365158474733
2024-07-28 19:00:00+09:00,0.053453037,0.19822292,0.13466487795059204,0.13466487795059204,0.480338169,0.2533234038566055,0.2533234038566055
2024-07-28 20:00:00+09:00,0.003712259,0.053453037,0.015695331102907183,0.015695331102907183,0.379371092,0.13870498565673067,0.13870498565673067
2024-07-28 21:00:00+09:00,0.0,0.003712259,0.002717751543801665,0.002717751543801665,0.19822292,0.06930080026332855,0.06930080026332855
2024-07-28 22:00:00+09:00,0.0,0.0,0.0030171775724738836,0.0030171775724738836,0.053453037,0.00501660764843178,0.00501660764843178
2024-07-28 23:00:00+09:00,0.0,0.0,0.0030171775724738836,0.0030171775724738836,0.003712259,0.004923070547935009,0.004923070547935009
2024-07-29 00:00:00+09:00,,,,,,,
2024-07-29 01:00:00+09:00,0.0,,,,0.0,0.0018028090707957745,0.0018028090707957745
2024-07-29 02:00:00+09:00,0.0,0.0,0.0009045859333127737,0.0009045859333127737,0.0,0.0018028090707957745,0.0018028090707957745
2024-07-29 03:00:00+09:00,0.0,0.0,0.0009045859333127737,0.0009045859333127737,,,
2024-07-29 04:00:00+09:00,0.0,0.0,0.0009045859333127737,0.0009045859333127737,0.0,0.0018028090707957745,0.0018028090707957745
2024-07-29 05:00:00+09:00,0.0,0.0,0.0009045859333127737,0.0009045859333127737,0.0,0.0018028090707957745,0.0018028090707957745
2024-07-29 06:00:00+09:00,0.0,0.0,0.001935532665811479,0.001935532665811479,0.0,0.0028150188736617565,0.0028150188736617565
2024-07-29 07:00:00+09:00,0.071271059,0.0,0.049779146909713745,0.049779146909713745,0.0,0.07365758717060089,0.07365758717060089
2024-07-29 08:00:00+09:00,0.228662211,0.071271059,0.19857746072958374,0.19857746072958374,0.0,0.17709940671920776,0.17709940671920776
2024-07-29 09:00:00+09:00,0.403870358,0.228662211,0.38260150283483124,0.38260150283483124,0.0,0.19702014327049255,0.19702014327049255
2024-07-29 10:00:00+09:00,0.546412475,0.403870358,0.5480243553020554,0.5480243553020554,0.071271059,0.4084383816356506,0.4084383816356506
2024-07-29 11:00:00+09:00,0.647380578,0.546412475,0.6784505169492722,0.6784505169492722,0.228662211,0.6789978626361237,0.6789978626361237
2024-07-29 12:00:00+09:00,0.70900038,0.647380578,0.647660443344055,0.647660443344055,0.403870358,0.7050590653516846,0.7050590653516846
2024-07-29 13:00:00+09:00,0.699349123,0.70900038,0.7147815122622001,0.7147815122622001,0.546412475,0.7209703545671463,0.7209703545671463
2024-07-29 14:00:00+09:00,0.649607318,0.699349123,0.6165493903149109,0.6165493903149109,0.647380578,0.6680480564421921,0.6680480564421921
2024-07-29 15:00:00+09:00,0.560518238,0.649607318,0.5400149473110848,0.5400149473110848,0.70900038,0.5838614117707062,0.5838614117707062
2024-07-29 16:00:00+09:00,0.534534479,0.560518238,0.4793938056150322,0.4793938056150322,0.699349123,0.5146712092150192,0.5146712092150192
2024-07-29 17:00:00+09:00,0.392734608,0.534534479,0.428246448256401,0.428246448256401,0.649607318,0.3705667727748566,0.3705667727748566
2024-07-29 18:00:00+09:00,0.220495447,0.392734608,0.30003265882082747,0.30003265882082747,0.560518238,0.22664246266278076,0.22664246266278076
2024-07-29 19:00:00+09:00,0.07646781,0.220495447,0.13491260208699418,0.13491260208699418,0.534534479,0.19808858118238826,0.19808858118238826
2024-07-29 20:00:00+09:00,0.002970012,0.07646781,0.03235084357362747,0.03235084357362747,0.392734608,0.23058954471894072,0.23058954471894072
2024-07-29 21:00:00+09:00,0.0,0.002970012,0.0,0.0,0.220495447,0.07518888958308412,0.07518888958308412
2024-07-29 22:00:00+09:00,0.0,0.0,0.0,0.0,0.07646781,0.017204372013626096,0.017204372013626096
2024-07-29 23:00:00+09:00,0.0,0.0,0.0,0.0,0.002970012,0.0,0.0
2024-07-30 00:00:00+09:00,0.0,,,,,,
2024-07-30 01:00:00+09:00,0.0,0.0,0.0,0.0,0.0,0.0,0.0
2024-07-30 02:00:00+09:00,0.0,0.0,0.0,0.0,0.0,0.0,0.0
2024-07-30 03:00:00+09:00,0.0,0.0,0.0,0.0,0.0,0.0,0.0
2024-07-30 04:00:00+09:00,0.0,0.0,0.0,0.0,0.0,0.0,0.0
2024-07-30 05:00:00+09:00,0.0,0.0,0.0,0.0,0.0,0.0,0.0
2024-07-30 06:00:00+09:00,0.000742246,0.0,0.0,0.0,0.0,0.0,0.0
2024-07-30 07:00:00+09:00,0.072755551,0.000742246,0.04634328612489319,0.04634328612489319,0.0,0.052798159420490265,0.052798159420490265
2024-07-30 08:00:00+09:00,0.224949952,0.072755551,0.20355068709409332,0.20355068709409332,0.0,0.21653956174850464,0.21653956174850464
2024-07-30 09:00:00+09:00,0.397188087,0.224949952,0.3437875767882843,0.3437875767882843,0.000742246,0.321314413634964,0.321314413634964
2024-07-30 10:00:00+09:00,0.541215724,0.397188087,0.5432443665400619,0.5432443665400619,0.072755551,0.4197064992383728,0.4197064992383728
2024-07-30 11:00:00+09:00,0.63104705,0.541215724,0.6323047938432922,0.6323047938432922,0.224949952,0.5160073002513428,0.5160073002513428
2024-07-30 12:00:00+09:00,0.669652078,0.63104705,0.6416560136683465,0.6416560136683465,0.397188087,0.6176744597092743,0.6176744597092743
2024-07-30 13:00:00+09:00,0.664455327,0.669652078,0.6531015165868311,0.6531015165868311,0.541215724,0.5680438938226928,0.5680438938226928
2024-07-30 14:00:00+09:00,0.657774082,0.664455327,0.6229203704553623,0.6229203704553623,0.63104705,0.60363046871202,0.60363046871202
2024-07-30 15:00:00+09:00,0.593184268,0.657774082,0.565757742697937,0.565757742697937,0.669652078,0.4774195139083176,0.4774195139083176
2024-07-30 16:00:00+09:00,0.505580708,0.593184268,0.5401522721074753,0.5401522721074753,0.664455327,0.55242049207864,0.55242049207864
2024-07-30 17:00:00+09:00,0.374916587,0.505580708,0.3899396207063751,0.3899396207063751,0.657774082,0.43071151393149565,0.43071151393149565
2024-07-30 18:00:00+09:00,0.213070929,0.374916587,0.3335764258850689,0.3335764258850689,0.593184268,0.3557471538804703,0.3557471538804703
2024-07-30 19:00:00+09:00,0.074241071,0.213070929,0.1165278106423416,0.1165278106423416,0.505580708,0.2558465596168594,0.2558465596168594
2024-07-30 20:00:00+09:00,0.002970012,0.074241071,0.03376518468489266,0.03376518468489266,0.374916587,0.1926750875760193,0.1926750875760193
2024-07-30 21:00:00+09:00,0.0,0.002970012,0.0022695504964160623,0.0022695504964160623,0.213070929,0.11506546283684158,0.11506546283684158
2024-07-30 22:00:00+09:00,0.0,0.0,0.0035624441225081682,0.0035624441225081682,0.074241071,0.041167209848066336,0.041167209848066336
2024-07-30 23:00:00+09:00,0.0,0.0,0.0035624441225081682,0.0035624441225081682,0.002970012,0.019346987923776628,0.019346987923776628
2024-07-31 00:00:00+09:00,0.0,0.0,0.0,0.0,0.0,0.0,0.0
2024-07-31 01:00:00+09:00,0.0,0.0,0.0,0.0,0.0,0.0,0.0
2024-07-31 02:00:00+09:00,0.0,0.0,0.0,0.0,0.0,0.0,0.0
2024-07-31 03:00:00+09:00,0.0,0.0,0.0,0.0,0.0,0.0,0.0
2024-07-31 04:00:00+09:00,0.0,0.0,0.0,0.0,0.0,0.0,0.0
2024-07-31 05:00:00+09:00,0.0,0.0,0.0,0.0,0.0,0.0,0.0
2024-07-31 06:00:00+09:00,0.0,0.0,0.0007761642918922007,0.0007761642918922007,0.0,0.0,0.0
2024-07-31 07:00:00+09:00,0.069044319,0.0,0.047219615429639816,0.047219615429639816,0.0,0.044749364256858826,0.044749364256858826
2024-07-31 08:00:00+09:00,0.22197994,0.069044319,0.15224729200815584,0.15224729200815584,0.0,0.16604556143283844,0.16604556143283844
2024-07-31 09:00:00+09:00,0.394961348,0.22197994,0.3172097594169998,0.3172097594169998,0.0,0.22661671042442322,0.22661671042442322
2024-07-31 10:00:00+09:00,0.53082222,0.394961348,0.5030616877703171,0.5030616877703171,0.069044319,0.27985483130430605,0.27985483130430605
2024-07-31 11:00:00+09:00,0.602835525,0.53082222,0.6395059700333786,0.6395059700333786,0.22197994,0.40761751836818694,0.40761751836818694
2024-07-31 12:00:00+09:00,0.633274816,0.602835525,0.6220629421859026,0.6220629421859026,0.394961348,0.514987444701622,0.514987444701622
2024-07-31 13:00:00+09:00,0.644410566,0.633274816,0.6761271208758507,0.6761271208758507,0.53082222,0.6390038605057907,0.6390038605057907
2024-07-31 14:00:00+09:00,0.671879844,0.644410566,0.721458375958458,0.721458375958458,0.602835525,0.7340674439310074,0.7340674439310074
2024-07-31 15:00:00+09:00,0.60729003,0.671879844,0.6433536235293331,0.6433536235293331,0.633274816,0.6655529588694725,0.6655529588694725
2024-07-31 16:00:00+09:00,0.506322954,0.60729003,0.5378856067631531,0.5378856067631531,0.644410566,0.5304501732268486,0.5304501732268486
2024-07-31 17:00:00+09:00,0.373431068,0.506322954,0.4088821375379601,0.4088821375379601,0.671879844,0.43672675006594086,0.43672675006594086
2024-07-31 18:00:00+09:00,0.216040942,0.373431068,0.2696642392245941,0.2696642392245941,0.60729003,0.3178211455319214,0.3178211455319214
2024-07-31 19:00:00+09:00,0.073498825,0.216040942,0.12256957136258317,0.12256957136258317,0.506322954,0.19481265932417302,0.19481265932417302
2024-07-31 20:00:00+09:00,0.002226739,0.073498825,0.021881515548896793,0.021881515548896793,0.373431068,0.06596068674008176,0.06596068674008176
2024-07-31 21:00:00+09:00,0.0,0.002226739,0.0,0.0,0.216040942,0.052234637664405836,0.052234637664405836
2024-07-31 22:00:00+09:00,0.0,0.0,0.0,0.0,0.073498825,0.004159244166088108,0.004159244166088108
2024-07-31 23:00:00+09:00,0.0,0.0,0.0,0.0,0.002226739,0.0,0.0
2024-08-01 00:00:00+09:00,0.0,0.0,0.00037467165384441614,0.00037467165384441614,0.0,0.0,0.0
2024-08-01 01:00:00+09:00,0.0,0.0,0.00037467165384441614,0.00037467165384441614,0.0,0.0,0.0
2024-08-01 02:00:00+09:00,0.0,0.0,0.00037467165384441614,0.00037467165384441614,0.0,0.0,0.0
2024-08-01 03:00:00+09:00,0.0,0.0,0.00037467165384441614,0.00037467165384441614,0.0,0.0,0.0
2024-08-01 04:00:00+09:00,0.0,0.0,0.00037467165384441614,0.00037467165384441614,0.0,0.0,0.0
2024-08-01 05:00:00+09:00,0.0,0.0,0.00037467165384441614,0.00037467165384441614,0.0,0.0,0.0
2024-08-01 06:00:00+09:00,0.0,0.0,0.0003569240216165781,0.0003569240216165781,0.0,0.0,0.0
2024-08-01 07:00:00+09:00,0.068302073,0.0,0.04569927603006363,0.04569927603006363,0.0,0.051827143877744675,0.051827143877744675
2024-08-01 08:00:00+09:00,0.215298695,0.068302073,0.16812042188458254,0.16812042188458254,0.0,0.15410566329956055,0.15410566329956055
2024-08-01 09:00:00+09:00,0.382340078,0.215298695,0.31351303819019316,0.31351303819019316,0.0,0.25896593928337097,0.25896593928337097
2024-08-01 10:00:00+09:00,0.522655456,0.382340078,0.5362419977225571,0.5362419977225571,0.068302073,0.3686464507561188,0.3686464507561188
2024-08-01 11:00:00+09:00,0.625850298,0.522655456,0.6070063995653686,0.6070063995653686,0.215298695,0.5717510110457611,0.5717510110457611
2024-08-01 12:00:00+09:00,0.638471568,0.625850298,0.6749562961286526,0.6749562961286526,0.382340078,0.582826499585083,0.582826499585083
2024-08-01 13:00:00+09:00,0.66371308,0.638471568,0.6644833590802365,0.6644833590802365,0.522655456,0.68150076144281,0.68150076144281
2024-08-01 14:00:00+09:00,0.616199041,0.66371308,0.6279537539294529,0.6279537539294529,0.625850298,0.6843278077668171,0.6843278077668171
2024-08-01 15:00:00+09:00,0.6199113,0.616199041,0.5675435012489471,0.5675435012489471,0.638471568,0.6216075755622797,0.6216075755622797
2024-08-01 16:00:00+09:00,0.518200951,0.6199113,0.5553357694113732,0.5553357694113732,0.66371308,0.49618057639511104,0.49618057639511104
2024-08-01 17:00:00+09:00,0.374174341,0.518200951,0.42666762538745495,0.42666762538745495,0.616199041,0.41174250303804016,0.41174250303804016
2024-08-01 18:00:00+09:00,0.209359697,0.374174341,0.25161112789002993,0.25161112789002993,0.6199113,0.33674882536773687,0.33674882536773687
2024-08-01 19:00:00+09:00,0.071271059,0.209359697,0.09016251464268876,0.09016251464268876,0.518200951,0.1917030087907562,0.1917030087907562
2024-08-01 20:00:00+09:00,0.002226739,0.071271059,0.02377381258557701,0.02377381258557701,0.374174341,0.11910407189218142,0.11910407189218142
2024-08-01 21:00:00+09:00,0.0,0.002226739,0.0016035656285769643,0.0016035656285769643,0.209359697,0.0685540353216858,0.0685540353216858
2024-08-01 22:00:00+09:00,0.0,0.0,0.0009408732876181602,0.0009408732876181602,0.071271059,0.03196383350442314,0.03196383350442314
2024-08-01 23:00:00+09:00,0.0,0.0,0.0009408732876181602,0.0009408732876181602,0.002226739,0.008005706868536711,0.008005706868536711
2024-08-02 00:00:00+09:00,,,,,,,
2024-08-02 01:00:00+09:00,0.0,,,,0.0,0.0019195408094674349,0.0019195408094674349
2024-08-02 02:00:00+09:00,0.0,0.0,0.0007382230833172798,0.0007382230833172798,0.0,0.0019195408094674349,0.0019195408094674349
2024-08-02 03:00:00+09:00,0.0,0.0,0.0007382230833172798,0.0007382230833172798,,,
2024-08-02 04:00:00+09:00,0.0,0.0,0.0007382230833172798,0.0007382230833172798,0.0,0.0019195408094674349,0.0019195408094674349
2024-08-02 05:00:00+09:00,0.0,0.0,0.0007382230833172798,0.0007382230833172798,0.0,0.0019195408094674349,0.0019195408094674349
2024-08-02 06:00:00+09:00,0.0,0.0,0.0006050416268408298,0.0006050416268408298,0.0,0.0012892570812255144,0.0012892570812255144
2024-08-02 07:00:00+09:00,0.063847567,0.0,0.04019349440932274,0.04019349440932274,0.0,0.08393999934196472,0.08393999934196472
2024-08-02 08:00:00+09:00,0.212328683,0.063847567,0.19967808858355712,0.19967808858355712,0.0,0.20085345208644867,0.20085345208644867
2024-08-02 09:00:00+09:00,0.36377981,0.212328683,0.3752437190822677,0.3752437190822677,0.0,0.38425886631011963,0.38425886631011963
2024-08-02 10:00:00+09:00,0.523397702,0.36377981,0.4365738972311592,0.4365738972311592,0.063847567,0.3563793553491516,0.3563793553491516
2024-08-02 11:00:00+09:00,0.614714548,0.523397702,0.5806661352728386,0.5806661352728386,0.212328683,0.5788320706895904,0.5788320706895904
2024-08-02 12:00:00+09:00,0.677818843,0.614714548,0.6794648543082695,0.6794648543082695,0.36377981,0.629093554544983,0.629093554544983
2024-08-02 13:00:00+09:00,0.690440112,0.677818843,0.7200927965570144,0.7200927965570144,0.523397702,0.7151732176755448,0.7151732176755448
2024-08-02 14:00:00+09:00,0.660744094,0.690440112,0.7581651967220421,0.7581651967220421,0.614714548,0.7504412382923584,0.7504412382923584
2024-08-02 15:00:00+09:00,0.613972302,0.660744094,0.5897278494097176,0.5897278494097176,0.677818843,0.7301487930346183,0.7301487930346183
2024-08-02 16:00:00+09:00,0.533792233,0.613972302,0.5061018647951622,0.5061018647951622,0.690440112,0.5221769001536484,0.5221769001536484
2024-08-02 17:00:00+09:00,0.388280103,0.533792233,0.4228846187688904,0.4228846187688904,0.660744094,0.414863967046875,0.414863967046875
2024-08-02 18:00:00+09:00,0.207131931,0.388280103,0.2427281979640274,0.2427281979640274,0.613972302,0.3331409650249023,0.3331409650249023
2024-08-02 19:00:00+09:00,0.06533206,0.207131931,0.08907129745984649,0.08907129745984649,0.533792233,0.14207453084965516,0.14207453084965516
2024-08-02 20:00:00+09:00,0.001484493,0.06533206,0.011110154232082364,0.011110154232082364,0.388280103,0.09318436125119017,0.09318436125119017
2024-08-02 21:00:00+09:00,0.0,0.001484493,0.0,0.0,0.207131931,0.05065261703038787,0.05065261703038787
2024-08-02 22:00:00+09:00,0.0,0.0,0.0,0.0,0.06533206,0.008574531665143964,0.008574531665143964
2024-08-02 23:00:00+09:00,0.0,0.0,0.0,0.0,0.001484493,0.0,0.0
2024-08-03 00:00:00+09:00,0.0,,,,,,
2024-08-03 01:00:00+09:00,0.0,0.0,0.00038055103505030274,0.00038055103505030274,0.0,0.000836332212202251,0.000836332212202251
2024-08-03 02:00:00+09:00,0.0,0.0,0.00038055103505030274,0.00038055103505030274,0.0,0.000836332212202251,0.000836332212202251
2024-08-03 03:00:00+09:00,0.0,0.0,0.00038055103505030274,0.00038055103505030274,0.0,0.000836332212202251,0.000836332212202251
2024-08-03 04:00:00+09:00,0.0,0.0,0.00038055103505030274,0.00038055103505030274,0.0,0.000836332212202251,0.000836332212202251
2024-08-03 05:00:00+09:00,0.0,0.0,0.00038055103505030274,0.00038055103505030274,0.0,0.000836332212202251,0.000836332212202251
2024-08-03 06:00:00+09:00,0.0,0.0,0.00017754873260855675,0.00017754873260855675,0.0,0.00046124603250063956,0.00046124603250063956
2024-08-03 07:00:00+09:00,0.053453037,0.0,0.04379565641283989,0.04379565641283989,0.0,0.03780413419008255,0.03780413419008255
2024-08-03 08:00:00+09:00,0.180404899,0.053453037,0.16825934634238435,0.16825934634238435,0.0,0.18631981313228607,0.18631981313228607
2024-08-03 09:00:00+09:00,0.263554981,0.180404899,0.3346286241996994,0.3346286241996994,0.0,0.2872426211833954,0.2872426211833954
2024-08-03 10:00:00+09:00,0.426142885,0.263554981,0.333198552972847,0.333198552972847,0.053453037,0.3098713843587036,0.3098713843587036
2024-08-03 11:00:00+09:00,0.518200951,0.426142885,0.5440366553371048,0.5440366553371048,0.180404899,0.5371820305574646,0.5371820305574646
2024-08-03 12:00:00+09:00,0.571655015,0.518200951,0.5856209866006622,0.5856209866006622,0.263554981,0.5413806643553314,0.5413806643553314
2024-08-03 13:00:00+09:00,0.617683534,0.571655015,0.5800018501513148,0.5800018501513148,0.426142885,0.6278536753957367,0.6278536753957367
2024-08-03 14:00:00+09:00,0.546412475,0.617683534,0.6720973108447399,0.6720973108447399,0.518200951,0.6315046645004997,0.6315046645004997
2024-08-03 15:00:00+09:00,0.484050428,0.546412475,0.47478278685626985,0.47478278685626985,0.571655015,0.5555490669839526,0.5555490669839526
2024-08-03 16:00:00+09:00,0.333341546,0.484050428,0.3647508970170288,0.3647508970170288,0.617683534,0.4353590649104919,0.4353590649104919
2024-08-03 17:00:00+09:00,0.314039032,0.333341546,0.22518593037223433,0.22518593037223433,0.546412475,0.2878508936267853,0.2878508936267853
2024-08-03 18:00:00+09:00,0.072013305,0.314039032,0.17720143033831787,0.17720143033831787,0.484050428,0.21067858251622007,0.21067858251622007
2024-08-03 19:00:00+09:00,0.002226739,0.072013305,0.0,0.0,0.333341546,0.08147162908410643,0.08147162908410643
2024-08-03 20:00:00+09:00,0.002970012,0.002226739,0.0,0.0,0.314039032,0.0,0.0
2024-08-03 21:00:00+09:00,0.0,0.002970012,0.0024077385102230014,0.0024077385102230014,0.072013305,0.0,0.0
2024-08-03 22:00:00+09:00,0.0,0.0,0.0007683827425353229,0.0007683827425353229,0.002226739,0.0,0.0
2024-08-03 23:00:00+09:00,0.0,0.0,0.0007683827425353229,0.0007683827425353229,0.002970012,0.0010685361709277036,0.0010685361709277036
2024-08-04 00:00:00+09:00,0.0,0.0,0.00041057312046177685,0.00041057312046177685,0.0,0.0017818368505686522,0.0017818368505686522
2024-08-04 01:00:00+09:00,0.0,0.0,0.00041057312046177685,0.00041057312046177685,0.0,0.0017818368505686522,0.0017818368505686522
2024-08-04 02:00:00+09:00,0.0,0.0,0.00041057312046177685,0.00041057312046177685,0.0,0.0017818368505686522,0.0017818368505686522
2024-08-04 03:00:00+09:00,0.0,0.0,0.00041057312046177685,0.00041057312046177685,0.0,0.0017818368505686522,0.0017818368505686522
2024-08-04 04:00:00+09:00,0.0,0.0,0.00041057312046177685,0.00041057312046177685,0.0,0.0017818368505686522,0.0017818368505686522
2024-08-04 05:00:00+09:00,0.0,0.0,0.00041057312046177685,0.00041057312046177685,0.0,0.0017818368505686522,0.0017818368505686522
2024-08-04 06:00:00+09:00,0.0,0.0,0.0001919068890856579,0.0001919068890856579,0.0,0.0013906536623835564,0.0013906536623835564
2024-08-04 07:00:00+09:00,0.027469278,0.0,0.03739696741104126,0.03739696741104126,0.0,0.03997388482093811,0.03997388482093811
2024-08-04 08:00:00+09:00,0.175950394,0.027469278,0.15694631697953032,0.15694631697953032,0.0,0.1837366819381714,0.1837366819381714
2024-08-04 09:00:00+09:00,0.212328683,0.175950394,0.28206841739553834,0.28206841739553834,0.0,0.2046356499195099,0.2046356499195099
2024-08-04 10:00:00+09:00,0.360068578,0.212328683,0.3644286947063522,0.3644286947063522,0.027469278,0.4520531004887848,0.4520531004887848
2024-08-04 11:00:00+09:00,0.418718367,0.360068578,0.47570172297470853,0.47570172297470853,0.175950394,0.5041469493760529,0.5041469493760529
2024-08-04 12:00:00+09:00,0.536018972,0.418718367,0.46924073167599867,0.46924073167599867,0.212328683,0.46794147358456417,0.46794147358456417
2024-08-04 13:00:00+09:00,0.549382488,0.536018972,0.6145300238336296,0.6145300238336296,0.360068578,0.5609236245106963,0.5609236245106963
2024-08-04 14:00:00+09:00,0.503352942,0.549382488,0.5385215652536397,0.5385215652536397,0.418718367,0.40943988703645895,0.40943988703645895
2024-08-04 15:00:00+09:00,0.491474945,0.503352942,0.5075379768934531,0.5075379768934531,0.536018972,0.5992498590553971,0.5992498590553971
2024-08-04 16:00:00+09:00,0.453611137,0.491474945,0.4160589612038803,0.4160589612038803,0.549382488,0.40447444723805237,0.40447444723805237
2024-08-04 17:00:00+09:00,0.3325993,0.453611137,0.36350708606568527,0.36350708606568527,0.503352942,0.30545313848075106,0.30545313848075106
2024-08-04 18:00:00+09:00,0.170011395,0.3325993,0.14892967328720091,0.14892967328720091,0.491474945,0.10949267809707641,0.10949267809707641
2024-08-04 19:00:00+09:00,0.027469278,0.170011395,0.08781394489862443,0.08781394489862443,0.453611137,0.20076421054927063,0.20076421054927063
2024-08-04 20:00:00+09:00,0.0,0.027469278,0.0,0.0,0.3325993,0.0,0.0
2024-08-04 21:00:00+09:00,0.0,0.0,0.0,0.0,0.170011395,0.0048284617886734105,0.0048284617886734105
2024-08-04 22:00:00+09:00,0.0,0.0,0.0,0.0,0.027469278,0.0,0.0
2024-08-04 23:00:00+09:00,0.0,0.0,0.0,0.0,0.0,0.0,0.0
2024-08-05 00:00:00+09:00,0.0,0.0,0.00020310246327426285,0.00020310246327426285,0.0,0.001249668886885047,0.001249668886885047
2024-08-05 01:00:00+09:00,0.0,0.0,0.00020310246327426285,0.00020310246327426285,0.0,0.001249668886885047,0.001249668886885047
2024-08-05 02:00:00+09:00,0.0,0.0,0.00020310246327426285,0.00020310246327426285,0.0,0.001249668886885047,0.001249668886885047
2024-08-05 03:00:00+09:00,0.0,0.0,0.00020310246327426285,0.00020310246327426285,0.0,0.001249668886885047,0.001249668886885047
2024-08-05 04:00:00+09:00,0.0,0.0,0.00020310246327426285,0.00020310246327426285,0.0,0.001249668886885047,0.001249668886885047
2024-08-05 05:00:00+09:00,0.0,0.0,0.00020310246327426285,0.00020310246327426285,0.0,0.001249668886885047,0.001249668886885047
2024-08-05 06:00:00+09:00,0.0,0.0,0.0003552292473614216,0.0003552292473614216,0.0,0.0007829678943380713,0.0007829678943380713
2024-08-05 07:00:00+09:00,0.046771793,0.0,0.02727433480322361,0.02727433480322361,0.0,0.037050336599349976,0.037050336599349976
2024-08-05 08:00:00+09:00,0.187829417,0.046771793,0.1394442676823311,0.1394442676823311,0.0,0.13613532483577728,0.13613532483577728
2024-08-05 09:00:00+09:00,0.348931802,0.187829417,0.2928561240531845,0.2928561240531845,0.0,0.18257372081279755,0.18257372081279755
2024-08-05 10:00:00+09:00,0.484050428,0.348931802,0.5222491300954362,0.5222491300954362,0.046771793,0.4200606032531433,0.4200606032531433
2024-08-05 11:00:00+09:00,0.567200509,0.484050428,0.5129252946644096,0.5129252946644096,0.187829417,0.5447630703546448,0.5447630703546448
2024-08-05 12:00:00+09:00,0.498898436,0.567200509,0.5672906533127077,0.5672906533127077,0.348931802,0.5820972151412507,0.5820972151412507
2024-08-05 13:00:00+09:00,0.448414385,0.498898436,0.5567107355793819,0.5567107355793819,0.484050428,0.5940708047418861,0.5940708047418861
2024-08-05 14:00:00+09:00,0.593184268,0.448414385,0.41666803477121356,0.41666803477121356,0.567200509,0.5250169198097553,0.5250169198097553
2024-08-05 15:00:00+09:00,0.55457924,0.593184268,0.6040768668897681,0.6040768668897681,0.498898436,0.5341502471467361,0.5341502471467361
2024-08-05 16:00:00+09:00,0.482565935,0.55457924,0.4327114640829468,0.4327114640829468,0.448414385,0.2688068446309662,0.2688068446309662
2024-08-05 17:00:00+09:00,0.24351022,0.482565935,0.39521313016038895,0.39521313016038895,0.593184268,0.3148937280200653,0.3148937280200653
2024-08-05 18:00:00+09:00,0.037862782,0.24351022,0.17722883428022385,0.17722883428022385,0.55457924,0.320235368525734,0.320235368525734
2024-08-05 19:00:00+09:00,0.005196752,0.037862782,0.0,0.0,0.482565935,0.14485603128295899,0.14485603128295899
2024-08-05 20:00:00+09:00,0.0,0.005196752,0.0,0.0,0.24351022,0.011793035814018249,0.011793035814018249
2024-08-05 21:00:00+09:00,0.0,0.0,0.0,0.0,0.037862782,0.0,0.0
2024-08-05 22:00:00+09:00,0.0,0.0,0.0,0.0,0.005196752,0.0,0.0
2024-08-05 23:00:00+09:00,0.0,0.0,0.0,0.0,0.0,0.0,0.0
2024-08-06 00:00:00+09:00,0.0,0.0,0.0005840304074808955,0.0005840304074808955,0.0,0.0010334288235753775,0.0010334288235753775
2024-08-06 01:00:00+09:00,0.0,0.0,0.0005840304074808955,0.0005840304074808955,0.0,0.0010334288235753775,0.0010334288235753775
2024-08-06 02:00:00+09:00,0.0,0.0,0.0005840304074808955,0.0005840304074808955,0.0,0.0010334288235753775,0.0010334288235753775
2024-08-06 03:00:00+09:00,0.0,0.0,0.0005840304074808955,0.0005840304074808955,0.0,0.0010334288235753775,0.0010334288235753775
2024-08-06 04:00:00+09:00,0.0,0.0,0.0005840304074808955,0.0005840304074808955,0.0,0.0010334288235753775,0.0010334288235753775
2024-08-06 05:00:00+09:00,0.0,0.0,0.0005840304074808955,0.0005840304074808955,0.0,0.0010334288235753775,0.0010334288235753775
2024-08-06 06:00:00+09:00,0.0,0.0,0.0006854765815660357,0.0006854765815660357,0.0,0.0,0.0
2024-08-06 07:00:00+09:00,0.077210057,0.0,0.021113550290465355,0.021113550290465355,0.0,0.0,0.0
2024-08-06 08:00:00+09:00,0.173723654,0.077210057,0.14346266112693024,0.14346266112693024,0.0,0.06615643948316574,0.06615643948316574
2024-08-06 09:00:00+09:00,0.319235784,0.173723654,0.3305120627562561,0.3305120627562561,0.0,0.28721344470977783,0.28721344470977783
2024-08-06 10:00:00+09:00,0.435794142,0.319235784,0.48152504581793215,0.48152504581793215,0.077210057,0.4596164109505005,0.4596164109505005
2024-08-06 11:00:00+09:00,0.495928424,0.435794142,0.49109546553305816,0.49109546553305816,0.173723654,0.5031182329337158,0.5031182329337158
2024-08-06 12:00:00+09:00,0.501126202,0.495928424,0.5220510387413253,0.5220510387413253,0.319235784,0.5870853187499847,0.5870853187499847
2024-08-06 13:00:00+09:00,0.45435441,0.501126202,0.4890627378501673,0.4890627378501673,0.435794142,0.49557242255620193,0.49557242255620193
2024-08-06 14:00:00+09:00,0.648122825,0.45435441,0.4387992862014508,0.4387992862014508,0.495928424,0.47588947839960954,0.47588947839960954
2024-08-06 15:00:00+09:00,0.446187646,0.648122825,0.5501494261357307,0.5501494261357307,0.501126202,0.37653323466859057,0.37653323466859057
2024-08-06 16:00:00+09:00,0.375658834,0.446187646,0.39389924040279006,0.39389924040279006,0.45435441,0.31179480714336394,0.31179480714336394
2024-08-06 17:00:00+09:00,0.213813176,0.375658834,0.27192629279650116,0.27192629279650116,0.648122825,0.4513996171686172,0.4513996171686172
2024-08-06 18:00:00+09:00,0.195253935,0.213813176,0.15049810483443832,0.15049810483443832,0.446187646,0.3224496849461517,0.3224496849461517
2024-08-06 19:00:00+09:00,0.037862782,0.195253935,0.1146363879647827,0.1146363879647827,0.375658834,0.180540585537323,0.180540585537323
2024-08-06 20:00:00+09:00,0.0,0.037862782,0.008114684937889097,0.008114684937889097,0.213813176,0.016822566830993646,0.016822566830993646
2024-08-06 21:00:00+09:00,0.0,0.0,0.0,0.0,0.195253935,0.03929741336971282,0.03929741336971282
2024-08-06 22:00:00+09:00,0.0,0.0,0.0,0.0,0.037862782,0.0,0.0
2024-08-06 23:00:00+09:00,0.0,0.0,0.0,0.0,0.0,0.0,0.0
2024-08-07 00:00:00+09:00,0.0,0.0,0.0,0.0,0.0,0.0,0.0
2024-08-07 01:00:00+09:00,0.0,0.0,0.0,0.0,0.0,0.0,0.0
2024-08-07 02:00:00+09:00,0.0,0.0,0.0,0.0,0.0,0.0,0.0
2024-08-07 03:00:00+09:00,0.0,0.0,0.0,0.0,0.0,0.0,0.0
2024-08-07 04:00:00+09:00,0.0,0.0,0.0,0.0,0.0,0.0,0.0
2024-08-07 05:00:00+09:00,0.0,0.0,0.0,0.0,0.0,0.0,0.0
2024-08-07 06:00:00+09:00,0.0,0.0,0.0,0.0,0.0,0.0,0.0
2024-08-07 07:00:00+09:00,0.046771793,0.0,0.03788740187883377,0.03788740187883377,0.0,0.032846346497535706,0.032846346497535706
2024-08-07 08:00:00+09:00,0.163330151,0.046771793,0.11966489099671174,0.11966489099671174,0.0,0.11864834278821945,0.11864834278821945
2024-08-07 09:00:00+09:00,0.291024259,0.163330151,0.2973580791139374,0.2973580791139374,0.0,0.18134284019470215,0.18134284019470215
2024-08-07 10:00:00+09:00,0.334083793,0.291024259,0.4096707838465538,0.4096707838465538,0.046771793,0.40409502231289673,0.40409502231289673
2024-08-07 11:00:00+09:00,0.392734608,0.334083793,0.3755659212029152,0.3755659212029152,0.163330151,0.452569527783371,0.452569527783371
2024-08-07 12:00:00+09:00,0.505580708,0.392734608,0.4218394461477594,0.4218394461477594,0.291024259,0.4931392731954422,0.4931392731954422
2024-08-07 13:00:00+09:00,0.653319577,0.505580708,0.5127825463070826,0.5127825463070826,0.334083793,0.49184673769833376,0.49184673769833376
2024-08-07 14:00:00+09:00,0.648122825,0.653319577,0.7092855109487552,0.7092855109487552,0.392734608,0.5217368512804108,0.5217368512804108
2024-08-07 15:00:00+09:00,0.597638773,0.648122825,0.6087161454293251,0.6087161454293251,0.505580708,0.5691997256010132,0.5691997256010132
2024-08-07 16:00:00+09:00,0.492959438,0.597638773,0.5335142037031632,0.5335142037031632,0.653319577,0.57053930523143,0.57053930523143
2024-08-07 17:00:00+09:00,0.340765037,0.492959438,0.38562223139790347,0.38562223139790347,0.648122825,0.4414032178852081,0.4414032178852081
2024-08-07 18:00:00+09:00,0.180404899,0.340765037,0.26614841854554366,0.26614841854554366,0.597638773,0.3465440442917328,0.3465440442917328
2024-08-07 19:00:00+09:00,0.072755551,0.180404899,0.11201441782600785,0.11201441782600785,0.492959438,0.28890697482613376,0.28890697482613376
2024-08-07 20:00:00+09:00,0.001484493,0.072755551,0.046506866847039224,0.046506866847039224,0.340765037,0.15266902035456847,0.15266902035456847
2024-08-07 21:00:00+09:00,0.0,0.001484493,0.0011175412244957238,0.0011175412244957238,0.180404899,0.050603566049407966,0.050603566049407966
2024-08-07 22:00:00+09:00,0.0,0.0,0.0011651135282590985,0.0011651135282590985,0.072755551,0.036823300679088594,0.036823300679088594
2024-08-07 23:00:00+09:00,0.0,0.0,0.0011651135282590985,0.0011651135282590985,0.001484493,0.011294603554099083,0.011294603554099083
2024-08-08 00:00:00+09:00,0.0,0.0,0.00037467165384441614,0.00037467165384441614,0.0,0.0,0.0
2024-08-08 01:00:00+09:00,0.0,0.0,0.00037467165384441614,0.00037467165384441614,0.0,0.0,0.0
2024-08-08 02:00:00+09:00,0.0,0.0,0.00037467165384441614,0.00037467165384441614,0.0,0.0,0.0
2024-08-08 03:00:00+09:00,0.0,0.0,0.00037467165384441614,0.00037467165384441614,0.0,0.0,0.0
2024-08-08 04:00:00+09:00,0.0,0.0,0.00037467165384441614,0.00037467165384441614,0.0,0.0,0.0
2024-08-08 05:00:00+09:00,0.0,0.0,0.00037467165384441614,0.00037467165384441614,0.0,0.0,0.0
2024-08-08 06:00:00+09:00,0.0,0.0,0.0003569240216165781,0.0003569240216165781,0.0,0.0,0.0
2024-08-08 07:00:00+09:00,0.01113575,0.0,0.03235304728150368,0.03235304728150368,0.0,0.0022413430269807577,0.0022413430269807577
2024-08-08 08:00:00+09:00,0.17817816,0.01113575,0.07865339565706253,0.07865339565706253,0.0,0.07360591739416122,0.07360591739416122
2024-08-08 09:00:00+09:00,0.335568286,0.17817816,0.2178820469559765,0.2178820469559765,0.0,0.15130823850631714,0.15130823850631714
2024-08-08 10:00:00+09:00,0.472171405,0.335568286,0.466470710454689,0.466470710454689,0.01113575,0.29788344401550293,0.29788344401550293
2024-08-08 11:00:00+09:00,0.534534479,0.472171405,0.4998649392699289,0.4998649392699289,0.17817816,0.41518305103794095,0.41518305103794095
2024-08-08 12:00:00+09:00,0.603577772,0.534534479,0.5634775315153875,0.5634775315153875,0.335568286,0.5095391045195923,0.5095391045195923
2024-08-08 13:00:00+09:00,0.575366247,0.603577772,0.6604779715027065,0.6604779715027065,0.472171405,0.6729870528404999,0.6729870528404999
2024-08-08 14:00:00+09:00,0.348189555,0.575366247,0.610981657655737,0.610981657655737,0.534534479,0.6657207705754318,0.6657207705754318
2024-08-08 15:00:00+09:00,0.458065642,0.348189555,0.3179073891448307,0.3179073891448307,0.603577772,0.6455714272643776,0.6455714272643776
2024-08-08 16:00:00+09:00,0.174465901,0.458065642,0.38084176737145614,0.38084176737145614,0.575366247,0.5058673727529259,0.5058673727529259
2024-08-08 17:00:00+09:00,0.187829417,0.174465901,0.05993591134021378,0.05993591134021378,0.348189555,0.14043816168182371,0.14043816168182371
2024-08-08 18:00:00+09:00,0.09799809,0.187829417,0.05161355138796997,0.05161355138796997,0.458065642,0.14570747125224304,0.14570747125224304
2024-08-08 19:00:00+09:00,0.002226739,0.09799809,0.0,0.0,0.174465901,0.0,0.0
2024-08-08 20:00:00+09:00,0.0,0.002226739,0.0,0.0,0.187829417,0.0,0.0
2024-08-08 21:00:00+09:00,0.0,0.0,0.0,0.0,0.09799809,0.0,0.0
2024-08-08 22:00:00+09:00,0.0,0.0,0.0009408732876181602,0.0009408732876181602,0.002226739,0.0,0.0
2024-08-08 23:00:00+09:00,0.0,0.0,0.0009408732876181602,0.0009408732876181602,0.0,0.005778967868536711,0.005778967868536711
2024-08-09 00:00:00+09:00,0.0,0.0,0.0007382230833172798,0.0007382230833172798,0.0,0.0019195408094674349,0.0019195408094674349
2024-08-09 01:00:00+09:00,0.0,0.0,0.0007382230833172798,0.0007382230833172798,0.0,0.0019195408094674349,0.0019195408094674349
2024-08-09 02:00:00+09:00,0.0,0.0,0.0007382230833172798,0.0007382230833172798,0.0,0.0019195408094674349,0.0019195408094674349
2024-08-09 03:00:00+09:00,0.0,0.0,0.0007382230833172798,0.0007382230833172798,0.0,0.0019195408094674349,0.0019195408094674349
2024-08-09 04:00:00+09:00,0.0,0.0,0.0007382230833172798,0.0007382230833172798,0.0,0.0019195408094674349,0.0019195408094674349
2024-08-09 05:00:00+09:00,0.0,0.0,0.0007382230833172798,0.0007382230833172798,0.0,0.0019195408094674349,0.0019195408094674349
2024-08-09 06:00:00+09:00,0.0,0.0,0.0006050416268408298,0.0006050416268408298,0.0,0.0012892570812255144,0.0012892570812255144
2024-08-09 07:00:00+09:00,0.051226298,0.0,0.020237797871232033,0.020237797871232033,0.0,0.016994362697005272,0.016994362697005272
2024-08-09 08:00:00+09:00,0.193768415,0.051226298,0.16627983995833207,0.16627983995833207,0.0,0.16435465216636658,0.16435465216636658
2024-08-09 09:00:00+09:00,0.357098566,0.193768415,0.3554770828743362,0.3554770828743362,0.0,0.3166597783565521,0.3166597783565521
2024-08-09 10:00:00+09:00,0.48702044,0.357098566,0.49823238105012513,0.49823238105012513,0.051226298,0.48853627839245606,0.48853627839245606
2024-08-09 11:00:00+09:00,0.577594013,0.48702044,0.5729584093865776,0.5729584093865776,0.193768415,0.5515123338957214,0.5515123338957214
2024-08-09 12:00:00+09:00,0.475883663,0.577594013,0.5981097566430454,0.5981097566430454,0.357098566,0.6234204933090363,0.6234204933090363
2024-08-09 13:00:00+09:00,0.642926073,0.475883663,0.493748216257823,0.493748216257823,0.48702044,0.6132548074898148,0.6132548074898148
2024-08-09 14:00:00+09:00,0.662970834,0.642926073,0.7020666211100083,0.7020666211100083,0.577594013,0.6521676490549927,0.6521676490549927
2024-08-09 15:00:00+09:00,0.585760777,0.662970834,0.6099579860996094,0.6099579860996094,0.475883663,0.4991658817244892,0.4991658817244892
2024-08-09 16:00:00+09:00,0.308100034,0.585760777,0.5074338215623397,0.5074338215623397,0.642926073,0.5594046994300347,0.5594046994300347
2024-08-09 17:00:00+09:00,0.305130021,0.308100034,0.17655532479437258,0.17655532479437258,0.662970834,0.4003831078838196,0.4003831078838196
2024-08-09 18:00:00+09:00,0.11061936,0.305130021,0.16162704052934262,0.16162704052934262,0.585760777,0.2621691870723266,0.2621691870723266
2024-08-09 19:00:00+09:00,0.016332502,0.11061936,0.04040449985872269,0.04040449985872269,0.308100034,0.08730911135824587,0.08730911135824587
2024-08-09 20:00:00+09:00,0.0,0.016332502,0.0,0.0,0.305130021,0.07497599842557523,0.07497599842557523
2024-08-09 21:00:00+09:00,0.0,0.0,0.0,0.0,0.11061936,0.0,0.0
2024-08-09 22:00:00+09:00,0.0,0.0,0.0,0.0,0.016332502,0.0,0.0
2024-08-09 23:00:00+09:00,0.0,0.0,0.0,0.0,0.0,0.0,0.0
2024-08-10 00:00:00+09:00,0.0,0.0,0.00038055103505030274,0.00038055103505030274,0.0,0.000836332212202251,0.000836332212202251
2024-08-10 01:00:00+09:00,0.0,0.0,0.00038055103505030274,0.00038055103505030274,0.0,0.000836332212202251,0.000836332212202251
2024-08-10 02:00:00+09:00,0.0,0.0,0.00038055103505030274,0.00038055103505030274,0.0,0.000836332212202251,0.000836332212202251
2024-08-10 03:00:00+09:00,0.0,0.0,0.00038055103505030274,0.00038055103505030274,0.0,0.000836332212202251,0.000836332212202251
2024-08-10 04:00:00+09:00,0.0,0.0,0.00038055103505030274,0.00038055103505030274,0.0,0.000836332212202251,0.000836332212202251
2024-08-10 05:00:00+09:00,0.0,0.0,0.00038055103505030274,0.00038055103505030274,0.0,0.000836332212202251,0.000836332212202251
2024-08-10 06:00:00+09:00,0.0,0.0,0.00017754873260855675,0.00017754873260855675,0.0,0.00046124603250063956,0.00046124603250063956
2024-08-10 07:00:00+09:00,0.038605028,0.0,0.03913039341568947,0.03913039341568947,0.0,0.03676202893257141,0.03676202893257141
2024-08-10 08:00:00+09:00,0.177435913,0.038605028,0.17549315949929045,0.17549315949929045,0.0,0.1698327660560608,0.1698327660560608
2024-08-10 09:00:00+09:00,0.366007576,0.177435913,0.3245562546585922,0.3245562546585922,0.0,0.30493053793907166,0.30493053793907166
2024-08-10 10:00:00+09:00,0.489989426,0.366007576,0.49206372560193634,0.49206372560193634,0.038605028,0.42082857450497435,0.42082857450497435
2024-08-10 11:00:00+09:00,0.52191321,0.489989426,0.5983238183091888,0.5983238183091888,0.177435913,0.5055791520213013,0.5055791520213013
2024-08-10 12:00:00+09:00,0.386052337,0.52191321,0.5522962511285162,0.5522962511285162,0.366007576,0.6265542602651367,0.6265542602651367
2024-08-10 13:00:00+09:00,0.409809357,0.386052337,0.3742192615660305,0.3742192615660305,0.489989426,0.6380326561759719,0.6380326561759719
2024-08-10 14:00:00+09:00,0.567942756,0.409809357,0.4642231338447399,0.4642231338447399,0.52191321,0.6352169235004997,0.6352169235004997
2024-08-10 15:00:00+09:00,0.459551162,0.567942756,0.526999561819273,0.526999561819273,0.386052337,0.3586619463654633,0.3586619463654633
2024-08-10 16:00:00+09:00,0.473656924,0.459551162,0.34178515421897127,0.34178515421897127,0.409809357,0.2966789514547653,0.2966789514547653
2024-08-10 17:00:00+09:00,0.349674048,0.473656924,0.35390669249555967,0.35390669249555967,0.567942756,0.3766232456593094,0.3766232456593094
2024-08-10 18:00:00+09:00,0.179662653,0.349674048,0.25608167248310854,0.25608167248310854,0.459551162,0.21134605156928254,0.21134605156928254
2024-08-10 19:00:00+09:00,0.058649789,0.179662653,0.118440297187212,0.118440297187212,0.473656924,0.2598686530496826,0.2598686530496826
2024-08-10 20:00:00+09:00,0.0,0.058649789,0.030150742659415246,0.030150742659415246,0.349674048,0.14236879544796754,0.14236879544796754
2024-08-10 21:00:00+09:00,0.0,0.0,0.0,0.0,0.179662653,0.038418003112915045,0.038418003112915045
2024-08-10 22:00:00+09:00,0.0,0.0,0.0007683827425353229,0.0007683827425353229,0.058649789,0.009846075827325822,0.009846075827325822
2024-08-10 23:00:00+09:00,0.0,0.0,0.0007683827425353229,0.0007683827425353229,0.0,0.0,0.0
2024-08-11 00:00:00+09:00,0.0,0.0,0.00041057312046177685,0.00041057312046177685,0.0,0.0017818368505686522,0.0017818368505686522
2024-08-11 01:00:00+09:00,0.0,0.0,0.00041057312046177685,0.00041057312046177685,0.0,0.0017818368505686522,0.0017818368505686522
2024-08-11 02:00:00+09:00,0.0,0.0,0.00041057312046177685,0.00041057312046177685,0.0,0.0017818368505686522,0.0017818368505686522
2024-08-11 03:00:00+09:00,0.0,0.0,0.00041057312046177685,0.00041057312046177685,0.0,0.0017818368505686522,0.0017818368505686522
2024-08-11 04:00:00+09:00,0.0,0.0,0.00041057312046177685,0.00041057312046177685,0.0,0.0017818368505686522,0.0017818368505686522
2024-08-11 05:00:00+09:00,0.0,0.0,0.00041057312046177685,0.00041057312046177685,0.0,0.0017818368505686522,0.0017818368505686522
2024-08-11 06:00:00+09:00,0.0,0.0,0.0001919068890856579,0.0001919068890856579,0.0,0.0013906536623835564,0.0013906536623835564
2024-08-11 07:00:00+09:00,0.051968544,0.0,0.04940851405262947,0.04940851405262947,0.0,0.04770633205771446,0.04770633205771446
2024-08-11 08:00:00+09:00,0.204161919,0.051968544,0.15908992218336487,0.15908992218336487,0.0,0.16668270528316498,0.16668270528316498
2024-08-11 09:00:00+09:00,0.373431068,0.204161919,0.33152847671732333,0.33152847671732333,0.0,0.27648553252220154,0.27648553252220154
2024-08-11 10:00:00+09:00,0.48702044,0.373431068,0.4968048670260124,0.4968048670260124,0.051968544,0.43527546452841187,0.43527546452841187
2024-08-11 11:00:00+09:00,0.51968647,0.48702044,0.6077455799755478,0.6077455799755478,0.204161919,0.573302156569809,0.573302156569809
2024-08-11 12:00:00+09:00,0.415006108,0.51968647,0.5305777166093898,0.5305777166093898,0.373431068,0.5947397910920791,0.5947397910920791
2024-08-11 13:00:00+09:00,0.573881754,0.415006108,0.4079961114330785,0.4079961114330785,0.48702044,0.6109910826858902,0.6109910826858902
2024-08-11 14:00:00+09:00,0.330371534,0.573881754,0.6115316015670814,0.6115316015670814,0.51968647,0.5587934611420345,0.5587934611420345
2024-08-11 15:00:00+09:00,0.573139507,0.330371534,0.2708842842977848,0.2708842842977848,0.415006108,0.37652913795324133,0.37652913795324133
2024-08-11 16:00:00+09:00,0.377885573,0.573139507,0.4845603589458771,0.4845603589458771,0.573881754,0.5237235588024177,0.5237235588024177
2024-08-11 17:00:00+09:00,0.2197532,0.377885573,0.30150643029837415,0.30150643029837415,0.330371534,0.05750468886907961,0.05750468886907961
2024-08-11 18:00:00+09:00,0.098740337,0.2197532,0.06132526118106843,0.06132526118106843,0.573139507,0.1745657507820435,0.1745657507820435
2024-08-11 19:00:00+09:00,0.049741805,0.098740337,0.0,0.0,0.377885573,0.0,0.0
2024-08-11 20:00:00+09:00,0.0,0.049741805,0.015963599486045837,0.015963599486045837,0.2197532,0.0,0.0
2024-08-11 21:00:00+09:00,0.0,0.0,0.0,0.0,0.098740337,0.0,0.0
2024-08-11 22:00:00+09:00,0.0,0.0,0.0,0.0,0.049741805,0.0,0.0
2024-08-11 23:00:00+09:00,0.0,0.0,0.0,0.0,0.0,0.0,0.0
2024-08-12 00:00:00+09:00,0.0,0.0,0.00020310246327426285,0.00020310246327426285,0.0,0.001249668886885047,0.001249668886885047
2024-08-12 01:00:00+09:00,0.0,0.0,0.00020310246327426285,0.00020310246327426285,0.0,0.001249668886885047,0.001249668886885047
2024-08-12 02:00:00+09:00,0.0,0.0,0.00020310246327426285,0.00020310246327426285,0.0,0.001249668886885047,0.001249668886885047
2024-08-12 03:00:00+09:00,0.0,0.0,0.00020310246327426285,0.00020310246327426285,0.0,0.001249668886885047,0.001249668886885047
2024-08-12 04:00:00+09:00,0.0,0.0,0.00020310246327426285,0.00020310246327426285,0.0,0.001249668886885047,0.001249668886885047
2024-08-12 05:00:00+09:00,0.0,0.0,0.00020310246327426285,0.00020310246327426285,0.0,0.001249668886885047,0.001249668886885047
2024-08-12 06:00:00+09:00,0.0,0.0,0.0003552292473614216,0.0003552292473614216,0.0,0.0007829678943380713,0.0007829678943380713
2024-08-12 07:00:00+09:00,0.053453037,0.0,0.04390766844153404,0.04390766844153404,0.0,0.04709888994693756,0.04709888994693756
2024-08-12 08:00:00+09:00,0.200450686,0.053453037,0.1805573342803116,0.1805573342803116,0.0,0.1700451374053955,0.1700451374053955
2024-08-12 09:00:00+09:00,0.37640108,0.200450686,0.3878957156163559,0.3878957156163559,0.0,0.36295801401138306,0.36295801401138306
2024-08-12 10:00:00+09:00,0.51968647,0.37640108,0.553005157219963,0.553005157219963,0.053453037,0.472095557904541,0.472095557904541
2024-08-12 11:00:00+09:00,0.615456795,0.51968647,0.5607236681561184,0.5607236681561184,0.200450686,0.529813227437149,0.529813227437149
2024-08-12 12:00:00+09:00,0.501868449,0.615456795,0.39955293168918604,0.39955293168918604,0.37640108,0.6273540092583465,0.6273540092583465
2024-08-12 13:00:00+09:00,0.417976121,0.501868449,0.55206905290234,0.55206905290234,0.51968647,0.6335231086294365,0.6335231086294365
2024-08-12 14:00:00+09:00,0.620653546,0.417976121,0.46905217557305906,0.46905217557305906,0.615456795,0.5985372677971553,0.5985372677971553
2024-08-12 15:00:00+09:00,0.581306272,0.620653546,0.6110526635815463,0.6110526635815463,0.501868449,0.4971063629140249,0.4971063629140249
2024-08-12 16:00:00+09:00,0.495186178,0.581306272,0.47922332659356304,0.47922332659356304,0.417976121,0.29952827333564375,0.29952827333564375
2024-08-12 17:00:00+09:00,0.26726724,0.495186178,0.3928159233045845,0.3928159233045845,0.620653546,0.3807899267916641,0.3807899267916641
2024-08-12 18:00:00+09:00,0.086861314,0.26726724,0.12274782152198793,0.12274782152198793,0.581306272,0.2914319865404815,0.2914319865404815
2024-08-12 19:00:00+09:00,0.022272527,0.086861314,0.0,0.0,0.495186178,0.14488109758618162,0.14488109758618162
2024-08-12 20:00:00+09:00,0.000742246,0.022272527,0.0,0.0,0.26726724,0.03555005581401827,0.03555005581401827
2024-08-12 21:00:00+09:00,0.0,0.000742246,0.0,0.0,0.086861314,0.0,0.0
2024-08-12 22:00:00+09:00,0.0,0.0,0.0,0.0,0.022272527,0.0,0.0
2024-08-12 23:00:00+09:00,0.0,0.0,0.0,0.0,0.000742246,0.0,0.0
2024-08-13 00:00:00+09:00,0.0,0.0,0.0005840304074808955,0.0005840304074808955,0.0,0.0010334288235753775,0.0010334288235753775
2024-08-13 01:00:00+09:00,0.0,0.0,0.0005840304074808955,0.0005840304074808955,0.0,0.0010334288235753775,0.0010334288235753775
2024-08-13 02:00:00+09:00,0.0,0.0,0.0005840304074808955,0.0005840304074808955,0.0,0.0010334288235753775,0.0010334288235753775
2024-08-13 03:00:00+09:00,0.0,0.0,0.0005840304074808955,0.0005840304074808955,0.0,0.0010334288235753775,0.0010334288235753775
2024-08-13 04:00:00+09:00,0.0,0.0,0.0005840304074808955,0.0005840304074808955,0.0,0.0010334288235753775,0.0010334288235753775
2024-08-13 05:00:00+09:00,0.0,0.0,0.0005840304074808955,0.0005840304074808955,0.0,0.0010334288235753775,0.0010334288235753775
2024-08-13 06:00:00+09:00,0.0,0.0,0.0006854765815660357,0.0006854765815660357,0.0,0.0,0.0
2024-08-13 07:00:00+09:00,0.051968544,0.0,0.03603176027536392,0.03603176027536392,0.0,0.03676226735115051,0.03676226735115051
2024-08-13 08:00:00+09:00,0.191541676,0.051968544,0.1864965699847641,0.1864965699847641,0.0,0.1867387294769287,0.1867387294769287
2024-08-13 09:00:00+09:00,0.364523084,0.191541676,0.37883136101091003,0.37883136101091003,0.0,0.3534959554672241,0.3534959554672241
2024-08-13 10:00:00+09:00,0.47439917,0.364523084,0.46674913270796203,0.46674913270796203,0.051968544,0.30235502051672364,0.30235502051672364
2024-08-13 11:00:00+09:00,0.574624,0.47439917,0.5205070172435474,0.5205070172435474,0.191541676,0.49012166686380004,0.49012166686380004
2024-08-13 12:00:00+09:00,0.491474945,0.574624,0.6100072133114338,0.6100072133114338,0.364523084,0.6288889656814423,0.6288889656814423
2024-08-13 13:00:00+09:00,0.579078506,0.491474945,0.42514703785497665,0.42514703785497665,0.47439917,0.5503868889993858,0.5503868889993858
2024-08-13 14:00:00+09:00,0.654061823,0.579078506,0.5530123703848896,0.5530123703848896,0.574624,0.5941847375353575,0.5941847375353575
2024-08-13 15:00:00+09:00,0.580562999,0.654061823,0.6114370961084824,0.6114370961084824,0.491474945,0.46742846806962013,0.46742846806962013
2024-08-13 16:00:00+09:00,0.49815619,0.580562999,0.507667077233242,0.507667077233242,0.579078506,0.47740030593391036,0.47740030593391036
2024-08-13 17:00:00+09:00,0.357840812,0.49815619,0.37882237889570236,0.37882237889570236,0.654061823,0.42423416565804295,0.42423416565804295
2024-08-13 18:00:00+09:00,0.190799429,0.357840812,0.27037510851260377,0.27037510851260377,0.580562999,0.2999492189783325,0.2999492189783325
2024-08-13 19:00:00+09:00,0.052710791,0.190799429,0.08807521957216644,0.08807521957216644,0.49815619,0.18298822649520874,0.18298822649520874
2024-08-13 20:00:00+09:00,0.0,0.052710791,0.0055974133990917205,0.0055974133990917205,0.357840812,0.03301945904132081,0.03301945904132081
2024-08-13 21:00:00+09:00,0.0,0.0,0.0,0.0,0.190799429,0.03484290736971282,0.03484290736971282
2024-08-13 22:00:00+09:00,0.0,0.0,0.0,0.0,0.052710791,0.0,0.0
2024-08-13 23:00:00+09:00,0.0,0.0,0.0,0.0,0.0,0.0,0.0
2024-08-14 00:00:00+09:00,0.0,0.0,0.0,0.0,0.0,0.0,0.0
2024-08-14 01:00:00+09:00,0.0,0.0,0.0,0.0,0.0,0.0,0.0
2024-08-14 02:00:00+09:00,0.0,0.0,0.0,0.0,0.0,0.0,0.0
2024-08-14 03:00:00+09:00,0.0,0.0,0.0,0.0,0.0,0.0,0.0
2024-08-14 04:00:00+09:00,0.0,0.0,0.0,0.0,0.0,0.0,0.0
2024-08-14 05:00:00+09:00,0.0,0.0,0.0,0.0,0.0,0.0,0.0
2024-08-14 06:00:00+09:00,0.0,0.0,0.0,0.0,0.0,0.0,0.0
2024-08-14 07:00:00+09:00,0.044544027,0.0,0.03664208948612213,0.03664208948612213,0.0,0.030834803357720375,0.030834803357720375
2024-08-14 08:00:00+09:00,0.190056156,0.044544027,0.16785422787003706,0.16785422787003706,0.0,0.16494715213775635,0.16494715213775635
2024-08-14 09:00:00+09:00,0.361553071,0.190056156,0.28022832014213184,0.28022832014213184,0.0,0.17981503903865814,0.17981503903865814
2024-08-14 10:00:00+09:00,0.489989426,0.361553071,0.45861336395921326,0.45861336395921326,0.044544027,0.3407003439956207,0.3407003439956207
2024-08-14 11:00:00+09:00,0.497413944,0.489989426,0.6029095091055641,0.6029095091055641,0.190056156,0.5510920394266663,0.5510920394266663
2024-08-14 12:00:00+09:00,0.292508752,0.497413944,0.5057562333658281,0.5057562333658281,0.361553071,0.5737572293061218,0.5737572293061218
2024-08-14 13:00:00+09:00,0.193026169,0.292508752,0.33300710181560705,0.33300710181560705,0.489989426,0.6763412617276916,0.6763412617276916
2024-08-14 14:00:00+09:00,0.187829417,0.193026169,0.2625264216044846,0.2625264216044846,0.497413944,0.6488515990912858,0.6488515990912858
2024-08-14 15:00:00+09:00,0.501126202,0.187829417,0.18285224429372382,0.18285224429372382,0.292508752,0.37323921258416365,0.37323921258416365
2024-08-14 16:00:00+09:00,0.477369183,0.501126202,0.4189155718215485,0.4189155718215485,0.193026169,0.11210342383179092,0.11210342383179092
2024-08-14 17:00:00+09:00,0.305130021,0.477369183,0.37436195581761167,0.37436195581761167,0.187829417,0.0,0.0
2024-08-14 18:00:00+09:00,0.159617892,0.305130021,0.17062674584397886,0.17062674584397886,0.501126202,0.17997399176440432,0.17997399176440432
2024-08-14 19:00:00+09:00,0.047514039,0.159617892,0.07744889566592408,0.07744889566592408,0.477369183,0.13027181595173642,0.13027181595173642
2024-08-14 20:00:00+09:00,0.0,0.047514039,0.021265354847039224,0.021265354847039224,0.305130021,0.11703400435456845,0.11703400435456845
2024-08-14 21:00:00+09:00,0.0,0.0,0.0,0.0,0.159617892,0.02981655904940797,0.02981655904940797
2024-08-14 22:00:00+09:00,0.0,0.0,0.0011651135282590985,0.0011651135282590985,0.047514039,0.011581788679088593,0.011581788679088593
2024-08-14 23:00:00+09:00,0.0,0.0,0.0011651135282590985,0.0011651135282590985,0.0,0.009810110554099083,0.009810110554099083
2024-08-15 00:00:00+09:00,0.0,0.0,0.00037467165384441614,0.00037467165384441614,0.0,0.0,0.0
2024-08-15 01:00:00+09:00,0.0,0.0,0.00037467165384441614,0.00037467165384441614,0.0,0.0,0.0
2024-08-15 02:00:00+09:00,0.0,0.0,0.00037467165384441614,0.00037467165384441614,0.0,0.0,0.0
2024-08-15 03:00:00+09:00,0.0,0.0,0.00037467165384441614,0.00037467165384441614,0.0,0.0,0.0
2024-08-15 04:00:00+09:00,0.0,0.0,0.00037467165384441614,0.00037467165384441614,0.0,0.0,0.0
2024-08-15 05:00:00+09:00,0.0,0.0,0.00037467165384441614,0.00037467165384441614,0.0,0.0,0.0
2024-08-15 06:00:00+09:00,0.0,0.0,0.0003569240216165781,0.0003569240216165781,0.0,0.0,0.0
2024-08-15 07:00:00+09:00,0.037120535,0.0,0.0426064059138298,0.0426064059138298,0.0,0.03629942238330841,0.03629942238330841
2024-08-15 08:00:00+09:00,0.181890419,0.037120535,0.132169759793911,0.132169759793911,0.0,0.09665215015411377,0.09665215015411377
2024-08-15 09:00:00+09:00,0.355614073,0.181890419,0.27455434786638644,0.27455434786638644,0.0,0.21357257664203644,0.21357257664203644
2024-08-15 10:00:00+09:00,0.461035655,0.355614073,0.4536042878246765,0.4536042878246765,0.037120535,0.335777624471817,0.335777624471817
2024-08-15 11:00:00+09:00,0.355614073,0.461035655,0.5040376085124302,0.5040376085124302,0.181890419,0.4568156509335938,0.4568156509335938
2024-08-15 12:00:00+09:00,0.37640108,0.355614073,0.3376684108591537,0.3376684108591537,0.355614073,0.5457478532410125,0.5457478532410125
2024-08-15 13:00:00+09:00,0.37640108,0.37640108,0.4165813123758602,0.4165813123758602,0.461035655,0.5723035048029709,0.5723035048029709
2024-08-15 14:00:00+09:00,0.358583059,0.37640108,0.39011324494590044,0.39011324494590044,0.355614073,0.44025100710158155,0.44025100710158155
2024-08-15 15:00:00+09:00,0.386052337,0.358583059,0.31430330111287497,0.31430330111287497,0.37640108,0.3091807348604965,0.3091807348604965
2024-08-15 16:00:00+09:00,0.457323396,0.386052337,0.33225197390638544,0.33225197390638544,0.37640108,0.2872815711375046,0.2872815711375046
2024-08-15 17:00:00+09:00,0.313296786,0.457323396,0.358767570349308,0.358767570349308,0.358583059,0.20889710991285704,0.20889710991285704
2024-08-15 18:00:00+09:00,0.129921874,0.313296786,0.16745623057054138,0.16745623057054138,0.386052337,0.08068748981677248,0.08068748981677248
2024-08-15 19:00:00+09:00,0.016332502,0.129921874,0.05198579837219619,0.05198579837219619,0.457323396,0.13176917413148498,0.13176917413148498
2024-08-15 20:00:00+09:00,0.0,0.016332502,0.0,0.0,0.313296786,0.11800638442205047,0.11800638442205047
2024-08-15 21:00:00+09:00,0.0,0.0,0.0,0.0,0.129921874,0.0,0.0
2024-08-15 22:00:00+09:00,0.0,0.0,0.0009408732876181602,0.0009408732876181602,0.016332502,0.0,0.0
2024-08-15 23:00:00+09:00,0.0,0.0,0.0009408732876181602,0.0009408732876181602,0.0,0.005778967868536711,0.005778967868536711
2024-08-16 00:00:00+09:00,0.0,0.0,0.0007382230833172798,0.0007382230833172798,0.0,0.0019195408094674349,0.0019195408094674349
2024-08-16 01:00:00+09:00,0.0,0.0,0.0007382230833172798,0.0007382230833172798,0.0,0.0019195408094674349,0.0019195408094674349
2024-08-16 02:00:00+09:00,0.0,0.0,0.0007382230833172798,0.0007382230833172798,0.0,0.0019195408094674349,0.0019195408094674349
2024-08-16 03:00:00+09:00,0.0,0.0,0.0007382230833172798,0.0007382230833172798,0.0,0.0019195408094674349,0.0019195408094674349
2024-08-16 04:00:00+09:00,0.0,0.0,0.0007382230833172798,0.0007382230833172798,0.0,0.0019195408094674349,0.0019195408094674349
2024-08-16 05:00:00+09:00,0.0,0.0,0.0007382230833172798,0.0007382230833172798,0.0,0.0019195408094674349,0.0019195408094674349
2024-08-16 06:00:00+09:00,0.0,0.0,0.0006050416268408298,0.0006050416268408298,0.0,0.0012892570812255144,0.0012892570812255144
2024-08-16 07:00:00+09:00,0.051226298,0.0,0.03540472686290741,0.03540472686290741,0.0,0.04116857051849365,0.04116857051849365
2024-08-16 08:00:00+09:00,0.211586436,0.051226298,0.169466922666214,0.169466922666214,0.0,0.163768008351326,0.163768008351326
2024-08-16 09:00:00+09:00,0.386794584,0.211586436,0.33064918753160094,0.33064918753160094,0.0,0.2632367014884949,0.2632367014884949
2024-08-16 10:00:00+09:00,0.512261952,0.386794584,0.5098600780009117,0.5098600780009117,0.051226298,0.4867717722908478,0.4867717722908478
2024-08-16 11:00:00+09:00,0.535276725,0.512261952,0.5429745714238663,0.5429745714238663,0.211586436,0.48812063571466063,0.48812063571466063
2024-08-16 12:00:00+09:00,0.50929194,0.535276725,0.5801079264341354,0.5801079264341354,0.386794584,0.6826877762912598,0.6826877762912598
2024-08-16 13:00:00+09:00,0.416491628,0.50929194,0.5418017363213921,0.5418017363213921,0.512261952,0.7253061781695862,0.7253061781695862
2024-08-16 14:00:00+09:00,0.497413944,0.416491628,0.42897148833558846,0.42897148833558846,0.535276725,0.5967666050849915,0.5967666050849915
2024-08-16 15:00:00+09:00,0.37640108,0.497413944,0.45157862781881714,0.45157862781881714,0.50929194,0.4801166435741806,0.4801166435741806
2024-08-16 16:00:00+09:00,0.309584527,0.37640108,0.2974383367176819,0.2974383367176819,0.416491628,0.2997447478859215,0.2997447478859215
2024-08-16 17:00:00+09:00,0.15442114,0.309584527,0.14510413883547973,0.14510413883547973,0.497413944,0.20993755339979553,0.20993755339979553
2024-08-16 18:00:00+09:00,0.107649348,0.15442114,0.0249847364870453,0.0249847364870453,0.37640108,0.03757567535598755,0.03757567535598755
2024-08-16 19:00:00+09:00,0.02153028,0.107649348,0.033389791170070654,0.033389791170070654,0.309584527,0.05084538338999939,0.05084538338999939
2024-08-16 20:00:00+09:00,0.0,0.02153028,0.0,0.0,0.15442114,0.0,0.0
2024-08-16 21:00:00+09:00,0.0,0.0,0.0,0.0,0.107649348,0.0,0.0
2024-08-16 22:00:00+09:00,0.0,0.0,0.0,0.0,0.02153028,0.0,0.0
2024-08-16 23:00:00+09:00,0.0,0.0,0.0,0.0,0.0,0.0,0.0
2024-08-17 00:00:00+09:00,0.0,0.0,0.00038055103505030274,0.00038055103505030274,0.0,0.000836332212202251,0.000836332212202251
2024-08-17 01:00:00+09:00,0.0,0.0,0.00038055103505030274,0.00038055103505030274,0.0,0.000836332212202251,0.000836332212202251
2024-08-17 02:00:00+09:00,0.0,0.0,0.00038055103505030274,0.00038055103505030274,0.0,0.000836332212202251,0.000836332212202251
2024-08-17 03:00:00+09:00,0.0,0.0,0.00038055103505030274,0.00038055103505030274,0.0,0.000836332212202251,0.000836332212202251
2024-08-17 04:00:00+09:00,0.0,0.0,0.00038055103505030274,0.00038055103505030274,0.0,0.000836332212202251,0.000836332212202251
2024-08-17 05:00:00+09:00,0.0,0.0,0.00038055103505030274,0.00038055103505030274,0.0,0.000836332212202251,0.000836332212202251
2024-08-17 06:00:00+09:00,0.0,0.0,0.00017754873260855675,0.00017754873260855675,0.0,0.00046124603250063956,0.00046124603250063956
2024-08-17 07:00:00+09:00,0.040832794,0.0,0.03913039341568947,0.03913039341568947,0.0,0.03676202893257141,0.03676202893257141
2024-08-17 08:00:00+09:00,0.184117158,0.040832794,0.15563910334238434,0.15563910334238434,0.0,0.18631981313228607,0.18631981313228607
2024-08-17 09:00:00+09:00,0.328144795,0.184117158,0.312223647777565,0.312223647777565,0.0,0.32981637120246887,0.32981637120246887
2024-08-17 10:00:00+09:00,0.429854117,0.328144795,0.4609316501015854,0.4609316501015854,0.040832794,0.3722170951856079,0.3722170951856079
2024-08-17 11:00:00+09:00,0.567200509,0.429854117,0.5100869682072563,0.5100869682072563,0.184117158,0.5061428445024567,0.5061428445024567
2024-08-17 12:00:00+09:00,0.373431068,0.567200509,0.6139303158106174,0.6139303158106174,0.328144795,0.5849334958190155,0.5849334958190155
2024-08-17 13:00:00+09:00,0.45435441,0.373431068,0.3279549517599754,0.3279549517599754,0.429854117,0.536820962691204,0.536820962691204
2024-08-17 14:00:00+09:00,0.342992803,0.45435441,0.4663999089373684,0.4663999089373684,0.567200509,0.5592562203364339,0.5592562203364339
2024-08-17 15:00:00+09:00,0.41129385,0.342992803,0.29873525156834413,0.29873525156834413,0.373431068,0.34832000368515775,0.34832000368515775
2024-08-17 16:00:00+09:00,0.314781279,0.41129385,0.2894071198059082,0.2894071198059082,0.45435441,0.3054332630111313,0.3054332630111313
2024-08-17 17:00:00+09:00,0.276918497,0.314781279,0.16525064471598055,0.16525064471598055,0.342992803,0.08432494654515077,0.08432494654515077
2024-08-17 18:00:00+09:00,0.137345365,0.276918497,0.1777717136481018,0.1777717136481018,0.41129385,0.1328745341850281,0.1328745341850281
2024-08-17 19:00:00+09:00,0.02153028,0.137345365,0.03815782697223663,0.03815782697223663,0.314781279,0.01834148231382754,0.01834148231382754
2024-08-17 20:00:00+09:00,0.0,0.02153028,0.0,0.0,0.276918497,0.06961324444796751,0.06961324444796751
2024-08-17 21:00:00+09:00,0.0,0.0,0.0,0.0,0.137345365,0.0,0.0
2024-08-17 22:00:00+09:00,0.0,0.0,0.0007683827425353229,0.0007683827425353229,0.02153028,0.0,0.0
2024-08-17 23:00:00+09:00,0.0,0.0,0.0007683827425353229,0.0007683827425353229,0.0,0.0,0.0
2024-08-18 00:00:00+09:00,0.0,0.0,0.00041057312046177685,0.00041057312046177685,0.0,0.0017818368505686522,0.0017818368505686522
2024-08-18 01:00:00+09:00,0.0,0.0,0.00041057312046177685,0.00041057312046177685,0.0,0.0017818368505686522,0.0017818368505686522
2024-08-18 02:00:00+09:00,0.0,0.0,0.00041057312046177685,0.00041057312046177685,0.0,0.0017818368505686522,0.0017818368505686522
2024-08-18 03:00:00+09:00,0.0,0.0,0.00041057312046177685,0.00041057312046177685,0.0,0.0017818368505686522,0.0017818368505686522
2024-08-18 04:00:00+09:00,0.0,0.0,0.00041057312046177685,0.00041057312046177685,0.0,0.0017818368505686522,0.0017818368505686522
2024-08-18 05:00:00+09:00,0.0,0.0,0.00041057312046177685,0.00041057312046177685,0.0,0.0017818368505686522,0.0017818368505686522
2024-08-18 06:00:00+09:00,0.0,0.0,0.0001919068890856579,0.0001919068890856579,0.0,0.0013906536623835564,0.0013906536623835564
2024-08-18 07:00:00+09:00,0.048998532,0.0,0.0492277517914772,0.0492277517914772,0.0,0.04815994203090668,0.04815994203090668
2024-08-18 08:00:00+09:00,0.183374911,0.048998532,0.18255969614070128,0.18255969614070128,0.0,0.1831500381231308,0.1831500381231308
2024-08-18 09:00:00+09:00,0.359325305,0.183374911,0.2965791517989502,0.2965791517989502,0.0,0.3255760669708252,0.3255760669708252
2024-08-18 10:00:00+09:00,0.499640683,0.359325305,0.5114253167063523,0.5114253167063523,0.048998532,0.4735823544887848,0.4735823544887848
2024-08-18 11:00:00+09:00,0.490731672,0.499640683,0.6281761623071747,0.6281761623071747,0.183374911,0.5650626117484436,0.5650626117484436
2024-08-18 12:00:00+09:00,0.571655015,0.490731672,0.4833952324351759,0.4833952324351759,0.359325305,0.5782078359276581,0.5782078359276581
2024-08-18 13:00:00+09:00,0.575366247,0.571655015,0.5855531920724059,0.5855531920724059,0.499640683,0.6154545343565063,0.6154545343565063
2024-08-18 14:00:00+09:00,0.604321045,0.575366247,0.5996122504787655,0.5996122504787655,0.490731672,0.5294191172233315,0.5294191172233315
2024-08-18 15:00:00+09:00,0.54344349,0.604321045,0.5208910453504753,0.5208910453504753,0.571655015,0.534189189323082,0.534189189323082
2024-08-18 16:00:00+09:00,0.464747913,0.54344349,0.49067318457507136,0.49067318457507136,0.575366247,0.4321694257872315,0.4321694257872315
2024-08-18 17:00:00+09:00,0.340765037,0.464747913,0.35909066331089784,0.35909066331089784,0.604321045,0.4271307113951873,0.4271307113951873
2024-08-18 18:00:00+09:00,0.182632665,0.340765037,0.21695318108779144,0.21695318108779144,0.54344349,0.3047425785972977,0.3047425785972977
2024-08-18 19:00:00+09:00,0.05419631,0.182632665,0.059696751496829986,0.059696751496829986,0.464747913,0.11711797845066835,0.11711797845066835
2024-08-18 20:00:00+09:00,0.0,0.05419631,0.020418104486045835,0.020418104486045835,0.340765037,0.08441317862254333,0.08441317862254333
2024-08-18 21:00:00+09:00,0.0,0.0,0.0,0.0,0.182632665,0.0174497317886734,0.0174497317886734
2024-08-18 22:00:00+09:00,0.0,0.0,0.0,0.0,0.05419631,0.0,0.0
2024-08-18 23:00:00+09:00,0.0,0.0,0.0,0.0,0.0,0.0,0.0
2024-08-19 00:00:00+09:00,0.0,0.0,0.00020310246327426285,0.00020310246327426285,0.0,0.001249668886885047,0.001249668886885047
2024-08-19 01:00:00+09:00,0.0,0.0,0.00020310246327426285,0.00020310246327426285,0.0,0.001249668886885047,0.001249668886885047
2024-08-19 02:00:00+09:00,0.0,0.0,0.00020310246327426285,0.00020310246327426285,0.0,0.001249668886885047,0.001249668886885047
2024-08-19 03:00:00+09:00,0.0,0.0,0.00020310246327426285,0.00020310246327426285,0.0,0.001249668886885047,0.001249668886885047
2024-08-19 04:00:00+09:00,0.0,0.0,0.00020310246327426285,0.00020310246327426285,0.0,0.001249668886885047,0.001249668886885047
2024-08-19 05:00:00+09:00,0.0,0.0,0.00020310246327426285,0.00020310246327426285,0.0,0.001249668886885047,0.001249668886885047
2024-08-19 06:00:00+09:00,0.0,0.0,0.0003552292473614216,0.0003552292473614216,0.0,0.0007829678943380713,0.0007829678943380713
2024-08-19 07:00:00+09:00,0.029696018,0.0,0.04772143438458443,0.04772143438458443,0.0,0.06488974392414093,0.06488974392414093
2024-08-19 08:00:00+09:00,0.166299137,0.029696018,0.14379896273171233,0.14379896273171233,0.0,0.14518560469150543,0.14518560469150543
2024-08-19 09:00:00+09:00,0.302902255,0.166299137,0.29392548156157683,0.29392548156157683,0.0,0.30242201685905457,0.30242201685905457
2024-08-19 10:00:00+09:00,0.393476855,0.302902255,0.489053178371315,0.489053178371315,0.029696018,0.45851585318600463,0.45851585318600463
2024-08-19 11:00:00+09:00,0.412779369,0.393476855,0.46535054965827943,0.46535054965827943,0.166299137,0.5989651705063934,0.5989651705063934
2024-08-19 12:00:00+09:00,0.312553513,0.412779369,0.4402795700166645,0.4402795700166645,0.302902255,0.49012874418628694,0.49012874418628694
2024-08-19 13:00:00+09:00,0.459551162,0.312553513,0.36275411690233994,0.36275411690233994,0.393476855,0.5073134936294366,0.5073134936294366
2024-08-19 14:00:00+09:00,0.377885573,0.459551162,0.503182611341774,0.503182611341774,0.412779369,0.3592922916446152,0.3592922916446152
2024-08-19 15:00:00+09:00,0.464747913,0.377885573,0.301079556733654,0.301079556733654,0.312553513,0.2285333081579094,0.2285333081579094
2024-08-19 16:00:00+09:00,0.472171405,0.464747913,0.30333328973950197,0.30333328973950197,0.459551162,0.2844652895882721,0.2844652895882721
2024-08-19 17:00:00+09:00,0.31106902,0.472171405,0.33920055035999297,0.33920055035999297,0.377885573,0.11743208059696958,0.11743208059696958
2024-08-19 18:00:00+09:00,0.160360138,0.31106902,0.1919784554510307,0.1919784554510307,0.464747913,0.11365447175205995,0.11365447175205995
2024-08-19 19:00:00+09:00,0.031181537,0.160360138,0.06256420451496889,0.06256420451496889,0.472171405,0.11966202561309813,0.11966202561309813
2024-08-19 20:00:00+09:00,0.0,0.031181537,0.0,0.0,0.31106902,0.07935183581401822,0.07935183581401822
2024-08-19 21:00:00+09:00,0.0,0.0,0.0,0.0,0.160360138,0.0,0.0
2024-08-19 22:00:00+09:00,0.0,0.0,0.0,0.0,0.031181537,0.0,0.0
2024-08-19 23:00:00+09:00,0.0,0.0,0.0,0.0,0.0,0.0,0.0
2024-08-20 00:00:00+09:00,0.0,0.0,0.0005840304074808955,0.0005840304074808955,0.0,0.0010334288235753775,0.0010334288235753775
2024-08-20 01:00:00+09:00,0.0,0.0,0.0005840304074808955,0.0005840304074808955,0.0,0.0010334288235753775,0.0010334288235753775
2024-08-20 02:00:00+09:00,0.0,0.0,0.0005840304074808955,0.0005840304074808955,0.0,0.0010334288235753775,0.0010334288235753775
2024-08-20 03:00:00+09:00,0.0,0.0,0.0005840304074808955,0.0005840304074808955,0.0,0.0010334288235753775,0.0010334288235753775
2024-08-20 04:00:00+09:00,0.0,0.0,0.0005840304074808955,0.0005840304074808955,0.0,0.0010334288235753775,0.0010334288235753775
2024-08-20 05:00:00+09:00,0.0,0.0,0.0005840304074808955,0.0005840304074808955,0.0,0.0010334288235753775,0.0010334288235753775
2024-08-20 06:00:00+09:00,0.0,0.0,0.0006854765815660357,0.0006854765815660357,0.0,0.0,0.0
2024-08-20 07:00:00+09:00,0.0,0.0,0.02026580087840557,0.02026580087840557,0.0,0.01159224845468998,0.01159224845468998
2024-08-20 08:00:00+09:00,0.005938998,0.0,0.12271147221326828,0.12271147221326828,0.0,0.16055843234062195,0.16055843234062195
2024-08-20 09:00:00+09:00,0.114330592,0.005938998,0.16400838507828522,0.16400838507828522,0.0,0.3202079236507416,0.3202079236507416
2024-08-20 10:00:00+09:00,0.048256285,0.114330592,0.26385891660403443,0.26385891660403443,0.0,0.31310388445854187,0.31310388445854187
2024-08-20 11:00:00+09:00,0.047514039,0.048256285,0.11676429163232804,0.11676429163232804,0.005938998,0.4103206308048706,0.4103206308048706
2024-08-20 12:00:00+09:00,0.17817816,0.047514039,0.11678851666065598,0.11678851666065598,0.114330592,0.283424573385231,0.283424573385231
2024-08-20 13:00:00+09:00,0.371204328,0.17817816,0.16890506587490797,0.16890506587490797,0.048256285,0.15412388693109513,0.15412388693109513
2024-08-20 14:00:00+09:00,0.564972743,0.371204328,0.3609242506543307,0.3609242506543307,0.047514039,0.08400426702710534,0.08400426702710534
2024-08-20 15:00:00+09:00,0.426885131,0.564972743,0.485732122863739,0.485732122863739,0.17817816,0.08911338310256958,0.08911338310256958
2024-08-20 16:00:00+09:00,0.321462523,0.426885131,0.3127442032084045,0.3127442032084045,0.371204328,0.1979382897013931,0.1979382897013931
2024-08-20 17:00:00+09:00,0.215298695,0.321462523,0.17074988390660095,0.17074988390660095,0.564972743,0.23685346504589844,0.23685346504589844
2024-08-20 18:00:00+09:00,0.074241071,0.215298695,0.09901854160625459,0.09901854160625459,0.426885131,0.13184190094323728,0.13184190094323728
2024-08-20 19:00:00+09:00,0.000742246,0.074241071,0.0,0.0,0.321462523,0.010545026318786621,0.010545026318786621
2024-08-20 20:00:00+09:00,0.0,0.000742246,0.0,0.0,0.215298695,0.018308085830993664,0.018308085830993664
2024-08-20 21:00:00+09:00,0.0,0.0,0.0,0.0,0.074241071,0.0,0.0
2024-08-20 22:00:00+09:00,0.0,0.0,0.0,0.0,0.000742246,0.0,0.0
2024-08-20 23:00:00+09:00,0.0,0.0,0.0,0.0,0.0,0.0,0.0
2024-08-21 00:00:00+09:00,0.0,0.0,0.0,0.0,0.0,0.0,0.0
2024-08-21 01:00:00+09:00,0.0,0.0,0.0,0.0,0.0,0.0,0.0
2024-08-21 02:00:00+09:00,0.0,0.0,0.0,0.0,0.0,0.0,0.0
2024-08-21 03:00:00+09:00,0.0,0.0,0.0,0.0,0.0,0.0,0.0
2024-08-21 04:00:00+09:00,0.0,0.0,0.0,0.0,0.0,0.0,0.0
2024-08-21 05:00:00+09:00,0.0,0.0,0.0,0.0,0.0,0.0,0.0
2024-08-21 06:00:00+09:00,0.0,0.0,0.0,0.0,0.0,0.0,0.0
2024-08-21 07:00:00+09:00,0.001484493,0.0,0.007046311628073454,0.007046311628073454,0.0,0.00551428971812129,0.00551428971812129
2024-08-21 08:00:00+09:00,0.026727032,0.001484493,0.0495920686251812,0.0495920686251812,0.0,0.06347132474184036,0.06347132474184036
2024-08-21 09:00:00+09:00,0.043059534,0.026727032,0.09036253773587417,0.09036253773587417,0.0,0.11153417825698853,0.11153417825698853
2024-08-21 10:00:00+09:00,0.15442114,0.043059534,0.1885681213603821,0.1885681213603821,0.001484493,0.2896294390983276,0.2896294390983276
2024-08-21 11:00:00+09:00,0.310326773,0.15442114,0.2098193024543667,0.2098193024543667,0.026727032,0.2387261652292557,0.2387261652292557
2024-08-21 12:00:00+09:00,0.409809357,0.310326773,0.3910130367400627,0.3910130367400627,0.043059534,0.2971271039710846,0.2971271039710846
2024-08-21 13:00:00+09:00,0.513746445,0.409809357,0.4320599329447813,0.4320599329447813,0.15442114,0.3246436459270859,0.3246436459270859
2024-08-21 14:00:00+09:00,0.547154722,0.513746445,0.5173198386820179,0.5173198386820179,0.310326773,0.3627285429062824,0.3627285429062824
2024-08-21 15:00:00+09:00,0.361553071,0.547154722,0.48841008284175114,0.48841008284175114,0.409809357,0.4089814777043156,0.4089814777043156
2024-08-21 16:00:00+09:00,0.177435913,0.361553071,0.35495755535395956,0.35495755535395956,0.513746445,0.3664044783709717,0.3664044783709717
2024-08-21 17:00:00+09:00,0.244994713,0.177435913,0.07009870639790344,0.07009870639790344,0.547154722,0.34043511488520817,0.34043511488520817
2024-08-21 18:00:00+09:00,0.152936647,0.244994713,0.1352200713073616,0.1352200713073616,0.361553071,0.10944255993547058,0.10944255993547058
2024-08-21 19:00:00+09:00,0.029696018,0.152936647,0.10497115394680215,0.10497115394680215,0.177435913,0.007619776639831544,0.007619776639831544
2024-08-21 20:00:00+09:00,0.0,0.029696018,0.003447333847039224,0.003447333847039224,0.244994713,0.056898696354568484,0.056898696354568484
2024-08-21 21:00:00+09:00,0.0,0.0,0.0,0.0,0.152936647,0.023135314049407968,0.023135314049407968
2024-08-21 22:00:00+09:00,0.0,0.0,0.0011651135282590985,0.0011651135282590985,0.029696018,0.0,0.0
2024-08-21 23:00:00+09:00,0.0,0.0,0.0011651135282590985,0.0011651135282590985,0.0,0.009810110554099083,0.009810110554099083
2024-08-22 00:00:00+09:00,0.0,0.0,0.00037467165384441614,0.00037467165384441614,0.0,0.0,0.0
2024-08-22 01:00:00+09:00,0.0,0.0,0.00037467165384441614,0.00037467165384441614,0.0,0.0,0.0
2024-08-22 02:00:00+09:00,0.0,0.0,0.00037467165384441614,0.00037467165384441614,0.0,0.0,0.0
2024-08-22 03:00:00+09:00,0.0,0.0,0.00037467165384441614,0.00037467165384441614,0.0,0.0,0.0
2024-08-22 04:00:00+09:00,0.0,0.0,0.00037467165384441614,0.00037467165384441614,0.0,0.0,0.0
2024-08-22 05:00:00+09:00,0.0,0.0,0.00037467165384441614,0.00037467165384441614,0.0,0.0,0.0
2024-08-22 06:00:00+09:00,0.0,0.0,0.0003569240216165781,0.0003569240216165781,0.0,0.0,0.0
2024-08-22 07:00:00+09:00,0.028953771,0.0,0.020990271121263504,0.020990271121263504,0.0,0.013776351697742939,0.013776351697742939
2024-08-22 08:00:00+09:00,0.204905192,0.028953771,0.0952837419558487,0.0952837419558487,0.0,0.06931354850530624,0.06931354850530624
2024-08-22 09:00:00+09:00,0.322205796,0.204905192,0.27789762113722993,0.27789762113722993,0.0,0.16523320972919464,0.16523320972919464
2024-08-22 10:00:00+09:00,0.402385865,0.322205796,0.37595238080286597,0.37595238080286597,0.028953771,0.22036210716256713,0.22036210716256713
2024-08-22 11:00:00+09:00,0.646638332,0.402385865,0.42174166127752305,0.42174166127752305,0.204905192,0.4072202393833084,0.4072202393833084
2024-08-22 12:00:00+09:00,0.661486341,0.646638332,0.6954678130056686,0.6954678130056686,0.322205796,0.5568519822325668,0.5568519822325668
2024-08-22 13:00:00+09:00,0.649607318,0.661486341,0.5776726737026368,0.5776726737026368,0.402385865,0.4071000527003014,0.4071000527003014
2024-08-22 14:00:00+09:00,0.464005667,0.649607318,0.6496892227709229,0.6496892227709229,0.646638332,0.6220827997382707,0.6220827997382707
2024-08-22 15:00:00+09:00,0.367492069,0.464005667,0.39889507296580506,0.39889507296580506,0.661486341,0.6064081139270459,0.6064081139270459
2024-08-22 16:00:00+09:00,0.398673607,0.367492069,0.29079414575695417,0.29079414575695417,0.649607318,0.5727155008474999,0.5727155008474999
2024-08-22 17:00:00+09:00,0.195996181,0.398673607,0.321568755396492,0.321568755396492,0.464005667,0.24898110631007386,0.24898110631007386
2024-08-22 18:00:00+09:00,0.074983317,0.195996181,0.05384881876779174,0.05384881876779174,0.367492069,0.04766156195997617,0.04766156195997617
2024-08-22 19:00:00+09:00,0.01113575,0.074983317,0.0,0.0,0.398673607,0.016864938624984727,0.016864938624984727
2024-08-22 20:00:00+09:00,0.0,0.01113575,0.0,0.0,0.195996181,0.0007057794220504676,0.0007057794220504676
2024-08-22 21:00:00+09:00,0.0,0.0,0.0,0.0,0.074983317,0.0,0.0
2024-08-22 22:00:00+09:00,0.0,0.0,0.0009408732876181602,0.0009408732876181602,0.01113575,0.0,0.0
2024-08-22 23:00:00+09:00,0.0,0.0,0.0009408732876181602,0.0009408732876181602,0.0,0.005778967868536711,0.005778967868536711
2024-08-23 00:00:00+09:00,0.0,0.0,0.0007382230833172798,0.0007382230833172798,0.0,0.0019195408094674349,0.0019195408094674349
2024-08-23 01:00:00+09:00,0.0,0.0,0.0007382230833172798,0.0007382230833172798,0.0,0.0019195408094674349,0.0019195408094674349
2024-08-23 02:00:00+09:00,0.0,0.0,0.0007382230833172798,0.0007382230833172798,0.0,0.0019195408094674349,0.0019195408094674349
2024-08-23 03:00:00+09:00,0.0,0.0,0.0007382230833172798,0.0007382230833172798,0.0,0.0019195408094674349,0.0019195408094674349
2024-08-23 04:00:00+09:00,0.0,0.0,0.0007382230833172798,0.0007382230833172798,0.0,0.0019195408094674349,0.0019195408094674349
2024-08-23 05:00:00+09:00,0.0,0.0,0.0007382230833172798,0.0007382230833172798,0.0,0.0019195408094674349,0.0019195408094674349
2024-08-23 06:00:00+09:00,0.0,0.0,0.0006050416268408298,0.0006050416268408298,0.0,0.0012892570812255144,0.0012892570812255144
2024-08-23 07:00:00+09:00,0.023014773,0.0,0.019734486937522888,0.019734486937522888,0.0,0.008569547906517982,0.008569547906517982
2024-08-23 08:00:00+09:00,0.177435913,0.023014773,0.16434978352856444,0.16434978352856444,0.0,0.259543240070343,0.259543240070343
2024-08-23 09:00:00+09:00,0.309584527,0.177435913,0.34275385073174286,0.34275385073174286,0.0,0.28975436091423035,0.28975436091423035
2024-08-23 10:00:00+09:00,0.47439917,0.309584527,0.41764206318478775,0.41764206318478775,0.023014773,0.3919533978588562,0.3919533978588562
2024-08-23 11:00:00+09:00,0.58724527,0.47439917,0.5648427438921165,0.5648427438921165,0.177435913,0.5485554718111878,0.5485554718111878
2024-08-23 12:00:00+09:00,0.617683534,0.58724527,0.6577099481086922,0.6577099481086922,0.309584527,0.599503903373291,0.599503903373291
2024-08-23 13:00:00+09:00,0.639213814,0.617683534,0.6799363460875358,0.6799363460875358,0.47439917,0.6879213211125564,0.6879213211125564
2024-08-23 14:00:00+09:00,0.647380578,0.639213814,0.6636296311117306,0.6636296311117306,0.58724527,0.69129910259058,0.69129910259058
2024-08-23 15:00:00+09:00,0.583533011,0.647380578,0.5636078963465004,0.5636078963465004,0.617683534,0.6123067433498111,0.6123067433498111
2024-08-23 16:00:00+09:00,0.469202419,0.583533011,0.5052511017726288,0.5052511017726288,0.639213814,0.5432312400735512,0.5432312400735512
2024-08-23 17:00:00+09:00,0.31997803,0.469202419,0.38967928774866484,0.38967928774866484,0.647380578,0.43625171728794865,0.43625171728794865
2024-08-23 18:00:00+09:00,0.153678894,0.31997803,0.18403805938747408,0.18403805938747408,0.583533011,0.26053672246202086,0.26053672246202086
2024-08-23 19:00:00+09:00,0.03266603,0.153678894,0.06808544691080476,0.06808544691080476,0.469202419,0.1329827208093109,0.1329827208093109
2024-08-23 20:00:00+09:00,0.0,0.03266603,0.001045635561494826,0.001045635561494826,0.31997803,0.08982400742557528,0.08982400742557528
2024-08-23 21:00:00+09:00,0.0,0.0,0.0,0.0,0.153678894,0.0,0.0
2024-08-23 22:00:00+09:00,0.0,0.0,0.0,0.0,0.03266603,0.0,0.0
2024-08-23 23:00:00+09:00,0.0,0.0,0.0,0.0,0.0,0.0,0.0
2024-08-24 00:00:00+09:00,0.0,0.0,0.00038055103505030274,0.00038055103505030274,0.0,0.000836332212202251,0.000836332212202251
2024-08-24 01:00:00+09:00,0.0,0.0,0.00038055103505030274,0.00038055103505030274,0.0,0.000836332212202251,0.000836332212202251
2024-08-24 02:00:00+09:00,0.0,0.0,0.00038055103505030274,0.00038055103505030274,0.0,0.000836332212202251,0.000836332212202251
2024-08-24 03:00:00+09:00,0.0,0.0,0.00038055103505030274,0.00038055103505030274,0.0,0.000836332212202251,0.000836332212202251
2024-08-24 04:00:00+09:00,0.0,0.0,0.00038055103505030274,0.00038055103505030274,0.0,0.000836332212202251,0.000836332212202251
2024-08-24 05:00:00+09:00,0.0,0.0,0.00038055103505030274,0.00038055103505030274,0.0,0.000836332212202251,0.000836332212202251
2024-08-24 06:00:00+09:00,0.0,0.0,0.00017754873260855675,0.00017754873260855675,0.0,0.00046124603250063956,0.00046124603250063956
2024-08-24 07:00:00+09:00,0.030438264,0.0,0.022971637547016144,0.022971637547016144,0.0,0.03509185090661049,0.03509185090661049
2024-08-24 08:00:00+09:00,0.15442114,0.030438264,0.10636244444805526,0.10636244444805526,0.0,0.12958814203739166,0.12958814203739166
2024-08-24 09:00:00+09:00,0.304387775,0.15442114,0.24010421012319566,0.24010421012319566,0.0,0.23177339136600494,0.23177339136600494
2024-08-24 10:00:00+09:00,0.433566376,0.304387775,0.42878652059640887,0.42878652059640887,0.030438264,0.42947338997084045,0.42947338997084045
2024-08-24 11:00:00+09:00,0.527109961,0.433566376,0.5401466557675132,0.5401466557675132,0.15442114,0.48371302013076783,0.48371302013076783
2024-08-24 12:00:00+09:00,0.396445841,0.527109961,0.5798376640050754,0.5798376640050754,0.304387775,0.6088939576705933,0.6088939576705933
2024-08-24 13:00:00+09:00,0.423172873,0.396445841,0.37733849737099745,0.37733849737099745,0.433566376,0.5603851074271926,0.5603851074271926
2024-08-24 14:00:00+09:00,0.589472009,0.423172873,0.4866853398478966,0.4866853398478966,0.527109961,0.6568917734294281,0.6568917734294281
2024-08-24 15:00:00+09:00,0.537503465,0.589472009,0.548528814819273,0.548528814819273,0.396445841,0.3690554503654633,0.3690554503654633
2024-08-24 16:00:00+09:00,0.434308623,0.537503465,0.47987336936911584,0.47987336936911584,0.423172873,0.3882261817551594,0.3882261817551594
2024-08-24 17:00:00+09:00,0.288796493,0.434308623,0.37361409239373017,0.37361409239373017,0.589472009,0.3932254893152084,0.3932254893152084
2024-08-24 18:00:00+09:00,0.138830885,0.288796493,0.1282626028718643,0.1282626028718643,0.537503465,0.1815908094080353,0.1815908094080353
2024-08-24 19:00:00+09:00,0.028953771,0.138830885,0.06622174353099822,0.06622174353099822,0.434308623,0.15390807859501648,0.15390807859501648
2024-08-24 20:00:00+09:00,0.0,0.028953771,0.00045472465941524473,0.00045472465941524473,0.288796493,0.08149124044796752,0.08149124044796752
2024-08-24 21:00:00+09:00,0.0,0.0,0.0,0.0,0.138830885,0.0,0.0
2024-08-24 22:00:00+09:00,0.0,0.0,0.0007683827425353229,0.0007683827425353229,0.028953771,0.0,0.0
2024-08-24 23:00:00+09:00,0.0,0.0,0.0007683827425353229,0.0007683827425353229,0.0,0.0,0.0
2024-08-25 00:00:00+09:00,0.0,0.0,0.00041057312046177685,0.00041057312046177685,0.0,0.0017818368505686522,0.0017818368505686522
2024-08-25 01:00:00+09:00,0.0,0.0,0.00041057312046177685,0.00041057312046177685,0.0,0.0017818368505686522,0.0017818368505686522
2024-08-25 02:00:00+09:00,0.0,0.0,0.00041057312046177685,0.00041057312046177685,0.0,0.0017818368505686522,0.0017818368505686522
2024-08-25 03:00:00+09:00,0.0,0.0,0.00041057312046177685,0.00041057312046177685,0.0,0.0017818368505686522,0.0017818368505686522
2024-08-25 04:00:00+09:00,0.0,0.0,0.00041057312046177685,0.00041057312046177685,0.0,0.0017818368505686522,0.0017818368505686522
2024-08-25 05:00:00+09:00,0.0,0.0,0.00041057312046177685,0.00041057312046177685,0.0,0.0017818368505686522,0.0017818368505686522
2024-08-25 06:00:00+09:00,0.0,0.0,0.0001919068890856579,0.0001919068890856579,0.0,0.0013906536623835564,0.0013906536623835564
2024-08-25 07:00:00+09:00,0.029696018,0.0,0.04970671236515045,0.04970671236515045,0.0,0.03307154029607773,0.03307154029607773
2024-08-25 08:00:00+09:00,0.15664788,0.029696018,0.13286656935965346,0.13286656935965346,0.0,0.12666746973991394,0.12666746973991394
2024-08-25 09:00:00+09:00,0.306614514,0.15664788,0.2633355002821731,0.2633355002821731,0.0,0.32806310057640076,0.32806310057640076
2024-08-25 10:00:00+09:00,0.442475387,0.306614514,0.4637625771828308,0.4637625771828308,0.029696018,0.49428287198101806,0.49428287198101806
2024-08-25 11:00:00+09:00,0.412037123,0.442475387,0.5458717952598686,0.5458717952598686,0.15664788,0.516555983942871,0.516555983942871
2024-08-25 12:00:00+09:00,0.582048518,0.412037123,0.3913124632143717,0.3913124632143717,0.306614514,0.507032896883072,0.507032896883072
2024-08-25 13:00:00+09:00,0.616199041,0.582048518,0.5741306369880371,0.5741306369880371,0.442475387,0.5048556449939365,0.5048556449939365
2024-08-25 14:00:00+09:00,0.587987516,0.616199041,0.6485949589222584,0.6485949589222584,0.412037123,0.4352881647699814,0.4352881647699814
2024-08-25 15:00:00+09:00,0.53082222,0.587987516,0.4695438555619392,0.4695438555619392,0.582048518,0.48185491317307283,0.48185491317307283
2024-08-25 16:00:00+09:00,0.431339637,0.53082222,0.4640762086236191,0.4640762086236191,0.616199041,0.47522633730470276,0.47522633730470276
2024-08-25 17:00:00+09:00,0.291024259,0.431339637,0.2901457255667801,0.2901457255667801,0.587987516,0.3788459635517273,0.3788459635517273
2024-08-25 18:00:00+09:00,0.13437638,0.291024259,0.16721240308779145,0.16721240308779145,0.53082222,0.2921213085972977,0.2921213085972977
2024-08-25 19:00:00+09:00,0.011879023,0.13437638,0.003805729899291982,0.003805729899291982,0.431339637,0.008163407999908445,0.008163407999908445
2024-08-25 20:00:00+09:00,0.0,0.011879023,0.0,0.0,0.291024259,0.03467240062254334,0.03467240062254334
2024-08-25 21:00:00+09:00,0.0,0.0,0.0,0.0,0.13437638,0.0,0.0
2024-08-25 22:00:00+09:00,0.0,0.0,0.0,0.0,0.011879023,0.0,0.0
2024-08-25 23:00:00+09:00,0.0,0.0,0.0,0.0,0.0,0.0,0.0
2024-08-26 00:00:00+09:00,0.0,0.0,0.00020310246327426285,0.00020310246327426285,0.0,0.001249668886885047,0.001249668886885047
2024-08-26 01:00:00+09:00,0.0,0.0,0.00020310246327426285,0.00020310246327426285,0.0,0.001249668886885047,0.001249668886885047
2024-08-26 02:00:00+09:00,0.0,0.0,0.00020310246327426285,0.00020310246327426285,0.0,0.001249668886885047,0.001249668886885047
2024-08-26 03:00:00+09:00,0.0,0.0,0.00020310246327426285,0.00020310246327426285,0.0,0.001249668886885047,0.001249668886885047
2024-08-26 04:00:00+09:00,0.0,0.0,0.00020310246327426285,0.00020310246327426285,0.0,0.001249668886885047,0.001249668886885047
2024-08-26 05:00:00+09:00,0.0,0.0,0.00020310246327426285,0.00020310246327426285,0.0,0.001249668886885047,0.001249668886885047
2024-08-26 06:00:00+09:00,0.0,0.0,0.0003552292473614216,0.0003552292473614216,0.0,0.0007829678943380713,0.0007829678943380713
2024-08-26 07:00:00+09:00,0.027469278,0.0,0.022408684715628624,0.022408684715628624,0.0,0.013601443730294704,0.013601443730294704
2024-08-26 08:00:00+09:00,0.155163387,0.027469278,0.09324833067477035,0.09324833067477035,0.0,0.10592496395111084,0.10592496395111084
2024-08-26 09:00:00+09:00,0.33111378,0.155163387,0.3089758401507492,0.3089758401507492,0.0,0.29167506098747253,0.29167506098747253
2024-08-26 10:00:00+09:00,0.420946133,0.33111378,0.5507330690405655,0.5507330690405655,0.027469278,0.4804891354066162,0.4804891354066162
2024-08-26 11:00:00+09:00,0.270236225,0.420946133,0.4916516660276489,0.4916516660276489,0.155163387,0.5818539952630157,0.5818539952630157
2024-08-26 12:00:00+09:00,0.318493537,0.270236225,0.31576851861772537,0.31576851861772537,0.33111378,0.6080504302761841,0.6080504302761841
2024-08-26 13:00:00+09:00,0.505580708,0.318493537,0.37392306267338943,0.37392306267338943,0.420946133,0.6144645331922607,0.6144645331922607
2024-08-26 14:00:00+09:00,0.599866539,0.505580708,0.5145213767766313,0.5145213767766313,0.270236225,0.2369887615948677,0.2369887615948677
2024-08-26 15:00:00+09:00,0.53304896,0.599866539,0.5235293803200378,0.5235293803200378,0.318493537,0.24233753918725204,0.24233753918725204
2024-08-26 16:00:00+09:00,0.328887041,0.53304896,0.4113858664331055,0.4113858664331055,0.505580708,0.2793563153474884,0.2793563153474884
2024-08-26 17:00:00+09:00,0.313296786,0.328887041,0.1651667461668167,0.1651667461668167,0.599866539,0.3552715030893936,0.3552715030893936
2024-08-26 18:00:00+09:00,0.132148614,0.313296786,0.21785456543134307,0.21785456543134307,0.53304896,0.3119714880284882,0.3119714880284882
2024-08-26 19:00:00+09:00,0.036378289,0.132148614,0.03190022505394363,0.03190022505394363,0.328887041,0.0,0.0
2024-08-26 20:00:00+09:00,0.0,0.036378289,0.0,0.0,0.313296786,0.08157960181401824,0.08157960181401824
2024-08-26 21:00:00+09:00,0.0,0.0,0.0,0.0,0.132148614,0.0,0.0
2024-08-26 22:00:00+09:00,0.0,0.0,0.0,0.0,0.036378289,0.0,0.0
2024-08-26 23:00:00+09:00,0.0,0.0,0.0,0.0,0.0,0.0,0.0
2024-08-27 00:00:00+09:00,0.0,0.0,0.0005840304074808955,0.0005840304074808955,0.0,0.0010334288235753775,0.0010334288235753775
2024-08-27 01:00:00+09:00,0.0,0.0,0.0005840304074808955,0.0005840304074808955,0.0,0.0010334288235753775,0.0010334288235753775
2024-08-27 02:00:00+09:00,0.0,0.0,0.0005840304074808955,0.0005840304074808955,0.0,0.0010334288235753775,0.0010334288235753775
2024-08-27 03:00:00+09:00,0.0,0.0,0.0005840304074808955,0.0005840304074808955,0.0,0.0010334288235753775,0.0010334288235753775
2024-08-27 04:00:00+09:00,0.0,0.0,0.0005840304074808955,0.0005840304074808955,0.0,0.0010334288235753775,0.0010334288235753775
2024-08-27 05:00:00+09:00,0.0,0.0,0.0005840304074808955,0.0005840304074808955,0.0,0.0010334288235753775,0.0010334288235753775
2024-08-27 06:00:00+09:00,0.0,0.0,0.0006854765815660357,0.0006854765815660357,0.0,0.0,0.0
2024-08-27 07:00:00+09:00,0.03266603,0.0,0.024056239053606987,0.024056239053606987,0.0,0.032287951558828354,0.032287951558828354
2024-08-27 08:00:00+09:00,0.052710791,0.03266603,0.10234141595199585,0.10234141595199585,0.0,0.10162127763032913,0.10162127763032913
2024-08-27 09:00:00+09:00,0.198965167,0.052710791,0.19468071020471192,0.19468071020471192,0.0,0.2405499517917633,0.2405499517917633
2024-08-27 10:00:00+09:00,0.268751732,0.198965167,0.3548448880454941,0.3548448880454941,0.03266603,0.3717091108067322,0.3717091108067322
2024-08-27 11:00:00+09:00,0.446187646,0.268751732,0.32405607674349024,0.32405607674349024,0.052710791,0.3313090399585876,0.3313090399585876
2024-08-27 12:00:00+09:00,0.384567844,0.446187646,0.5694140501900635,0.5694140501900635,0.198965167,0.3934674908658905,0.3934674908658905
2024-08-27 13:00:00+09:00,0.336311559,0.384567844,0.3801703818778577,0.3801703818778577,0.268751732,0.3605280881010361,0.3605280881010361
2024-08-27 14:00:00+09:00,0.39793136,0.336311559,0.3253268374064412,0.3253268374064412,0.446187646,0.4244425733222685,0.4244425733222685
2024-08-27 15:00:00+09:00,0.324432536,0.39793136,0.3073673921760178,0.3073673921760178,0.384567844,0.25429813775076293,0.25429813775076293
2024-08-27 16:00:00+09:00,0.369719835,0.324432536,0.29332948938904857,0.29332948938904857,0.336311559,0.18211645893095396,0.18211645893095396
2024-08-27 17:00:00+09:00,0.239055715,0.369719835,0.21900719590660095,0.21900719590660095,0.39793136,0.06981208204589845,0.06981208204589845
2024-08-27 18:00:00+09:00,0.072013305,0.239055715,0.15488644639190674,0.15488644639190674,0.324432536,0.13106608294843292,0.13106608294843292
2024-08-27 19:00:00+09:00,0.013363516,0.072013305,0.0,0.0,0.369719835,0.12019123323436737,0.12019123323436737
2024-08-27 20:00:00+09:00,0.0,0.013363516,0.0,0.0,0.239055715,0.042065105830993654,0.042065105830993654
2024-08-27 21:00:00+09:00,0.0,0.0,0.0,0.0,0.072013305,0.0,0.0
2024-08-27 22:00:00+09:00,0.0,0.0,0.0,0.0,0.013363516,0.0,0.0
2024-08-27 23:00:00+09:00,0.0,0.0,0.0,0.0,0.0,0.0,0.0
2024-08-28 00:00:00+09:00,0.0,0.0,0.0,0.0,0.0,0.0,0.0
2024-08-28 01:00:00+09:00,0.0,0.0,0.0,0.0,0.0,0.0,0.0
2024-08-28 02:00:00+09:00,0.0,0.0,0.0,0.0,0.0,0.0,0.0
2024-08-28 03:00:00+09:00,0.0,0.0,0.0,0.0,0.0,0.0,0.0
2024-08-28 04:00:00+09:00,0.0,0.0,0.0,0.0,0.0,0.0,0.0
2024-08-28 05:00:00+09:00,0.0,0.0,0.0,0.0,0.0,0.0,0.0
2024-08-28 06:00:00+09:00,0.0,0.0,0.0,0.0,0.0,0.0,0.0
2024-08-28 07:00:00+09:00,0.014105762,0.0,0.02681359089910984,0.02681359089910984,0.0,0.009134919382631779,0.009134919382631779
2024-08-28 08:00:00+09:00,0.033408277,0.014105762,0.06617724021784019,0.06617724021784019,0.0,0.06456002593040466,0.06456002593040466
2024-08-28 09:00:00+09:00,0.159617892,0.033408277,0.13131991800170134,0.13131991800170134,0.0,0.17531239986419678,0.17531239986419678
2024-08-28 10:00:00+09:00,0.268009486,0.159617892,0.25570183107546995,0.25570183107546995,0.014105762,0.25288301205149843,0.25288301205149843
2024-08-28 11:00:00+09:00,0.207874177,0.268009486,0.36403374592488863,0.36403374592488863,0.033408277,0.40309100624423216,0.40309100624423216
2024-08-28 12:00:00+09:00,0.10913384,0.207874177,0.27841130455441665,0.27841130455441665,0.159617892,0.4024065346448822,0.4024065346448822
2024-08-28 13:00:00+09:00,0.218267681,0.10913384,0.12693843843575953,0.12693843843575953,0.268009486,0.4089479021233902,0.4089479021233902
2024-08-28 14:00:00+09:00,0.211586436,0.218267681,0.23303047932422732,0.23303047932422732,0.207874177,0.2863862346620102,0.2863862346620102
2024-08-28 15:00:00+09:00,0.25464597,0.211586436,0.19546956915808772,0.19546956915808772,0.10913384,0.07678296828803062,0.07678296828803062
2024-08-28 16:00:00+09:00,0.241282454,0.25464597,0.17994542075511932,0.17994542075511932,0.218267681,0.13744152515864944,0.13744152515864944
2024-08-28 17:00:00+09:00,0.218267681,0.241282454,0.14306133078146363,0.14306133078146363,0.211586436,0.0170242541695938,0.0170242541695938
2024-08-28 18:00:00+09:00,0.106164855,0.218267681,0.08152070820069884,0.08152070820069884,0.25464597,0.004491653574676513,0.004491653574676513
2024-08-28 19:00:00+09:00,0.014105762,0.106164855,0.035247159239273074,0.035247159239273074,0.241282454,0.015588170156959541,0.015588170156959541
2024-08-28 20:00:00+09:00,0.0,0.014105762,0.0,0.0,0.218267681,0.030171664354568473,0.030171664354568473
2024-08-28 21:00:00+09:00,0.0,0.0,0.0,0.0,0.106164855,0.0,0.0
2024-08-28 22:00:00+09:00,0.0,0.0,0.0011651135282590985,0.0011651135282590985,0.014105762,0.0,0.0
2024-08-28 23:00:00+09:00,0.0,0.0,0.0011651135282590985,0.0011651135282590985,0.0,0.009810110554099083,0.009810110554099083
2024-08-29 00:00:00+09:00,0.0,0.0,0.00037467165384441614,0.00037467165384441614,0.0,0.0,0.0
2024-08-29 01:00:00+09:00,0.0,0.0,0.00037467165384441614,0.00037467165384441614,0.0,0.0,0.0
2024-08-29 02:00:00+09:00,0.0,0.0,0.00037467165384441614,0.00037467165384441614,0.0,0.0,0.0
2024-08-29 03:00:00+09:00,0.0,0.0,0.00037467165384441614,0.00037467165384441614,0.0,0.0,0.0
2024-08-29 04:00:00+09:00,0.0,0.0,0.00037467165384441614,0.00037467165384441614,0.0,0.0,0.0
2024-08-29 05:00:00+09:00,0.0,0.0,0.00037467165384441614,0.00037467165384441614,0.0,0.0,0.0
2024-08-29 06:00:00+09:00,0.0,0.0,0.0003569240216165781,0.0003569240216165781,0.0,0.0,0.0
2024-08-29 07:00:00+09:00,0.011879023,0.0,0.019570544362068176,0.019570544362068176,0.0,0.021347541362047195,0.021347541362047195
2024-08-29 08:00:00+09:00,0.112103853,0.011879023,0.07001362724542427,0.07001362724542427,0.0,0.05382724478840828,0.05382724478840828
2024-08-29 09:00:00+09:00,0.279145236,0.112103853,0.1576382774837761,0.1576382774837761,0.0,0.1088620126247406,0.1088620126247406
2024-08-29 10:00:00+09:00,0.496671697,0.279145236,0.3904172506775246,0.3904172506775246,0.011879023,0.2565241417133789,0.2565241417133789
2024-08-29 11:00:00+09:00,0.447672139,0.496671697,0.5147154534849854,0.5147154534849854,0.112103853,0.3842938277848511,0.3842938277848511
2024-08-29 12:00:00+09:00,0.51077746,0.447672139,0.513997021209301,0.513997021209301,0.279145236,0.5608644437636718,0.5608644437636718
2024-08-29 13:00:00+09:00,0.467716899,0.51077746,0.5390956136942721,0.5390956136942721,0.496671697,0.6363001073393555,0.6363001073393555
2024-08-29 14:00:00+09:00,0.471429158,0.467716899,0.4993687311633339,0.4993687311633339,0.447672139,0.5538881151786461,0.5538881151786461
2024-08-29 15:00:00+09:00,0.579820752,0.471429158,0.45500820129895975,0.45500820129895975,0.51077746,0.5302462741345978,0.5302462741345978
2024-08-29 16:00:00+09:00,0.415006108,0.579820752,0.5334397478453179,0.5334397478453179,0.467716899,0.37017782428104784,0.37017782428104784
2024-08-29 17:00:00+09:00,0.338538298,0.415006108,0.33699064643593596,0.33699064643593596,0.471429158,0.2875278927364426,0.2875278927364426
2024-08-29 18:00:00+09:00,0.196738427,0.338538298,0.22739982007851411,0.22739982007851411,0.579820752,0.341941222404625,0.341941222404625
2024-08-29 19:00:00+09:00,0.038605028,0.196738427,0.11670635403866958,0.11670635403866958,0.415006108,0.1627891728422241,0.1627891728422241
2024-08-29 20:00:00+09:00,0.0,0.038605028,0.013807836156609535,0.013807836156609535,0.338538298,0.1432478964220505,0.1432478964220505
2024-08-29 21:00:00+09:00,0.0,0.0,0.0,0.0,0.196738427,0.055932765321685785,0.055932765321685785
2024-08-29 22:00:00+09:00,0.0,0.0,0.0009408732876181602,0.0009408732876181602,0.038605028,0.0,0.0
2024-08-29 23:00:00+09:00,0.0,0.0,0.0009408732876181602,0.0009408732876181602,0.0,0.005778967868536711,0.005778967868536711
2024-08-30 00:00:00+09:00,0.0,0.0,0.0007382230833172798,0.0007382230833172798,0.0,0.0019195408094674349,0.0019195408094674349
2024-08-30 01:00:00+09:00,0.0,0.0,0.0007382230833172798,0.0007382230833172798,0.0,0.0019195408094674349,0.0019195408094674349
2024-08-30 02:00:00+09:00,0.0,0.0,0.0007382230833172798,0.0007382230833172798,0.0,0.0019195408094674349,0.0019195408094674349
2024-08-30 03:00:00+09:00,0.0,0.0,0.0007382230833172798,0.0007382230833172798,0.0,0.0019195408094674349,0.0019195408094674349
2024-08-30 04:00:00+09:00,0.0,0.0,0.0007382230833172798,0.0007382230833172798,0.0,0.0019195408094674349,0.0019195408094674349
2024-08-30 05:00:00+09:00,0.0,0.0,0.0007382230833172798,0.0007382230833172798,0.0,0.0019195408094674349,0.0019195408094674349
2024-08-30 06:00:00+09:00,0.0,0.0,0.0006050416268408298,0.0006050416268408298,0.0,0.0012892570812255144,0.0012892570812255144
2024-08-30 07:00:00+09:00,0.000742246,0.0,0.018595514819025993,0.018595514819025993,0.0,0.029842320829629898,0.029842320829629898
2024-08-30 08:00:00+09:00,0.069786566,0.000742246,0.10065734812421417,0.10065734812421417,0.0,0.16653412580490112,0.16653412580490112
2024-08-30 09:00:00+09:00,0.250933711,0.069786566,0.21613103399755096,0.21613103399755096,0.0,0.2949161231517792,0.2949161231517792
2024-08-30 10:00:00+09:00,0.484792674,0.250933711,0.3466213611441002,0.3466213611441002,0.000742246,0.3488623095433197,0.3488623095433197
2024-08-30 11:00:00+09:00,0.658516328,0.484792674,0.530320083762144,0.530320083762144,0.069786566,0.3868228370952759,0.3868228370952759
2024-08-30 12:00:00+09:00,0.651091811,0.658516328,0.690842169486454,0.690842169486454,0.250933711,0.5134973270373688,0.5134973270373688
2024-08-30 13:00:00+09:00,0.56571499,0.651091811,0.6969920887934075,0.6969920887934075,0.484792674,0.6833493803093185,0.6833493803093185
2024-08-30 14:00:00+09:00,0.464005667,0.56571499,0.5835454531263018,0.5835454531263018,0.658516328,0.7524746387829094,0.7524746387829094
2024-08-30 15:00:00+09:00,0.384567844,0.464005667,0.4265751198222084,0.4265751198222084,0.651091811,0.6719537197934494,0.6719537197934494
2024-08-30 16:00:00+09:00,0.400900346,0.384567844,0.30209955039276504,0.30209955039276504,0.56571499,0.4907229814927483,0.4907229814927483
2024-08-30 17:00:00+09:00,0.170753642,0.400900346,0.3052192672679863,0.3052192672679863,0.464005667,0.25348225536841584,0.25348225536841584
2024-08-30 18:00:00+09:00,0.089831326,0.170753642,0.060257620192806255,0.060257620192806255,0.384567844,0.05440725597395324,0.05440725597395324
2024-08-30 19:00:00+09:00,0.028211525,0.089831326,0.005159932963157657,0.005159932963157657,0.400900346,0.1156591295788727,0.1156591295788727
2024-08-30 20:00:00+09:00,0.0,0.028211525,0.0,0.0,0.170753642,0.0,0.0
2024-08-30 21:00:00+09:00,0.0,0.0,0.0,0.0,0.089831326,0.0,0.0
2024-08-30 22:00:00+09:00,0.0,0.0,0.0,0.0,0.028211525,0.0,0.0
2024-08-30 23:00:00+09:00,0.0,0.0,0.0,0.0,0.0,0.0,0.0
2024-08-31 00:00:00+09:00,0.0,0.0,0.00038055103505030274,0.00038055103505030274,0.0,0.000836332212202251,0.000836332212202251
2024-08-31 01:00:00+09:00,0.0,0.0,0.00038055103505030274,0.00038055103505030274,0.0,0.000836332212202251,0.000836332212202251
2024-08-31 02:00:00+09:00,0.0,0.0,0.00038055103505030274,0.00038055103505030274,0.0,0.000836332212202251,0.000836332212202251
2024-08-31 03:00:00+09:00,0.0,0.0,0.00038055103505030274,0.00038055103505030274,0.0,0.000836332212202251,0.000836332212202251
2024-08-31 04:00:00+09:00,0.0,0.0,0.00038055103505030274,0.00038055103505030274,0.0,0.000836332212202251,0.000836332212202251
2024-08-31 05:00:00+09:00,0.0,0.0,0.00038055103505030274,0.00038055103505030274,0.0,0.000836332212202251,0.000836332212202251
2024-08-31 06:00:00+09:00,0.0,0.0,0.00017754873260855675,0.00017754873260855675,0.0,0.00046124603250063956,0.00046124603250063956
2024-08-31 07:00:00+09:00,0.033408277,0.0,0.023936444893479347,0.023936444893479347,0.0,0.01976885087788105,0.01976885087788105
2024-08-31 08:00:00+09:00,0.176693667,0.033408277,0.12709485765795897,0.12709485765795897,0.0,0.1125931367278099,0.1125931367278099
2024-08-31 09:00:00+09:00,0.351901814,0.176693667,0.29820287627524567,0.29820287627524567,0.0,0.22230347990989685,0.22230347990989685
2024-08-31 10:00:00+09:00,0.501868449,0.351901814,0.4779579636019363,0.4779579636019363,0.033408277,0.41563182350497435,0.41563182350497435
2024-08-31 11:00:00+09:00,0.58724527,0.501868449,0.5971738024030915,0.5971738024030915,0.176693667,0.5683102796728058,0.5683102796728058
2024-08-31 12:00:00+09:00,0.613229029,0.58724527,0.6576774114232254,0.6576774114232254,0.351901814,0.6608001437348022,0.6608001437348022
2024-08-31 13:00:00+09:00,0.609517796,0.613229029,0.6408182998450556,0.6408182998450556,0.501868449,0.6350651754413834,0.6350651754413834
2024-08-31 14:00:00+09:00,0.432081883,0.609517796,0.6391348708770237,0.6391348708770237,0.58724527,0.6675948345523072,0.6675948345523072
2024-08-31 15:00:00+09:00,0.356356319,0.432081883,0.3909168552325802,0.3909168552325802,0.613229029,0.5598744639458217,0.5598744639458217
2024-08-31 16:00:00+09:00,0.457323396,0.356356319,0.2828217185633125,0.2828217185633125,0.609517796,0.5313652586541138,0.5313652586541138
2024-08-31 17:00:00+09:00,0.293994271,0.457323396,0.330677905472847,0.330677905472847,0.432081883,0.2000993538366394,0.2000993538366394
2024-08-31 18:00:00+09:00,0.129178601,0.293994271,0.17738480939445112,0.17738480939445112,0.356356319,0.03527426343130491,0.03527426343130491
2024-08-31 19:00:00+09:00,0.023014773,0.129178601,0.0393382559153328,0.0393382559153328,0.457323396,0.18743457773599242,0.18743457773599242
2024-08-31 20:00:00+09:00,0.0,0.023014773,0.0,0.0,0.293994271,0.0866890184479675,0.0866890184479675
2024-08-31 21:00:00+09:00,0.0,0.0,0.0,0.0,0.129178601,0.0,0.0
2024-08-31 22:00:00+09:00,0.0,0.0,0.0007683827425353229,0.0007683827425353229,0.023014773,0.0,0.0
2024-08-31 23:00:00+09:00,0.0,0.0,0.0007683827425353229,0.0007683827425353229,0.0,0.0,0.0
2024-09-01 00:00:00+09:00,,,,,,,
2024-09-01 01:00:00+09:00,0.0,,,,0.0,0.0006584727088920772,0.0006584727088920772
2024-09-01 02:00:00+09:00,0.0,0.0,0.00016504706582054496,0.00016504706582054496,0.0,0.0006584727088920772,0.0006584727088920772
2024-09-01 03:00:00+09:00,0.0,0.0,0.00016504706582054496,0.00016504706582054496,,,
2024-09-01 04:00:00+09:00,0.0,0.0,0.00016504706582054496,0.00016504706582054496,0.0,0.0006584727088920772,0.0006584727088920772
2024-09-01 05:00:00+09:00,0.0,0.0,0.00016504706582054496,0.00016504706582054496,0.0,0.0006584727088920772,0.0006584727088920772
2024-09-01 06:00:00+09:00,0.0,0.0,1.100741428672336e-05,1.100741428672336e-05,0.0,0.0005449269665405154,0.0005449269665405154
2024-09-01 07:00:00+09:00,0.018560268,0.0,0.036395519971847534,0.036395519971847534,0.0,0.00022386563068721443,0.00022386563068721443
2024-09-01 08:00:00+09:00,0.158133399,0.018560268,0.11967430265270997,0.11967430265270997,0.0,0.13703973591327667,0.13703973591327667
2024-09-01 09:00:00+09:00,0.328887041,0.158133399,0.3097948546312561,0.3097948546312561,0.0,0.2830929160118103,0.2830929160118103
2024-09-01 10:00:00+09:00,0.464005667,0.328887041,0.4336741969858322,0.4336741969858322,0.018560268,0.33259014041744994,0.33259014041744994
2024-09-01 11:00:00+09:00,0.546412475,0.464005667,0.5317842245389862,0.5317842245389862,0.158133399,0.4790051395796051,0.4790051395796051
2024-09-01 12:00:00+09:00,0.508549694,0.546412475,0.6573182265859604,0.6573182265859604,0.328887041,0.6487540260826263,0.6487540260826263
2024-09-01 13:00:00+09:00,0.65480407,0.508549694,0.5373229068053904,0.5373229068053904,0.464005667,0.6240137696554108,0.6240137696554108
2024-09-01 14:00:00+09:00,0.649607318,0.65480407,0.5755553659837913,0.5755553659837913,0.546412475,0.517406334693408,0.517406334693408
2024-09-01 15:00:00+09:00,0.55457924,0.649607318,0.5971965775946789,0.5971965775946789,0.508549694,0.364649314461464,0.364649314461464
2024-09-01 16:00:00+09:00,0.446929892,0.55457924,0.49117864361976626,0.49117864361976626,0.65480407,0.41593382180149074,0.41593382180149074
2024-09-01 17:00:00+09:00,0.287312,0.446929892,0.3328578075731201,0.3328578075731201,0.649607318,0.44667195017735295,0.44667195017735295
2024-09-01 18:00:00+09:00,0.135860872,0.287312,0.16639187087965013,0.16639187087965013,0.55457924,0.244263511812439,0.244263511812439
2024-09-01 19:00:00+09:00,0.017818021,0.135860872,0.026490647822162622,0.026490647822162622,0.446929892,0.10868366568927001,0.10868366568927001
2024-09-01 20:00:00+09:00,0.0,0.017818021,0.00802084931043005,0.00802084931043005,0.287312,0.1123530556793213,0.1123530556793213
2024-09-01 21:00:00+09:00,0.0,0.0,0.0,0.0,0.135860872,0.04830500158621978,0.04830500158621978
2024-09-01 22:00:00+09:00,0.0,0.0,0.0,0.0,0.017818021,0.0057144699325881,0.0057144699325881
2024-09-01 23:00:00+09:00,0.0,0.0,0.0,0.0,0.0,0.0,0.0
2024-09-02 00:00:00+09:00,0.0,,,,,,
2024-09-02 01:00:00+09:00,0.0,0.0,0.0008503361023031175,0.0008503361023031175,0.0,0.0005837422213517129,0.0005837422213517129
2024-09-02 02:00:00+09:00,0.0,0.0,0.0008503361023031175,0.0008503361023031175,0.0,0.0005837422213517129,0.0005837422213517129
2024-09-02 03:00:00+09:00,0.0,0.0,0.0008503361023031175,0.0008503361023031175,0.0,0.0005837422213517129,0.0005837422213517129
2024-09-02 04:00:00+09:00,0.0,0.0,0.0008503361023031175,0.0008503361023031175,0.0,0.0005837422213517129,0.0005837422213517129
2024-09-02 05:00:00+09:00,0.0,0.0,0.0008503361023031175,0.0008503361023031175,0.0,0.0005837422213517129,0.0005837422213517129
2024-09-02 06:00:00+09:00,0.0,0.0,0.0009504095069132745,0.0009504095069132745,0.0,0.0002028861636063084,0.0002028861636063084
2024-09-02 07:00:00+09:00,0.014848009,0.0,0.015214389190077782,0.015214389190077782,0.0,0.027371268719434738,0.027371268719434738
2024-09-02 08:00:00+09:00,0.122497356,0.014848009,0.07137494186538124,0.07137494186538124,0.0,0.07445502281188965,0.07445502281188965
2024-09-02 09:00:00+09:00,0.288054247,0.122497356,0.263858622374588,0.263858622374588,0.0,0.2816666066646576,0.2816666066646576
2024-09-02 10:00:00+09:00,0.30884228,0.288054247,0.4223790062449188,0.4223790062449188,0.014848009,0.3803074213363495,0.3803074213363495
2024-09-02 11:00:00+09:00,0.575366247,0.30884228,0.40498373755767825,0.40498373755767825,0.122497356,0.5056944847727356,0.5056944847727356
2024-09-02 12:00:00+09:00,0.403128112,0.575366247,0.5828673155250164,0.5828673155250164,0.288054247,0.5329719973585816,0.5329719973585816
2024-09-02 13:00:00+09:00,0.207131931,0.403128112,0.43639021207071493,0.43639021207071493,0.30884228,0.49311610409572604,0.49311610409572604
2024-09-02 14:00:00+09:00,0.256130463,0.207131931,0.16180309411192512,0.16180309411192512,0.575366247,0.6785992640273781,0.6785992640273781
2024-09-02 15:00:00+09:00,0.155163387,0.256130463,0.15954163533037946,0.15954163533037946,0.403128112,0.32149587039328764,0.32149587039328764
2024-09-02 16:00:00+09:00,0.033408277,0.155163387,0.021646002470886244,0.021646002470886244,0.207131931,0.03750743847394561,0.03750743847394561
2024-09-02 17:00:00+09:00,0.05642305,0.033408277,0.0,0.0,0.256130463,0.004338806982696508,0.004338806982696508
2024-09-02 18:00:00+09:00,0.046771793,0.05642305,0.0,0.0,0.155163387,0.0,0.0
2024-09-02 19:00:00+09:00,0.005196752,0.046771793,0.0,0.0,0.033408277,0.0,0.0
2024-09-02 20:00:00+09:00,0.0,0.005196752,0.0,0.0,0.05642305,0.0,0.0
2024-09-02 21:00:00+09:00,0.0,0.0,0.0,0.0,0.046771793,0.0,0.0
2024-09-02 22:00:00+09:00,0.0,0.0,0.0,0.0,0.005196752,0.0,0.0
2024-09-02 23:00:00+09:00,0.0,0.0,0.0,0.0,0.0,0.0,0.0
2024-09-03 00:00:00+09:00,0.0,0.0,0.000509807257913053,0.000509807257913053,0.0,0.00012237545161042362,0.00012237545161042362
2024-09-03 01:00:00+09:00,0.0,0.0,0.000509807257913053,0.000509807257913053,0.0,0.00012237545161042362,0.00012237545161042362
2024-09-03 02:00:00+09:00,0.0,0.0,0.000509807257913053,0.000509807257913053,0.0,0.00012237545161042362,0.00012237545161042362
2024-09-03 03:00:00+09:00,0.0,0.0,0.000509807257913053,0.000509807257913053,0.0,0.00012237545161042362,0.00012237545161042362
2024-09-03 04:00:00+09:00,0.0,0.0,0.000509807257913053,0.000509807257913053,0.0,0.00012237545161042362,0.00012237545161042362
2024-09-03 05:00:00+09:00,0.0,0.0,0.000509807257913053,0.000509807257913053,0.0,0.00012237545161042362,0.00012237545161042362
2024-09-03 06:00:00+09:00,0.0,0.0,0.0005592000088654459,0.0005592000088654459,0.0,0.0,0.0
2024-09-03 07:00:00+09:00,0.008166764,0.0,0.015225534327328205,0.015225534327328205,0.0,0.009595449082553387,0.009595449082553387
2024-09-03 08:00:00+09:00,0.07795333,0.008166764,0.10634553811842345,0.10634553811842345,0.0,0.13142600655555725,0.13142600655555725
2024-09-03 09:00:00+09:00,0.256873736,0.07795333,0.16680970670755385,0.16680970670755385,0.0,0.20879995822906494,0.20879995822906494
2024-09-03 10:00:00+09:00,0.127694108,0.256873736,0.4102732481717453,0.4102732481717453,0.008166764,0.3210997917442932,0.3210997917442932
2024-09-03 11:00:00+09:00,0.247222479,0.127694108,0.19358562718888092,0.19358562718888092,0.07795333,0.4100934776860046,0.4100934776860046
2024-09-03 12:00:00+09:00,0.285085261,0.247222479,0.2820064048611202,0.2820064048611202,0.256873736,0.5160238238334045,0.5160238238334045
2024-09-03 13:00:00+09:00,0.527852208,0.285085261,0.30793696655114744,0.30793696655114744,0.127694108,0.3033259738590317,0.3033259738590317
2024-09-03 14:00:00+09:00,0.625850298,0.527852208,0.5346545471067982,0.5346545471067982,0.247222479,0.2892010282122173,0.2892010282122173
2024-09-03 15:00:00+09:00,0.489247179,0.625850298,0.5383598064309578,0.5383598064309578,0.285085261,0.22662264121850584,0.22662264121850584
2024-09-03 16:00:00+09:00,0.367492069,0.489247179,0.47625269681803367,0.47625269681803367,0.527852208,0.4280963247831421,0.4280963247831421
2024-09-03 17:00:00+09:00,0.287312,0.367492069,0.26499138444065473,0.26499138444065473,0.625850298,0.42167288858952334,0.42167288858952334
2024-09-03 18:00:00+09:00,0.119527344,0.287312,0.18733917822790147,0.18733917822790147,0.489247179,0.21693039533338926,0.21693039533338926
2024-09-03 19:00:00+09:00,0.022272527,0.119527344,0.04438173432316207,0.04438173432316207,0.367492069,0.1233540666043701,0.1233540666043701
2024-09-03 20:00:00+09:00,0.0,0.022272527,0.01353779040842247,0.01353779040842247,0.287312,0.11270613869380952,0.11270613869380952
2024-09-03 21:00:00+09:00,0.0,0.0,0.0,0.0,0.119527344,0.028844070028919214,0.028844070028919214
2024-09-03 22:00:00+09:00,0.0,0.0,0.0,0.0,0.022272527,0.011504385402490616,0.011504385402490616
2024-09-03 23:00:00+09:00,0.0,0.0,0.0,0.0,0.0,0.0,0.0
2024-09-04 00:00:00+09:00,0.0,0.0,0.0,0.0,0.0,0.0,0.0
2024-09-04 01:00:00+09:00,0.0,0.0,0.0,0.0,0.0,0.0,0.0
2024-09-04 02:00:00+09:00,0.0,0.0,0.0,0.0,0.0,0.0,0.0
2024-09-04 03:00:00+09:00,0.0,0.0,0.0,0.0,0.0,0.0,0.0
2024-09-04 04:00:00+09:00,0.0,0.0,0.0,0.0,0.0,0.0,0.0
2024-09-04 05:00:00+09:00,0.0,0.0,0.0,0.0,0.0,0.0,0.0
2024-09-04 06:00:00+09:00,0.0,0.0,0.0,0.0,0.0,0.0,0.0
2024-09-04 07:00:00+09:00,0.029696018,0.0,0.008684753440320492,0.008684753440320492,0.0,0.00556182162836194,0.00556182162836194
2024-09-04 08:00:00+09:00,0.163330151,0.029696018,0.09483525951659012,0.09483525951659012,0.0,0.04907991364598274,0.04907991364598274
2024-09-04 09:00:00+09:00,0.342250557,0.163330151,0.2999438031100998,0.2999438031100998,0.0,0.22686922550201416,0.22686922550201416
2024-09-04 10:00:00+09:00,0.48553492,0.342250557,0.4292420980876274,0.4292420980876274,0.029696018,0.25357402910744475,0.25357402910744475
2024-09-04 11:00:00+09:00,0.591699775,0.48553492,0.5392025323738289,0.5392025323738289,0.163330151,0.3423393799447785,0.3423393799447785
2024-09-04 12:00:00+09:00,0.638471568,0.591699775,0.6079217788473606,0.6079217788473606,0.342250557,0.5211155278032609,0.5211155278032609
2024-09-04 13:00:00+09:00,0.47439917,0.638471568,0.6512612989139371,0.6512612989139371,0.48553492,0.532459384404583,0.532459384404583
2024-09-04 14:00:00+09:00,0.533792233,0.47439917,0.5129430127329063,0.5129430127329063,0.591699775,0.784852903027916,0.784852903027916
2024-09-04 15:00:00+09:00,0.546412475,0.533792233,0.5370775253031896,0.5370775253031896,0.638471568,0.614169016477149,0.614169016477149
2024-09-04 16:00:00+09:00,0.448414385,0.546412475,0.46694633323965073,0.46694633323965073,0.47439917,0.33845094414417265,0.33845094414417265
2024-09-04 17:00:00+09:00,0.290282013,0.448414385,0.2781712111623383,0.2781712111623383,0.533792233,0.31253582788487244,0.31253582788487244
2024-09-04 18:00:00+09:00,0.129178601,0.290282013,0.17969520586823273,0.17969520586823273,0.546412475,0.2889460693698883,0.2889460693698883
2024-09-04 19:00:00+09:00,0.016332502,0.129178601,0.0284381459090004,0.0284381459090004,0.448414385,0.07479515639854434,0.07479515639854434
2024-09-04 20:00:00+09:00,0.0,0.016332502,0.009478616517003297,0.009478616517003297,0.290282013,0.13205163377617646,0.13205163377617646
2024-09-04 21:00:00+09:00,0.0,0.0,8.495662041241303e-05,8.495662041241303e-05,0.129178601,0.06635799506633377,0.06635799506633377
2024-09-04 22:00:00+09:00,0.0,0.0,0.0006332665216177702,0.0006332665216177702,0.016332502,0.012664184195886968,0.012664184195886968
2024-09-04 23:00:00+09:00,0.0,0.0,0.0006332665216177702,0.0006332665216177702,0.0,0.004515941720455885,0.004515941720455885
2024-09-05 00:00:00+09:00,0.0,0.0,0.0,0.0,0.0,0.0,0.0
2024-09-05 01:00:00+09:00,0.0,0.0,0.0,0.0,0.0,0.0,0.0
2024-09-05 02:00:00+09:00,0.0,0.0,0.0,0.0,0.0,0.0,0.0
2024-09-05 03:00:00+09:00,0.0,0.0,0.0,0.0,0.0,0.0,0.0
2024-09-05 04:00:00+09:00,0.0,0.0,0.0,0.0,0.0,0.0,0.0
2024-09-05 05:00:00+09:00,0.0,0.0,0.0,0.0,0.0,0.0,0.0
2024-09-05 06:00:00+09:00,0.0,0.0,0.0,0.0,0.0,0.0,0.0
2024-09-05 07:00:00+09:00,0.028211525,0.0,0.00878388062119484,0.00878388062119484,0.0,0.0,0.0
2024-09-05 08:00:00+09:00,0.159617892,0.028211525,0.09175865194883347,0.09175865194883347,0.0,0.04771661013364792,0.04771661013364792
2024-09-05 09:00:00+09:00,0.333341546,0.159617892,0.2545696035950584,0.2545696035950584,0.0,0.28958290815353394,0.28958290815353394
2024-09-05 10:00:00+09:00,0.478853676,0.333341546,0.4283284094343147,0.4283284094343147,0.028211525,0.3228297739395142,0.3228297739395142
2024-09-05 11:00:00+09:00,0.572397261,0.478853676,0.48824893915778494,0.48824893915778494,0.159617892,0.4103699238031311,0.4103699238031311
2024-09-05 12:00:00+09:00,0.631789296,0.572397261,0.6384399003151283,0.6384399003151283,0.333341546,0.5549432408223114,0.5549432408223114
2024-09-05 13:00:00+09:00,0.645895059,0.631789296,0.620170105314549,0.620170105314549,0.478853676,0.5497988047984848,0.5497988047984848
2024-09-05 14:00:00+09:00,0.634017062,0.645895059,0.5886907118961658,0.5886907118961658,0.572397261,0.49259804103406524,0.49259804103406524
2024-09-05 15:00:00+09:00,0.560518238,0.634017062,0.5824579713856811,0.5824579713856811,0.631789296,0.5132728657412491,0.5132728657412491
2024-09-05 16:00:00+09:00,0.447672139,0.560518238,0.4304533333102112,0.4304533333102112,0.645895059,0.44407785941217803,0.44407785941217803
2024-09-05 17:00:00+09:00,0.285085261,0.447672139,0.2894566907396927,0.2894566907396927,0.634017062,0.4315958289420242,0.4315958289420242
2024-09-05 18:00:00+09:00,0.117300605,0.285085261,0.17954294396718595,0.17954294396718595,0.560518238,0.29126882856282044,0.29126882856282044
2024-09-05 19:00:00+09:00,0.013363516,0.117300605,0.05032900494430542,0.05032900494430542,0.447672139,0.1697805627098694,0.1697805627098694
2024-09-05 20:00:00+09:00,0.0,0.013363516,0.0074839974240336424,0.0074839974240336424,0.285085261,0.13738609863599394,0.13738609863599394
2024-09-05 21:00:00+09:00,0.0,0.0,0.0003140383632853627,0.0003140383632853627,0.117300605,0.05199137848709107,0.05199137848709107
2024-09-05 22:00:00+09:00,0.0,0.0,0.0009042182937264442,0.0009042182937264442,0.013363516,0.01097172782280779,0.01097172782280779
2024-09-05 23:00:00+09:00,0.0,0.0,0.0009042182937264442,0.0009042182937264442,0.0,0.005035600159317255,0.005035600159317255
2024-09-06 00:00:00+09:00,0.0,0.0,6.12372241448611e-05,6.12372241448611e-05,0.0,0.0006738619995303452,0.0006738619995303452
2024-09-06 01:00:00+09:00,0.0,0.0,6.12372241448611e-05,6.12372241448611e-05,0.0,0.0006738619995303452,0.0006738619995303452
2024-09-06 02:00:00+09:00,0.0,0.0,6.12372241448611e-05,6.12372241448611e-05,0.0,0.0006738619995303452,0.0006738619995303452
2024-09-06 03:00:00+09:00,0.0,0.0,6.12372241448611e-05,6.12372241448611e-05,0.0,0.0006738619995303452,0.0006738619995303452
2024-09-06 04:00:00+09:00,0.0,0.0,6.12372241448611e-05,6.12372241448611e-05,0.0,0.0006738619995303452,0.0006738619995303452
2024-09-06 05:00:00+09:00,0.0,0.0,6.12372241448611e-05,6.12372241448611e-05,0.0,0.0006738619995303452,0.0006738619995303452
2024-09-06 06:00:00+09:00,0.0,0.0,0.0,0.0,0.0,8.392658492084593e-05,8.392658492084593e-05
2024-09-06 07:00:00+09:00,0.004454505,0.0,0.01678561605513096,0.01678561605513096,0.0,0.018225835636258125,0.018225835636258125
2024-09-06 08:00:00+09:00,0.072755551,0.004454505,0.07539669081914901,0.07539669081914901,0.0,0.05874750018119812,0.05874750018119812
2024-09-06 09:00:00+09:00,0.236085702,0.072755551,0.26445416178262326,0.26445416178262326,0.0,0.33572953939437866,0.33572953939437866
2024-09-06 10:00:00+09:00,0.328887041,0.236085702,0.3111778984645386,0.3111778984645386,0.004454505,0.2892556305264282,0.2892556305264282
2024-09-06 11:00:00+09:00,0.381597832,0.328887041,0.3657093190525684,0.3657093190525684,0.072755551,0.3533152696088562,0.3533152696088562
2024-09-06 12:00:00+09:00,0.426885131,0.381597832,0.43158481285546496,0.43158481285546496,0.236085702,0.4594942520240326,0.4594942520240326
2024-09-06 13:00:00+09:00,0.170753642,0.426885131,0.456271599231678,0.456271599231678,0.328887041,0.45642256298410033,0.45642256298410033
2024-09-06 14:00:00+09:00,0.185601651,0.170753642,0.18452441973213388,0.18452441973213388,0.381597832,0.4565859215018578,0.4565859215018578
2024-09-06 15:00:00+09:00,0.201192933,0.185601651,0.09531409971616364,0.09531409971616364,0.426885131,0.28573820292802427,0.28573820292802427
2024-09-06 16:00:00+09:00,0.097255844,0.201192933,0.0858444672593193,0.0858444672593193,0.170753642,0.0,0.0
2024-09-06 17:00:00+09:00,0.104679335,0.097255844,0.0,0.0,0.185601651,0.0,0.0
2024-09-06 18:00:00+09:00,0.024499266,0.104679335,0.0,0.0,0.201192933,0.0,0.0
2024-09-06 19:00:00+09:00,0.002226739,0.024499266,0.0,0.0,0.097255844,0.0,0.0
2024-09-06 20:00:00+09:00,0.0,0.002226739,0.0,0.0,0.104679335,0.0,0.0
2024-09-06 21:00:00+09:00,0.0,0.0,9.727344149723649e-05,9.727344149723649e-05,0.024499266,0.0,0.0
2024-09-06 22:00:00+09:00,0.0,0.0,0.0004540634690783918,0.0004540634690783918,0.002226739,0.0,0.0
2024-09-06 23:00:00+09:00,0.0,0.0,0.0004540634690783918,0.0004540634690783918,0.0,0.0010159257799386978,0.0010159257799386978
2024-09-07 00:00:00+09:00,0.0,0.0,3.557451782398857e-05,3.557451782398857e-05,0.0,0.0004099462821613997,0.0004099462821613997
2024-09-07 01:00:00+09:00,0.0,0.0,3.557451782398857e-05,3.557451782398857e-05,0.0,0.0004099462821613997,0.0004099462821613997
2024-09-07 02:00:00+09:00,0.0,0.0,3.557451782398857e-05,3.557451782398857e-05,0.0,0.0004099462821613997,0.0004099462821613997
2024-09-07 03:00:00+09:00,0.0,0.0,3.557451782398857e-05,3.557451782398857e-05,0.0,0.0004099462821613997,0.0004099462821613997
2024-09-07 04:00:00+09:00,0.0,0.0,3.557451782398857e-05,3.557451782398857e-05,0.0,0.0004099462821613997,0.0004099462821613997
2024-09-07 05:00:00+09:00,0.0,0.0,3.557451782398857e-05,3.557451782398857e-05,0.0,0.0004099462821613997,0.0004099462821613997
2024-09-07 06:00:00+09:00,0.0,0.0,0.0,0.0,0.0,0.00010583498806226999,0.00010583498806226999
2024-09-07 07:00:00+09:00,0.001484493,0.0,0.007926907390356064,0.007926907390356064,0.0,0.0002490339975338429,0.0002490339975338429
2024-09-07 08:00:00+09:00,0.063104294,0.001484493,0.06810821799704361,0.06810821799704361,0.0,0.048762984573841095,0.048762984573841095
2024-09-07 09:00:00+09:00,0.155163387,0.063104294,0.1929854226687851,0.1929854226687851,0.0,0.21332518756389618,0.21332518756389618
2024-09-07 10:00:00+09:00,0.281373002,0.155163387,0.3502506410473938,0.3502506410473938,0.001484493,0.3412939703292541,0.3412939703292541
2024-09-07 11:00:00+09:00,0.392734608,0.281373002,0.35971443391576,0.35971443391576,0.063104294,0.37008457606825257,0.37008457606825257
2024-09-07 12:00:00+09:00,0.362295318,0.392734608,0.43253857860513495,0.43253857860513495,0.155163387,0.3791747336978073,0.3791747336978073
2024-09-07 13:00:00+09:00,0.524883222,0.362295318,0.34597729293255136,0.34597729293255136,0.281373002,0.3212420124484558,0.3212420124484558
2024-09-07 14:00:00+09:00,0.639956061,0.524883222,0.5006298666608305,0.5006298666608305,0.392734608,0.43039130265065,0.43039130265065
2024-09-07 15:00:00+09:00,0.523397702,0.639956061,0.5716196710411415,0.5716196710411415,0.362295318,0.2826649728938751,0.2826649728938751
2024-09-07 16:00:00+09:00,0.313296786,0.523397702,0.4327462494586487,0.4327462494586487,0.524883222,0.44151154549538807,0.44151154549538807
2024-09-07 17:00:00+09:00,0.217525435,0.313296786,0.21307160561250305,0.21307160561250305,0.639956061,0.4249299356881485,0.4249299356881485
2024-09-07 18:00:00+09:00,0.092059092,0.217525435,0.13990679135852813,0.13990679135852813,0.523397702,0.29934342505679323,0.29934342505679323
2024-09-07 19:00:00+09:00,0.006681245,0.092059092,0.0473486495761795,0.0473486495761795,0.313296786,0.12631610636876678,0.12631610636876678
2024-09-07 20:00:00+09:00,0.0,0.006681245,0.0010454833441329,0.0010454833441329,0.217525435,0.0711168473058319,0.0711168473058319
2024-09-07 21:00:00+09:00,0.0,0.0,0.00158321566414088,0.00158321566414088,0.092059092,0.03493320696043205,0.03493320696043205
2024-09-07 22:00:00+09:00,0.0,0.0,0.001940005226060748,0.001940005226060748,0.006681245,0.0021300336279821393,0.0021300336279821393
2024-09-07 23:00:00+09:00,0.0,0.0,0.001940005226060748,0.001940005226060748,0.0,0.00469221081584692,0.00469221081584692
2024-09-08 00:00:00+09:00,0.0,0.0,0.00016504706582054496,0.00016504706582054496,0.0,0.0006584727088920772,0.0006584727088920772
2024-09-08 01:00:00+09:00,0.0,0.0,0.00016504706582054496,0.00016504706582054496,0.0,0.0006584727088920772,0.0006584727088920772
2024-09-08 02:00:00+09:00,0.0,0.0,0.00016504706582054496,0.00016504706582054496,0.0,0.0006584727088920772,0.0006584727088920772
2024-09-08 03:00:00+09:00,0.0,0.0,0.00016504706582054496,0.00016504706582054496,0.0,0.0006584727088920772,0.0006584727088920772
2024-09-08 04:00:00+09:00,0.0,0.0,0.00016504706582054496,0.00016504706582054496,0.0,0.0006584727088920772,0.0006584727088920772
2024-09-08 05:00:00+09:00,0.0,0.0,0.00016504706582054496,0.00016504706582054496,0.0,0.0006584727088920772,0.0006584727088920772
2024-09-08 06:00:00+09:00,0.0,0.0,1.100741428672336e-05,1.100741428672336e-05,0.0,0.0005449269665405154,0.0005449269665405154
2024-09-08 07:00:00+09:00,0.007424518,0.0,0.011322162114083767,0.011322162114083767,0.0,0.02482598088681698,0.02482598088681698
2024-09-08 08:00:00+09:00,0.072013305,0.007424518,0.10471389396082688,0.10471389396082688,0.0,0.10133180767297745,0.10133180767297745
2024-09-08 09:00:00+09:00,0.238313468,0.072013305,0.1441510780369568,0.1441510780369568,0.0,0.1337084025144577,0.1337084025144577
2024-09-08 10:00:00+09:00,0.408324864,0.238313468,0.3511222990360908,0.3511222990360908,0.007424518,0.317923351656311,0.317923351656311
2024-09-08 11:00:00+09:00,0.507065201,0.408324864,0.41514135548464204,0.41514135548464204,0.072013305,0.3092395974909592,0.3092395974909592
2024-09-08 12:00:00+09:00,0.388280103,0.507065201,0.5390426011836776,0.5390426011836776,0.238313468,0.45642391016156003,0.45642391016156003
2024-09-08 13:00:00+09:00,0.205647438,0.388280103,0.38665235242166357,0.38665235242166357,0.408324864,0.475803110986866,0.475803110986866
2024-09-08 14:00:00+09:00,0.250933711,0.205647438,0.10512353403404998,0.10512353403404998,0.507065201,0.5219434153369317,0.5219434153369317
2024-09-08 15:00:00+09:00,0.190799429,0.250933711,0.1645433051066742,0.1645433051066742,0.388280103,0.23859413901169585,0.23859413901169585
2024-09-08 16:00:00+09:00,0.280630755,0.190799429,0.12642298537550353,0.12642298537550353,0.205647438,0.018741592000282276,0.018741592000282276
2024-09-08 17:00:00+09:00,0.15664788,0.280630755,0.18332508461940766,0.18332508461940766,0.250933711,0.006454367704902653,0.006454367704902653
2024-09-08 18:00:00+09:00,0.066816553,0.15664788,0.050736684721832265,0.050736684721832265,0.190799429,0.0,0.0
2024-09-08 19:00:00+09:00,0.002970012,0.066816553,0.0,0.0,0.280630755,0.0,0.0
2024-09-08 20:00:00+09:00,0.0,0.002970012,0.0,0.0,0.15664788,0.0,0.0
2024-09-08 21:00:00+09:00,0.0,0.0,0.0,0.0,0.066816553,0.0,0.0
2024-09-08 22:00:00+09:00,0.0,0.0,0.0,0.0,0.002970012,0.0,0.0
2024-09-08 23:00:00+09:00,0.0,0.0,0.0,0.0,0.0,0.0,0.0
2024-09-09 00:00:00+09:00,0.0,0.0,0.0008503361023031175,0.0008503361023031175,0.0,0.0005837422213517129,0.0005837422213517129
2024-09-09 01:00:00+09:00,0.0,0.0,0.0008503361023031175,0.0008503361023031175,0.0,0.0005837422213517129,0.0005837422213517129
2024-09-09 02:00:00+09:00,0.0,0.0,0.0008503361023031175,0.0008503361023031175,0.0,0.0005837422213517129,0.0005837422213517129
2024-09-09 03:00:00+09:00,0.0,0.0,0.0008503361023031175,0.0008503361023031175,0.0,0.0005837422213517129,0.0005837422213517129
2024-09-09 04:00:00+09:00,0.0,0.0,0.0008503361023031175,0.0008503361023031175,0.0,0.0005837422213517129,0.0005837422213517129
2024-09-09 05:00:00+09:00,0.0,0.0,0.0008503361023031175,0.0008503361023031175,0.0,0.0005837422213517129,0.0005837422213517129
2024-09-09 06:00:00+09:00,0.0,0.0,0.0009504095069132745,0.0009504095069132745,0.0,0.0002028861636063084,0.0002028861636063084
2024-09-09 07:00:00+09:00,0.001484493,0.0,0.011942360550165176,0.011942360550165176,0.0,0.0073572853580117226,0.0073572853580117226
2024-09-09 08:00:00+09:00,0.085376821,0.001484493,0.045983283055513385,0.045983283055513385,0.0,0.09025269746780396,0.09025269746780396
2024-09-09 09:00:00+09:00,0.227918938,0.085376821,0.22410204215707397,0.22410204215707397,0.0,0.26097068190574646,0.26097068190574646
2024-09-09 10:00:00+09:00,0.383082325,0.227918938,0.39944273253182216,0.39944273253182216,0.001484493,0.3851235604114227,0.3851235604114227
2024-09-09 11:00:00+09:00,0.331857053,0.383082325,0.4617084510509491,0.4617084510509491,0.085376821,0.4484330932682953,0.4484330932682953
2024-09-09 12:00:00+09:00,0.370462082,0.331857053,0.35580640974965383,0.35580640974965383,0.227918938,0.5133851023505096,0.5133851023505096
2024-09-09 13:00:00+09:00,0.550866981,0.370462082,0.41550084543369487,0.41550084543369487,0.383082325,0.4911281116191864,0.4911281116191864
2024-09-09 14:00:00+09:00,0.513004199,0.550866981,0.5500583774622654,0.5500583774622654,0.331857053,0.41726354267027665,0.41726354267027665
2024-09-09 15:00:00+09:00,0.467716899,0.513004199,0.4904715328979483,0.4904715328979483,0.370462082,0.33438949626825526,0.33438949626825526
2024-09-09 16:00:00+09:00,0.410551603,0.467716899,0.405365966491293,0.405365966491293,0.550866981,0.4450738401713905,0.4450738401713905
2024-09-09 17:00:00+09:00,0.257615982,0.410551603,0.2432675166533737,0.2432675166533737,0.513004199,0.22258658740103154,0.22258658740103154
2024-09-09 18:00:00+09:00,0.104679335,0.257615982,0.10631576031840517,0.10631576031840517,0.467716899,0.13149866112310793,0.13149866112310793
2024-09-09 19:00:00+09:00,0.008166764,0.104679335,0.036319922747097014,0.036319922747097014,0.410551603,0.11957957879765319,0.11957957879765319
2024-09-09 20:00:00+09:00,0.0,0.008166764,0.0,0.0,0.257615982,0.04335158914721682,0.04335158914721682
2024-09-09 21:00:00+09:00,0.0,0.0,0.0,0.0,0.104679335,0.0015730076450920089,0.0015730076450920089
2024-09-09 22:00:00+09:00,0.0,0.0,0.0,0.0,0.008166764,0.0,0.0
2024-09-09 23:00:00+09:00,0.0,0.0,0.0,0.0,0.0,0.0,0.0
2024-09-10 00:00:00+09:00,0.0,0.0,0.000509807257913053,0.000509807257913053,0.0,0.00012237545161042362,0.00012237545161042362
2024-09-10 01:00:00+09:00,0.0,0.0,0.000509807257913053,0.000509807257913053,0.0,0.00012237545161042362,0.00012237545161042362
2024-09-10 02:00:00+09:00,0.0,0.0,0.000509807257913053,0.000509807257913053,0.0,0.00012237545161042362,0.00012237545161042362
2024-09-10 03:00:00+09:00,0.0,0.0,0.000509807257913053,0.000509807257913053,0.0,0.00012237545161042362,0.00012237545161042362
2024-09-10 04:00:00+09:00,0.0,0.0,0.000509807257913053,0.000509807257913053,0.0,0.00012237545161042362,0.00012237545161042362
2024-09-10 05:00:00+09:00,0.0,0.0,0.000509807257913053,0.000509807257913053,0.0,0.00012237545161042362,0.00012237545161042362
2024-09-10 06:00:00+09:00,0.0,0.0,0.0005592000088654459,0.0005592000088654459,0.0,0.0,0.0
2024-09-10 07:00:00+09:00,0.02153028,0.0,0.010095360688865185,0.010095360688865185,0.0,0.024891886860132217,0.024891886860132217
2024-09-10 08:00:00+09:00,0.14551213,0.02153028,0.0949805026114273,0.0949805026114273,0.0,0.06738065928220749,0.06738065928220749
2024-09-10 09:00:00+09:00,0.317008018,0.14551213,0.3046476802605438,0.3046476802605438,0.0,0.2592196464538574,0.2592196464538574
2024-09-10 10:00:00+09:00,0.469202419,0.317008018,0.4639145577977829,0.4639145577977829,0.02153028,0.32589773285987855,0.32589773285987855
2024-09-10 11:00:00+09:00,0.415748355,0.469202419,0.5945678848794402,0.5945678848794402,0.14551213,0.4695615134018707,0.4695615134018707
2024-09-10 12:00:00+09:00,0.559033745,0.415748355,0.43107534667728425,0.43107534667728425,0.317008018,0.5607744599412613,0.5607744599412613
2024-09-10 13:00:00+09:00,0.51968647,0.559033745,0.6032340871485424,0.6032340871485424,0.469202419,0.5039463836720885,0.5039463836720885
2024-09-10 14:00:00+09:00,0.597638773,0.51968647,0.4551120048443985,0.4551120048443985,0.415748355,0.28819979449985506,0.28819979449985506
2024-09-10 15:00:00+09:00,0.534534479,0.597638773,0.5437927676496487,0.5437927676496487,0.559033745,0.475947522589798,0.475947522589798
2024-09-10 16:00:00+09:00,0.406097098,0.534534479,0.4865216896611728,0.4865216896611728,0.51968647,0.3688874786774826,0.3688874786774826
2024-09-10 17:00:00+09:00,0.249449218,0.406097098,0.3009140852164726,0.3009140852164726,0.597638773,0.34360726383900453,0.34360726383900453
2024-09-10 18:00:00+09:00,0.100967076,0.249449218,0.1250743515144043,0.1250743515144043,0.534534479,0.2813563891428985,0.2813563891428985
2024-09-10 19:00:00+09:00,0.005938998,0.100967076,0.01376688140275574,0.01376688140275574,0.406097098,0.17233684540505217,0.17233684540505217
2024-09-10 20:00:00+09:00,0.0,0.005938998,0.0,0.0,0.249449218,0.07484335669380951,0.07484335669380951
2024-09-10 21:00:00+09:00,0.0,0.0,0.0,0.0,0.100967076,0.010283802028919223,0.010283802028919223
2024-09-10 22:00:00+09:00,0.0,0.0,0.0,0.0,0.005938998,0.0,0.0
2024-09-10 23:00:00+09:00,0.0,0.0,0.0,0.0,0.0,0.0,0.0
2024-09-11 00:00:00+09:00,,,,,,,
2024-09-11 01:00:00+09:00,0.0,,,,0.0,0.0,0.0
2024-09-11 02:00:00+09:00,0.0,0.0,0.0,0.0,0.0,0.0,0.0
2024-09-11 03:00:00+09:00,0.0,0.0,0.0,0.0,,,
2024-09-11 04:00:00+09:00,0.0,0.0,0.0,0.0,0.0,0.0,0.0
2024-09-11 05:00:00+09:00,0.0,0.0,0.0,0.0,0.0,0.0,0.0
2024-09-11 06:00:00+09:00,0.0,0.0,0.0,0.0,0.0,0.0,0.0
2024-09-11 07:00:00+09:00,0.002226739,0.0,0.006544882897287607,0.006544882897287607,0.0,0.00015184989024419338,0.00015184989024419338
2024-09-11 08:00:00+09:00,0.02153028,0.002226739,0.11095153428188706,0.11095153428188706,0.0,0.09572006016969681,0.09572006016969681
2024-09-11 09:00:00+09:00,0.031181537,0.02153028,0.17087354708316804,0.17087354708316804,0.0,0.27049019932746887,0.27049019932746887
2024-09-11 10:00:00+09:00,0.15442114,0.031181537,0.13263390996819688,0.13263390996819688,0.002226739,0.29642355329862974,0.29642355329862974
2024-09-11 11:00:00+09:00,0.190056156,0.15442114,0.18229463931895734,0.18229463931895734,0.02153028,0.29326284874084474,0.29326284874084474
2024-09-11 12:00:00+09:00,0.373431068,0.190056156,0.18965536179567552,0.18965536179567552,0.031181537,0.13368216940528108,0.13368216940528108
2024-09-11 13:00:00+09:00,0.326659275,0.373431068,0.34870155723075197,0.34870155723075197,0.15442114,0.1584700099451089,0.1584700099451089
2024-09-11 14:00:00+09:00,0.44395988,0.326659275,0.3155296163307667,0.3155296163307667,0.190056156,0.2522089701200543,0.2522089701200543
2024-09-11 15:00:00+09:00,0.309584527,0.44395988,0.34929901671970365,0.34929901671970365,0.373431068,0.2559035086003952,0.2559035086003952
2024-09-11 16:00:00+09:00,0.331857053,0.309584527,0.24294665335040283,0.24294665335040283,0.326659275,0.23004690349569323,0.23004690349569323
2024-09-11 17:00:00+09:00,0.184117158,0.331857053,0.2344059696378975,0.2344059696378975,0.44395988,0.2397468121107864,0.2397468121107864
2024-09-11 18:00:00+09:00,0.059393062,0.184117158,0.07553259009552765,0.07553259009552765,0.309584527,0.03567826627116394,0.03567826627116394
2024-09-11 19:00:00+09:00,0.002226739,0.059393062,0.0,0.0,0.331857053,0.107669619280365,0.107669619280365
2024-09-11 20:00:00+09:00,0.0,0.002226739,0.0,0.0,0.184117158,0.025886778776176456,0.025886778776176456
2024-09-11 21:00:00+09:00,0.0,0.0,8.495662041241303e-05,8.495662041241303e-05,0.059393062,0.0,0.0
2024-09-11 22:00:00+09:00,0.0,0.0,0.0006332665216177702,0.0006332665216177702,0.002226739,0.0,0.0
2024-09-11 23:00:00+09:00,0.0,0.0,0.0006332665216177702,0.0006332665216177702,0.0,0.004515941720455885,0.004515941720455885
2024-09-12 00:00:00+09:00,0.0,,,,,,
2024-09-12 01:00:00+09:00,0.0,0.0,0.0,0.0,0.0,0.0,0.0
2024-09-12 02:00:00+09:00,0.0,0.0,0.0,0.0,0.0,0.0,0.0
2024-09-12 03:00:00+09:00,0.0,0.0,0.0,0.0,0.0,0.0,0.0
2024-09-12 04:00:00+09:00,0.0,0.0,0.0,0.0,0.0,0.0,0.0
2024-09-12 05:00:00+09:00,0.0,0.0,0.0,0.0,0.0,0.0,0.0
2024-09-12 06:00:00+09:00,0.0,0.0,0.0,0.0,0.0,0.0,0.0
2024-09-12 07:00:00+09:00,0.008166764,0.0,0.007946229539811611,0.007946229539811611,0.0,0.010153119452297688,0.010153119452297688
2024-09-12 08:00:00+09:00,0.079437823,0.008166764,0.06011864549809837,0.06011864549809837,0.0,0.04533969238400459,0.04533969238400459
2024-09-12 09:00:00+09:00,0.279145236,0.079437823,0.16900486588721086,0.16900486588721086,0.0,0.10530716925859451,0.10530716925859451
2024-09-12 10:00:00+09:00,0.45435441,0.279145236,0.31013580678361513,0.31013580678361513,0.008166764,0.16829476139837646,0.16829476139837646
2024-09-12 11:00:00+09:00,0.54344349,0.45435441,0.4949616686774826,0.4949616686774826,0.079437823,0.28069390446190645,0.28069390446190645
2024-09-12 12:00:00+09:00,0.213070929,0.54344349,0.565614579425683,0.565614579425683,0.279145236,0.4918491196479187,0.4918491196479187
2024-09-12 13:00:00+09:00,0.26726724,0.213070929,0.27188070113382723,0.27188070113382723,0.45435441,0.604784776396904,0.604784776396904
2024-09-12 14:00:00+09:00,0.400900346,0.26726724,0.25771874354504587,0.25771874354504587,0.54344349,0.6302458384945298,0.6302458384945298
2024-09-12 15:00:00+09:00,0.447672139,0.400900346,0.36133567686776735,0.36133567686776735,0.213070929,0.17978725204787635,0.17978725204787635
2024-09-12 16:00:00+09:00,0.141799871,0.447672139,0.4199515144190207,0.4199515144190207,0.26726724,0.16295367271923067,0.16295367271923067
2024-09-12 17:00:00+09:00,0.049741805,0.141799871,0.05431474384898757,0.05431474384898757,0.400900346,0.19991704519490816,0.19991704519490816
2024-09-12 18:00:00+09:00,0.018560268,0.049741805,0.0,0.0,0.447672139,0.19986007649809268,0.19986007649809268
2024-09-12 19:00:00+09:00,0.002226739,0.018560268,0.0,0.0,0.141799871,0.0,0.0
2024-09-12 20:00:00+09:00,0.0,0.002226739,0.0,0.0,0.049741805,0.0,0.0
2024-09-12 21:00:00+09:00,0.0,0.0,0.0003140383632853627,0.0003140383632853627,0.018560268,0.0,0.0
2024-09-12 22:00:00+09:00,0.0,0.0,0.0009042182937264442,0.0009042182937264442,0.002226739,0.0,0.0
2024-09-12 23:00:00+09:00,0.0,0.0,0.0009042182937264442,0.0009042182937264442,0.0,0.005035600159317255,0.005035600159317255
2024-09-13 00:00:00+09:00,0.0,0.0,6.12372241448611e-05,6.12372241448611e-05,0.0,0.0006738619995303452,0.0006738619995303452
2024-09-13 01:00:00+09:00,0.0,0.0,6.12372241448611e-05,6.12372241448611e-05,0.0,0.0006738619995303452,0.0006738619995303452
2024-09-13 02:00:00+09:00,0.0,0.0,6.12372241448611e-05,6.12372241448611e-05,0.0,0.0006738619995303452,0.0006738619995303452
2024-09-13 03:00:00+09:00,0.0,0.0,6.12372241448611e-05,6.12372241448611e-05,0.0,0.0006738619995303452,0.0006738619995303452
2024-09-13 04:00:00+09:00,0.0,0.0,6.12372241448611e-05,6.12372241448611e-05,0.0,0.0006738619995303452,0.0006738619995303452
2024-09-13 05:00:00+09:00,0.0,0.0,6.12372241448611e-05,6.12372241448611e-05,0.0,0.0006738619995303452,0.0006738619995303452
2024-09-13 06:00:00+09:00,0.0,0.0,0.0,0.0,0.0,8.392658492084593e-05,8.392658492084593e-05
2024-09-13 07:00:00+09:00,0.017075775,0.0,0.011418667621910572,0.011418667621910572,0.0,0.013532613404095173,0.013532613404095173
2024-09-13 08:00:00+09:00,0.139573131,0.017075775,0.07421989906086922,0.07421989906086922,0.0,0.06670637428760529,0.06670637428760529
2024-09-13 09:00:00+09:00,0.302902255,0.139573131,0.2800482253183899,0.2800482253183899,0.0,0.2818852961063385,0.2818852961063385
2024-09-13 10:00:00+09:00,0.45286889,0.302902255,0.41239363306892396,0.41239363306892396,0.017075775,0.34608423504486086,0.34608423504486086
2024-09-13 11:00:00+09:00,0.453611137,0.45286889,0.4921622201627636,0.4921622201627636,0.139573131,0.4281725327124176,0.4281725327124176
2024-09-13 12:00:00+09:00,0.524883222,0.453611137,0.4936230197819824,0.4936230197819824,0.302902255,0.48406055921447755,0.48406055921447755
2024-09-13 13:00:00+09:00,0.615456795,0.524883222,0.5459508711260529,0.5459508711260529,0.45286889,0.5157216824418449,0.5157216824418449
2024-09-13 14:00:00+09:00,0.591699775,0.615456795,0.6355758697320651,0.6355758697320651,0.453611137,0.5181027367982025,0.5181027367982025
2024-09-13 15:00:00+09:00,0.517458704,0.591699775,0.5126434226230622,0.5126434226230622,0.524883222,0.48899986983954624,0.48899986983954624
2024-09-13 16:00:00+09:00,0.397188087,0.517458704,0.4512116878085175,0.4512116878085175,0.615456795,0.5168686263789367,0.5168686263789367
2024-09-13 17:00:00+09:00,0.231631197,0.397188087,0.31988064665948107,0.31988064665948107,0.591699775,0.379035915871048,0.379035915871048
2024-09-13 18:00:00+09:00,0.07646781,0.231631197,0.1386061459426613,0.1386061459426613,0.517458704,0.2323221831374207,0.2323221831374207
2024-09-13 19:00:00+09:00,0.003712259,0.07646781,0.026749281014022824,0.026749281014022824,0.397188087,0.18386453856383517,0.18386453856383517
2024-09-13 20:00:00+09:00,0.0,0.003712259,0.0,0.0,0.231631197,0.0734237506632538,0.0734237506632538
2024-09-13 21:00:00+09:00,0.0,0.0,9.727344149723649e-05,9.727344149723649e-05,0.07646781,0.01087373288970947,0.01087373288970947
2024-09-13 22:00:00+09:00,0.0,0.0,0.0004540634690783918,0.0004540634690783918,0.003712259,0.0,0.0
2024-09-13 23:00:00+09:00,0.0,0.0,0.0004540634690783918,0.0004540634690783918,0.0,0.0010159257799386978,0.0010159257799386978
2024-09-14 00:00:00+09:00,0.0,0.0,3.557451782398857e-05,3.557451782398857e-05,0.0,0.0004099462821613997,0.0004099462821613997
2024-09-14 01:00:00+09:00,0.0,0.0,3.557451782398857e-05,3.557451782398857e-05,0.0,0.0004099462821613997,0.0004099462821613997
2024-09-14 02:00:00+09:00,0.0,0.0,3.557451782398857e-05,3.557451782398857e-05,0.0,0.0004099462821613997,0.0004099462821613997
2024-09-14 03:00:00+09:00,0.0,0.0,3.557451782398857e-05,3.557451782398857e-05,0.0,0.0004099462821613997,0.0004099462821613997
2024-09-14 04:00:00+09:00,0.0,0.0,3.557451782398857e-05,3.557451782398857e-05,0.0,0.0004099462821613997,0.0004099462821613997
2024-09-14 05:00:00+09:00,0.0,0.0,3.557451782398857e-05,3.557451782398857e-05,0.0,0.0004099462821613997,0.0004099462821613997
2024-09-14 06:00:00+09:00,0.0,0.0,0.0,0.0,0.0,0.00010583498806226999,0.00010583498806226999
2024-09-14 07:00:00+09:00,0.017075775,0.0,0.012303327210247517,0.012303327210247517,0.0,0.005117753986269236,0.005117753986269236
2024-09-14 08:00:00+09:00,0.141799871,0.017075775,0.1076182702507019,0.1076182702507019,0.0,0.1137344092130661,0.1137344092130661
2024-09-14 09:00:00+09:00,0.307356761,0.141799871,0.31569981959695437,0.31569981959695437,0.0,0.29374977946281433,0.29374977946281433
2024-09-14 10:00:00+09:00,0.426142885,0.307356761,0.3778636913512573,0.3778636913512573,0.017075775,0.3117088058914185,0.3117088058914185
2024-09-14 11:00:00+09:00,0.434308623,0.426142885,0.48620263731528285,0.48620263731528285,0.141799871,0.4405562916123352,0.4405562916123352
2024-09-14 12:00:00+09:00,0.46326342,0.434308623,0.49481253795227814,0.49481253795227814,0.307356761,0.4630581449483261,0.4630581449483261
2024-09-14 13:00:00+09:00,0.550866981,0.46326342,0.487915956958456,0.487915956958456,0.426142885,0.6087813811605072,0.6087813811605072
2024-09-14 14:00:00+09:00,0.550866981,0.550866981,0.5275277448448477,0.5275277448448477,0.434308623,0.41773129910132695,0.41773129910132695
2024-09-14 15:00:00+09:00,0.503352942,0.550866981,0.4444928662481842,0.4444928662481842,0.46326342,0.3181084222935867,0.3181084222935867
2024-09-14 16:00:00+09:00,0.401642592,0.503352942,0.4575012643438263,0.4575012643438263,0.550866981,0.4061733977499542,0.4061733977499542
2024-09-14 17:00:00+09:00,0.2420247,0.401642592,0.29203181092642977,0.29203181092642977,0.550866981,0.3142782495918808,0.3142782495918808
2024-09-14 18:00:00+09:00,0.094285832,0.2420247,0.09975206370563508,0.09975206370563508,0.503352942,0.18542918754634097,0.18542918754634097
2024-09-14 19:00:00+09:00,0.004454505,0.094285832,0.04615584875367355,0.04615584875367355,0.401642592,0.1589421791305466,0.1589421791305466
2024-09-14 20:00:00+09:00,0.0,0.004454505,0.0,0.0,0.2420247,0.09561611230583192,0.09561611230583192
2024-09-14 21:00:00+09:00,0.0,0.0,0.00158321566414088,0.00158321566414088,0.094285832,0.03715994696043205,0.03715994696043205
2024-09-14 22:00:00+09:00,0.0,0.0,0.001940005226060748,0.001940005226060748,0.004454505,0.0,0.0
2024-09-14 23:00:00+09:00,0.0,0.0,0.001940005226060748,0.001940005226060748,0.0,0.00469221081584692,0.00469221081584692
2024-09-15 00:00:00+09:00,0.0,0.0,0.00016504706582054496,0.00016504706582054496,0.0,0.0006584727088920772,0.0006584727088920772
2024-09-15 01:00:00+09:00,0.0,0.0,0.00016504706582054496,0.00016504706582054496,0.0,0.0006584727088920772,0.0006584727088920772
2024-09-15 02:00:00+09:00,0.0,0.0,0.00016504706582054496,0.00016504706582054496,0.0,0.0006584727088920772,0.0006584727088920772
2024-09-15 03:00:00+09:00,0.0,0.0,0.00016504706582054496,0.00016504706582054496,0.0,0.0006584727088920772,0.0006584727088920772
2024-09-15 04:00:00+09:00,0.0,0.0,0.00016504706582054496,0.00016504706582054496,0.0,0.0006584727088920772,0.0006584727088920772
2024-09-15 05:00:00+09:00,0.0,0.0,0.00016504706582054496,0.00016504706582054496,0.0,0.0006584727088920772,0.0006584727088920772
2024-09-15 06:00:00+09:00,0.0,0.0,1.100741428672336e-05,1.100741428672336e-05,0.0,0.0005449269665405154,0.0005449269665405154
2024-09-15 07:00:00+09:00,0.001484493,0.0,0.012773839756846428,0.012773839756846428,0.0,0.00513940304517746,0.00513940304517746
2024-09-15 08:00:00+09:00,0.070528812,0.001484493,0.11309797523686219,0.11309797523686219,0.0,0.12297054380178452,0.12297054380178452
2024-09-15 09:00:00+09:00,0.220495447,0.070528812,0.19500772584363174,0.19500772584363174,0.0,0.2910296320915222,0.2910296320915222
2024-09-15 10:00:00+09:00,0.393476855,0.220495447,0.35617887922141267,0.35617887922141267,0.001484493,0.37603546140858457,0.37603546140858457
2024-09-15 11:00:00+09:00,0.42020286,0.393476855,0.4702893607220459,0.4702893607220459,0.070528812,0.4332520135132904,0.4332520135132904
2024-09-15 12:00:00+09:00,0.152193374,0.42020286,0.4925201026223755,0.4925201026223755,0.220495447,0.5019081974825592,0.5019081974825592
2024-09-15 13:00:00+09:00,0.184859404,0.152193374,0.16202772874336147,0.16202772874336147,0.393476855,0.4746088646254349,0.4746088646254349
2024-09-15 14:00:00+09:00,0.328887041,0.184859404,0.11597436818714524,0.11597436818714524,0.42020286,0.3482627210639572,0.3482627210639572
2024-09-15 15:00:00+09:00,0.484050428,0.328887041,0.24481694707023238,0.24481694707023238,0.152193374,0.0,0.0
2024-09-15 16:00:00+09:00,0.317008018,0.484050428,0.4076716503768234,0.4076716503768234,0.184859404,0.00565009716387177,0.00565009716387177
2024-09-15 17:00:00+09:00,0.230146704,0.317008018,0.20040943424212265,0.20040943424212265,0.328887041,0.12601382592069243,0.12601382592069243
2024-09-15 18:00:00+09:00,0.066074307,0.230146704,0.10556515840864564,0.10556515840864564,0.484050428,0.178278749313858,0.178278749313858
2024-09-15 19:00:00+09:00,0.002226739,0.066074307,0.0,0.0,0.317008018,0.05502161334263611,0.05502161334263611
2024-09-15 20:00:00+09:00,0.0,0.002226739,0.0,0.0,0.230146704,0.0551877596793213,0.0551877596793213
2024-09-15 21:00:00+09:00,0.0,0.0,0.0,0.0,0.066074307,0.0,0.0
2024-09-15 22:00:00+09:00,0.0,0.0,0.0,0.0,0.002226739,0.0,0.0
2024-09-15 23:00:00+09:00,0.0,0.0,0.0,0.0,0.0,0.0,0.0
2024-09-16 00:00:00+09:00,0.0,0.0,0.0008503361023031175,0.0008503361023031175,0.0,0.0005837422213517129,0.0005837422213517129
2024-09-16 01:00:00+09:00,0.0,0.0,0.0008503361023031175,0.0008503361023031175,0.0,0.0005837422213517129,0.0005837422213517129
2024-09-16 02:00:00+09:00,0.0,0.0,0.0008503361023031175,0.0008503361023031175,0.0,0.0005837422213517129,0.0005837422213517129
2024-09-16 03:00:00+09:00,0.0,0.0,0.0008503361023031175,0.0008503361023031175,0.0,0.0005837422213517129,0.0005837422213517129
2024-09-16 04:00:00+09:00,0.0,0.0,0.0008503361023031175,0.0008503361023031175,0.0,0.0005837422213517129,0.0005837422213517129
2024-09-16 05:00:00+09:00,0.0,0.0,0.0008503361023031175,0.0008503361023031175,0.0,0.0005837422213517129,0.0005837422213517129
2024-09-16 06:00:00+09:00,0.0,0.0,0.0009504095069132745,0.0009504095069132745,0.0,0.0002028861636063084,0.0002028861636063084
2024-09-16 07:00:00+09:00,0.001484493,0.0,0.010069910436868668,0.010069910436868668,0.0,0.026659434661269188,0.026659434661269188
2024-09-16 08:00:00+09:00,0.059393062,0.001484493,0.051888069344251636,0.051888069344251636,0.0,0.08352203667163849,0.08352203667163849
2024-09-16 09:00:00+09:00,0.221237693,0.059393062,0.17345525950642776,0.17345525950642776,0.0,0.1936948150396347,0.1936948150396347
2024-09-16 10:00:00+09:00,0.236827949,0.221237693,0.3778652884246521,0.3778652884246521,0.001484493,0.3565283214873962,0.3565283214873962
2024-09-16 11:00:00+09:00,0.345219543,0.236827949,0.3015921133881798,0.3015921133881798,0.059393062,0.39437980831118774,0.39437980831118774
2024-09-16 12:00:00+09:00,0.324432536,0.345219543,0.3751955067564421,0.3751955067564421,0.221237693,0.40211920814530183,0.40211920814530183
2024-09-16 13:00:00+09:00,0.491474945,0.324432536,0.4222393994867668,0.4222393994867668,0.236827949,0.40116071136057285,0.40116071136057285
2024-09-16 14:00:00+09:00,0.248706972,0.491474945,0.5218862592192364,0.5218862592192364,0.345219543,0.396720932592886,0.396720932592886
2024-09-16 15:00:00+09:00,0.35264406,0.248706972,0.31787307351529315,0.31787307351529315,0.324432536,0.37772985451816177,0.37772985451816177
2024-09-16 16:00:00+09:00,0.268009486,0.35264406,0.30615545456033705,0.30615545456033705,0.491474945,0.26626019542533874,0.26626019542533874
2024-09-16 17:00:00+09:00,0.14551213,0.268009486,0.1404445789260254,0.1404445789260254,0.248706972,0.019457822439071654,0.019457822439071654
2024-09-16 18:00:00+09:00,0.057907543,0.14551213,0.0,0.0,0.35264406,0.01642582212310789,0.01642582212310789
2024-09-16 19:00:00+09:00,0.002970012,0.057907543,0.0,0.0,0.268009486,0.028241994182525654,0.028241994182525654
2024-09-16 20:00:00+09:00,0.0,0.002970012,0.0,0.0,0.14551213,0.0,0.0
2024-09-16 21:00:00+09:00,0.0,0.0,0.0,0.0,0.057907543,0.0,0.0
2024-09-16 22:00:00+09:00,0.0,0.0,0.0,0.0,0.002970012,0.0,0.0
2024-09-16 23:00:00+09:00,0.0,0.0,0.0,0.0,0.0,0.0,0.0
2024-09-17 00:00:00+09:00,0.0,0.0,0.000509807257913053,0.000509807257913053,0.0,0.00012237545161042362,0.00012237545161042362
2024-09-17 01:00:00+09:00,0.0,0.0,0.000509807257913053,0.000509807257913053,0.0,0.00012237545161042362,0.00012237545161042362
2024-09-17 02:00:00+09:00,0.0,0.0,0.000509807257913053,0.000509807257913053,0.0,0.00012237545161042362,0.00012237545161042362
2024-09-17 03:00:00+09:00,0.0,0.0,0.000509807257913053,0.000509807257913053,0.0,0.00012237545161042362,0.00012237545161042362
2024-09-17 04:00:00+09:00,0.0,0.0,0.000509807257913053,0.000509807257913053,0.0,0.00012237545161042362,0.00012237545161042362
2024-09-17 05:00:00+09:00,0.0,0.0,0.000509807257913053,0.000509807257913053,0.0,0.00012237545161042362,0.00012237545161042362
2024-09-17 06:00:00+09:00,0.0,0.0,0.0005592000088654459,0.0005592000088654459,0.0,0.0,0.0
2024-09-17 07:00:00+09:00,0.01262127,0.0,0.010095360688865185,0.010095360688865185,0.0,0.024891886860132217,0.024891886860132217
2024-09-17 08:00:00+09:00,0.09799809,0.01262127,0.07281847807671547,0.07281847807671547,0.0,0.08421064913272858,0.08421064913272858
2024-09-17 09:00:00+09:00,0.281373002,0.09799809,0.21896967282995222,0.21896967282995222,0.0,0.18813839554786682,0.18813839554786682
2024-09-17 10:00:00+09:00,0.426885131,0.281373002,0.45010020620360564,0.45010020620360564,0.01262127,0.3049227460017395,0.3049227460017395
2024-09-17 11:00:00+09:00,0.52191321,0.426885131,0.5398647218927917,0.5398647218927917,0.09799809,0.42984367153152464,0.42984367153152464
2024-09-17 12:00:00+09:00,0.541215724,0.52191321,0.5817611497594929,0.5817611497594929,0.281373002,0.5233142603112717,0.5233142603112717
2024-09-17 13:00:00+09:00,0.49815619,0.541215724,0.5585348072138061,0.5585348072138061,0.426885131,0.5347112670526084,0.5347112670526084
2024-09-17 14:00:00+09:00,0.541215724,0.49815619,0.4839261165703559,0.4839261165703559,0.52191321,0.5434581153794146,0.5434581153794146
2024-09-17 15:00:00+09:00,0.438763128,0.541215724,0.5403244134879117,0.5403244134879117,0.541215724,0.460530592748188,0.460530592748188
2024-09-17 16:00:00+09:00,0.42168838,0.438763128,0.3741886553938179,0.3741886553938179,0.49815619,0.34913438566726684,0.34913438566726684
2024-09-17 17:00:00+09:00,0.241282454,0.42168838,0.32054079538286206,0.32054079538286206,0.541215724,0.2546480062093963,0.2546480062093963
2024-09-17 18:00:00+09:00,0.084634575,0.241282454,0.186027763650898,0.186027763650898,0.438763128,0.21814832218239594,0.21814832218239594
2024-09-17 19:00:00+09:00,0.0,0.084634575,0.02389889111180306,0.02389889111180306,0.42168838,0.16276592230499265,0.16276592230499265
2024-09-17 20:00:00+09:00,0.0,0.0,0.0,0.0,0.241282454,0.06667659269380952,0.06667659269380952
2024-09-17 21:00:00+09:00,0.0,0.0,0.0,0.0,0.084634575,0.0,0.0
2024-09-17 22:00:00+09:00,0.0,0.0,0.0,0.0,0.0,0.0,0.0
2024-09-17 23:00:00+09:00,0.0,0.0,0.0,0.0,0.0,0.0,0.0
2024-09-18 00:00:00+09:00,0.0,0.0,0.0,0.0,0.0,0.0,0.0
2024-09-18 01:00:00+09:00,0.0,0.0,0.0,0.0,0.0,0.0,0.0
2024-09-18 02:00:00+09:00,0.0,0.0,0.0,0.0,0.0,0.0,0.0
2024-09-18 03:00:00+09:00,0.0,0.0,0.0,0.0,0.0,0.0,0.0
2024-09-18 04:00:00+09:00,0.0,0.0,0.0,0.0,0.0,0.0,0.0
2024-09-18 05:00:00+09:00,0.0,0.0,0.0,0.0,0.0,0.0,0.0
2024-09-18 06:00:00+09:00,0.0,0.0,0.0,0.0,0.0,0.0,0.0
2024-09-18 07:00:00+09:00,0.013363516,0.0,0.008254481479525566,0.008254481479525566,0.0,0.010395180433988571,0.010395180433988571
2024-09-18 08:00:00+09:00,0.139573131,0.013363516,0.048850359436956405,0.048850359436956405,0.0,0.06939024478197098,0.06939024478197098
2024-09-18 09:00:00+09:00,0.287312,0.139573131,0.22612574348350142,0.22612574348350142,0.0,0.2085391879081726,0.2085391879081726
2024-09-18 10:00:00+09:00,0.379371092,0.287312,0.3886350085372925,0.3886350085372925,0.013363516,0.3374825176269684,0.3374825176269684
2024-09-18 11:00:00+09:00,0.527852208,0.379371092,0.4566815647268219,0.4566815647268219,0.139573131,0.41531923810144045,0.41531923810144045
2024-09-18 12:00:00+09:00,0.562003757,0.527852208,0.5443850873227672,0.5443850873227672,0.287312,0.4122915034527779,0.4122915034527779
2024-09-18 13:00:00+09:00,0.566457236,0.562003757,0.550451355181665,0.550451355181665,0.379371092,0.45117843923806383,0.45117843923806383
2024-09-18 14:00:00+09:00,0.54195797,0.566457236,0.5157860906800613,0.5157860906800613,0.527852208,0.46868263615327643,0.46868263615327643
2024-09-18 15:00:00+09:00,0.494443931,0.54195797,0.48191576007673265,0.48191576007673265,0.562003757,0.5666723918505319,0.5666723918505319
2024-09-18 16:00:00+09:00,0.38753683,0.494443931,0.4355048056111393,0.4355048056111393,0.566457236,0.43713855166047666,0.43713855166047666
2024-09-18 17:00:00+09:00,0.171495888,0.38753683,0.2845959204355049,0.2845959204355049,0.54195797,0.342310126162262,0.342310126162262
2024-09-18 18:00:00+09:00,0.047514039,0.171495888,0.0723227519445305,0.0723227519445305,0.494443931,0.18023974479890442,0.18023974479890442
2024-09-18 19:00:00+09:00,0.0,0.047514039,0.019771777932967187,0.019771777932967187,0.38753683,0.1804864618101883,0.1804864618101883
2024-09-18 20:00:00+09:00,0.0,0.0,0.0,0.0,0.171495888,0.013265508776176466,0.013265508776176466
2024-09-18 21:00:00+09:00,0.0,0.0,8.495662041241303e-05,8.495662041241303e-05,0.047514039,0.0,0.0
2024-09-18 22:00:00+09:00,0.0,0.0,0.0006332665216177702,0.0006332665216177702,0.0,0.0,0.0
2024-09-18 23:00:00+09:00,0.0,0.0,0.0006332665216177702,0.0006332665216177702,0.0,0.004515941720455885,0.004515941720455885
2024-09-19 00:00:00+09:00,0.0,0.0,0.0,0.0,0.0,0.0,0.0
2024-09-19 01:00:00+09:00,0.0,0.0,0.0,0.0,0.0,0.0,0.0
2024-09-19 02:00:00+09:00,0.0,0.0,0.0,0.0,0.0,0.0,0.0
2024-09-19 03:00:00+09:00,0.0,0.0,0.0,0.0,0.0,0.0,0.0
2024-09-19 04:00:00+09:00,0.0,0.0,0.0,0.0,0.0,0.0,0.0
2024-09-19 05:00:00+09:00,0.0,0.0,0.0,0.0,0.0,0.0,0.0
2024-09-19 06:00:00+09:00,0.0,0.0,0.0,0.0,0.0,0.0,0.0
2024-09-19 07:00:00+09:00,0.010393504,0.0,0.012303699739277363,0.012303699739277363,0.0,0.00998834241181612,0.00998834241181612
2024-09-19 08:00:00+09:00,0.107649348,0.010393504,0.09137656906872177,0.09137656906872177,0.0,0.10672446340322495,0.10672446340322495
2024-09-19 09:00:00+09:00,0.318493537,0.107649348,0.16781748018593598,0.16781748018593598,0.0,0.1688779890537262,0.1688779890537262
2024-09-19 10:00:00+09:00,0.428369624,0.318493537,0.411932020774662,0.411932020774662,0.010393504,0.2699287570479431,0.2699287570479431
2024-09-19 11:00:00+09:00,0.439505374,0.428369624,0.4963944977335205,0.4963944977335205,0.107649348,0.3543625541719895,0.3543625541719895
2024-09-19 12:00:00+09:00,0.58724527,0.439505374,0.42738067352824116,0.42738067352824116,0.318493537,0.48016434102374267,0.48016434102374267
2024-09-19 13:00:00+09:00,0.588729763,0.58724527,0.6108388578008604,0.6108388578008604,0.428369624,0.5043063661269417,0.5043063661269417
2024-09-19 14:00:00+09:00,0.568685002,0.588729763,0.5513460129189377,0.5513460129189377,0.439505374,0.38814348535292054,0.38814348535292054
2024-09-19 15:00:00+09:00,0.498898436,0.568685002,0.4940766536900063,0.4940766536900063,0.58724527,0.5525093109767628,0.5525093109767628
2024-09-19 16:00:00+09:00,0.389764596,0.498898436,0.42256340073550797,0.42256340073550797,0.588729763,0.44104855653523256,0.44104855653523256
2024-09-19 17:00:00+09:00,0.204161919,0.389764596,0.29215763159064867,0.29215763159064867,0.568685002,0.35616571393695073,0.35616571393695073
2024-09-19 18:00:00+09:00,0.083150082,0.204161919,0.13012032145485306,0.13012032145485306,0.498898436,0.2465124918719635,0.2465124918719635
2024-09-19 19:00:00+09:00,0.006681245,0.083150082,0.05601823210011196,0.05601823210011196,0.389764596,0.20050758518247225,0.20050758518247225
2024-09-19 20:00:00+09:00,0.0,0.006681245,0.0008017264240336415,0.0008017264240336415,0.204161919,0.056462756635993955,0.056462756635993955
2024-09-19 21:00:00+09:00,0.0,0.0,0.0003140383632853627,0.0003140383632853627,0.083150082,0.017840855487091065,0.017840855487091065
2024-09-19 22:00:00+09:00,0.0,0.0,0.0009042182937264442,0.0009042182937264442,0.006681245,0.004289456822807789,0.004289456822807789
2024-09-19 23:00:00+09:00,0.0,0.0,0.0009042182937264442,0.0009042182937264442,0.0,0.005035600159317255,0.005035600159317255
2024-09-20 00:00:00+09:00,0.0,0.0,6.12372241448611e-05,6.12372241448611e-05,0.0,0.0006738619995303452,0.0006738619995303452
2024-09-20 01:00:00+09:00,0.0,0.0,6.12372241448611e-05,6.12372241448611e-05,0.0,0.0006738619995303452,0.0006738619995303452
2024-09-20 02:00:00+09:00,0.0,0.0,6.12372241448611e-05,6.12372241448611e-05,0.0,0.0006738619995303452,0.0006738619995303452
2024-09-20 03:00:00+09:00,0.0,0.0,6.12372241448611e-05,6.12372241448611e-05,0.0,0.0006738619995303452,0.0006738619995303452
2024-09-20 04:00:00+09:00,0.0,0.0,6.12372241448611e-05,6.12372241448611e-05,0.0,0.0006738619995303452,0.0006738619995303452
2024-09-20 05:00:00+09:00,0.0,0.0,6.12372241448611e-05,6.12372241448611e-05,0.0,0.0006738619995303452,0.0006738619995303452
2024-09-20 06:00:00+09:00,0.0,0.0,0.0,0.0,0.0,8.392658492084593e-05,8.392658492084593e-05
2024-09-20 07:00:00+09:00,0.01262127,0.0,0.012534338049590588,0.012534338049590588,0.0,0.008654613047838211,0.008654613047838211
2024-09-20 08:00:00+09:00,0.057165296,0.01262127,0.09772878277208329,0.09772878277208329,0.0,0.1167343482375145,0.1167343482375145
2024-09-20 09:00:00+09:00,0.061619801,0.057165296,0.22685425094937897,0.22685425094937897,0.0,0.3101889491081238,0.3101889491081238
2024-09-20 10:00:00+09:00,0.11061936,0.061619801,0.1782732508333931,0.1782732508333931,0.01262127,0.36732749777938845,0.36732749777938845
2024-09-20 11:00:00+09:00,0.146254376,0.11061936,0.21012223640094757,0.21012223640094757,0.057165296,0.40688350908135984,0.40688350908135984
2024-09-20 12:00:00+09:00,0.118042851,0.146254376,0.15730112181438302,0.15730112181438302,0.061619801,0.23903091020906067,0.23903091020906067
2024-09-20 13:00:00+09:00,0.098740337,0.118042851,0.11702203496163732,0.11702203496163732,0.11061936,0.190583178192482,0.190583178192482
2024-09-20 14:00:00+09:00,0.054938557,0.098740337,0.09613880263898027,0.09613880263898027,0.146254376,0.1494452454654703,0.1494452454654703
2024-09-20 15:00:00+09:00,0.030438264,0.054938557,0.0,0.0,0.118042851,0.09239082237975693,0.09239082237975693
2024-09-20 16:00:00+09:00,0.006681245,0.030438264,0.0,0.0,0.098740337,0.0,0.0
2024-09-20 17:00:00+09:00,0.000742246,0.006681245,0.0,0.0,0.054938557,0.0,0.0
2024-09-20 18:00:00+09:00,0.000742246,0.000742246,0.0,0.0,0.030438264,0.0,0.0
2024-09-20 19:00:00+09:00,0.0,0.000742246,0.0,0.0,0.006681245,0.0,0.0
2024-09-20 20:00:00+09:00,0.0,0.0,0.0,0.0,0.000742246,0.0,0.0
2024-09-20 21:00:00+09:00,0.0,0.0,9.727344149723649e-05,9.727344149723649e-05,0.000742246,0.0,0.0
2024-09-20 22:00:00+09:00,0.0,0.0,0.0004540634690783918,0.0004540634690783918,0.0,0.0,0.0
2024-09-20 23:00:00+09:00,0.0,0.0,0.0004540634690783918,0.0004540634690783918,0.0,0.0010159257799386978,0.0010159257799386978
2024-09-21 00:00:00+09:00,,,,,,,
2024-09-21 01:00:00+09:00,0.0,,,,0.0,0.0004099462821613997,0.0004099462821613997
2024-09-21 02:00:00+09:00,0.0,0.0,3.557451782398857e-05,3.557451782398857e-05,0.0,0.0004099462821613997,0.0004099462821613997
2024-09-21 03:00:00+09:00,0.0,0.0,3.557451782398857e-05,3.557451782398857e-05,,,
2024-09-21 04:00:00+09:00,0.0,0.0,3.557451782398857e-05,3.557451782398857e-05,0.0,0.0004099462821613997,0.0004099462821613997
2024-09-21 05:00:00+09:00,0.0,0.0,3.557451782398857e-05,3.557451782398857e-05,0.0,0.0004099462821613997,0.0004099462821613997
2024-09-21 06:00:00+09:00,0.0,0.0,0.0,0.0,0.0,0.00010583498806226999,0.00010583498806226999
2024-09-21 07:00:00+09:00,0.0,0.0,0.012186717242002487,0.012186717242002487,0.0,0.018643952906131744,0.018643952906131744
2024-09-21 08:00:00+09:00,0.0,0.0,0.06569816172122955,0.06569816172122955,0.0,0.05296666547656059,0.05296666547656059
2024-09-21 09:00:00+09:00,0.000742246,0.0,0.11759408563375473,0.11759408563375473,0.0,0.1756124198436737,0.1756124198436737
2024-09-21 10:00:00+09:00,0.02375702,0.000742246,0.0711106924097023,0.0711106924097023,0.0,0.1969032734632492,0.1969032734632492
2024-09-21 11:00:00+09:00,0.022272527,0.02375702,0.06110587156154633,0.06110587156154633,0.0,0.14098422229290009,0.14098422229290009
2024-09-21 12:00:00+09:00,0.037120535,0.022272527,0.03480352532683802,0.03480352532683802,0.000742246,0.14622191020650482,0.14622191020650482
2024-09-21 13:00:00+09:00,0.063104294,0.037120535,0.0,0.0,0.02375702,0.07764373904802323,0.07764373904802323
2024-09-21 14:00:00+09:00,0.038605028,0.063104294,0.077201786210567,0.077201786210567,0.022272527,0.017217595378001452,0.017217595378001452
2024-09-21 15:00:00+09:00,0.034150523,0.038605028,0.005644691344621658,0.005644691344621658,0.037120535,0.0,0.0
2024-09-21 16:00:00+09:00,0.010393504,0.034150523,0.01158614722692776,0.01158614722692776,0.063104294,0.0,0.0
2024-09-21 17:00:00+09:00,0.001484493,0.010393504,0.0,0.0,0.038605028,0.0,0.0
2024-09-21 18:00:00+09:00,0.0,0.001484493,0.0,0.0,0.034150523,0.0,0.0
2024-09-21 19:00:00+09:00,0.0,0.0,0.0,0.0,0.010393504,0.0,0.0
2024-09-21 20:00:00+09:00,0.0,0.0,0.0,0.0,0.001484493,0.0,0.0
2024-09-21 21:00:00+09:00,0.0,0.0,0.00158321566414088,0.00158321566414088,0.0,0.0,0.0
2024-09-21 22:00:00+09:00,0.0,0.0,0.001940005226060748,0.001940005226060748,0.0,0.0,0.0
2024-09-21 23:00:00+09:00,0.0,0.0,0.001940005226060748,0.001940005226060748,0.0,0.00469221081584692,0.00469221081584692
2024-09-22 00:00:00+09:00,,,,,,,
2024-09-22 01:00:00+09:00,0.0,,,,0.0,0.0006584727088920772,0.0006584727088920772
2024-09-22 02:00:00+09:00,0.0,0.0,0.00016504706582054496,0.00016504706582054496,0.0,0.0006584727088920772,0.0006584727088920772
2024-09-22 03:00:00+09:00,0.0,0.0,0.00016504706582054496,0.00016504706582054496,,,
2024-09-22 04:00:00+09:00,0.0,0.0,0.00016504706582054496,0.00016504706582054496,0.0,0.0006584727088920772,0.0006584727088920772
2024-09-22 05:00:00+09:00,0.0,0.0,0.00016504706582054496,0.00016504706582054496,0.0,0.0006584727088920772,0.0006584727088920772
2024-09-22 06:00:00+09:00,0.0,0.0,1.100741428672336e-05,1.100741428672336e-05,0.0,0.0005449269665405154,0.0005449269665405154
2024-09-22 07:00:00+09:00,0.0,0.0,0.005822591949254274,0.005822591949254274,0.0,0.010214727371931076,0.010214727371931076
2024-09-22 08:00:00+09:00,0.022272527,0.0,0.03824932500720024,0.03824932500720024,0.0,0.05629613250494003,0.05629613250494003
2024-09-22 09:00:00+09:00,0.072013305,0.022272527,0.09139668174653244,0.09139668174653244,0.0,0.14641912281513214,0.14641912281513214
2024-09-22 10:00:00+09:00,0.216783188,0.072013305,0.17250111090295792,0.17250111090295792,0.0,0.23929238319396973,0.23929238319396973
2024-09-22 11:00:00+09:00,0.232373443,0.216783188,0.23318059714106368,0.23318059714106368,0.022272527,0.19125990547805022,0.19125990547805022
2024-09-22 12:00:00+09:00,0.166299137,0.232373443,0.26199424689261247,0.26199424689261247,0.072013305,0.1710934727107811,0.1710934727107811
2024-09-22 13:00:00+09:00,0.161102385,0.166299137,0.16630625792150935,0.16630625792150935,0.216783188,0.2974729982164268,0.2974729982164268
2024-09-22 14:00:00+09:00,0.161102385,0.161102385,0.13088839568258284,0.13088839568258284,0.232373443,0.1984551442190819,0.1984551442190819
2024-09-22 15:00:00+09:00,0.157390126,0.161102385,0.10610780187011717,0.10610780187011717,0.166299137,0.0,0.0
2024-09-22 16:00:00+09:00,0.199707413,0.157390126,0.15027031439433788,0.15027031439433788,0.161102385,0.07146636463762282,0.07146636463762282
2024-09-22 17:00:00+09:00,0.08908908,0.199707413,0.12543785749090958,0.12543785749090958,0.161102385,0.013454810456047045,0.013454810456047045
2024-09-22 18:00:00+09:00,0.01262127,0.08908908,0.024669147336559297,0.024669147336559297,0.157390126,0.0,0.0
2024-09-22 19:00:00+09:00,0.001484493,0.01262127,0.0,0.0,0.199707413,0.0,0.0
2024-09-22 20:00:00+09:00,0.0,0.001484493,0.0,0.0,0.08908908,0.0,0.0
2024-09-22 21:00:00+09:00,0.0,0.0,0.0,0.0,0.01262127,0.0,0.0
2024-09-22 22:00:00+09:00,0.0,0.0,0.0,0.0,0.001484493,0.0,0.0
2024-09-22 23:00:00+09:00,0.0,0.0,0.0,0.0,0.0,0.0,0.0
2024-09-23 00:00:00+09:00,,,,,,,
2024-09-23 01:00:00+09:00,0.0,,,,0.0,0.0005837422213517129,0.0005837422213517129
2024-09-23 02:00:00+09:00,0.0,0.0,0.0008503361023031175,0.0008503361023031175,0.0,0.0005837422213517129,0.0005837422213517129
2024-09-23 03:00:00+09:00,0.0,0.0,0.0008503361023031175,0.0008503361023031175,,,
2024-09-23 04:00:00+09:00,0.0,0.0,0.0008503361023031175,0.0008503361023031175,0.0,0.0005837422213517129,0.0005837422213517129
2024-09-23 05:00:00+09:00,0.0,0.0,0.0008503361023031175,0.0008503361023031175,0.0,0.0005837422213517129,0.0005837422213517129
2024-09-23 06:00:00+09:00,0.0,0.0,0.0009504095069132745,0.0009504095069132745,0.0,0.0002028861636063084,0.0002028861636063084
2024-09-23 07:00:00+09:00,0.017818021,0.0,0.005968503188341856,0.005968503188341856,0.0,0.009391140192747116,0.009391140192747116
2024-09-23 08:00:00+09:00,0.126951862,0.017818021,0.08048670214471436,0.08048670214471436,0.0,0.047807950526475906,0.047807950526475906
2024-09-23 09:00:00+09:00,0.315523525,0.126951862,0.18401289346076202,0.18401289346076202,0.0,0.17926692962646484,0.17926692962646484
2024-09-23 10:00:00+09:00,0.483308181,0.315523525,0.43790255230703357,0.43790255230703357,0.017818021,0.2753712109929047,0.2753712109929047
2024-09-23 11:00:00+09:00,0.602835525,0.483308181,0.5950540526034889,0.5950540526034889,0.126951862,0.4936802572236175,0.4936802572236175
2024-09-23 12:00:00+09:00,0.654061823,0.602835525,0.681731414222622,0.681731414222622,0.315523525,0.5991223652366638,0.5991223652366638
2024-09-23 13:00:00+09:00,0.610260043,0.654061823,0.6278365224942427,0.6278365224942427,0.483308181,0.5252285411777553,0.5252285411777553
2024-09-23 14:00:00+09:00,0.54344349,0.610260043,0.5228208486783676,0.5228208486783676,0.602835525,0.5576910043000222,0.5576910043000222
2024-09-23 15:00:00+09:00,0.42020286,0.54344349,0.4802104646279717,0.4802104646279717,0.654061823,0.6435031442314249,0.6435031442314249
2024-09-23 16:00:00+09:00,0.380113339,0.42020286,0.3241151658319092,0.3241151658319092,0.610260043,0.431692082141655,0.431692082141655
2024-09-23 17:00:00+09:00,0.211586436,0.380113339,0.27786114620472335,0.27786114620472335,0.54344349,0.29837662372135165,0.29837662372135165
2024-09-23 18:00:00+09:00,0.077210057,0.211586436,0.10997403946174239,0.10997403946174239,0.42020286,0.11491150534378053,0.11491150534378053
2024-09-23 19:00:00+09:00,0.001484493,0.077210057,0.011377494255382536,0.011377494255382536,0.380113339,0.16154510336424255,0.16154510336424255
2024-09-23 20:00:00+09:00,0.0,0.001484493,0.0,0.0,0.211586436,0.0,0.0
2024-09-23 21:00:00+09:00,0.0,0.0,0.0,0.0,0.077210057,0.0,0.0
2024-09-23 22:00:00+09:00,0.0,0.0,0.0,0.0,0.001484493,0.0,0.0
2024-09-23 23:00:00+09:00,0.0,0.0,0.0,0.0,0.0,0.0,0.0
2024-09-24 00:00:00+09:00,,,,,,,
2024-09-24 01:00:00+09:00,0.0,,,,0.0,0.00012237545161042362,0.00012237545161042362
2024-09-24 02:00:00+09:00,0.0,0.0,0.000509807257913053,0.000509807257913053,0.0,0.00012237545161042362,0.00012237545161042362
2024-09-24 03:00:00+09:00,0.0,0.0,0.000509807257913053,0.000509807257913053,,,
2024-09-24 04:00:00+09:00,0.0,0.0,0.000509807257913053,0.000509807257913053,0.0,0.00012237545161042362,0.00012237545161042362
2024-09-24 05:00:00+09:00,0.0,0.0,0.000509807257913053,0.000509807257913053,0.0,0.00012237545161042362,0.00012237545161042362
2024-09-24 06:00:00+09:00,0.0,0.0,0.0005592000088654459,0.0005592000088654459,0.0,0.0,0.0
2024-09-24 07:00:00+09:00,0.008909011,0.0,0.013470161706209183,0.013470161706209183,0.0,0.020200327038764954,0.020200327038764954
2024-09-24 08:00:00+09:00,0.119527344,0.008909011,0.1184738964970932,0.1184738964970932,0.0,0.13463158905506134,0.13463158905506134
2024-09-24 09:00:00+09:00,0.202677426,0.119527344,0.2887114327069702,0.2887114327069702,0.0,0.26341235637664795,0.26341235637664795
2024-09-24 10:00:00+09:00,0.315523525,0.202677426,0.32507121290719604,0.32507121290719604,0.008909011,0.31082099091371157,0.31082099091371157
2024-09-24 11:00:00+09:00,0.537503465,0.315523525,0.3394364558611155,0.3394364558611155,0.119527344,0.447383914482254,0.447383914482254
2024-09-24 12:00:00+09:00,0.601351032,0.537503465,0.6092306216390991,0.6092306216390991,0.202677426,0.4879530044988403,0.4879530044988403
2024-09-24 13:00:00+09:00,0.570169495,0.601351032,0.606213622227276,0.606213622227276,0.315523525,0.4426055450443268,0.4426055450443268
2024-09-24 14:00:00+09:00,0.462520147,0.570169495,0.48404611791526797,0.48404611791526797,0.537503465,0.435560724619236,0.435560724619236
2024-09-24 15:00:00+09:00,0.295478764,0.462520147,0.3607513031703682,0.3607513031703682,0.601351032,0.41046669517081447,0.41046669517081447
2024-09-24 16:00:00+09:00,0.231631197,0.295478764,0.23306827900058175,0.23306827900058175,0.570169495,0.3888561293021393,0.3888561293021393
2024-09-24 17:00:00+09:00,0.16555689,0.231631197,0.14133561399028016,0.14133561399028016,0.462520147,0.23931686047141265,0.23931686047141265
2024-09-24 18:00:00+09:00,0.071271059,0.16555689,0.030658257235183728,0.030658257235183728,0.295478764,0.0,0.0
2024-09-24 19:00:00+09:00,0.001484493,0.071271059,0.013062243246540067,0.013062243246540067,0.231631197,0.06085404005095674,0.06085404005095674
2024-09-24 20:00:00+09:00,0.0,0.001484493,0.0,0.0,0.16555689,0.0,0.0
2024-09-24 21:00:00+09:00,0.0,0.0,0.0,0.0,0.071271059,0.0,0.0
2024-09-24 22:00:00+09:00,0.0,0.0,0.0,0.0,0.001484493,0.0,0.0
2024-09-24 23:00:00+09:00,0.0,0.0,0.0,0.0,0.0,0.0,0.0
2024-09-25 00:00:00+09:00,,,,,,,
2024-09-25 01:00:00+09:00,0.0,,,,0.0,0.0,0.0
2024-09-25 02:00:00+09:00,0.0,0.0,0.0,0.0,0.0,0.0,0.0
2024-09-25 03:00:00+09:00,0.0,0.0,0.0,0.0,,,
2024-09-25 04:00:00+09:00,0.0,0.0,0.0,0.0,0.0,0.0,0.0
2024-09-25 05:00:00+09:00,0.0,0.0,0.0,0.0,0.0,0.0,0.0
2024-09-25 06:00:00+09:00,0.0,0.0,0.0,0.0,0.0,0.0,0.0
2024-09-25 07:00:00+09:00,0.010393504,0.0,0.008684753440320492,0.008684753440320492,0.0,0.00556182162836194,0.00556182162836194
2024-09-25 08:00:00+09:00,0.064589814,0.010393504,0.03916564205913925,0.03916564205913925,0.0,0.07248906046152115,0.07248906046152115
2024-09-25 09:00:00+09:00,0.228662211,0.064589814,0.1359195343183174,0.1359195343183174,0.0,0.19643007218837738,0.19643007218837738
2024-09-25 10:00:00+09:00,0.253903724,0.228662211,0.36761682063249207,0.36761682063249207,0.010393504,0.3058480359080353,0.3058480359080353
2024-09-25 11:00:00+09:00,0.241282454,0.253903724,0.3041727614851227,0.3041727614851227,0.064589814,0.3261072493122711,0.3261072493122711
2024-09-25 12:00:00+09:00,0.3325993,0.241282454,0.26423865766930965,0.26423865766930965,0.228662211,0.42954455643800354,0.42954455643800354
2024-09-25 13:00:00+09:00,0.478111429,0.3325993,0.30958985448174475,0.30958985448174475,0.253903724,0.3007181768567791,0.3007181768567791
2024-09-25 14:00:00+09:00,0.540473477,0.478111429,0.43534494363675497,0.43534494363675497,0.241282454,0.2403351145397463,0.2403351145397463
2024-09-25 15:00:00+09:00,0.360068578,0.540473477,0.504006256365778,0.504006256365778,0.3325993,0.32539633525826334,0.32539633525826334
2024-09-25 16:00:00+09:00,0.337053805,0.360068578,0.2869451974581985,0.2869451974581985,0.478111429,0.3224086890460052,0.3224086890460052
2024-09-25 17:00:00+09:00,0.144769883,0.337053805,0.29718413144987105,0.29718413144987105,0.540473477,0.3564244816243668,0.3564244816243668
2024-09-25 18:00:00+09:00,0.061619801,0.144769883,0.020562110685451496,0.020562110685451496,0.360068578,0.08144028830044553,0.08144028830044553
2024-09-25 19:00:00+09:00,0.001484493,0.061619801,0.01024595789635277,0.01024595789635277,0.337053805,0.1737973386112976,0.1737973386112976
2024-09-25 20:00:00+09:00,0.0,0.001484493,0.0,0.0,0.144769883,0.0,0.0
2024-09-25 21:00:00+09:00,0.0,0.0,8.495662041241303e-05,8.495662041241303e-05,0.061619801,0.0,0.0
2024-09-25 22:00:00+09:00,0.0,0.0,0.0006332665216177702,0.0006332665216177702,0.001484493,0.0,0.0
2024-09-25 23:00:00+09:00,0.0,0.0,0.0006332665216177702,0.0006332665216177702,0.0,0.004515941720455885,0.004515941720455885
2024-09-26 00:00:00+09:00,,,,,,,
2024-09-26 01:00:00+09:00,0.0,,,,0.0,0.0,0.0
2024-09-26 02:00:00+09:00,0.0,0.0,0.0,0.0,0.0,0.0,0.0
2024-09-26 03:00:00+09:00,0.0,0.0,0.0,0.0,,,
2024-09-26 04:00:00+09:00,0.0,0.0,0.0,0.0,0.0,0.0,0.0
2024-09-26 05:00:00+09:00,0.0,0.0,0.0,0.0,0.0,0.0,0.0
2024-09-26 06:00:00+09:00,0.0,0.0,0.0,0.0,0.0,0.0,0.0
2024-09-26 07:00:00+09:00,0.014105762,0.0,0.011084741912782192,0.011084741912782192,0.0,0.006789269857108593,0.006789269857108593
2024-09-26 08:00:00+09:00,0.128436355,0.014105762,0.0709190616559143,0.0709190616559143,0.0,0.07157029956579208,0.07157029956579208
2024-09-26 09:00:00+09:00,0.302160009,0.128436355,0.25402499557064057,0.25402499557064057,0.0,0.22914882004261017,0.22914882004261017
2024-09-26 10:00:00+09:00,0.380113339,0.302160009,0.41093669012516404,0.41093669012516404,0.014105762,0.29508688544741823,0.29508688544741823
2024-09-26 11:00:00+09:00,0.54195797,0.380113339,0.42960380571390533,0.42960380571390533,0.128436355,0.3631787729315567,0.3631787729315567
2024-09-26 12:00:00+09:00,0.533792233,0.54195797,0.5971993647880268,0.5971993647880268,0.302160009,0.5285955660077897,0.5285955660077897
2024-09-26 13:00:00+09:00,0.452126644,0.533792233,0.5226344465263681,0.5226344465263681,0.380113339,0.4373890142371788,0.4373890142371788
2024-09-26 14:00:00+09:00,0.515231965,0.452126644,0.37684045676845934,0.37684045676845934,0.54195797,0.48187533695170404,0.48187533695170404
2024-09-26 15:00:00+09:00,0.428369624,0.515231965,0.45302805107292177,0.45302805107292177,0.533792233,0.46026342166443635,0.46026342166443635
2024-09-26 16:00:00+09:00,0.286569754,0.428369624,0.38127851245920563,0.38127851245920563,0.452126644,0.36327298675436404,0.36327298675436404
2024-09-26 17:00:00+09:00,0.157390126,0.286569754,0.18931305628567124,0.18931305628567124,0.515231965,0.22513562243637086,0.22513562243637086
2024-09-26 18:00:00+09:00,0.040832794,0.157390126,0.0874668219786415,0.0874668219786415,0.428369624,0.15656105933706665,0.15656105933706665
2024-09-26 19:00:00+09:00,0.0,0.040832794,0.0,0.0,0.286569754,0.13117129575758363,0.13117129575758363
2024-09-26 20:00:00+09:00,0.0,0.0,0.0,0.0,0.157390126,0.009690963635993949,0.009690963635993949
2024-09-26 21:00:00+09:00,0.0,0.0,0.0003140383632853627,0.0003140383632853627,0.040832794,0.0,0.0
2024-09-26 22:00:00+09:00,0.0,0.0,0.0009042182937264442,0.0009042182937264442,0.0,0.0,0.0
2024-09-26 23:00:00+09:00,0.0,0.0,0.0009042182937264442,0.0009042182937264442,0.0,0.005035600159317255,0.005035600159317255
2024-09-27 00:00:00+09:00,0.0,,,,,,
2024-09-27 01:00:00+09:00,0.0,0.0,6.12372241448611e-05,6.12372241448611e-05,0.0,0.0006738619995303452,0.0006738619995303452
2024-09-27 02:00:00+09:00,0.0,0.0,6.12372241448611e-05,6.12372241448611e-05,0.0,0.0006738619995303452,0.0006738619995303452
2024-09-27 03:00:00+09:00,0.0,0.0,6.12372241448611e-05,6.12372241448611e-05,0.0,0.0006738619995303452,0.0006738619995303452
2024-09-27 04:00:00+09:00,0.0,0.0,6.12372241448611e-05,6.12372241448611e-05,0.0,0.0006738619995303452,0.0006738619995303452
2024-09-27 05:00:00+09:00,0.0,0.0,6.12372241448611e-05,6.12372241448611e-05,0.0,0.0006738619995303452,0.0006738619995303452
2024-09-27 06:00:00+09:00,0.0,0.0,0.0,0.0,0.0,8.392658492084593e-05,8.392658492084593e-05
2024-09-27 07:00:00+09:00,0.003712259,0.0,0.013723890297114849,0.013723890297114849,0.0,0.016685746610164642,0.016685746610164642
2024-09-27 08:00:00+09:00,0.101710349,0.003712259,0.07242342806404495,0.07242342806404495,0.0,0.06939991563558578,0.06939991563558578
2024-09-27 09:00:00+09:00,0.266524993,0.101710349,0.28363732961466215,0.28363732961466215,0.0,0.3101614713668823,0.3101614713668823
2024-09-27 10:00:00+09:00,0.305130021,0.266524993,0.37287008028981017,0.37287008028981017,0.003712259,0.30550914234465026,0.30550914234465026
2024-09-27 11:00:00+09:00,0.386794584,0.305130021,0.34442335116276357,0.34442335116276357,0.101710349,0.3903097507124176,0.3903097507124176
2024-09-27 12:00:00+09:00,0.582790765,0.386794584,0.42101388623703384,0.42101388623703384,0.266524993,0.4282978848790817,0.4282978848790817
2024-09-27 13:00:00+09:00,0.469202419,0.582790765,0.5946754059022809,0.5946754059022809,0.305130021,0.43605634691724393,0.43605634691724393
2024-09-27 14:00:00+09:00,0.147738869,0.469202419,0.4302502583733501,0.4302502583733501,0.386794584,0.34339579021323585,0.34339579021323585
2024-09-27 15:00:00+09:00,0.106164855,0.147738869,0.08787177752308273,0.08787177752308273,0.582790765,0.5666577527499342,0.5666577527499342
2024-09-27 16:00:00+09:00,0.160360138,0.106164855,0.009085443850975039,0.009085443850975039,0.469202419,0.37222809083971403,0.37222809083971403
2024-09-27 17:00:00+09:00,0.063104294,0.160360138,0.041276956976402296,0.041276956976402296,0.147738869,0.0,0.0
2024-09-27 18:00:00+09:00,0.025241512,0.063104294,0.0,0.0,0.106164855,0.0,0.0
2024-09-27 19:00:00+09:00,0.0,0.025241512,0.0,0.0,0.160360138,0.0,0.0
2024-09-27 20:00:00+09:00,0.0,0.0,0.0,0.0,0.063104294,0.0,0.0
2024-09-27 21:00:00+09:00,0.0,0.0,9.727344149723649e-05,9.727344149723649e-05,0.025241512,0.0,0.0
2024-09-27 22:00:00+09:00,0.0,0.0,0.0004540634690783918,0.0004540634690783918,0.0,0.0,0.0
2024-09-27 23:00:00+09:00,0.0,0.0,0.0004540634690783918,0.0004540634690783918,0.0,0.0010159257799386978,0.0010159257799386978
2024-09-28 00:00:00+09:00,0.0,0.0,3.557451782398857e-05,3.557451782398857e-05,0.0,0.0004099462821613997,0.0004099462821613997
2024-09-28 01:00:00+09:00,0.0,0.0,3.557451782398857e-05,3.557451782398857e-05,0.0,0.0004099462821613997,0.0004099462821613997
2024-09-28 02:00:00+09:00,0.0,0.0,3.557451782398857e-05,3.557451782398857e-05,0.0,0.0004099462821613997,0.0004099462821613997
2024-09-28 03:00:00+09:00,0.0,0.0,3.557451782398857e-05,3.557451782398857e-05,0.0,0.0004099462821613997,0.0004099462821613997
2024-09-28 04:00:00+09:00,0.0,0.0,3.557451782398857e-05,3.557451782398857e-05,0.0,0.0004099462821613997,0.0004099462821613997
2024-09-28 05:00:00+09:00,0.0,0.0,3.557451782398857e-05,3.557451782398857e-05,0.0,0.0004099462821613997,0.0004099462821613997
2024-09-28 06:00:00+09:00,0.0,0.0,0.0,0.0,0.0,0.00010583498806226999,0.00010583498806226999
2024-09-28 07:00:00+09:00,0.003712259,0.0,0.010218138806521893,0.010218138806521893,0.0,0.002121526515111327,0.002121526515111327
2024-09-28 08:00:00+09:00,0.072013305,0.003712259,0.06568185961788559,0.06568185961788559,0.0,0.060302816331386566,0.060302816331386566
2024-09-28 09:00:00+09:00,0.138087612,0.072013305,0.1715413047587204,0.1715413047587204,0.0,0.16622807085514069,0.16622807085514069
2024-09-28 10:00:00+09:00,0.193768415,0.138087612,0.2745502855448837,0.2745502855448837,0.003712259,0.30722709721868896,0.30722709721868896
2024-09-28 11:00:00+09:00,0.417233874,0.193768415,0.2512627908547306,0.2512627908547306,0.072013305,0.347019420436554,0.347019420436554
2024-09-28 12:00:00+09:00,0.233116716,0.417233874,0.4478698213615885,0.4478698213615885,0.138087612,0.2934641059308166,0.2934641059308166
2024-09-28 13:00:00+09:00,0.481080415,0.233116716,0.26532478243366814,0.26532478243366814,0.193768415,0.3336553157825851,0.3336553157825851
2024-09-28 14:00:00+09:00,0.566457236,0.481080415,0.41669759367851256,0.41669759367851256,0.417233874,0.4243972472877672,0.4243972472877672
2024-09-28 15:00:00+09:00,0.367492069,0.566457236,0.5053911114117489,0.5053911114117489,0.233116716,0.19014543652788735,0.19014543652788735
2024-09-28 16:00:00+09:00,0.366749823,0.367492069,0.2663548779427948,0.2663548779427948,0.481080415,0.3548306695118332,0.3548306695118332
2024-09-28 17:00:00+09:00,0.175950394,0.366749823,0.27876237025456235,0.27876237025456235,0.566457236,0.32315860111325834,0.32315860111325834
2024-09-28 18:00:00+09:00,0.028953771,0.175950394,0.09833175035852815,0.09833175035852815,0.367492069,0.1434377920567932,0.1434377920567932
2024-09-28 19:00:00+09:00,0.0,0.028953771,0.005581193496676445,0.005581193496676445,0.366749823,0.17535772910313413,0.17535772910313413
2024-09-28 20:00:00+09:00,0.0,0.0,0.0,0.0,0.175950394,0.02954180630583192,0.02954180630583192
2024-09-28 21:00:00+09:00,0.0,0.0,0.00158321566414088,0.00158321566414088,0.028953771,0.0,0.0
2024-09-28 22:00:00+09:00,0.0,0.0,0.001940005226060748,0.001940005226060748,0.0,0.0,0.0
2024-09-28 23:00:00+09:00,0.0,0.0,0.001940005226060748,0.001940005226060748,0.0,0.00469221081584692,0.00469221081584692
2024-09-29 00:00:00+09:00,0.0,0.0,0.00016504706582054496,0.00016504706582054496,0.0,0.0006584727088920772,0.0006584727088920772
2024-09-29 01:00:00+09:00,0.0,0.0,0.00016504706582054496,0.00016504706582054496,0.0,0.0006584727088920772,0.0006584727088920772
2024-09-29 02:00:00+09:00,0.0,0.0,0.00016504706582054496,0.00016504706582054496,0.0,0.0006584727088920772,0.0006584727088920772
2024-09-29 03:00:00+09:00,0.0,0.0,0.00016504706582054496,0.00016504706582054496,0.0,0.0006584727088920772,0.0006584727088920772
2024-09-29 04:00:00+09:00,0.0,0.0,0.00016504706582054496,0.00016504706582054496,0.0,0.0006584727088920772,0.0006584727088920772
2024-09-29 05:00:00+09:00,0.0,0.0,0.00016504706582054496,0.00016504706582054496,0.0,0.0006584727088920772,0.0006584727088920772
2024-09-29 06:00:00+09:00,0.0,0.0,1.100741428672336e-05,1.100741428672336e-05,0.0,0.0005449269665405154,0.0005449269665405154
2024-09-29 07:00:00+09:00,0.001484493,0.0,0.010419064201414585,0.010419064201414585,0.0,0.005379682406783104,0.005379682406783104
2024-09-29 08:00:00+09:00,0.069786566,0.001484493,0.06554031578966904,0.06554031578966904,0.0,0.09180597960948944,0.09180597960948944
2024-09-29 09:00:00+09:00,0.233858963,0.069786566,0.17013627539159393,0.17013627539159393,0.0,0.20040497183799744,0.20040497183799744
2024-09-29 10:00:00+09:00,0.322205796,0.233858963,0.3889101794831161,0.3889101794831161,0.001484493,0.3020447587794952,0.3020447587794952
2024-09-29 11:00:00+09:00,0.412037123,0.322205796,0.3222665408564551,0.3222665408564551,0.069786566,0.32062976310731506,0.32062976310731506
2024-09-29 12:00:00+09:00,0.434308623,0.412037123,0.4893771149271469,0.4893771149271469,0.233858963,0.5144036314360504,0.5144036314360504
2024-09-29 13:00:00+09:00,0.555321486,0.434308623,0.40330724142393876,0.40330724142393876,0.322205796,0.4282276845540962,0.4282276845540962
2024-09-29 14:00:00+09:00,0.522655456,0.555321486,0.473291085366188,0.473291085366188,0.412037123,0.3953969571792822,0.3953969571792822
2024-09-29 15:00:00+09:00,0.507065201,0.522655456,0.44829068207088085,0.44829068207088085,0.434308623,0.2770461785038452,0.2770461785038452
2024-09-29 16:00:00+09:00,0.373431068,0.507065201,0.4492740498936424,0.4492740498936424,0.555321486,0.36696827531236265,0.36696827531236265
2024-09-29 17:00:00+09:00,0.203419672,0.373431068,0.23261195057312772,0.23261195057312772,0.522655456,0.2714688467318115,0.2714688467318115
2024-09-29 18:00:00+09:00,0.057907543,0.203419672,0.09418311123807144,0.09418311123807144,0.507065201,0.1906588913953552,0.1906588913953552
2024-09-29 19:00:00+09:00,0.0,0.057907543,0.02124059837700653,0.02124059837700653,0.373431068,0.1583179050056152,0.1583179050056152
2024-09-29 20:00:00+09:00,0.0,0.0,0.0,0.0,0.203419672,0.028460727679321285,0.028460727679321285
2024-09-29 21:00:00+09:00,0.0,0.0,0.0,0.0,0.057907543,0.0,0.0
2024-09-29 22:00:00+09:00,0.0,0.0,0.0,0.0,0.0,0.0,0.0
2024-09-29 23:00:00+09:00,0.0,0.0,0.0,0.0,0.0,0.0,0.0
2024-09-30 00:00:00+09:00,0.0,0.0,0.0008503361023031175,0.0008503361023031175,0.0,0.0005837422213517129,0.0005837422213517129
2024-09-30 01:00:00+09:00,0.0,0.0,0.0008503361023031175,0.0008503361023031175,0.0,0.0005837422213517129,0.0005837422213517129
2024-09-30 02:00:00+09:00,0.0,0.0,0.0008503361023031175,0.0008503361023031175,0.0,0.0005837422213517129,0.0005837422213517129
2024-09-30 03:00:00+09:00,0.0,0.0,0.0008503361023031175,0.0008503361023031175,0.0,0.0005837422213517129,0.0005837422213517129
2024-09-30 04:00:00+09:00,0.0,0.0,0.0008503361023031175,0.0008503361023031175,0.0,0.0005837422213517129,0.0005837422213517129
2024-09-30 05:00:00+09:00,0.0,0.0,0.0008503361023031175,0.0008503361023031175,0.0,0.0005837422213517129,0.0005837422213517129
2024-09-30 06:00:00+09:00,0.0,0.0,0.0009504095069132745,0.0009504095069132745,0.0,0.0002028861636063084,0.0002028861636063084
2024-09-30 07:00:00+09:00,0.006681245,0.0,0.010069910436868668,0.010069910436868668,0.0,0.026659434661269188,0.026659434661269188
2024-09-30 08:00:00+09:00,0.103194842,0.006681245,0.07247430476629257,0.07247430476629257,0.0,0.08125066757202148,0.08125066757202148
2024-09-30 09:00:00+09:00,0.277660743,0.103194842,0.2639171573114319,0.2639171573114319,0.0,0.25959524512290955,0.25959524512290955
2024-09-30 10:00:00+09:00,0.437278635,0.277660743,0.4744644767064743,0.4744644767064743,0.006681245,0.3325522953578186,0.3325522953578186
2024-09-30 11:00:00+09:00,0.539731231,0.437278635,0.5357099167454338,0.5357099167454338,0.103194842,0.5252466889810485,0.5252466889810485
2024-09-30 12:00:00+09:00,0.469944665,0.539731231,0.5346117740904031,0.5346117740904031,0.277660743,0.5527390694636993,0.5527390694636993
2024-09-30 13:00:00+09:00,0.477369183,0.469944665,0.47637685367480753,0.47637685367480753,0.437278635,0.5185926846611595,0.5185926846611595
2024-09-30 14:00:00+09:00,0.272463991,0.477369183,0.45560781776514814,0.45560781776514814,0.539731231,0.5034889396687088,0.5034889396687088
2024-09-30 15:00:00+09:00,0.334083793,0.272463991,0.22591275225454904,0.22591275225454904,0.469944665,0.42550173567251204,0.42550173567251204
2024-09-30 16:00:00+09:00,0.148482142,0.334083793,0.22666359438063433,0.22666359438063433,0.477369183,0.3276176688036041,0.3276176688036041
2024-09-30 17:00:00+09:00,0.129178601,0.148482142,0.0,0.0,0.272463991,0.029001339031997697,0.029001339031997697
2024-09-30 18:00:00+09:00,0.051968544,0.129178601,0.07160035023419953,0.07160035023419953,0.334083793,0.1469399009502106,0.1469399009502106
2024-09-30 19:00:00+09:00,0.0,0.051968544,0.009694635146469115,0.009694635146469115,0.148482142,0.0,0.0
2024-09-30 20:00:00+09:00,0.0,0.0,0.0,0.0,0.129178601,0.0,0.0
2024-09-30 21:00:00+09:00,0.0,0.0,0.0,0.0,0.051968544,0.0,0.0
2024-09-30 22:00:00+09:00,0.0,0.0,0.0,0.0,0.0,0.0,0.0
2024-09-30 23:00:00+09:00,,,,,,,
2024-10-01 00:00:00+09:00,,,,,,,
2024-10-01 01:00:00+09:00,0.0,,,,0.0,0.0004155873029958457,0.0004155873029958457
2024-10-01 02:00:00+09:00,0.0,0.0,0.0001500001089880243,0.0001500001089880243,,,
2024-10-01 03:00:00+09:00,0.0,0.0,0.0001500001089880243,0.0001500001089880243,,,
2024-10-01 04:00:00+09:00,0.0,0.0,0.0001500001089880243,0.0001500001089880243,0.0,0.0004155873029958457,0.0004155873029958457
2024-10-01 05:00:00+09:00,0.0,0.0,0.0001500001089880243,0.0001500001089880243,0.0,0.0004155873029958457,0.0004155873029958457
2024-10-01 06:00:00+09:00,0.0,0.0,0.0001993928017327562,0.0001993928017327562,0.0,0.0,0.0
2024-10-01 07:00:00+09:00,0.016332502,0.0,0.0030976731795817614,0.0030976731795817614,0.0,0.0,0.0
2024-10-01 08:00:00+09:00,0.100967076,0.016332502,0.06982601665702057,0.06982601665702057,0.0,0.06948669254779816,0.06948669254779816
2024-10-01 09:00:00+09:00,0.255388216,0.100967076,0.23956085401418303,0.23956085401418303,0.0,0.252250999212265,0.252250999212265
2024-10-01 10:00:00+09:00,0.393476855,0.255388216,0.4426089384369049,0.4426089384369049,0.016332502,0.4077803739234467,0.4077803739234467
2024-10-01 11:00:00+09:00,0.544927983,0.393476855,0.4993411190709877,0.4993411190709877,0.100967076,0.5601578320825348,0.5601578320825348
2024-10-01 12:00:00+09:00,0.608032277,0.544927983,0.5989440478524761,0.5989440478524761,0.255388216,0.589494422893921,0.589494422893921
2024-10-01 13:00:00+09:00,0.611744536,0.608032277,0.5937473542586464,0.5937473542586464,0.393476855,0.5306994579634476,0.5306994579634476
2024-10-01 14:00:00+09:00,0.50929194,0.611744536,0.5737269799287186,0.5737269799287186,0.544927983,0.572048187642415,0.572048187642415
2024-10-01 15:00:00+09:00,0.288796493,0.50929194,0.42081048395866394,0.42081048395866394,0.608032277,0.4752679077506561,0.4752679077506561
2024-10-01 16:00:00+09:00,0.242767974,0.288796493,0.18800646919628905,0.18800646919628905,0.611744536,0.3849784116322861,0.3849784116322861
2024-10-01 17:00:00+09:00,0.097255844,0.242767974,0.13535640315296554,0.13535640315296554,0.50929194,0.18554150369400024,0.18554150369400024
2024-10-01 18:00:00+09:00,0.010393504,0.097255844,0.0,0.0,0.288796493,0.0,0.0
2024-10-01 19:00:00+09:00,0.0,0.010393504,0.0,0.0,0.242767974,0.002804487209342954,0.002804487209342954
2024-10-01 20:00:00+09:00,0.0,0.0,0.0,0.0,0.097255844,0.0,0.0
2024-10-01 21:00:00+09:00,0.0,0.0,0.0,0.0,0.010393504,0.0,0.0
2024-10-01 22:00:00+09:00,0.0,0.0,0.00020040551316924393,0.00020040551316924393,0.0,0.0,0.0
2024-10-01 23:00:00+09:00,0.0,,,,,,
2024-10-02 00:00:00+09:00,0.0,,,,,,
2024-10-02 01:00:00+09:00,0.0,0.0,0.0005072793574072421,0.0005072793574072421,0.0,0.0009467365453019738,0.0009467365453019738
2024-10-02 02:00:00+09:00,0.0,0.0,0.0005072793574072421,0.0005072793574072421,0.0,0.0009467365453019738,0.0009467365453019738
2024-10-02 03:00:00+09:00,0.0,0.0,0.0005072793574072421,0.0005072793574072421,0.0,0.0009467365453019738,0.0009467365453019738
2024-10-02 04:00:00+09:00,0.0,0.0,0.0005072793574072421,0.0005072793574072421,0.0,0.0009467365453019738,0.0009467365453019738
2024-10-02 05:00:00+09:00,0.0,0.0,0.0005072793574072421,0.0005072793574072421,0.0,0.0009467365453019738,0.0009467365453019738
2024-10-02 06:00:00+09:00,0.0,0.0,0.0005271463305689394,0.0005271463305689394,0.0,0.0006504023913294077,0.0006504023913294077
2024-10-02 07:00:00+09:00,0.000742246,0.0,0.004657763987779617,0.004657763987779617,0.0,0.008719949051737785,0.008719949051737785
2024-10-02 08:00:00+09:00,0.060135309,0.000742246,0.05263019406599617,0.05263019406599617,0.0,0.05401032045483589,0.05401032045483589
2024-10-02 09:00:00+09:00,0.170753642,0.060135309,0.2051841657352295,0.2051841657352295,0.0,0.2501945197582245,0.2501945197582245
2024-10-02 10:00:00+09:00,0.3325993,0.170753642,0.3017794033658905,0.3017794033658905,0.000742246,0.2996789408604584,0.2996789408604584
2024-10-02 11:00:00+09:00,0.525625468,0.3325993,0.47226698980026244,0.47226698980026244,0.060135309,0.4614643495273437,0.4614643495273437
2024-10-02 12:00:00+09:00,0.562003757,0.525625468,0.5860464952431373,0.5860464952431373,0.170753642,0.45855964628581236,0.45855964628581236
2024-10-02 13:00:00+09:00,0.568685002,0.562003757,0.5907143085599251,0.5907143085599251,0.3325993,0.5409914432495118,0.5409914432495118
2024-10-02 14:00:00+09:00,0.583533011,0.568685002,0.5598755081453581,0.5598755081453581,0.525625468,0.6349963627300911,0.6349963627300911
2024-10-02 15:00:00+09:00,0.398673607,0.583533011,0.4258938949511871,0.4258938949511871,0.562003757,0.46619601094725804,0.46619601094725804
2024-10-02 16:00:00+09:00,0.30884228,0.398673607,0.27966480512250136,0.27966480512250136,0.568685002,0.35136451509680944,0.35136451509680944
2024-10-02 17:00:00+09:00,0.213813176,0.30884228,0.16541206189945223,0.16541206189945223,0.583533011,0.27481388262971496,0.27481388262971496
2024-10-02 18:00:00+09:00,0.048256285,0.213813176,0.11774834021318054,0.11774834021318054,0.398673607,0.03807781446803282,0.03807781446803282
2024-10-02 19:00:00+09:00,0.0,0.048256285,0.02448781903401375,0.02448781903401375,0.30884228,0.04193357476547244,0.04193357476547244
2024-10-02 20:00:00+09:00,0.0,0.0,0.0,0.0,0.213813176,0.07070926352727508,0.07070926352727508
2024-10-02 21:00:00+09:00,0.0,0.0,0.0,0.0,0.048256285,0.015638410556468967,0.015638410556468967
2024-10-02 22:00:00+09:00,0.0,0.0,0.0,0.0,0.0,0.0,0.0
2024-10-02 23:00:00+09:00,0.0,0.0,0.0,0.0,0.0,0.0,0.0
2024-10-03 00:00:00+09:00,0.0,0.0,0.00023573500220663846,0.00023573500220663846,0.0,0.00037545294617302716,0.00037545294617302716
2024-10-03 01:00:00+09:00,0.0,0.0,0.00023573500220663846,0.00023573500220663846,0.0,0.00037545294617302716,0.00037545294617302716
2024-10-03 02:00:00+09:00,0.0,0.0,0.00023573500220663846,0.00023573500220663846,0.0,0.00037545294617302716,0.00037545294617302716
2024-10-03 03:00:00+09:00,0.0,0.0,0.00023573500220663846,0.00023573500220663846,0.0,0.00037545294617302716,0.00037545294617302716
2024-10-03 04:00:00+09:00,0.0,0.0,0.00023573500220663846,0.00023573500220663846,0.0,0.00037545294617302716,0.00037545294617302716
2024-10-03 05:00:00+09:00,0.0,0.0,0.00023573500220663846,0.00023573500220663846,0.0,0.00037545294617302716,0.00037545294617302716
2024-10-03 06:00:00+09:00,0.0,0.0,0.00025049937539733946,0.00025049937539733946,0.0,0.0003141940978821367,0.0003141940978821367
2024-10-03 07:00:00+09:00,0.0,0.0,0.005021132994443178,0.005021132994443178,0.0,0.02073930762708187,0.02073930762708187
2024-10-03 08:00:00+09:00,0.02153028,0.0,0.08502110838890076,0.08502110838890076,0.0,0.10145092010498047,0.10145092010498047
2024-10-03 09:00:00+09:00,0.071271059,0.02153028,0.14345985103252412,0.14345985103252412,0.0,0.1817263960838318,0.1817263960838318
2024-10-03 10:00:00+09:00,0.141057624,0.071271059,0.22461938568304443,0.22461938568304443,0.0,0.33503496646881104,0.33503496646881104
2024-10-03 11:00:00+09:00,0.13289086,0.141057624,0.2776034609255066,0.2776034609255066,0.02153028,0.43307353008392335,0.43307353008392335
2024-10-03 12:00:00+09:00,0.174465901,0.13289086,0.14763065093134403,0.14763065093134403,0.071271059,0.3227362603778686,0.3227362603778686
2024-10-03 13:00:00+09:00,0.193026169,0.174465901,0.189178044689394,0.189178044689394,0.141057624,0.24531054355471038,0.24531054355471038
2024-10-03 14:00:00+09:00,0.314039032,0.193026169,0.1580290410498085,0.1580290410498085,0.13289086,0.20259002820526123,0.20259002820526123
2024-10-03 15:00:00+09:00,0.29993327,0.314039032,0.23381372823088836,0.23381372823088836,0.174465901,0.05921332423160172,0.05921332423160172
2024-10-03 16:00:00+09:00,0.123239603,0.29993327,0.16949825026847837,0.16949825026847837,0.193026169,0.0,0.0
2024-10-03 17:00:00+09:00,0.095028078,0.123239603,0.0,0.0,0.314039032,0.0,0.0
2024-10-03 18:00:00+09:00,0.005196752,0.095028078,0.0,0.0,0.29993327,0.0,0.0
2024-10-03 19:00:00+09:00,0.0,0.005196752,0.0,0.0,0.123239603,0.0,0.0
2024-10-03 20:00:00+09:00,0.0,0.0,0.0,0.0,0.095028078,0.0,0.0
2024-10-03 21:00:00+09:00,0.0,0.0,0.0,0.0,0.005196752,0.0,0.0
2024-10-03 22:00:00+09:00,,,,,,,
2024-10-03 23:00:00+09:00,,,,,,,
2024-10-04 00:00:00+09:00,,,,,,,
2024-10-04 01:00:00+09:00,0.0,,,,,,
2024-10-04 02:00:00+09:00,0.0,0.0,0.00025344188907183707,0.00025344188907183707,,,
2024-10-04 03:00:00+09:00,0.0,0.0,0.00025344188907183707,0.00025344188907183707,,,
2024-10-04 04:00:00+09:00,0.0,0.0,0.00025344188907183707,0.00025344188907183707,0.0,0.0006802923744544387,0.0006802923744544387
2024-10-04 05:00:00+09:00,0.0,0.0,0.00025344188907183707,0.00025344188907183707,0.0,0.0006802923744544387,0.0006802923744544387
2024-10-04 06:00:00+09:00,0.0,0.0,0.0002018826053244993,0.0002018826053244993,0.0,0.0007161524845287204,0.0007161524845287204
2024-10-04 07:00:00+09:00,0.008166764,0.0,0.0011048846645280719,0.0011048846645280719,0.0,0.006936888676136732,0.006936888676136732
2024-10-04 08:00:00+09:00,0.115816112,0.008166764,0.044555619427503586,0.044555619427503586,0.0,0.03424029052257538,0.03424029052257538
2024-10-04 09:00:00+09:00,0.296221011,0.115816112,0.2332624973240013,0.2332624973240013,0.0,0.17690584063529968,0.17690584063529968
2024-10-04 10:00:00+09:00,0.461777901,0.296221011,0.43543235273870085,0.43543235273870085,0.008166764,0.28628713271910095,0.28628713271910095
2024-10-04 11:00:00+09:00,0.564230497,0.461777901,0.5490070411028634,0.5490070411028634,0.115816112,0.4145516411843414,0.4145516411843414
2024-10-04 12:00:00+09:00,0.547897995,0.564230497,0.640641781506321,0.640641781506321,0.296221011,0.5783214202693329,0.5783214202693329
2024-10-04 13:00:00+09:00,0.657031835,0.547897995,0.5769672827024412,0.5769672827024412,0.461777901,0.6464059704007874,0.6464059704007874
2024-10-04 14:00:00+09:00,0.462520147,0.657031835,0.6643775230636513,0.6643775230636513,0.564230497,0.6364373518202515,0.6364373518202515
2024-10-04 15:00:00+09:00,0.426142885,0.462520147,0.3954287490588875,0.3954287490588875,0.547897995,0.4694026936937523,0.4694026936937523
2024-10-04 16:00:00+09:00,0.253161477,0.426142885,0.24263340106655124,0.24263340106655124,0.657031835,0.4385534533662414,0.4385534533662414
2024-10-04 17:00:00+09:00,0.150708881,0.253161477,0.10281831219840243,0.10281831219840243,0.462520147,0.11927353802745055,0.11927353802745055
2024-10-04 18:00:00+09:00,0.036378289,0.150708881,0.06416081337066268,0.06416081337066268,0.426142885,0.08520252874542239,0.08520252874542239
2024-10-04 19:00:00+09:00,0.0,0.036378289,0.015471151457036973,0.015471151457036973,0.253161477,0.0,0.0
2024-10-04 20:00:00+09:00,0.0,0.0,0.0,0.0,0.150708881,0.015184101441818226,0.015184101441818226
2024-10-04 21:00:00+09:00,0.0,0.0,0.0,0.0,0.036378289,0.0070994984217538845,0.0070994984217538845
2024-10-04 22:00:00+09:00,0.0,,,,,,
2024-10-04 23:00:00+09:00,0.0,,,,,,
2024-10-05 00:00:00+09:00,0.0,,,,,,
2024-10-05 01:00:00+09:00,0.0,0.0,0.0002508641919121146,0.0002508641919121146,0.0,0.00041511759627610445,0.00041511759627610445
2024-10-05 02:00:00+09:00,0.0,0.0,0.0002508641919121146,0.0002508641919121146,0.0,0.00041511759627610445,0.00041511759627610445
2024-10-05 03:00:00+09:00,0.0,0.0,0.0002508641919121146,0.0002508641919121146,0.0,0.00041511759627610445,0.00041511759627610445
2024-10-05 04:00:00+09:00,0.0,0.0,0.0002508641919121146,0.0002508641919121146,0.0,0.00041511759627610445,0.00041511759627610445
2024-10-05 05:00:00+09:00,0.0,0.0,0.0002508641919121146,0.0002508641919121146,0.0,0.00041511759627610445,0.00041511759627610445
2024-10-05 06:00:00+09:00,0.0,0.0,0.00019930489361286163,0.00019930489361286163,0.0,0.00012690783478319645,0.00012690783478319645
2024-10-05 07:00:00+09:00,0.007424518,0.0,0.0077652460895478725,0.0077652460895478725,0.0,0.016967972740530968,0.016967972740530968
2024-10-05 08:00:00+09:00,0.115816112,0.007424518,0.07672343356501389,0.07672343356501389,0.0,0.060248542577028275,0.060248542577028275
2024-10-05 09:00:00+09:00,0.269493979,0.115816112,0.24749451442385864,0.24749451442385864,0.0,0.19998103380203247,0.19998103380203247
2024-10-05 10:00:00+09:00,0.434308623,0.269493979,0.420721184991745,0.420721184991745,0.007424518,0.4060385073531799,0.4060385073531799
2024-10-05 11:00:00+09:00,0.51077746,0.434308623,0.5139953391989212,0.5139953391989212,0.115816112,0.486779029804718,0.486779029804718
2024-10-05 12:00:00+09:00,0.475141417,0.51077746,0.5769504993767357,0.5769504993767357,0.269493979,0.6076147673358001,0.6076147673358001
2024-10-05 13:00:00+09:00,0.431339637,0.475141417,0.5639114563795967,0.5639114563795967,0.434308623,0.6386251794537048,0.6386251794537048
2024-10-05 14:00:00+09:00,0.327402548,0.431339637,0.4035204431003685,0.4035204431003685,0.51077746,0.5299470830322123,0.5299470830322123
2024-10-05 15:00:00+09:00,0.229404458,0.327402548,0.22275380890049745,0.22275380890049745,0.475141417,0.27504528662890626,0.27504528662890626
2024-10-05 16:00:00+09:00,0.192283922,0.229404458,0.14495269317799378,0.14495269317799378,0.431339637,0.23475019689265442,0.23475019689265442
2024-10-05 17:00:00+09:00,0.15442114,0.192283922,0.0605492080879898,0.0605492080879898,0.327402548,0.02426441113629152,0.02426441113629152
2024-10-05 18:00:00+09:00,0.02153028,0.15442114,0.05525727246679307,0.05525727246679307,0.229404458,0.0,0.0
2024-10-05 19:00:00+09:00,0.0,0.02153028,0.0033268650234031666,0.0033268650234031666,0.192283922,0.0,0.0
2024-10-05 20:00:00+09:00,0.0,0.0,0.0,0.0,0.15442114,0.02911708180583955,0.02911708180583955
2024-10-05 21:00:00+09:00,0.0,0.0,0.0002942323626484722,0.0002942323626484722,0.02153028,0.00019056919816017037,0.00019056919816017037
2024-10-05 22:00:00+09:00,0.0,0.0,0.0005656929570250213,0.0005656929570250213,0.0,0.0,0.0
2024-10-05 23:00:00+09:00,0.0,0.0,0.0005656929570250213,0.0005656929570250213,0.0,0.0013976219343021512,0.0013976219343021512
2024-10-06 00:00:00+09:00,0.0,0.0,0.0,0.0,0.0,0.0,0.0
2024-10-06 01:00:00+09:00,0.0,0.0,0.0,0.0,0.0,0.0,0.0
2024-10-06 02:00:00+09:00,0.0,0.0,0.0,0.0,0.0,0.0,0.0
2024-10-06 03:00:00+09:00,0.0,0.0,0.0,0.0,0.0,0.0,0.0
2024-10-06 04:00:00+09:00,0.0,0.0,0.0,0.0,0.0,0.0,0.0
2024-10-06 05:00:00+09:00,0.0,0.0,0.0,0.0,0.0,0.0,0.0
2024-10-06 06:00:00+09:00,0.0,0.0,0.0,0.0,0.0,0.0,0.0
2024-10-06 07:00:00+09:00,0.008166764,0.0,0.002819262444972992,0.002819262444972992,0.0,0.021286463364958763,0.021286463364958763
2024-10-06 08:00:00+09:00,0.075725564,0.008166764,0.0917301886468544,0.0917301886468544,0.0,0.08372541517019272,0.08372541517019272
2024-10-06 09:00:00+09:00,0.163330151,0.075725564,0.18761143201290512,0.18761143201290512,0.0,0.20510359108448029,0.20510359108448029
2024-10-06 10:00:00+09:00,0.140315378,0.163330151,0.30346101359365085,0.30346101359365085,0.008166764,0.37438723824316406,0.37438723824316406
2024-10-06 11:00:00+09:00,0.188571663,0.140315378,0.24819189487860488,0.24819189487860488,0.075725564,0.5000289764374389,0.5000289764374389
2024-10-06 12:00:00+09:00,0.252419231,0.188571663,0.21942279803038883,0.21942279803038883,0.163330151,0.4286159409665833,0.4286159409665833
2024-10-06 13:00:00+09:00,0.324432536,0.252419231,0.22626401810591795,0.22626401810591795,0.140315378,0.2348108756439476,0.2348108756439476
2024-10-06 14:00:00+09:00,0.138830885,0.324432536,0.2912708474039898,0.2912708474039898,0.188571663,0.24756957346977043,0.24756957346977043
2024-10-06 15:00:00+09:00,0.073498825,0.138830885,0.06370147288537978,0.06370147288537978,0.252419231,0.14716493106132128,0.14716493106132128
2024-10-06 16:00:00+09:00,0.028953771,0.073498825,0.01021840648479462,0.01021840648479462,0.324432536,0.10274699234365081,0.10274699234365081
2024-10-06 17:00:00+09:00,0.019302514,0.028953771,0.0,0.0,0.138830885,0.0,0.0
2024-10-06 18:00:00+09:00,0.001484493,0.019302514,0.0,0.0,0.073498825,0.0,0.0
2024-10-06 19:00:00+09:00,0.0,0.001484493,0.0,0.0,0.028953771,0.0,0.0
2024-10-06 20:00:00+09:00,0.0,0.0,0.0,0.0,0.019302514,0.0,0.0
2024-10-06 21:00:00+09:00,0.0,0.0,0.0,0.0,0.001484493,0.0,0.0
2024-10-06 22:00:00+09:00,0.0,0.0,0.0,0.0,0.0,0.0,0.0
2024-10-06 23:00:00+09:00,0.0,0.0,0.0,0.0,0.0,0.0011175164254382253,0.0011175164254382253
2024-10-07 00:00:00+09:00,0.0,0.0,0.00012142469495302066,0.00012142469495302066,0.0,0.0,0.0
2024-10-07 01:00:00+09:00,0.0,0.0,0.00012142469495302066,0.00012142469495302066,0.0,0.0,0.0
2024-10-07 02:00:00+09:00,0.0,0.0,0.00012142469495302066,0.00012142469495302066,0.0,0.0,0.0
2024-10-07 03:00:00+09:00,0.0,0.0,0.00012142469495302066,0.00012142469495302066,0.0,0.0,0.0
2024-10-07 04:00:00+09:00,0.0,0.0,0.00012142469495302066,0.00012142469495302066,0.0,0.0,0.0
2024-10-07 05:00:00+09:00,0.0,0.0,0.00012142469495302066,0.00012142469495302066,0.0,0.0,0.0
2024-10-07 06:00:00+09:00,0.0,0.0,0.00019493259605951607,0.00019493259605951607,0.0,0.0,0.0
2024-10-07 07:00:00+09:00,0.0,0.0,0.008986297994852066,0.008986297994852066,0.0,0.0,0.0
2024-10-07 08:00:00+09:00,0.011879023,0.0,0.05564020574092865,0.05564020574092865,0.0,0.050564806908369064,0.050564806908369064
2024-10-07 09:00:00+09:00,0.080180069,0.011879023,0.09231290577292252,0.09231290577292252,0.0,0.11971955746412277,0.11971955746412277
2024-10-07 10:00:00+09:00,0.13437638,0.080180069,0.2162875733678284,0.2162875733678284,0.0,0.30333971977233887,0.30333971977233887
2024-10-07 11:00:00+09:00,0.175950394,0.13437638,0.22798262104738234,0.22798262104738234,0.011879023,0.29172530381321715,0.29172530381321715
2024-10-07 12:00:00+09:00,0.327402548,0.175950394,0.2691624620809021,0.2691624620809021,0.080180069,0.41906972745108034,0.41906972745108034
2024-10-07 13:00:00+09:00,0.348931802,0.327402548,0.36630291964092065,0.36630291964092065,0.13437638,0.2898160846566009,0.2898160846566009
2024-10-07 14:00:00+09:00,0.342250557,0.348931802,0.30504433580775453,0.30504433580775453,0.175950394,0.2129905382050934,0.2129905382050934
2024-10-07 15:00:00+09:00,0.179662653,0.342250557,0.26744847869332505,0.26744847869332505,0.327402548,0.20408841322340776,0.20408841322340776
2024-10-07 16:00:00+09:00,0.125467369,0.179662653,0.09934143045628357,0.09934143045628357,0.348931802,0.1767550534858246,0.1767550534858246
2024-10-07 17:00:00+09:00,0.054938557,0.125467369,0.022234858612102504,0.022234858612102504,0.342250557,0.15674981599505616,0.15674981599505616
2024-10-07 18:00:00+09:00,0.007424518,0.054938557,0.0,0.0,0.179662653,0.0,0.0
2024-10-07 19:00:00+09:00,0.0,0.007424518,0.0,0.0,0.125467369,0.0,0.0
2024-10-07 20:00:00+09:00,0.0,0.0,0.0,0.0,0.054938557,0.0,0.0
2024-10-07 21:00:00+09:00,0.0,0.0,3.223968087695539e-05,3.223968087695539e-05,0.007424518,0.0,0.0
2024-10-07 22:00:00+09:00,0.0,0.0,0.00042181764729321003,0.00042181764729321003,0.0,0.0,0.0
2024-10-07 23:00:00+09:00,0.0,0.0,0.00042181764729321003,0.00042181764729321003,0.0,0.0017654774710536003,0.0017654774710536003
2024-10-08 00:00:00+09:00,0.0,0.0,0.0001500001089880243,0.0001500001089880243,0.0,0.0004155873029958457,0.0004155873029958457
2024-10-08 01:00:00+09:00,0.0,0.0,0.0001500001089880243,0.0001500001089880243,0.0,0.0004155873029958457,0.0004155873029958457
2024-10-08 02:00:00+09:00,0.0,0.0,0.0001500001089880243,0.0001500001089880243,0.0,0.0004155873029958457,0.0004155873029958457
2024-10-08 03:00:00+09:00,0.0,0.0,0.0001500001089880243,0.0001500001089880243,0.0,0.0004155873029958457,0.0004155873029958457
2024-10-08 04:00:00+09:00,0.0,0.0,0.0001500001089880243,0.0001500001089880243,0.0,0.0004155873029958457,0.0004155873029958457
2024-10-08 05:00:00+09:00,0.0,0.0,0.0001500001089880243,0.0001500001089880243,0.0,0.0004155873029958457,0.0004155873029958457
2024-10-08 06:00:00+09:00,0.0,0.0,0.0001993928017327562,0.0001993928017327562,0.0,0.0,0.0
2024-10-08 07:00:00+09:00,0.0,0.0,0.0011504624271765351,0.0011504624271765351,0.0,0.006507814396172762,0.006507814396172762
2024-10-08 08:00:00+09:00,0.046029546,0.0,0.04520483314990997,0.04520483314990997,0.0,0.04616538807749748,0.04616538807749748
2024-10-08 09:00:00+09:00,0.245736959,0.046029546,0.14757814321660614,0.14757814321660614,0.0,0.15811121463775635,0.15811121463775635
2024-10-08 10:00:00+09:00,0.417976121,0.245736959,0.38320724906481174,0.38320724906481174,0.0,0.28530871868133545,0.28530871868133545
2024-10-08 11:00:00+09:00,0.52191321,0.417976121,0.516188154510208,0.516188154510208,0.046029546,0.38559965107583616,0.38559965107583616
2024-10-08 12:00:00+09:00,0.577594013,0.52191321,0.5883344729199028,0.5883344729199028,0.245736959,0.5749560320571747,0.5749560320571747
2024-10-08 13:00:00+09:00,0.54344349,0.577594013,0.6127509186510925,0.6127509186510925,0.417976121,0.5869198837792358,0.5869198837792358
2024-10-08 14:00:00+09:00,0.383825598,0.54344349,0.4997552784099484,0.4997552784099484,0.52191321,0.5402273182525253,0.5402273182525253
2024-10-08 15:00:00+09:00,0.199707413,0.383825598,0.28818726324887084,0.28818726324887084,0.577594013,0.5019217217807656,0.5019217217807656
2024-10-08 16:00:00+09:00,0.18931391,0.199707413,0.13190841851843643,0.13190841851843643,0.54344349,0.38634357246898654,0.38634357246898654
2024-10-08 17:00:00+09:00,0.128436355,0.18931391,0.09258915393796921,0.09258915393796921,0.383825598,0.14545462810845183,0.14545462810845183
2024-10-08 18:00:00+09:00,0.011879023,0.128436355,0.03610987783000946,0.03610987783000946,0.199707413,0.0,0.0
2024-10-08 19:00:00+09:00,0.0,0.011879023,0.0,0.0,0.18931391,0.0,0.0
2024-10-08 20:00:00+09:00,0.0,0.0,0.0,0.0,0.128436355,0.0011601430229949972,0.0011601430229949972
2024-10-08 21:00:00+09:00,0.0,0.0,0.0,0.0,0.011879023,0.0,0.0
2024-10-08 22:00:00+09:00,0.0,0.0,0.00020040551316924393,0.00020040551316924393,0.0,0.0,0.0
2024-10-08 23:00:00+09:00,0.0,0.0,0.00020040551316924393,0.00020040551316924393,0.0,0.0012296800268813968,0.0012296800268813968
2024-10-09 00:00:00+09:00,0.0,0.0,0.0005072793574072421,0.0005072793574072421,0.0,0.0009467365453019738,0.0009467365453019738
2024-10-09 01:00:00+09:00,0.0,0.0,0.0005072793574072421,0.0005072793574072421,0.0,0.0009467365453019738,0.0009467365453019738
2024-10-09 02:00:00+09:00,0.0,0.0,0.0005072793574072421,0.0005072793574072421,0.0,0.0009467365453019738,0.0009467365453019738
2024-10-09 03:00:00+09:00,0.0,0.0,0.0005072793574072421,0.0005072793574072421,0.0,0.0009467365453019738,0.0009467365453019738
2024-10-09 04:00:00+09:00,0.0,0.0,0.0005072793574072421,0.0005072793574072421,0.0,0.0009467365453019738,0.0009467365453019738
2024-10-09 05:00:00+09:00,0.0,0.0,0.0005072793574072421,0.0005072793574072421,0.0,0.0009467365453019738,0.0009467365453019738
2024-10-09 06:00:00+09:00,0.0,0.0,0.0005271463305689394,0.0005271463305689394,0.0,0.0006504023913294077,0.0006504023913294077
2024-10-09 07:00:00+09:00,0.002226739,0.0,0.0,0.0,0.0,0.006546904798597097,0.006546904798597097
2024-10-09 08:00:00+09:00,0.074241071,0.002226739,0.04747383929363632,0.04747383929363632,0.0,0.025467805564403534,0.025467805564403534
2024-10-09 09:00:00+09:00,0.170753642,0.074241071,0.20954273547162627,0.20954273547162627,0.0,0.17438362538814545,0.17438362538814545
2024-10-09 10:00:00+09:00,0.2197532,0.170753642,0.2973965248239441,0.2973965248239441,0.002226739,0.3665542293297424,0.3665542293297424
2024-10-09 11:00:00+09:00,0.41129385,0.2197532,0.3559570403749466,0.3559570403749466,0.074241071,0.5029484918259582,0.5029484918259582
2024-10-09 12:00:00+09:00,0.38753683,0.41129385,0.4869288063598633,0.4869288063598633,0.170753642,0.5432646414411468,0.5432646414411468
2024-10-09 13:00:00+09:00,0.390506842,0.38753683,0.40679672612936973,0.40679672612936973,0.2197532,0.38874391633815764,0.38874391633815764
2024-10-09 14:00:00+09:00,0.396445841,0.390506842,0.384670956817977,0.384670956817977,0.41129385,0.4468586749387741,0.4468586749387741
2024-10-09 15:00:00+09:00,0.326659275,0.396445841,0.31501133035174944,0.31501133035174944,0.38753683,0.2780613291183281,0.2780613291183281
2024-10-09 16:00:00+09:00,0.270236225,0.326659275,0.20640664339532855,0.20640664339532855,0.390506842,0.14514008985232546,0.14514008985232546
2024-10-09 17:00:00+09:00,0.140315378,0.270236225,0.158311278691864,0.158311278691864,0.396445841,0.07048577110520937,0.07048577110520937
2024-10-09 18:00:00+09:00,0.017818021,0.140315378,0.036054069091537466,0.036054069091537466,0.326659275,0.0,0.0
2024-10-09 19:00:00+09:00,0.0,0.017818021,0.0,0.0,0.270236225,0.0033275197654724087,0.0033275197654724087
2024-10-09 20:00:00+09:00,0.0,0.0,0.0,0.0,0.140315378,0.0,0.0
2024-10-09 21:00:00+09:00,0.0,0.0,0.0,0.0,0.017818021,0.0,0.0
2024-10-09 22:00:00+09:00,0.0,0.0,0.0,0.0,0.0,0.0,0.0
2024-10-09 23:00:00+09:00,0.0,0.0,0.0,0.0,0.0,0.0,0.0
2024-10-10 00:00:00+09:00,0.0,0.0,0.00023573500220663846,0.00023573500220663846,0.0,0.00037545294617302716,0.00037545294617302716
2024-10-10 01:00:00+09:00,0.0,0.0,0.00023573500220663846,0.00023573500220663846,0.0,0.00037545294617302716,0.00037545294617302716
2024-10-10 02:00:00+09:00,0.0,0.0,0.00023573500220663846,0.00023573500220663846,0.0,0.00037545294617302716,0.00037545294617302716
2024-10-10 03:00:00+09:00,0.0,0.0,0.00023573500220663846,0.00023573500220663846,0.0,0.00037545294617302716,0.00037545294617302716
2024-10-10 04:00:00+09:00,0.0,0.0,0.00023573500220663846,0.00023573500220663846,0.0,0.00037545294617302716,0.00037545294617302716
2024-10-10 05:00:00+09:00,0.0,0.0,0.00023573500220663846,0.00023573500220663846,0.0,0.00037545294617302716,0.00037545294617302716
2024-10-10 06:00:00+09:00,0.0,0.0,0.00025049937539733946,0.00025049937539733946,0.0,0.0003141940978821367,0.0003141940978821367
2024-10-10 07:00:00+09:00,0.01262127,0.0,0.0026832250878214836,0.0026832250878214836,0.0,0.0007414593710564077,0.0007414593710564077
2024-10-10 08:00:00+09:00,0.052710791,0.01262127,0.08861897277738572,0.08861897277738572,0.0,0.09058394283056259,0.09058394283056259
2024-10-10 09:00:00+09:00,0.179662653,0.052710791,0.17464036203252412,0.17464036203252412,0.0,0.1817263960838318,0.1817263960838318
2024-10-10 10:00:00+09:00,0.276918497,0.179662653,0.2995316467591553,0.2995316467591553,0.01262127,0.2652114494433594,0.2652114494433594
2024-10-10 11:00:00+09:00,0.340022791,0.276918497,0.38207686326291274,0.38207686326291274,0.052710791,0.4364424244247589,0.4364424244247589
2024-10-10 12:00:00+09:00,0.437278635,0.340022791,0.39069731143294906,0.39069731143294906,0.179662653,0.4557997069665222,0.4557997069665222
2024-10-10 13:00:00+09:00,0.484050428,0.437278635,0.45595571132482055,0.45595571132482055,0.276918497,0.4463197850325317,0.4463197850325317
2024-10-10 14:00:00+09:00,0.548640241,0.484050428,0.466637672361639,0.466637672361639,0.340022791,0.37404685077249145,0.37404685077249145
2024-10-10 15:00:00+09:00,0.429111871,0.548640241,0.4746384295552406,0.4746384295552406,0.437278635,0.3664224214303589,0.3664224214303589
2024-10-10 16:00:00+09:00,0.244252466,0.429111871,0.3353349520523033,0.3353349520523033,0.484050428,0.24322538587143705,0.24322538587143705
2024-10-10 17:00:00+09:00,0.179662653,0.244252466,0.12498810920802689,0.12498810920802689,0.548640241,0.2730552750557098,0.2730552750557098
2024-10-10 18:00:00+09:00,0.026727032,0.179662653,0.0851785621949463,0.0851785621949463,0.429111871,0.08727553772515867,0.08727553772515867
2024-10-10 19:00:00+09:00,0.0,0.026727032,0.004823815161163331,0.004823815161163331,0.244252466,0.0,0.0
2024-10-10 20:00:00+09:00,0.0,0.0,0.0,0.0,0.179662653,0.04904293337548066,0.04904293337548066
2024-10-10 21:00:00+09:00,0.0,0.0,0.0,0.0,0.026727032,0.0,0.0
2024-10-10 22:00:00+09:00,0.0,0.0,0.0,0.0,0.0,0.0,0.0
2024-10-10 23:00:00+09:00,0.0,0.0,0.0,0.0,0.0,0.0,0.0
2024-10-11 00:00:00+09:00,0.0,0.0,0.00025344188907183707,0.00025344188907183707,0.0,0.0006802923744544387,0.0006802923744544387
2024-10-11 01:00:00+09:00,0.0,0.0,0.00025344188907183707,0.00025344188907183707,0.0,0.0006802923744544387,0.0006802923744544387
2024-10-11 02:00:00+09:00,0.0,0.0,0.00025344188907183707,0.00025344188907183707,0.0,0.0006802923744544387,0.0006802923744544387
2024-10-11 03:00:00+09:00,0.0,0.0,0.00025344188907183707,0.00025344188907183707,0.0,0.0006802923744544387,0.0006802923744544387
2024-10-11 04:00:00+09:00,0.0,0.0,0.00025344188907183707,0.00025344188907183707,0.0,0.0006802923744544387,0.0006802923744544387
2024-10-11 05:00:00+09:00,0.0,0.0,0.00025344188907183707,0.00025344188907183707,0.0,0.0006802923744544387,0.0006802923744544387
2024-10-11 06:00:00+09:00,0.0,0.0,0.0002018826053244993,0.0002018826053244993,0.0,0.0007161524845287204,0.0007161524845287204
2024-10-11 07:00:00+09:00,0.004454505,0.0,0.004630963318049908,0.004630963318049908,0.0,0.010517798364162445,0.010517798364162445
2024-10-11 08:00:00+09:00,0.092059092,0.004454505,0.04765985563743591,0.04765985563743591,0.0,0.04064706712961197,0.04064706712961197
2024-10-11 09:00:00+09:00,0.259842722,0.092059092,0.22152356930064393,0.22152356930064393,0.0,0.17735572159290314,0.17735572159290314
2024-10-11 10:00:00+09:00,0.413521615,0.259842722,0.4215580506933899,0.4215580506933899,0.004454505,0.37937546924102783,0.37937546924102783
2024-10-11 11:00:00+09:00,0.517458704,0.413521615,0.4904915812923813,0.4904915812923813,0.092059092,0.45083041615771485,0.45083041615771485
2024-10-11 12:00:00+09:00,0.558291499,0.517458704,0.554428745692257,0.554428745692257,0.259842722,0.5538642390383454,0.5538642390383454
2024-10-11 13:00:00+09:00,0.439505374,0.558291499,0.5814252798072567,0.5814252798072567,0.413521615,0.6119502607300187,0.6119502607300187
2024-10-11 14:00:00+09:00,0.305130021,0.439505374,0.41123676480405236,0.41123676480405236,0.517458704,0.5395550417505541,0.5395550417505541
2024-10-11 15:00:00+09:00,0.470686912,0.305130021,0.2009202105046234,0.2009202105046234,0.558291499,0.4316142242960205,0.4316142242960205
2024-10-11 16:00:00+09:00,0.314781279,0.470686912,0.35674098825436784,0.35674098825436784,0.439505374,0.22202389495127106,0.22202389495127106
2024-10-11 17:00:00+09:00,0.221237693,0.314781279,0.17831793490286257,0.17831793490286257,0.305130021,0.0,0.0
2024-10-11 18:00:00+09:00,0.037862782,0.221237693,0.11274880545155336,0.11274880545155336,0.470686912,0.09701949304324342,0.09701949304324342
2024-10-11 19:00:00+09:00,0.0,0.037862782,0.01695564445703697,0.01695564445703697,0.314781279,0.05378630820150759,0.05378630820150759
2024-10-11 20:00:00+09:00,0.0,0.0,0.0,0.0,0.221237693,0.08571291344181825,0.08571291344181825
2024-10-11 21:00:00+09:00,0.0,0.0,0.0,0.0,0.037862782,0.008583991421753881,0.008583991421753881
2024-10-11 22:00:00+09:00,0.0,0.0,0.0,0.0,0.0,0.0,0.0
2024-10-11 23:00:00+09:00,0.0,0.0,0.0,0.0,0.0,0.0,0.0
2024-10-12 00:00:00+09:00,0.0,0.0,0.0002508641919121146,0.0002508641919121146,0.0,0.00041511759627610445,0.00041511759627610445
2024-10-12 01:00:00+09:00,0.0,0.0,0.0002508641919121146,0.0002508641919121146,0.0,0.00041511759627610445,0.00041511759627610445
2024-10-12 02:00:00+09:00,0.0,0.0,0.0002508641919121146,0.0002508641919121146,0.0,0.00041511759627610445,0.00041511759627610445
2024-10-12 03:00:00+09:00,0.0,0.0,0.0002508641919121146,0.0002508641919121146,0.0,0.00041511759627610445,0.00041511759627610445
2024-10-12 04:00:00+09:00,0.0,0.0,0.0002508641919121146,0.0002508641919121146,0.0,0.00041511759627610445,0.00041511759627610445
2024-10-12 05:00:00+09:00,0.0,0.0,0.0002508641919121146,0.0002508641919121146,0.0,0.00041511759627610445,0.00041511759627610445
2024-10-12 06:00:00+09:00,0.0,0.0,0.00019930489361286163,0.00019930489361286163,0.0,0.00012690783478319645,0.00012690783478319645
2024-10-12 07:00:00+09:00,0.004454505,0.0,0.0011077614035457373,0.0011077614035457373,0.0,0.0,0.0
2024-10-12 08:00:00+09:00,0.089831326,0.004454505,0.04892620846975326,0.04892620846975326,0.0,0.03884655982255936,0.03884655982255936
2024-10-12 09:00:00+09:00,0.258358229,0.089831326,0.20834022372176741,0.20834022372176741,0.0,0.23806162178516388,0.23806162178516388
2024-10-12 10:00:00+09:00,0.415748355,0.258358229,0.41297611971559905,0.41297611971559905,0.004454505,0.3770164366101074,0.3770164366101074
2024-10-12 11:00:00+09:00,0.502610695,0.415748355,0.5263712005901147,0.5263712005901147,0.089831326,0.5011417305391083,0.5011417305391083
2024-10-12 12:00:00+09:00,0.556805979,0.502610695,0.5358308706536961,0.5358308706536961,0.258358229,0.5188071914500274,0.5188071914500274
2024-10-12 13:00:00+09:00,0.525625468,0.556805979,0.5230112816258945,0.5230112816258945,0.415748355,0.540362884311657,0.540362884311657
2024-10-12 14:00:00+09:00,0.453611137,0.525625468,0.5012600782803945,0.5012600782803945,0.502610695,0.5956518393114281,0.5956518393114281
2024-10-12 15:00:00+09:00,0.446929892,0.453611137,0.40894248115745735,0.40894248115745735,0.556805979,0.44439059822407145,0.44439059822407145
2024-10-12 16:00:00+09:00,0.258358229,0.446929892,0.37229776888732147,0.37229776888732147,0.525625468,0.2788985527597122,0.2788985527597122
2024-10-12 17:00:00+09:00,0.124725122,0.258358229,0.1259158291405716,0.1259158291405716,0.453611137,0.155691237774765,0.155691237774765
2024-10-12 18:00:00+09:00,0.020787007,0.124725122,0.038805302227756494,0.038805302227756494,0.446929892,0.13172780483607482,0.13172780483607482
2024-10-12 19:00:00+09:00,0.0,0.020787007,0.0025835920234031674,0.0025835920234031674,0.258358229,0.017715234357742304,0.017715234357742304
2024-10-12 20:00:00+09:00,0.0,0.0,0.0,0.0,0.124725122,0.0,0.0
2024-10-12 21:00:00+09:00,0.0,0.0,0.0002942323626484722,0.0002942323626484722,0.020787007,0.0,0.0
2024-10-12 22:00:00+09:00,0.0,0.0,0.0005656929570250213,0.0005656929570250213,0.0,0.0,0.0
2024-10-12 23:00:00+09:00,0.0,0.0,0.0005656929570250213,0.0005656929570250213,0.0,0.0013976219343021512,0.0013976219343021512
2024-10-13 00:00:00+09:00,0.0,0.0,0.0,0.0,0.0,0.0,0.0
2024-10-13 01:00:00+09:00,0.0,0.0,0.0,0.0,0.0,0.0,0.0
2024-10-13 02:00:00+09:00,0.0,0.0,0.0,0.0,0.0,0.0,0.0
2024-10-13 03:00:00+09:00,0.0,0.0,0.0,0.0,0.0,0.0,0.0
2024-10-13 04:00:00+09:00,0.0,0.0,0.0,0.0,0.0,0.0,0.0
2024-10-13 05:00:00+09:00,0.0,0.0,0.0,0.0,0.0,0.0,0.0
2024-10-13 06:00:00+09:00,0.0,0.0,0.0,0.0,0.0,0.0,0.0
2024-10-13 07:00:00+09:00,0.004454505,0.0,6.448338535847142e-05,6.448338535847142e-05,0.0,0.0,0.0
2024-10-13 08:00:00+09:00,0.090573573,0.004454505,0.05941151485193252,0.05941151485193252,0.0,0.05503690242767334,0.05503690242767334
2024-10-13 09:00:00+09:00,0.258358229,0.090573573,0.24395210433678438,0.24395210433678438,0.0,0.25698891282081604,0.25698891282081604
2024-10-13 10:00:00+09:00,0.425399612,0.258358229,0.35067783673468017,0.35067783673468017,0.004454505,0.294431072029953,0.294431072029953
2024-10-13 11:00:00+09:00,0.56348825,0.425399612,0.5105372176671142,0.5105372176671142,0.090573573,0.4301143525906067,0.4301143525906067
2024-10-13 12:00:00+09:00,0.59615428,0.56348825,0.6014862855501175,0.6014862855501175,0.258358229,0.5507359691447296,0.5507359691447296
2024-10-13 13:00:00+09:00,0.522655456,0.59615428,0.6079991916125703,0.6079991916125703,0.425399612,0.5902901248240585,0.5902901248240585
2024-10-13 14:00:00+09:00,0.285827507,0.522655456,0.4667517381245193,0.4667517381245193,0.56348825,0.5315938418335915,0.5315938418335915
2024-10-13 15:00:00+09:00,0.225692199,0.285827507,0.2050268470454521,0.2050268470454521,0.59615428,0.5057234242489624,0.5057234242489624
2024-10-13 16:00:00+09:00,0.182632665,0.225692199,0.1735642975352993,0.1735642975352993,0.522655456,0.34575138860288235,0.34575138860288235
2024-10-13 17:00:00+09:00,0.097255844,0.182632665,0.03217996176246643,0.03217996176246643,0.285827507,0.0,0.0
2024-10-13 18:00:00+09:00,0.008166764,0.097255844,0.0,0.0,0.225692199,0.0,0.0
2024-10-13 19:00:00+09:00,0.0,0.008166764,0.0,0.0,0.182632665,0.0,0.0
2024-10-13 20:00:00+09:00,0.0,0.0,0.0,0.0,0.097255844,0.0,0.0
2024-10-13 21:00:00+09:00,0.0,0.0,0.0,0.0,0.008166764,0.0,0.0
2024-10-13 22:00:00+09:00,0.0,0.0,0.0,0.0,0.0,0.0,0.0
2024-10-13 23:00:00+09:00,0.0,0.0,0.0,0.0,0.0,0.0011175164254382253,0.0011175164254382253
2024-10-14 00:00:00+09:00,0.0,0.0,0.00012142469495302066,0.00012142469495302066,0.0,0.0,0.0
2024-10-14 01:00:00+09:00,0.0,0.0,0.00012142469495302066,0.00012142469495302066,0.0,0.0,0.0
2024-10-14 02:00:00+09:00,0.0,0.0,0.00012142469495302066,0.00012142469495302066,0.0,0.0,0.0
2024-10-14 03:00:00+09:00,0.0,0.0,0.00012142469495302066,0.00012142469495302066,0.0,0.0,0.0
2024-10-14 04:00:00+09:00,0.0,0.0,0.00012142469495302066,0.00012142469495302066,0.0,0.0,0.0
2024-10-14 05:00:00+09:00,0.0,0.0,0.00012142469495302066,0.00012142469495302066,0.0,0.0,0.0
2024-10-14 06:00:00+09:00,0.0,0.0,0.00019493259605951607,0.00019493259605951607,0.0,0.0,0.0
2024-10-14 07:00:00+09:00,0.0,0.0,0.00011977159738307819,0.00011977159738307819,0.0,0.0,0.0
2024-10-14 08:00:00+09:00,0.030438264,0.0,0.05060051009058952,0.05060051009058952,0.0,0.051829490810632706,0.051829490810632706
2024-10-14 09:00:00+09:00,0.120270617,0.030438264,0.18911697446066283,0.18911697446066283,0.0,0.2871723771095276,0.2871723771095276
2024-10-14 10:00:00+09:00,0.147738869,0.120270617,0.2791244161046905,0.2791244161046905,0.0,0.38363179564476013,0.38363179564476013
2024-10-14 11:00:00+09:00,0.241282454,0.147738869,0.23759548615269088,0.23759548615269088,0.030438264,0.40428527175146484,0.40428527175146484
2024-10-14 12:00:00+09:00,0.231631197,0.241282454,0.2574709004323521,0.2574709004323521,0.120270617,0.39569661735667416,0.39569661735667416
2024-10-14 13:00:00+09:00,0.259100475,0.231631197,0.25705413144275857,0.25705413144275857,0.147738869,0.32891816895059967,0.32891816895059967
2024-10-14 14:00:00+09:00,0.136603119,0.259100475,0.16426789818868637,0.16426789818868637,0.241282454,0.19893321605134393,0.19893321605134393
2024-10-14 15:00:00+09:00,0.080180069,0.136603119,0.08369031004528427,0.08369031004528427,0.231631197,0.12279985096499635,0.12279985096499635
2024-10-14 16:00:00+09:00,0.079437823,0.080180069,0.006841180414432532,0.006841180414432532,0.259100475,0.05355908779964447,0.05355908779964447
2024-10-14 17:00:00+09:00,0.02153028,0.079437823,0.0,0.0,0.136603119,0.0,0.0
2024-10-14 18:00:00+09:00,0.000742246,0.02153028,0.0,0.0,0.080180069,0.0,0.0
2024-10-14 19:00:00+09:00,0.0,0.000742246,0.0,0.0,0.079437823,0.0,0.0
2024-10-14 20:00:00+09:00,0.0,0.0,0.0,0.0,0.02153028,0.0,0.0
2024-10-14 21:00:00+09:00,0.0,0.0,3.223968087695539e-05,3.223968087695539e-05,0.000742246,0.0,0.0
2024-10-14 22:00:00+09:00,0.0,0.0,0.00042181764729321003,0.00042181764729321003,0.0,0.0,0.0
2024-10-14 23:00:00+09:00,0.0,0.0,0.00042181764729321003,0.00042181764729321003,0.0,0.0017654774710536003,0.0017654774710536003
2024-10-15 00:00:00+09:00,0.0,0.0,0.0001500001089880243,0.0001500001089880243,0.0,0.0004155873029958457,0.0004155873029958457
2024-10-15 01:00:00+09:00,0.0,0.0,0.0001500001089880243,0.0001500001089880243,0.0,0.0004155873029958457,0.0004155873029958457
2024-10-15 02:00:00+09:00,0.0,0.0,0.0001500001089880243,0.0001500001089880243,0.0,0.0004155873029958457,0.0004155873029958457
2024-10-15 03:00:00+09:00,0.0,0.0,0.0001500001089880243,0.0001500001089880243,0.0,0.0004155873029958457,0.0004155873029958457
2024-10-15 04:00:00+09:00,0.0,0.0,0.0001500001089880243,0.0001500001089880243,0.0,0.0004155873029958457,0.0004155873029958457
2024-10-15 05:00:00+09:00,0.0,0.0,0.0001500001089880243,0.0001500001089880243,0.0,0.0004155873029958457,0.0004155873029958457
2024-10-15 06:00:00+09:00,0.0,0.0,0.0001993928017327562,0.0001993928017327562,0.0,0.0,0.0
2024-10-15 07:00:00+09:00,0.0,0.0,0.0011504624271765351,0.0011504624271765351,0.0,0.006507814396172762,0.006507814396172762
2024-10-15 08:00:00+09:00,0.0,0.0,0.036602869629859924,0.036602869629859924,0.0,0.014584594406187534,0.014584594406187534
2024-10-15 09:00:00+09:00,0.03266603,0.0,0.1239582821726799,0.1239582821726799,0.0,0.18912430107593536,0.18912430107593536
2024-10-15 10:00:00+09:00,0.089831326,0.03266603,0.16181443877056123,0.16181443877056123,0.0,0.2685370445251465,0.2685370445251465
2024-10-15 11:00:00+09:00,0.286569754,0.089831326,0.2044979220550308,0.2044979220550308,0.0,0.37033066153526306,0.37033066153526306
2024-10-15 12:00:00+09:00,0.187829417,0.286569754,0.37415560555010224,0.37415560555010224,0.03266603,0.3846827471955109,0.3846827471955109
2024-10-15 13:00:00+09:00,0.27840299,0.187829417,0.22864922211546135,0.22864922211546135,0.089831326,0.24961057662179564,0.24961057662179564
2024-10-15 14:00:00+09:00,0.186344924,0.27840299,0.23420208905791284,0.23420208905791284,0.286569754,0.3168029229745188,0.3168029229745188
2024-10-15 15:00:00+09:00,0.13437638,0.186344924,0.11524950954029464,0.11524950954029464,0.187829417,0.05778382421511841,0.05778382421511841
2024-10-15 16:00:00+09:00,0.091315819,0.13437638,0.021550583991889943,0.021550583991889943,0.27840299,0.032517826454391496,0.032517826454391496
2024-10-15 17:00:00+09:00,0.051968544,0.091315819,0.0,0.0,0.186344924,0.0,0.0
2024-10-15 18:00:00+09:00,0.001484493,0.051968544,0.012183393561452864,0.012183393561452864,0.13437638,0.0,0.0
2024-10-15 19:00:00+09:00,0.0,0.001484493,0.0,0.0,0.091315819,0.0,0.0
2024-10-15 20:00:00+09:00,0.0,0.0,0.0,0.0,0.051968544,0.0,0.0
2024-10-15 21:00:00+09:00,0.0,0.0,0.0,0.0,0.001484493,0.0,0.0
2024-10-15 22:00:00+09:00,0.0,0.0,0.00020040551316924393,0.00020040551316924393,0.0,0.0,0.0
2024-10-15 23:00:00+09:00,0.0,0.0,0.00020040551316924393,0.00020040551316924393,0.0,0.0012296800268813968,0.0012296800268813968
2024-10-16 00:00:00+09:00,0.0,0.0,0.0005072793574072421,0.0005072793574072421,0.0,0.0009467365453019738,0.0009467365453019738
2024-10-16 01:00:00+09:00,0.0,0.0,0.0005072793574072421,0.0005072793574072421,0.0,0.0009467365453019738,0.0009467365453019738
2024-10-16 02:00:00+09:00,0.0,0.0,0.0005072793574072421,0.0005072793574072421,0.0,0.0009467365453019738,0.0009467365453019738
2024-10-16 03:00:00+09:00,0.0,0.0,0.0005072793574072421,0.0005072793574072421,0.0,0.0009467365453019738,0.0009467365453019738
2024-10-16 04:00:00+09:00,0.0,0.0,0.0005072793574072421,0.0005072793574072421,0.0,0.0009467365453019738,0.0009467365453019738
2024-10-16 05:00:00+09:00,0.0,0.0,0.0005072793574072421,0.0005072793574072421,0.0,0.0009467365453019738,0.0009467365453019738
2024-10-16 06:00:00+09:00,0.0,0.0,0.0005271463305689394,0.0005271463305689394,0.0,0.0006504023913294077,0.0006504023913294077
2024-10-16 07:00:00+09:00,0.005938998,0.0,0.0,0.0,0.0,0.006546904798597097,0.006546904798597097
2024-10-16 08:00:00+09:00,0.090573573,0.005938998,0.02711950852093506,0.02711950852093506,0.0,0.0248532984405756,0.0248532984405756
2024-10-16 09:00:00+09:00,0.240540208,0.090573573,0.18905396152214815,0.18905396152214815,0.0,0.10860566049814224,0.10860566049814224
2024-10-16 10:00:00+09:00,0.357840812,0.240540208,0.35969878889923856,0.35969878889923856,0.005938998,0.28862067176518247,0.28862067176518247
2024-10-16 11:00:00+09:00,0.371204328,0.357840812,0.3804689219021435,0.3804689219021435,0.090573573,0.40916948903279116,0.40916948903279116
2024-10-16 12:00:00+09:00,0.3325993,0.371204328,0.45942417925541684,0.45942417925541684,0.240540208,0.5552189663827972,0.5552189663827972
2024-10-16 13:00:00+09:00,0.504837435,0.3325993,0.33618159828998445,0.33618159828998445,0.357840812,0.5702496675574418,0.5702496675574418
2024-10-16 14:00:00+09:00,0.40906711,0.504837435,0.4787602483112192,0.4787602483112192,0.371204328,0.4516769910449295,0.4516769910449295
2024-10-16 15:00:00+09:00,0.285827507,0.40906711,0.35262369441782,0.35262369441782,0.3325993,0.2134310631483078,0.2134310631483078
2024-10-16 16:00:00+09:00,0.239055715,0.285827507,0.15365821562293241,0.15365821562293241,0.504837435,0.2819285209107971,0.2819285209107971
2024-10-16 17:00:00+09:00,0.094285832,0.239055715,0.12207304636177063,0.12207304636177063,0.40906711,0.09504349607025148,0.09504349607025148
2024-10-16 18:00:00+09:00,0.011879023,0.094285832,0.02143000925801468,0.02143000925801468,0.285827507,0.026109446506530742,0.026109446506530742
2024-10-16 19:00:00+09:00,0.0,0.011879023,0.0,0.0,0.239055715,0.0,0.0
2024-10-16 20:00:00+09:00,0.0,0.0,0.0,0.0,0.094285832,0.0,0.0
2024-10-16 21:00:00+09:00,0.0,0.0,0.0,0.0,0.011879023,0.0,0.0
2024-10-16 22:00:00+09:00,0.0,0.0,0.0,0.0,0.0,0.0,0.0
2024-10-16 23:00:00+09:00,0.0,0.0,0.0,0.0,0.0,0.0,0.0
2024-10-17 00:00:00+09:00,0.0,0.0,0.00023573500220663846,0.00023573500220663846,0.0,0.00037545294617302716,0.00037545294617302716
2024-10-17 01:00:00+09:00,0.0,0.0,0.00023573500220663846,0.00023573500220663846,0.0,0.00037545294617302716,0.00037545294617302716
2024-10-17 02:00:00+09:00,0.0,0.0,0.00023573500220663846,0.00023573500220663846,0.0,0.00037545294617302716,0.00037545294617302716
2024-10-17 03:00:00+09:00,0.0,0.0,0.00023573500220663846,0.00023573500220663846,0.0,0.00037545294617302716,0.00037545294617302716
2024-10-17 04:00:00+09:00,0.0,0.0,0.00023573500220663846,0.00023573500220663846,0.0,0.00037545294617302716,0.00037545294617302716
2024-10-17 05:00:00+09:00,0.0,0.0,0.00023573500220663846,0.00023573500220663846,0.0,0.00037545294617302716,0.00037545294617302716
2024-10-17 06:00:00+09:00,0.0,0.0,0.00025049937539733946,0.00025049937539733946,0.0,0.0003141940978821367,0.0003141940978821367
2024-10-17 07:00:00+09:00,0.008166764,0.0,0.0029954849742352962,0.0029954849742352962,0.0,0.007896818220615387,0.007896818220615387
2024-10-17 08:00:00+09:00,0.072755551,0.008166764,0.05566908798509979,0.05566908798509979,0.0,0.04458480328321457,0.04458480328321457
2024-10-17 09:00:00+09:00,0.187829417,0.072755551,0.20660330917394257,0.20660330917394257,0.0,0.22463881969451904,0.22463881969451904
2024-10-17 10:00:00+09:00,0.184117158,0.187829417,0.3081514954664154,0.3081514954664154,0.008166764,0.2851798870354309,0.2851798870354309
2024-10-17 11:00:00+09:00,0.242767974,0.184117158,0.2839501323742943,0.2839501323742943,0.072755551,0.3979943450883636,0.3979943450883636
2024-10-17 12:00:00+09:00,0.239055715,0.242767974,0.3007138848412266,0.3007138848412266,0.187829417,0.4958404719926758,0.4958404719926758
2024-10-17 13:00:00+09:00,0.184859404,0.239055715,0.2352911803980583,0.2352911803980583,0.184117158,0.3250320749921875,0.3250320749921875
2024-10-17 14:00:00+09:00,0.175950394,0.184859404,0.17170917394991303,0.17170917394991303,0.242767974,0.31211109385969543,0.31211109385969543
2024-10-17 15:00:00+09:00,0.228662211,0.175950394,0.0867886999501648,0.0867886999501648,0.239055715,0.15837418237861633,0.15837418237861633
2024-10-17 16:00:00+09:00,0.164814644,0.228662211,0.10551849335340119,0.10551849335340119,0.184859404,0.0,0.0
2024-10-17 17:00:00+09:00,0.0675588,0.164814644,0.023531280896133433,0.023531280896133433,0.175950394,0.0,0.0
2024-10-17 18:00:00+09:00,0.007424518,0.0675588,0.0,0.0,0.228662211,0.0,0.0
2024-10-17 19:00:00+09:00,0.0,0.007424518,0.0,0.0,0.164814644,0.0,0.0
2024-10-17 20:00:00+09:00,0.0,0.0,0.0,0.0,0.0675588,0.0,0.0
2024-10-17 21:00:00+09:00,0.0,0.0,0.0,0.0,0.007424518,0.0,0.0
2024-10-17 22:00:00+09:00,0.0,0.0,0.0,0.0,0.0,0.0,0.0
2024-10-17 23:00:00+09:00,0.0,0.0,0.0,0.0,0.0,0.0,0.0
2024-10-18 00:00:00+09:00,0.0,0.0,0.00025344188907183707,0.00025344188907183707,0.0,0.0006802923744544387,0.0006802923744544387
2024-10-18 01:00:00+09:00,0.0,0.0,0.00025344188907183707,0.00025344188907183707,0.0,0.0006802923744544387,0.0006802923744544387
2024-10-18 02:00:00+09:00,0.0,0.0,0.00025344188907183707,0.00025344188907183707,0.0,0.0006802923744544387,0.0006802923744544387
2024-10-18 03:00:00+09:00,0.0,0.0,0.00025344188907183707,0.00025344188907183707,0.0,0.0006802923744544387,0.0006802923744544387
2024-10-18 04:00:00+09:00,0.0,0.0,0.00025344188907183707,0.00025344188907183707,0.0,0.0006802923744544387,0.0006802923744544387
2024-10-18 05:00:00+09:00,0.0,0.0,0.00025344188907183707,0.00025344188907183707,0.0,0.0006802923744544387,0.0006802923744544387
2024-10-18 06:00:00+09:00,0.0,0.0,0.0002018826053244993,0.0002018826053244993,0.0,0.0007161524845287204,0.0007161524845287204
2024-10-18 07:00:00+09:00,0.000742246,0.0,0.005717530846595764,0.005717530846595764,0.0,0.005648867227137089,0.005648867227137089
2024-10-18 08:00:00+09:00,0.066074307,0.000742246,0.07221298345727539,0.07221298345727539,0.0,0.06442451477050781,0.06442451477050781
2024-10-18 09:00:00+09:00,0.13437638,0.066074307,0.1861059692853279,0.1861059692853279,0.0,0.1589702069759369,0.1589702069759369
2024-10-18 10:00:00+09:00,0.114330592,0.13437638,0.2904865177010345,0.2904865177010345,0.000742246,0.2703440380970917,0.2703440380970917
2024-10-18 11:00:00+09:00,0.252419231,0.114330592,0.22260205670546723,0.22260205670546723,0.066074307,0.4361011338585205,0.4361011338585205
2024-10-18 12:00:00+09:00,0.235343456,0.252419231,0.3388089812422333,0.3388089812422333,0.13437638,0.4817154736851501,0.4817154736851501
2024-10-18 13:00:00+09:00,0.127694108,0.235343456,0.29190966460099793,0.29190966460099793,0.114330592,0.2966499201888962,0.2966499201888962
2024-10-18 14:00:00+09:00,0.144027637,0.127694108,0.08677348162790108,0.08677348162790108,0.252419231,0.3132936148965893,0.3132936148965893
2024-10-18 15:00:00+09:00,0.10913384,0.144027637,0.06087092464677046,0.06087092464677046,0.235343456,0.1320812028943596,0.1320812028943596
2024-10-18 16:00:00+09:00,0.046771793,0.10913384,0.06572374740776062,0.06572374740776062,0.127694108,0.0,0.0
2024-10-18 17:00:00+09:00,0.034150523,0.046771793,0.0,0.0,0.144027637,0.0,0.0
2024-10-18 18:00:00+09:00,0.000742246,0.034150523,0.0,0.0,0.10913384,0.0,0.0
2024-10-18 19:00:00+09:00,0.0,0.000742246,0.0,0.0,0.046771793,0.0,0.0
2024-10-18 20:00:00+09:00,0.0,0.0,0.0,0.0,0.034150523,0.0,0.0
2024-10-18 21:00:00+09:00,0.0,0.0,0.0,0.0,0.000742246,0.0,0.0
2024-10-18 22:00:00+09:00,0.0,0.0,0.0,0.0,0.0,0.0,0.0
2024-10-18 23:00:00+09:00,0.0,0.0,0.0,0.0,0.0,0.0,0.0
2024-10-19 00:00:00+09:00,0.0,0.0,0.0002508641919121146,0.0002508641919121146,0.0,0.00041511759627610445,0.00041511759627610445
2024-10-19 01:00:00+09:00,0.0,0.0,0.0002508641919121146,0.0002508641919121146,0.0,0.00041511759627610445,0.00041511759627610445
2024-10-19 02:00:00+09:00,0.0,0.0,0.0002508641919121146,0.0002508641919121146,0.0,0.00041511759627610445,0.00041511759627610445
2024-10-19 03:00:00+09:00,0.0,0.0,0.0002508641919121146,0.0002508641919121146,0.0,0.00041511759627610445,0.00041511759627610445
2024-10-19 04:00:00+09:00,0.0,0.0,0.0002508641919121146,0.0002508641919121146,0.0,0.00041511759627610445,0.00041511759627610445
2024-10-19 05:00:00+09:00,0.0,0.0,0.0002508641919121146,0.0002508641919121146,0.0,0.00041511759627610445,0.00041511759627610445
2024-10-19 06:00:00+09:00,0.0,0.0,0.00019930489361286163,0.00019930489361286163,0.0,0.00012690783478319645,0.00012690783478319645
2024-10-19 07:00:00+09:00,0.0,0.0,0.004942513071000576,0.004942513071000576,0.0,0.022307824343442917,0.022307824343442917
2024-10-19 08:00:00+09:00,0.053453037,0.0,0.06297160685062408,0.06297160685062408,0.0,0.06663952767848969,0.06663952767848969
2024-10-19 09:00:00+09:00,0.221237693,0.053453037,0.14566246554881288,0.14566246554881288,0.0,0.1283988058567047,0.1283988058567047
2024-10-19 10:00:00+09:00,0.368976562,0.221237693,0.35548952596203615,0.35548952596203615,0.0,0.21943163871765137,0.21943163871765137
2024-10-19 11:00:00+09:00,0.381597832,0.368976562,0.4826239931351776,0.4826239931351776,0.053453037,0.43342457101374815,0.43342457101374815
2024-10-19 12:00:00+09:00,0.192283922,0.381597832,0.4616456778404541,0.4616456778404541,0.221237693,0.5741268731834106,0.5741268731834106
2024-10-19 13:00:00+09:00,0.186344924,0.192283922,0.19396947581242185,0.19396947581242185,0.368976562,0.4962990569836731,0.4962990569836731
2024-10-19 14:00:00+09:00,0.184859404,0.186344924,0.1065404662759056,0.1065404662759056,0.381597832,0.3393574321327038,0.3393574321327038
2024-10-19 15:00:00+09:00,0.07795333,0.184859404,0.11682415160770798,0.11682415160770798,0.192283922,0.052376114888259884,0.052376114888259884
2024-10-19 16:00:00+09:00,0.001484493,0.07795333,0.02734261633928299,0.02734261633928299,0.186344924,0.0,0.0
2024-10-19 17:00:00+09:00,0.0,0.001484493,0.0,0.0,0.184859404,0.0,0.0
2024-10-19 18:00:00+09:00,0.0,0.0,0.0,0.0,0.07795333,0.0,0.0
2024-10-19 19:00:00+09:00,0.0,0.0,0.0,0.0,0.001484493,0.0,0.0
2024-10-19 20:00:00+09:00,0.0,0.0,0.0,0.0,0.0,0.0,0.0
2024-10-19 21:00:00+09:00,0.0,0.0,0.0002942323626484722,0.0002942323626484722,0.0,0.0,0.0
2024-10-19 22:00:00+09:00,0.0,0.0,0.0005656929570250213,0.0005656929570250213,0.0,0.0,0.0
2024-10-19 23:00:00+09:00,0.0,0.0,0.0005656929570250213,0.0005656929570250213,0.0,0.0013976219343021512,0.0013976219343021512
2024-10-20 00:00:00+09:00,0.0,0.0,0.0,0.0,0.0,0.0,0.0
2024-10-20 01:00:00+09:00,0.0,0.0,0.0,0.0,0.0,0.0,0.0
2024-10-20 02:00:00+09:00,0.0,0.0,0.0,0.0,0.0,0.0,0.0
2024-10-20 03:00:00+09:00,0.0,0.0,0.0,0.0,0.0,0.0,0.0
2024-10-20 04:00:00+09:00,0.0,0.0,0.0,0.0,0.0,0.0,0.0
2024-10-20 05:00:00+09:00,0.0,0.0,0.0,0.0,0.0,0.0,0.0
2024-10-20 06:00:00+09:00,0.0,0.0,0.0,0.0,0.0,0.0,0.0
2024-10-20 07:00:00+09:00,0.0,0.0,0.0,0.0,0.0,0.003436448983848095,0.003436448983848095
2024-10-20 08:00:00+09:00,0.035636043,0.0,0.040597423911094666,0.040597423911094666,0.0,0.04655767232179642,0.04655767232179642
2024-10-20 09:00:00+09:00,0.080180069,0.035636043,0.17550264840103913,0.17550264840103913,0.0,0.1862969547510147,0.1862969547510147
2024-10-20 10:00:00+09:00,0.195253935,0.080180069,0.22463255146192934,0.22463255146192934,0.0,0.29399704933166504,0.29399704933166504
2024-10-20 11:00:00+09:00,0.19822292,0.195253935,0.2560855488386726,0.2560855488386726,0.035636043,0.30150098149754334,0.30150098149754334
2024-10-20 12:00:00+09:00,0.321462523,0.19822292,0.29671218961421963,0.29671218961421963,0.080180069,0.3971753619019928,0.3971753619019928
2024-10-20 13:00:00+09:00,0.228662211,0.321462523,0.3420867340580206,0.3420867340580206,0.195253935,0.3558966930118179,0.3558966930118179
2024-10-20 14:00:00+09:00,0.175208147,0.228662211,0.2070560488095627,0.2070560488095627,0.19822292,0.25647376820389745,0.25647376820389745
2024-10-20 15:00:00+09:00,0.106164855,0.175208147,0.0739135326253624,0.0739135326253624,0.321462523,0.12637707199311066,0.12637707199311066
2024-10-20 16:00:00+09:00,0.06533206,0.106164855,0.1015860038366127,0.1015860038366127,0.228662211,0.1748650889089451,0.1748650889089451
2024-10-20 17:00:00+09:00,0.028211525,0.06533206,0.0,0.0,0.175208147,0.009306977819129952,0.009306977819129952
2024-10-20 18:00:00+09:00,0.001484493,0.028211525,0.0,0.0,0.106164855,0.0,0.0
2024-10-20 19:00:00+09:00,0.0,0.001484493,0.0,0.0,0.06533206,0.0,0.0
2024-10-20 20:00:00+09:00,0.0,0.0,0.0,0.0,0.028211525,0.0,0.0
2024-10-20 21:00:00+09:00,0.0,0.0,0.0,0.0,0.001484493,0.0,0.0
2024-10-20 22:00:00+09:00,0.0,0.0,0.0,0.0,0.0,0.0,0.0
2024-10-20 23:00:00+09:00,0.0,0.0,0.0,0.0,0.0,0.0011175164254382253,0.0011175164254382253
2024-10-21 00:00:00+09:00,0.0,0.0,0.00012142469495302066,0.00012142469495302066,0.0,0.0,0.0
2024-10-21 01:00:00+09:00,0.0,0.0,0.00012142469495302066,0.00012142469495302066,0.0,0.0,0.0
2024-10-21 02:00:00+09:00,0.0,0.0,0.00012142469495302066,0.00012142469495302066,0.0,0.0,0.0
2024-10-21 03:00:00+09:00,0.0,0.0,0.00012142469495302066,0.00012142469495302066,0.0,0.0,0.0
2024-10-21 04:00:00+09:00,0.0,0.0,0.00012142469495302066,0.00012142469495302066,0.0,0.0,0.0
2024-10-21 05:00:00+09:00,0.0,0.0,0.00012142469495302066,0.00012142469495302066,0.0,0.0,0.0
2024-10-21 06:00:00+09:00,0.0,0.0,0.00019493259605951607,0.00019493259605951607,0.0,0.0,0.0
2024-10-21 07:00:00+09:00,0.002970012,0.0,0.0015057027339935303,0.0015057027339935303,0.0,0.005304930731654167,0.005304930731654167
2024-10-21 08:00:00+09:00,0.05642305,0.002970012,0.033212024813687326,0.033212024813687326,0.0,0.0,0.0
2024-10-21 09:00:00+09:00,0.11061936,0.05642305,0.1642288459675789,0.1642288459675789,0.0,0.15198840200901031,0.15198840200901031
2024-10-21 10:00:00+09:00,0.259842722,0.11061936,0.28114851692329407,0.28114851692329407,0.002970012,0.2859329600838776,0.2859329600838776
2024-10-21 11:00:00+09:00,0.2420247,0.259842722,0.3690702899111481,0.3690702899111481,0.05642305,0.3587253807323456,0.3587253807323456
2024-10-21 12:00:00+09:00,0.403870358,0.2420247,0.3357722115060806,0.3357722115060806,0.11061936,0.3847122726739502,0.3847122726739502
2024-10-21 13:00:00+09:00,0.325174782,0.403870358,0.45576488492866324,0.45576488492866324,0.259842722,0.5040302260531159,0.5040302260531159
2024-10-21 14:00:00+09:00,0.263554981,0.325174782,0.3002869743327446,0.3002869743327446,0.2420247,0.32979772503585814,0.32979772503585814
2024-10-21 15:00:00+09:00,0.305872268,0.263554981,0.201090378708416,0.201090378708416,0.403870358,0.26071537924786375,0.26071537924786375
2024-10-21 16:00:00+09:00,0.204161919,0.305872268,0.19401730499541092,0.19401730499541092,0.325174782,0.1034473660806961,0.1034473660806961
2024-10-21 17:00:00+09:00,0.062362048,0.204161919,0.08865442061647796,0.08865442061647796,0.263554981,0.01812230611520388,0.01812230611520388
2024-10-21 18:00:00+09:00,0.002970012,0.062362048,0.0,0.0,0.305872268,0.055884203830116275,0.055884203830116275
2024-10-21 19:00:00+09:00,0.0,0.002970012,0.0,0.0,0.204161919,0.0,0.0
2024-10-21 20:00:00+09:00,0.0,0.0,0.0,0.0,0.062362048,0.0,0.0
2024-10-21 21:00:00+09:00,0.0,0.0,3.223968087695539e-05,3.223968087695539e-05,0.002970012,0.0,0.0
2024-10-21 22:00:00+09:00,0.0,0.0,0.00042181764729321003,0.00042181764729321003,0.0,0.0,0.0
2024-10-21 23:00:00+09:00,0.0,0.0,0.00042181764729321003,0.00042181764729321003,0.0,0.0017654774710536003,0.0017654774710536003
2024-10-22 00:00:00+09:00,0.0,0.0,0.0001500001089880243,0.0001500001089880243,0.0,0.0004155873029958457,0.0004155873029958457
2024-10-22 01:00:00+09:00,0.0,0.0,0.0001500001089880243,0.0001500001089880243,0.0,0.0004155873029958457,0.0004155873029958457
2024-10-22 02:00:00+09:00,0.0,0.0,0.0001500001089880243,0.0001500001089880243,0.0,0.0004155873029958457,0.0004155873029958457
2024-10-22 03:00:00+09:00,0.0,0.0,0.0001500001089880243,0.0001500001089880243,0.0,0.0004155873029958457,0.0004155873029958457
2024-10-22 04:00:00+09:00,0.0,0.0,0.0001500001089880243,0.0001500001089880243,0.0,0.0004155873029958457,0.0004155873029958457
2024-10-22 05:00:00+09:00,0.0,0.0,0.0001500001089880243,0.0001500001089880243,0.0,0.0004155873029958457,0.0004155873029958457
2024-10-22 06:00:00+09:00,0.0,0.0,0.0001993928017327562,0.0001993928017327562,0.0,0.0,0.0
2024-10-22 07:00:00+09:00,0.0,0.0,0.0012915759580209851,0.0012915759580209851,0.0,0.0,0.0
2024-10-22 08:00:00+09:00,0.0,0.0,0.039168912917375565,0.039168912917375565,0.0,0.01821911334991455,0.01821911334991455
2024-10-22 09:00:00+09:00,0.0,0.0,0.1041344702243805,0.1041344702243805,0.0,0.1605992317199707,0.1605992317199707
2024-10-22 10:00:00+09:00,0.01262127,0.0,0.15361547470092773,0.15361547470092773,0.0,0.3744764029979706,0.3744764029979706
2024-10-22 11:00:00+09:00,0.106907101,0.01262127,0.1272878660550308,0.1272878660550308,0.0,0.37033066153526306,0.37033066153526306
2024-10-22 12:00:00+09:00,0.153678894,0.106907101,0.15399732219641304,0.15399732219641304,0.0,0.3405083119869232,0.3405083119869232
2024-10-22 13:00:00+09:00,0.168526903,0.153678894,0.188390273557848,0.188390273557848,0.01262127,0.18497528272773742,0.18497528272773742
2024-10-22 14:00:00+09:00,0.072013305,0.168526903,0.12305260097635079,0.12305260097635079,0.106907101,0.13204471173350907,0.13204471173350907
2024-10-22 15:00:00+09:00,0.058649789,0.072013305,0.0,0.0,0.153678894,0.07744422550672914,0.07744422550672914
2024-10-22 16:00:00+09:00,0.047514039,0.058649789,0.0,0.0,0.168526903,0.0,0.0
2024-10-22 17:00:00+09:00,0.025984785,0.047514039,0.0,0.0,0.072013305,0.0,0.0
2024-10-22 18:00:00+09:00,0.000742246,0.025984785,0.0,0.0,0.058649789,0.0,0.0
2024-10-22 19:00:00+09:00,0.0,0.000742246,0.0,0.0,0.047514039,0.0,0.0
2024-10-22 20:00:00+09:00,0.0,0.0,0.0,0.0,0.025984785,0.0,0.0
2024-10-22 21:00:00+09:00,0.0,0.0,0.0,0.0,0.000742246,0.0,0.0
2024-10-22 22:00:00+09:00,0.0,0.0,0.00020040551316924393,0.00020040551316924393,0.0,0.0,0.0
2024-10-22 23:00:00+09:00,0.0,0.0,0.00020040551316924393,0.00020040551316924393,0.0,0.0012296800268813968,0.0012296800268813968
2024-10-23 00:00:00+09:00,0.0,0.0,0.0005072793574072421,0.0005072793574072421,0.0,0.0009467365453019738,0.0009467365453019738
2024-10-23 01:00:00+09:00,0.0,0.0,0.0005072793574072421,0.0005072793574072421,0.0,0.0009467365453019738,0.0009467365453019738
2024-10-23 02:00:00+09:00,0.0,0.0,0.0005072793574072421,0.0005072793574072421,0.0,0.0009467365453019738,0.0009467365453019738
2024-10-23 03:00:00+09:00,0.0,0.0,0.0005072793574072421,0.0005072793574072421,0.0,0.0009467365453019738,0.0009467365453019738
2024-10-23 04:00:00+09:00,0.0,0.0,0.0005072793574072421,0.0005072793574072421,0.0,0.0009467365453019738,0.0009467365453019738
2024-10-23 05:00:00+09:00,0.0,0.0,0.0005072793574072421,0.0005072793574072421,0.0,0.0009467365453019738,0.0009467365453019738
2024-10-23 06:00:00+09:00,0.0,0.0,0.0005271463305689394,0.0005271463305689394,0.0,0.0006504023913294077,0.0006504023913294077
2024-10-23 07:00:00+09:00,0.0,0.0,0.0,0.0,0.0,0.006546904798597097,0.006546904798597097
2024-10-23 08:00:00+09:00,0.014105762,0.0,0.02118051052093506,0.02118051052093506,0.0,0.0248532984405756,0.0248532984405756
2024-10-23 09:00:00+09:00,0.216783188,0.014105762,0.07549559941402625,0.07549559941402625,0.0,0.13106009364128113,0.13106009364128113
2024-10-23 10:00:00+09:00,0.412779369,0.216783188,0.32362326951292797,0.32362326951292797,0.0,0.19912753999233246,0.19912753999233246
2024-10-23 11:00:00+09:00,0.530079974,0.412779369,0.5325134848986092,0.5325134848986092,0.014105762,0.4163064608525391,0.4163064608525391
2024-10-23 12:00:00+09:00,0.585017504,0.530079974,0.6006771010799636,0.6006771010799636,0.216783188,0.4930747074034576,0.4930747074034576
2024-10-23 13:00:00+09:00,0.586503023,0.585017504,0.6819274442427673,0.6819274442427673,0.412779369,0.6555082728896561,0.6555082728896561
2024-10-23 14:00:00+09:00,0.533792233,0.586503023,0.5645590254082661,0.5645590254082661,0.530079974,0.5810933393879165,0.5810933393879165
2024-10-23 15:00:00+09:00,0.43059739,0.533792233,0.47833558348794747,0.47833558348794747,0.585017504,0.4543513672583618,0.4543513672583618
2024-10-23 16:00:00+09:00,0.274690731,0.43059739,0.3444822309056664,0.3444822309056664,0.586503023,0.3860132784559708,0.3860132784559708
2024-10-23 17:00:00+09:00,0.122497356,0.274690731,0.14852441711335757,0.14852441711335757,0.533792233,0.23046115590115357,0.23046115590115357
2024-10-23 18:00:00+09:00,0.01262127,0.122497356,0.07620915255194283,0.07620915255194283,0.43059739,0.21408143169082644,0.21408143169082644
2024-10-23 19:00:00+09:00,0.0,0.01262127,0.0,0.0,0.274690731,0.007782025765472433,0.007782025765472433
2024-10-23 20:00:00+09:00,0.0,0.0,0.0,0.0,0.122497356,0.0,0.0
2024-10-23 21:00:00+09:00,0.0,0.0,0.0,0.0,0.01262127,0.0,0.0
2024-10-23 22:00:00+09:00,0.0,0.0,0.0,0.0,0.0,0.0,0.0
2024-10-23 23:00:00+09:00,0.0,0.0,0.0,0.0,0.0,0.0,0.0
2024-10-24 00:00:00+09:00,0.0,0.0,0.00023573500220663846,0.00023573500220663846,0.0,0.00037545294617302716,0.00037545294617302716
2024-10-24 01:00:00+09:00,0.0,0.0,0.00023573500220663846,0.00023573500220663846,0.0,0.00037545294617302716,0.00037545294617302716
2024-10-24 02:00:00+09:00,0.0,0.0,0.00023573500220663846,0.00023573500220663846,0.0,0.00037545294617302716,0.00037545294617302716
2024-10-24 03:00:00+09:00,0.0,0.0,0.00023573500220663846,0.00023573500220663846,0.0,0.00037545294617302716,0.00037545294617302716
2024-10-24 04:00:00+09:00,0.0,0.0,0.00023573500220663846,0.00023573500220663846,0.0,0.00037545294617302716,0.00037545294617302716
2024-10-24 05:00:00+09:00,0.0,0.0,0.00023573500220663846,0.00023573500220663846,0.0,0.00037545294617302716,0.00037545294617302716
2024-10-24 06:00:00+09:00,0.0,0.0,0.00025049937539733946,0.00025049937539733946,0.0,0.0003141940978821367,0.0003141940978821367
2024-10-24 07:00:00+09:00,0.001484493,0.0,0.0013497257605195045,0.0013497257605195045,0.0,0.006725792773067951,0.006725792773067951
2024-10-24 08:00:00+09:00,0.074241071,0.001484493,0.0422729423470192,0.0422729423470192,0.0,0.039775919169187546,0.039775919169187546
2024-10-24 09:00:00+09:00,0.234601209,0.074241071,0.1802358990453682,0.1802358990453682,0.0,0.14995232224464417,0.14995232224464417
2024-10-24 10:00:00+09:00,0.39793136,0.234601209,0.37320768280352024,0.37320768280352024,0.001484493,0.3715821897811584,0.3715821897811584
2024-10-24 11:00:00+09:00,0.515974211,0.39793136,0.5317630398210145,0.5317630398210145,0.074241071,0.4866268327378235,0.4866268327378235
2024-10-24 12:00:00+09:00,0.574624,0.515974211,0.5567505308018074,0.5567505308018074,0.234601209,0.5601907168182221,0.5601907168182221
2024-10-24 13:00:00+09:00,0.573139507,0.574624,0.5809219734502733,0.5809219734502733,0.39793136,0.5932989048894501,0.5932989048894501
2024-10-24 14:00:00+09:00,0.522655456,0.573139507,0.5422574949009724,0.5422574949009724,0.515974211,0.5632103965208873,0.5632103965208873
2024-10-24 15:00:00+09:00,0.415748355,0.522655456,0.42462455355468365,0.42462455355468365,0.574624,0.49530803959274294,0.49530803959274294
2024-10-24 16:00:00+09:00,0.259842722,0.415748355,0.34084411433218004,0.34084411433218004,0.573139507,0.4044510756178208,0.4044510756178208
2024-10-24 17:00:00+09:00,0.113588346,0.259842722,0.08414512711894229,0.08414512711894229,0.522655456,0.18972369902673336,0.18972369902673336
2024-10-24 18:00:00+09:00,0.01113575,0.113588346,0.013153789396568305,0.013153789396568305,0.415748355,0.0729851098942566,0.0729851098942566
2024-10-24 19:00:00+09:00,0.0,0.01113575,0.0,0.0,0.259842722,0.00901055175196841,0.00901055175196841
2024-10-24 20:00:00+09:00,0.0,0.0,0.0,0.0,0.113588346,0.0,0.0
2024-10-24 21:00:00+09:00,0.0,0.0,0.0,0.0,0.01113575,0.0,0.0
2024-10-24 22:00:00+09:00,0.0,0.0,0.0,0.0,0.0,0.0,0.0
2024-10-24 23:00:00+09:00,0.0,0.0,0.0,0.0,0.0,0.0,0.0
2024-10-25 00:00:00+09:00,,,,,,,
2024-10-25 01:00:00+09:00,0.0,,,,0.0,0.0006802923744544387,0.0006802923744544387
2024-10-25 02:00:00+09:00,0.0,0.0,0.00025344188907183707,0.00025344188907183707,0.0,0.0006802923744544387,0.0006802923744544387
2024-10-25 03:00:00+09:00,0.0,0.0,0.00025344188907183707,0.00025344188907183707,,,
2024-10-25 04:00:00+09:00,0.0,0.0,0.00025344188907183707,0.00025344188907183707,0.0,0.0006802923744544387,0.0006802923744544387
2024-10-25 05:00:00+09:00,0.0,0.0,0.00025344188907183707,0.00025344188907183707,0.0,0.0006802923744544387,0.0006802923744544387
2024-10-25 06:00:00+09:00,0.0,0.0,0.0002018826053244993,0.0002018826053244993,0.0,0.0007161524845287204,0.0007161524845287204
2024-10-25 07:00:00+09:00,0.000742246,0.0,0.0022736238315701485,0.0022736238315701485,0.0,0.008481962606310844,0.008481962606310844
2024-10-25 08:00:00+09:00,0.069786566,0.000742246,0.0772876111547432,0.0772876111547432,0.0,0.09517655521631241,0.09517655521631241
2024-10-25 09:00:00+09:00,0.216783188,0.069786566,0.221793162326828,0.221793162326828,0.0,0.23327454924583435,0.23327454924583435
2024-10-25 10:00:00+09:00,0.235343456,0.216783188,0.3531080109026794,0.3531080109026794,0.000742246,0.3087772322575531,0.3087772322575531
2024-10-25 11:00:00+09:00,0.448414385,0.235343456,0.3337837603985367,0.3337837603985367,0.069786566,0.5233891780185852,0.5233891780185852
2024-10-25 12:00:00+09:00,0.390506842,0.448414385,0.4994939003677464,0.4994939003677464,0.216783188,0.5442512256052856,0.5442512256052856
2024-10-25 13:00:00+09:00,0.383082325,0.390506842,0.3932397242761774,0.3932397242761774,0.235343456,0.3843526092468796,0.3843526092468796
2024-10-25 14:00:00+09:00,0.251676984,0.383082325,0.3861386223115593,0.3861386223115593,0.448414385,0.507474124112854,0.507474124112854
2024-10-25 15:00:00+09:00,0.281373002,0.251676984,0.14344243692139053,0.14344243692139053,0.390506842,0.29846891836594774,0.29846891836594774
2024-10-25 16:00:00+09:00,0.194510661,0.281373002,0.1562157947494049,0.1562157947494049,0.383082325,0.17130433990402222,0.17130433990402222
2024-10-25 17:00:00+09:00,0.060135309,0.194510661,0.0802116765916214,0.0802116765916214,0.251676984,0.0,0.0
2024-10-25 18:00:00+09:00,0.002970012,0.060135309,0.0,0.0,0.281373002,0.0,0.0
2024-10-25 19:00:00+09:00,0.0,0.002970012,0.0,0.0,0.194510661,0.0,0.0
2024-10-25 20:00:00+09:00,0.0,0.0,0.0,0.0,0.060135309,0.0,0.0
2024-10-25 21:00:00+09:00,0.0,0.0,0.0,0.0,0.002970012,0.0,0.0
2024-10-25 22:00:00+09:00,0.0,0.0,0.0,0.0,0.0,0.0,0.0
2024-10-25 23:00:00+09:00,0.0,0.0,0.0,0.0,0.0,0.0,0.0
2024-10-26 00:00:00+09:00,,,,,,,
2024-10-26 01:00:00+09:00,0.0,,,,0.0,0.00041511759627610445,0.00041511759627610445
2024-10-26 02:00:00+09:00,0.0,0.0,0.0002508641919121146,0.0002508641919121146,0.0,0.00041511759627610445,0.00041511759627610445
2024-10-26 03:00:00+09:00,0.0,0.0,0.0002508641919121146,0.0002508641919121146,,,
2024-10-26 04:00:00+09:00,0.0,0.0,0.0002508641919121146,0.0002508641919121146,0.0,0.00041511759627610445,0.00041511759627610445
2024-10-26 05:00:00+09:00,0.0,0.0,0.0002508641919121146,0.0002508641919121146,0.0,0.00041511759627610445,0.00041511759627610445
2024-10-26 06:00:00+09:00,0.0,0.0,0.00019930489361286163,0.00019930489361286163,0.0,0.00012690783478319645,0.00012690783478319645
2024-10-26 07:00:00+09:00,0.0,0.0,0.004942513071000576,0.004942513071000576,0.0,0.022307824343442917,0.022307824343442917
2024-10-26 08:00:00+09:00,0.064589814,0.0,0.07437217980623245,0.07437217980623245,0.0,0.06691709905862808,0.06691709905862808
2024-10-26 09:00:00+09:00,0.214556449,0.064589814,0.17853503739105606,0.17853503739105606,0.0,0.160968616604805,0.160968616604805
2024-10-26 10:00:00+09:00,0.379371092,0.214556449,0.36886664563810734,0.36886664563810734,0.0,0.29705193638801575,0.29705193638801575
2024-10-26 11:00:00+09:00,0.437278635,0.379371092,0.46645802287100985,0.46645802287100985,0.064589814,0.42911262875067135,0.42911262875067135
2024-10-26 12:00:00+09:00,0.535276725,0.437278635,0.49553857663751605,0.49553857663751605,0.214556449,0.5189928048292389,0.5189928048292389
2024-10-26 13:00:00+09:00,0.551609227,0.535276725,0.5739697246311665,0.5739697246311665,0.379371092,0.5721715244436187,0.5721715244436187
2024-10-26 14:00:00+09:00,0.501126202,0.551609227,0.5191351226849575,0.5191351226849575,0.437278635,0.49819943601370814,0.49819943601370814
2024-10-26 15:00:00+09:00,0.349674048,0.501126202,0.4067634811528702,0.4067634811528702,0.535276725,0.4214866897521973,0.4214866897521973
2024-10-26 16:00:00+09:00,0.253161477,0.349674048,0.25707517015280534,0.25707517015280534,0.551609227,0.293058612881424,0.293058612881424
2024-10-26 17:00:00+09:00,0.083150082,0.253161477,0.14435828670907214,0.14435828670907214,0.501126202,0.21907428110919192,0.21907428110919192
2024-10-26 18:00:00+09:00,0.010393504,0.083150082,0.01580253309796524,0.01580253309796524,0.349674048,0.045951726012847915,0.045951726012847915
2024-10-26 19:00:00+09:00,0.0,0.010393504,0.0,0.0,0.253161477,0.012518482357742333,0.012518482357742333
2024-10-26 20:00:00+09:00,0.0,0.0,0.0,0.0,0.083150082,0.0,0.0
2024-10-26 21:00:00+09:00,0.0,0.0,0.0002942323626484722,0.0002942323626484722,0.010393504,0.0,0.0
2024-10-26 22:00:00+09:00,0.0,0.0,0.0005656929570250213,0.0005656929570250213,0.0,0.0,0.0
2024-10-26 23:00:00+09:00,0.0,0.0,0.0005656929570250213,0.0005656929570250213,0.0,0.0013976219343021512,0.0013976219343021512
2024-10-27 00:00:00+09:00,,,,,,,
2024-10-27 01:00:00+09:00,0.0,,,,0.0,0.0,0.0
2024-10-27 02:00:00+09:00,0.0,0.0,0.0,0.0,0.0,0.0,0.0
2024-10-27 03:00:00+09:00,0.0,0.0,0.0,0.0,,,
2024-10-27 04:00:00+09:00,0.0,0.0,0.0,0.0,0.0,0.0,0.0
2024-10-27 05:00:00+09:00,0.0,0.0,0.0,0.0,0.0,0.0,0.0
2024-10-27 06:00:00+09:00,0.0,0.0,0.0,0.0,0.0,0.0,0.0
2024-10-27 07:00:00+09:00,0.0,0.0,0.0,0.0,0.0,0.003436448983848095,0.003436448983848095
2024-10-27 08:00:00+09:00,0.069044319,0.0,0.07174897938966751,0.07174897938966751,0.0,0.07929874956607819,0.07929874956607819
2024-10-27 09:00:00+09:00,0.204161919,0.069044319,0.18487363776182558,0.18487363776182558,0.0,0.15822966396808624,0.15822966396808624
2024-10-27 10:00:00+09:00,0.285827507,0.204161919,0.3179244690559807,0.3179244690559807,0.0,0.2710743248462677,0.2710743248462677
2024-10-27 11:00:00+09:00,0.212328683,0.285827507,0.4345846965122528,0.4345846965122528,0.069044319,0.42977320870375063,0.42977320870375063
2024-10-27 12:00:00+09:00,0.14551213,0.212328683,0.27457462565222546,0.27457462565222546,0.204161919,0.5542857714913788,0.5542857714913788
2024-10-27 13:00:00+09:00,0.148482142,0.14551213,0.16155440162897586,0.16155440162897586,0.285827507,0.39402738652709196,0.39402738652709196
2024-10-27 14:00:00+09:00,0.090573573,0.148482142,0.10201635023812486,0.10201635023812486,0.212328683,0.19203712918976115,0.19203712918976115
2024-10-27 15:00:00+09:00,0.057165296,0.090573573,0.03337068248467255,0.03337068248467255,0.14551213,0.0,0.0
2024-10-27 16:00:00+09:00,0.057165296,0.057165296,0.0,0.0,0.148482142,0.0,0.0
2024-10-27 17:00:00+09:00,0.017075775,0.057165296,0.0,0.0,0.090573573,0.0,0.0
2024-10-27 18:00:00+09:00,0.0,0.017075775,0.0,0.0,0.057165296,0.0,0.0
2024-10-27 19:00:00+09:00,0.0,0.0,0.0,0.0,0.057165296,0.0,0.0
2024-10-27 20:00:00+09:00,0.0,0.0,0.0,0.0,0.017075775,0.0,0.0
2024-10-27 21:00:00+09:00,0.0,0.0,0.0,0.0,0.0,0.0,0.0
2024-10-27 22:00:00+09:00,0.0,0.0,0.0,0.0,0.0,0.0,0.0
2024-10-27 23:00:00+09:00,0.0,0.0,0.0,0.0,0.0,0.0011175164254382253,0.0011175164254382253
2024-10-28 00:00:00+09:00,,,,,,,
2024-10-28 01:00:00+09:00,0.0,,,,0.0,0.0,0.0
2024-10-28 02:00:00+09:00,0.0,0.0,0.00012142469495302066,0.00012142469495302066,0.0,0.0,0.0
2024-10-28 03:00:00+09:00,0.0,0.0,0.00012142469495302066,0.00012142469495302066,,,
2024-10-28 04:00:00+09:00,0.0,0.0,0.00012142469495302066,0.00012142469495302066,0.0,0.0,0.0
2024-10-28 05:00:00+09:00,0.0,0.0,0.00012142469495302066,0.00012142469495302066,0.0,0.0,0.0
2024-10-28 06:00:00+09:00,0.0,0.0,0.00019493259605951607,0.00019493259605951607,0.0,0.0,0.0
2024-10-28 07:00:00+09:00,0.0,0.0,0.0015057027339935303,0.0015057027339935303,0.0,0.005304930731654167,0.005304930731654167
2024-10-28 08:00:00+09:00,0.043059534,0.0,0.06138835474848747,0.06138835474848747,0.0,0.06718192994594574,0.06718192994594574
2024-10-28 09:00:00+09:00,0.198965167,0.043059534,0.13508665429218675,0.13508665429218675,0.0,0.13179181516170502,0.13179181516170502
2024-10-28 10:00:00+09:00,0.338538298,0.198965167,0.3248656143686218,0.3248656143686218,0.0,0.2845008075237274,0.2845008075237274
2024-10-28 11:00:00+09:00,0.342992803,0.338538298,0.42169282733311464,0.42169282733311464,0.043059534,0.29108623282774354,0.29108623282774354
2024-10-28 12:00:00+09:00,0.300675516,0.342992803,0.5103955025897293,0.5103955025897293,0.198965167,0.4833780874750061,0.4833780874750061
2024-10-28 13:00:00+09:00,0.118042851,0.300675516,0.27944317365249727,0.27944317365249727,0.338538298,0.45570631473173906,0.45570631473173906
2024-10-28 14:00:00+09:00,0.057165296,0.118042851,0.08330071917073822,0.08330071917073822,0.342992803,0.3736655636803179,0.3736655636803179
2024-10-28 15:00:00+09:00,0.080180069,0.057165296,0.04049655906533813,0.04049655906533813,0.300675516,0.2691672527994785,0.2691672527994785
2024-10-28 16:00:00+09:00,0.034150523,0.080180069,0.04153948047804261,0.04153948047804261,0.118042851,0.05716906314985848,0.05716906314985848
2024-10-28 17:00:00+09:00,0.01262127,0.034150523,0.0,0.0,0.057165296,0.0,0.0
2024-10-28 18:00:00+09:00,0.000742246,0.01262127,0.0,0.0,0.080180069,0.0,0.0
2024-10-28 19:00:00+09:00,0.0,0.000742246,0.0,0.0,0.034150523,0.0,0.0
2024-10-28 20:00:00+09:00,0.0,0.0,0.0,0.0,0.01262127,0.0,0.0
2024-10-28 21:00:00+09:00,0.0,0.0,3.223968087695539e-05,3.223968087695539e-05,0.000742246,0.0,0.0
2024-10-28 22:00:00+09:00,0.0,0.0,0.00042181764729321003,0.00042181764729321003,0.0,0.0,0.0
2024-10-28 23:00:00+09:00,0.0,0.0,0.00042181764729321003,0.00042181764729321003,0.0,0.0017654774710536003,0.0017654774710536003
2024-10-29 00:00:00+09:00,0.0,,,,,,
2024-10-29 01:00:00+09:00,0.0,0.0,0.0001500001089880243,0.0001500001089880243,0.0,0.0004155873029958457,0.0004155873029958457
2024-10-29 02:00:00+09:00,0.0,0.0,0.0001500001089880243,0.0001500001089880243,0.0,0.0004155873029958457,0.0004155873029958457
2024-10-29 03:00:00+09:00,0.0,0.0,0.0001500001089880243,0.0001500001089880243,0.0,0.0004155873029958457,0.0004155873029958457
2024-10-29 04:00:00+09:00,0.0,0.0,0.0001500001089880243,0.0001500001089880243,0.0,0.0004155873029958457,0.0004155873029958457
2024-10-29 05:00:00+09:00,0.0,0.0,0.0001500001089880243,0.0001500001089880243,0.0,0.0004155873029958457,0.0004155873029958457
2024-10-29 06:00:00+09:00,0.0,0.0,0.0001993928017327562,0.0001993928017327562,0.0,0.0,0.0
2024-10-29 07:00:00+09:00,0.0,0.0,0.0011504624271765351,0.0011504624271765351,0.0,0.006507814396172762,0.006507814396172762
2024-10-29 08:00:00+09:00,0.041575041,0.0,0.0490693598985672,0.0490693598985672,0.0,0.05239858105778694,0.05239858105778694
2024-10-29 09:00:00+09:00,0.237571222,0.041575041,0.17498321491872407,0.17498321491872407,0.0,0.19931122660636902,0.19931122660636902
2024-10-29 10:00:00+09:00,0.294736518,0.237571222,0.40618057291972354,0.40618057291972354,0.0,0.35552990436553955,0.35552990436553955
2024-10-29 11:00:00+09:00,0.448414385,0.294736518,0.40803407732092667,0.40803407732092667,0.041575041,0.41437518257295225,0.41437518257295225
2024-10-29 12:00:00+09:00,0.331857053,0.448414385,0.5695581730992889,0.5695581730992889,0.237571222,0.6073782567309113,0.6073782567309113
2024-10-29 13:00:00+09:00,0.287312,0.331857053,0.24280044938948442,0.24280044938948442,0.294736518,0.4321913108571701,0.4321913108571701
2024-10-29 14:00:00+09:00,0.31106902,0.287312,0.2948763681921065,0.2948763681921065,0.448414385,0.4833616834671593,0.4833616834671593
2024-10-29 15:00:00+09:00,0.194510661,0.31106902,0.23997360554029462,0.23997360554029462,0.331857053,0.20181146021511842,0.20181146021511842
2024-10-29 16:00:00+09:00,0.209359697,0.194510661,0.11528227471707916,0.11528227471707916,0.287312,0.050993069016456616,0.050993069016456616
2024-10-29 17:00:00+09:00,0.103937089,0.209359697,0.10034204174658967,0.10034204174658967,0.31106902,0.029877343144912694,0.029877343144912694
2024-10-29 18:00:00+09:00,0.008909011,0.103937089,0.06415193856145286,0.06415193856145286,0.194510661,0.0,0.0
2024-10-29 19:00:00+09:00,0.0,0.008909011,0.0,0.0,0.209359697,0.0,0.0
2024-10-29 20:00:00+09:00,0.0,0.0,0.0,0.0,0.103937089,0.0,0.0
2024-10-29 21:00:00+09:00,0.0,0.0,0.0,0.0,0.008909011,0.0,0.0
2024-10-29 22:00:00+09:00,0.0,0.0,0.00020040551316924393,0.00020040551316924393,0.0,0.0,0.0
2024-10-29 23:00:00+09:00,0.0,0.0,0.00020040551316924393,0.00020040551316924393,0.0,0.0012296800268813968,0.0012296800268813968
2024-10-30 00:00:00+09:00,0.0,0.0,0.0005072793574072421,0.0005072793574072421,0.0,0.0009467365453019738,0.0009467365453019738
2024-10-30 01:00:00+09:00,0.0,0.0,0.0005072793574072421,0.0005072793574072421,0.0,0.0009467365453019738,0.0009467365453019738
2024-10-30 02:00:00+09:00,0.0,0.0,0.0005072793574072421,0.0005072793574072421,0.0,0.0009467365453019738,0.0009467365453019738
2024-10-30 03:00:00+09:00,0.0,0.0,0.0005072793574072421,0.0005072793574072421,0.0,0.0009467365453019738,0.0009467365453019738
2024-10-30 04:00:00+09:00,0.0,0.0,0.0005072793574072421,0.0005072793574072421,0.0,0.0009467365453019738,0.0009467365453019738
2024-10-30 05:00:00+09:00,0.0,0.0,0.0005072793574072421,0.0005072793574072421,0.0,0.0009467365453019738,0.0009467365453019738
2024-10-30 06:00:00+09:00,0.0,0.0,0.0005271463305689394,0.0005271463305689394,0.0,0.0006504023913294077,0.0006504023913294077
2024-10-30 07:00:00+09:00,0.0,0.0,0.0,0.0,0.0,0.006546904798597097,0.006546904798597097
2024-10-30 08:00:00+09:00,0.05642305,0.0,0.046625349670648575,0.046625349670648575,0.0,0.05083610117435455,0.05083610117435455
2024-10-30 09:00:00+09:00,0.190056156,0.05642305,0.19596624059848786,0.19596624059848786,0.0,0.22624465823173523,0.22624465823173523
2024-10-30 10:00:00+09:00,0.351159568,0.190056156,0.3259449113215027,0.3259449113215027,0.0,0.3179529905319214,0.3179529905319214
2024-10-30 11:00:00+09:00,0.458808915,0.351159568,0.4495878546120338,0.4495878546120338,0.05642305,0.43569041474037173,0.43569041474037173
2024-10-30 12:00:00+09:00,0.520428717,0.458808915,0.5212730516302967,0.5212730516302967,0.190056156,0.4895489919985352,0.4895489919985352
2024-10-30 13:00:00+09:00,0.515231965,0.520428717,0.42787425951432423,0.42787425951432423,0.351159568,0.5217969222547225,0.5217969222547225
2024-10-30 14:00:00+09:00,0.47439917,0.515231965,0.47636723693665506,0.47636723693665506,0.458808915,0.5193706799853229,0.5193706799853229
2024-10-30 15:00:00+09:00,0.355614073,0.47439917,0.4144963045603466,0.4144963045603466,0.520428717,0.4156302733845635,0.4156302733845635
2024-10-30 16:00:00+09:00,0.181890419,0.355614073,0.2286490270710449,0.2286490270710449,0.515231965,0.2978683690374756,0.2978683690374756
2024-10-30 17:00:00+09:00,0.092059092,0.181890419,0.04580996023973846,0.04580996023973846,0.47439917,0.12420534165565489,0.12420534165565489
2024-10-30 18:00:00+09:00,0.005938998,0.092059092,0.0,0.0,0.355614073,0.023058033905075048,0.023058033905075048
2024-10-30 19:00:00+09:00,0.0,0.005938998,0.0,0.0,0.181890419,0.0,0.0
2024-10-30 20:00:00+09:00,0.0,0.0,0.0,0.0,0.092059092,0.0,0.0
2024-10-30 21:00:00+09:00,0.0,0.0,0.0,0.0,0.005938998,0.0,0.0
2024-10-30 22:00:00+09:00,0.0,0.0,0.0,0.0,0.0,0.0,0.0
2024-10-30 23:00:00+09:00,0.0,0.0,0.0,0.0,0.0,0.0,0.0
2024-10-31 00:00:00+09:00,,,,,,,
2024-10-31 01:00:00+09:00,0.0,,,,0.0,0.00037545294617302716,0.00037545294617302716
2024-10-31 02:00:00+09:00,0.0,0.0,0.00023573500220663846,0.00023573500220663846,0.0,0.00037545294617302716,0.00037545294617302716
2024-10-31 03:00:00+09:00,0.0,0.0,0.00023573500220663846,0.00023573500220663846,,,
2024-10-31 04:00:00+09:00,0.0,0.0,0.00023573500220663846,0.00023573500220663846,0.0,0.00037545294617302716,0.00037545294617302716
2024-10-31 05:00:00+09:00,0.0,0.0,0.00023573500220663846,0.00023573500220663846,0.0,0.00037545294617302716,0.00037545294617302716
2024-10-31 06:00:00+09:00,0.0,0.0,0.00025049937539733946,0.00025049937539733946,0.0,0.0003141940978821367,0.0003141940978821367
2024-10-31 07:00:00+09:00,0.0,0.0,0.0013497257605195045,0.0013497257605195045,0.0,0.006725792773067951,0.006725792773067951
2024-10-31 08:00:00+09:00,0.033408277,0.0,0.036919400095939636,0.036919400095939636,0.0,0.015947885811328888,0.015947885811328888
2024-10-31 09:00:00+09:00,0.10022483,0.033408277,0.172783978546669,0.172783978546669,0.0,0.17675794661045074,0.17675794661045074
2024-10-31 10:00:00+09:00,0.184117158,0.10022483,0.2424853814526367,0.2424853814526367,0.0,0.3516818583011627,0.3516818583011627
2024-10-31 11:00:00+09:00,0.188571663,0.184117158,0.2785792919440346,0.2785792919440346,0.033408277,0.38814561840396117,0.38814561840396117
2024-10-31 12:00:00+09:00,0.34373505,0.188571663,0.2839599860686188,0.2839599860686188,0.10022483,0.40985748895843505,0.40985748895843505
2024-10-31 13:00:00+09:00,0.286569754,0.34373505,0.3247100613636255,0.3247100613636255,0.184117158,0.3561711358470993,0.3561711358470993
2024-10-31 14:00:00+09:00,0.319235784,0.286569754,0.2616293862119236,0.2616293862119236,0.188571663,0.20665413083912182,0.20665413083912182
2024-10-31 15:00:00+09:00,0.247222479,0.319235784,0.22798963356598284,0.22798963356598284,0.34373505,0.20156339887504576,0.20156339887504576
2024-10-31 16:00:00+09:00,0.149966635,0.247222479,0.16216215820541763,0.16216215820541763,0.286569754,0.05682727169542695,0.05682727169542695
2024-10-31 17:00:00+09:00,0.069786566,0.149966635,0.038826488148460375,0.038826488148460375,0.319235784,0.027727616017898582,0.027727616017898582
2024-10-31 18:00:00+09:00,0.004454505,0.069786566,0.0,0.0,0.247222479,0.0,0.0
2024-10-31 19:00:00+09:00,0.0,0.004454505,0.0,0.0,0.149966635,0.0,0.0
2024-10-31 20:00:00+09:00,0.0,0.0,0.0,0.0,0.069786566,0.0,0.0
2024-10-31 21:00:00+09:00,0.0,0.0,0.0,0.0,0.004454505,0.0,0.0
2024-10-31 22:00:00+09:00,0.0,0.0,0.0,0.0,0.0,0.0,0.0
2024-10-31 23:00:00+09:00,0.0,0.0,0.0,0.0,0.0,0.0,0.0
2024-11-01 00:00:00+09:00,,,,,,,
2024-11-01 01:00:00+09:00,0.0,,,,0.0,1.0048305739474017e-05,1.0048305739474017e-05
2024-11-01 02:00:00+09:00,0.0,0.0,9.593543654773384e-05,9.593543654773384e-05,0.0,1.0048305739474017e-05,1.0048305739474017e-05
2024-11-01 03:00:00+09:00,0.0,0.0,9.593543654773384e-05,9.593543654773384e-05,,,
2024-11-01 04:00:00+09:00,0.0,0.0,9.593543654773384e-05,9.593543654773384e-05,0.0,1.0048305739474017e-05,1.0048305739474017e-05
2024-11-01 05:00:00+09:00,0.0,0.0,9.593543654773384e-05,9.593543654773384e-05,0.0,1.0048305739474017e-05,1.0048305739474017e-05
2024-11-01 06:00:00+09:00,0.0,0.0,9.705919364932925e-05,9.705919364932925e-05,0.0,0.0,0.0
2024-11-01 07:00:00+09:00,0.0,0.0,0.0005561420693993568,0.0005561420693993568,0.0,0.0004119586374145001,0.0004119586374145001
2024-11-01 08:00:00+09:00,0.0,0.0,0.019886130467057228,0.019886130467057228,0.0,0.021270647644996643,0.021270647644996643
2024-11-01 09:00:00+09:00,0.014848009,0.0,0.0870383083820343,0.0870383083820343,0.0,0.10897006839513779,0.10897006839513779
2024-11-01 10:00:00+09:00,0.020787007,0.014848009,0.16913189018743896,0.16913189018743896,0.0,0.21941177546977997,0.21941177546977997
2024-11-01 11:00:00+09:00,0.03489277,0.020787007,0.13083693274453354,0.13083693274453354,0.0,0.3144244849681854,0.3144244849681854
2024-11-01 12:00:00+09:00,0.060135309,0.03489277,0.0821734205858898,0.0821734205858898,0.014848009,0.3151792141296234,0.3151792141296234
2024-11-01 13:00:00+09:00,0.102452596,0.060135309,0.04111651179610157,0.04111651179610157,0.020787007,0.20511396863654327,0.20511396863654327
2024-11-01 14:00:00+09:00,0.085376821,0.102452596,0.07810454191879845,0.07810454191879845,0.03489277,0.09492789069582938,0.09492789069582938
2024-11-01 15:00:00+09:00,0.035636043,0.085376821,0.0,0.0,0.060135309,0.0,0.0
2024-11-01 16:00:00+09:00,0.015590255,0.035636043,0.0,0.0,0.102452596,0.0,0.0
2024-11-01 17:00:00+09:00,0.003712259,0.015590255,0.0,0.0,0.085376821,0.0,0.0
2024-11-01 18:00:00+09:00,0.0,0.003712259,0.0,0.0,0.035636043,0.0,0.0
2024-11-01 19:00:00+09:00,0.0,0.0,0.0,0.0,0.015590255,0.0,0.0
2024-11-01 20:00:00+09:00,0.0,0.0,0.0,0.0,0.003712259,0.0,0.0
2024-11-01 21:00:00+09:00,0.0,0.0,0.0,0.0,0.0,0.0,0.0
2024-11-01 22:00:00+09:00,0.0,0.0,0.0,0.0,0.0,0.0,0.0
2024-11-01 23:00:00+09:00,0.0,0.0,0.0,0.0,0.0,0.0,0.0
2024-11-02 00:00:00+09:00,,,,,,,
2024-11-02 01:00:00+09:00,0.0,,,,0.0,0.00035821468918584287,0.00035821468918584287
2024-11-02 02:00:00+09:00,0.0,0.0,0.0,0.0,0.0,0.00035821468918584287,0.00035821468918584287
2024-11-02 03:00:00+09:00,0.0,0.0,0.0,0.0,,,
2024-11-02 04:00:00+09:00,0.0,0.0,0.0,0.0,0.0,0.00035821468918584287,0.00035821468918584287
2024-11-02 05:00:00+09:00,0.0,0.0,0.0,0.0,0.0,0.00035821468918584287,0.00035821468918584287
2024-11-02 06:00:00+09:00,0.0,0.0,0.0,0.0,0.0,1.1590655049076304e-06,1.1590655049076304e-06
2024-11-02 07:00:00+09:00,0.0,0.0,0.0,0.0,0.0,0.0003693607577588409,0.0003693607577588409
2024-11-02 08:00:00+09:00,0.0,0.0,0.003732475219294429,0.003732475219294429,0.0,0.008540287613868713,0.008540287613868713
2024-11-02 09:00:00+09:00,0.027469278,0.0,0.08441508561372757,0.08441508561372757,0.0,0.0949302390217781,0.0949302390217781
2024-11-02 10:00:00+09:00,0.103937089,0.027469278,0.10902036788285065,0.10902036788285065,0.0,0.14426055550575256,0.14426055550575256
2024-11-02 11:00:00+09:00,0.168526903,0.103937089,0.16293080851818464,0.16293080851818464,0.0,0.18654659390449524,0.18654659390449524
2024-11-02 12:00:00+09:00,0.258358229,0.168526903,0.27414962669861603,0.27414962669861603,0.027469278,0.2723919457417755,0.2723919457417755
2024-11-02 13:00:00+09:00,0.213070929,0.258358229,0.2218606547004261,0.2218606547004261,0.103937089,0.18382859185720823,0.18382859185720823
2024-11-02 14:00:00+09:00,0.317751291,0.213070929,0.173137661019186,0.173137661019186,0.168526903,0.1532915841977029,0.1532915841977029
2024-11-02 15:00:00+09:00,0.25464597,0.317751291,0.24642315020476913,0.24642315020476913,0.258358229,0.07372045894327545,0.07372045894327545
2024-11-02 16:00:00+09:00,0.161844631,0.25464597,0.24968031356302023,0.24968031356302023,0.213070929,0.1328586190434494,0.1328586190434494
2024-11-02 17:00:00+09:00,0.081664562,0.161844631,0.07402787850661849,0.07402787850661849,0.317751291,0.05346909423982238,0.05346909423982238
2024-11-02 18:00:00+09:00,0.002970012,0.081664562,0.02131199814196777,0.02131199814196777,0.25464597,0.06522985948440552,0.06522985948440552
2024-11-02 19:00:00+09:00,0.0,0.002970012,0.0,0.0,0.161844631,0.0,0.0
2024-11-02 20:00:00+09:00,0.0,0.0,0.000743968179449439,0.000743968179449439,0.081664562,0.01042737044211578,0.01042737044211578
2024-11-02 21:00:00+09:00,0.0,0.0,0.0006630724528804421,0.0006630724528804421,0.002970012,0.0038638724150898756,0.0038638724150898756
2024-11-02 22:00:00+09:00,0.0,0.0,0.0008517490932717919,0.0008517490932717919,0.0,0.0005506029701791704,0.0005506029701791704
2024-11-02 23:00:00+09:00,0.0,0.0,0.0008517490932717919,0.0008517490932717919,0.0,0.001922517316415906,0.001922517316415906
2024-11-03 00:00:00+09:00,,,,,,,
2024-11-03 01:00:00+09:00,0.0,,,,0.0,0.0,0.0
2024-11-03 02:00:00+09:00,0.0,0.0,0.0,0.0,0.0,0.0,0.0
2024-11-03 03:00:00+09:00,0.0,0.0,0.0,0.0,,,
2024-11-03 04:00:00+09:00,0.0,0.0,0.0,0.0,0.0,0.0,0.0
2024-11-03 05:00:00+09:00,0.0,0.0,0.0,0.0,0.0,0.0,0.0
2024-11-03 06:00:00+09:00,0.0,0.0,0.0,0.0,0.0,0.0,0.0
2024-11-03 07:00:00+09:00,0.0,0.0,0.0,0.0,0.0,0.0,0.0
2024-11-03 08:00:00+09:00,0.047514039,0.0,0.005201226100325584,0.005201226100325584,0.0,0.010441343300044537,0.010441343300044537
2024-11-03 09:00:00+09:00,0.185601651,0.047514039,0.14891215684029008,0.14891215684029008,0.0,0.13831280171871185,0.13831280171871185
2024-11-03 10:00:00+09:00,0.351159568,0.185601651,0.34675840966603855,0.34675840966603855,0.0,0.30503278970718384,0.30503278970718384
2024-11-03 11:00:00+09:00,0.402385865,0.351159568,0.4776819451333694,0.4776819451333694,0.047514039,0.3835634765228882,0.3835634765228882
2024-11-03 12:00:00+09:00,0.284341988,0.402385865,0.5034381417901421,0.5034381417901421,0.185601651,0.4954191141595612,0.4954191141595612
2024-11-03 13:00:00+09:00,0.527852208,0.284341988,0.27739678959819125,0.27739678959819125,0.351159568,0.507487292456787,0.507487292456787
2024-11-03 14:00:00+09:00,0.472914678,0.527852208,0.47486284432965087,0.47486284432965087,0.402385865,0.4298146373004818,0.4298146373004818
2024-11-03 15:00:00+09:00,0.368234316,0.472914678,0.3830815227256088,0.3830815227256088,0.284341988,0.23756974640759276,0.23756974640759276
2024-11-03 16:00:00+09:00,0.226434445,0.368234316,0.2634924967971001,0.2634924967971001,0.527852208,0.27971585152703093,0.27971585152703093
2024-11-03 17:00:00+09:00,0.088346833,0.226434445,0.14386828801662446,0.14386828801662446,0.472914678,0.24346491410591886,0.24346491410591886
2024-11-03 18:00:00+09:00,0.004454505,0.088346833,0.024313198039348602,0.024313198039348602,0.368234316,0.07990697968865967,0.07990697968865967
2024-11-03 19:00:00+09:00,0.0,0.004454505,0.0,0.0,0.226434445,0.037645673370666516,0.037645673370666516
2024-11-03 20:00:00+09:00,0.0,0.0,0.0006757228402420878,0.0006757228402420878,0.088346833,0.014374108621891021,0.014374108621891021
2024-11-03 21:00:00+09:00,0.0,0.0,0.0003232322633266449,0.0003232322633266449,0.004454505,0.0008025707897889615,0.0008025707897889615
2024-11-03 22:00:00+09:00,0.0,0.0,0.00047143170377239585,0.00047143170377239585,0.0,0.002660051453858614,0.002660051453858614
2024-11-03 23:00:00+09:00,0.0,0.0,0.00047143170377239585,0.00047143170377239585,0.0,0.0033149318769574165,0.0033149318769574165
2024-11-04 00:00:00+09:00,,,,,,,
2024-11-04 01:00:00+09:00,0.0,,,,0.0,0.0,0.0
2024-11-04 02:00:00+09:00,0.0,0.0,0.0,0.0,0.0,0.0,0.0
2024-11-04 03:00:00+09:00,0.0,0.0,0.0,0.0,,,
2024-11-04 04:00:00+09:00,0.0,0.0,0.0,0.0,0.0,0.0,0.0
2024-11-04 05:00:00+09:00,0.0,0.0,0.0,0.0,0.0,0.0,0.0
2024-11-04 06:00:00+09:00,0.0,0.0,0.0,0.0,0.0,0.0,0.0
2024-11-04 07:00:00+09:00,0.0,0.0,0.00047000814811326563,0.00047000814811326563,0.0,0.0,0.0
2024-11-04 08:00:00+09:00,0.047514039,0.0,0.02043216861784458,0.02043216861784458,0.0,0.021868428215384483,0.021868428215384483
2024-11-04 09:00:00+09:00,0.181890419,0.047514039,0.12965774061294938,0.12965774061294938,0.0,0.07074680179357529,0.07074680179357529
2024-11-04 10:00:00+09:00,0.338538298,0.181890419,0.3098942546781006,0.3098942546781006,0.0,0.2821407914161682,0.2821407914161682
2024-11-04 11:00:00+09:00,0.440248647,0.338538298,0.45921342967858125,0.45921342967858125,0.047514039,0.43130128355833436,0.43130128355833436
2024-11-04 12:00:00+09:00,0.501868449,0.440248647,0.486126926954195,0.486126926954195,0.181890419,0.41334096180757907,0.41334096180757907
2024-11-04 13:00:00+09:00,0.370462082,0.501868449,0.5180361101751318,0.5180361101751318,0.338538298,0.5541409343372803,0.5541409343372803
2024-11-04 14:00:00+09:00,0.371946575,0.370462082,0.31351796132467463,0.31351796132467463,0.440248647,0.45386946782778215,0.45386946782778215
2024-11-04 15:00:00+09:00,0.362295318,0.371946575,0.3049345927974701,0.3049345927974701,0.501868449,0.3612667991195908,0.3612667991195908
2024-11-04 16:00:00+09:00,0.209359697,0.362295318,0.2655857238694839,0.2655857238694839,0.370462082,0.17333378610156253,0.17333378610156253
2024-11-04 17:00:00+09:00,0.082407835,0.209359697,0.13317011196992112,0.13317011196992112,0.371946575,0.06422943051071167,0.06422943051071167
2024-11-04 18:00:00+09:00,0.005938998,0.082407835,0.005294944220027922,0.005294944220027922,0.362295318,0.04853083526341245,0.04853083526341245
2024-11-04 19:00:00+09:00,0.0,0.005938998,0.0,0.0,0.209359697,0.008460915581199657,0.008460915581199657
2024-11-04 20:00:00+09:00,0.0,0.0,0.0,0.0,0.082407835,0.0,0.0
2024-11-04 21:00:00+09:00,0.0,0.0,0.0,0.0,0.005938998,0.0,0.0
2024-11-04 22:00:00+09:00,0.0,0.0,4.92027320433408e-05,4.92027320433408e-05,0.0,0.0,0.0
2024-11-04 23:00:00+09:00,0.0,0.0,4.92027320433408e-05,4.92027320433408e-05,0.0,0.0008869605953805149,0.0008869605953805149
2024-11-05 00:00:00+09:00,,,,,,,
2024-11-05 01:00:00+09:00,0.0,,,,0.0,0.000752252759411931,0.000752252759411931
2024-11-05 02:00:00+09:00,0.0,0.0,0.00016914610750973225,0.00016914610750973225,0.0,0.000752252759411931,0.000752252759411931
2024-11-05 03:00:00+09:00,0.0,0.0,0.00016914610750973225,0.00016914610750973225,,,
2024-11-05 04:00:00+09:00,0.0,0.0,0.00016914610750973225,0.00016914610750973225,0.0,0.000752252759411931,0.000752252759411931
2024-11-05 05:00:00+09:00,0.0,0.0,0.00016914610750973225,0.00016914610750973225,0.0,0.000752252759411931,0.000752252759411931
2024-11-05 06:00:00+09:00,0.0,0.0,0.00027918614796362817,0.00027918614796362817,0.0,0.00022711076599080116,0.00022711076599080116
2024-11-05 07:00:00+09:00,0.0,0.0,0.0007541092927567661,0.0007541092927567661,0.0,0.0004644326982088387,0.0004644326982088387
2024-11-05 08:00:00+09:00,0.028211525,0.0,0.021945184096693993,0.021945184096693993,0.0,0.014149676077067852,0.014149676077067852
2024-11-05 09:00:00+09:00,0.113588346,0.028211525,0.16695194534149171,0.16695194534149171,0.0,0.156209334731102,0.156209334731102
2024-11-05 10:00:00+09:00,0.190056156,0.113588346,0.28544218635110474,0.28544218635110474,0.0,0.3070295751094818,0.3070295751094818
2024-11-05 11:00:00+09:00,0.236085702,0.190056156,0.31795502789865115,0.31795502789865115,0.028211525,0.4406546264060974,0.4406546264060974
2024-11-05 12:00:00+09:00,0.304387775,0.236085702,0.30171538543496323,0.30171538543496323,0.113588346,0.45797954296617127,0.45797954296617127
2024-11-05 13:00:00+09:00,0.390506842,0.304387775,0.3131275435274482,0.3131275435274482,0.190056156,0.3508611578548966,0.3508611578548966
2024-11-05 14:00:00+09:00,0.442475387,0.390506842,0.33744207100342943,0.33744207100342943,0.236085702,0.23058439771253658,0.23058439771253658
2024-11-05 15:00:00+09:00,0.354128553,0.442475387,0.3383293311227913,0.3383293311227913,0.304387775,0.12297889285888675,0.12297889285888675
2024-11-05 16:00:00+09:00,0.210101943,0.354128553,0.23053009661724855,0.23053009661724855,0.390506842,0.1596510939426346,0.1596510939426346
2024-11-05 17:00:00+09:00,0.080922316,0.210101943,0.10165985254828264,0.10165985254828264,0.442475387,0.15230364456072998,0.15230364456072998
2024-11-05 18:00:00+09:00,0.003712259,0.080922316,0.0,0.0,0.354128553,0.04838315996220399,0.04838315996220399
2024-11-05 19:00:00+09:00,0.0,0.003712259,0.0,0.0,0.210101943,0.009175832851570143,0.009175832851570143
2024-11-05 20:00:00+09:00,0.0,0.0,0.0,0.0,0.080922316,0.0036241739840660037,0.0036241739840660037
2024-11-05 21:00:00+09:00,0.0,0.0,0.0,0.0,0.003712259,0.0,0.0
2024-11-05 22:00:00+09:00,0.0,0.0,0.0,0.0,0.0,0.0,0.0
2024-11-05 23:00:00+09:00,0.0,0.0,0.0,0.0,0.0,0.0,0.0
2024-11-06 00:00:00+09:00,,,,,,,
2024-11-06 01:00:00+09:00,0.0,,,,0.0,0.0008448524749837816,0.0008448524749837816
2024-11-06 02:00:00+09:00,0.0,0.0,0.00018449785420671105,0.00018449785420671105,0.0,0.0008448524749837816,0.0008448524749837816
2024-11-06 03:00:00+09:00,0.0,0.0,0.00018449785420671105,0.00018449785420671105,,,
2024-11-06 04:00:00+09:00,0.0,0.0,0.00018449785420671105,0.00018449785420671105,0.0,0.0008448524749837816,0.0008448524749837816
2024-11-06 05:00:00+09:00,0.0,0.0,0.00018449785420671105,0.00018449785420671105,0.0,0.0008448524749837816,0.0008448524749837816
2024-11-06 06:00:00+09:00,0.0,0.0,0.0002727799292188138,0.0002727799292188138,0.0,0.0005028398591093719,0.0005028398591093719
2024-11-06 07:00:00+09:00,0.0,0.0,0.0,0.0,0.0,0.0008441084064543247,0.0008441084064543247
2024-11-06 08:00:00+09:00,0.049741805,0.0,0.024874120950698853,0.024874120950698853,0.0,0.024182869121432304,0.024182869121432304
2024-11-06 09:00:00+09:00,0.196738427,0.049741805,0.12419004778354645,0.12419004778354645,0.0,0.06956587731838226,0.06956587731838226
2024-11-06 10:00:00+09:00,0.371204328,0.196738427,0.34320958467002105,0.34320958467002105,0.0,0.25257086753845215,0.25257086753845215
2024-11-06 11:00:00+09:00,0.495928424,0.371204328,0.5109607989186553,0.5109607989186553,0.049741805,0.3959267441460419,0.3959267441460419
2024-11-06 12:00:00+09:00,0.560518238,0.495928424,0.6263346695892562,0.6263346695892562,0.196738427,0.5991861275004883,0.5991861275004883
2024-11-06 13:00:00+09:00,0.564972743,0.560518238,0.5969684564092999,0.5969684564092999,0.371204328,0.5699032211894302,0.5699032211894302
2024-11-06 14:00:00+09:00,0.507065201,0.564972743,0.5107083093180351,0.5107083093180351,0.495928424,0.5320400135211696,0.5320400135211696
2024-11-06 15:00:00+09:00,0.391249089,0.507065201,0.42094918508889767,0.42094918508889767,0.560518238,0.3814951509753113,0.3814951509753113
2024-11-06 16:00:00+09:00,0.237571222,0.391249089,0.27414506530500793,0.27414506530500793,0.564972743,0.3287076201095276,0.3287076201095276
2024-11-06 17:00:00+09:00,0.090573573,0.237571222,0.13143997382390213,0.13143997382390213,0.507065201,0.1977168859994659,0.1977168859994659
2024-11-06 18:00:00+09:00,0.004454505,0.090573573,0.029230867958829884,0.029230867958829884,0.391249089,0.09590303754545593,0.09590303754545593
2024-11-06 19:00:00+09:00,0.0,0.004454505,0.0,0.0,0.237571222,0.04167811315524292,0.04167811315524292
2024-11-06 20:00:00+09:00,0.0,0.0,0.0,0.0,0.090573573,0.015384235865638737,0.015384235865638737
2024-11-06 21:00:00+09:00,0.0,0.0,7.57378147682175e-05,7.57378147682175e-05,0.004454505,0.0013542883784669639,0.0013542883784669639
2024-11-06 22:00:00+09:00,0.0,0.0,0.00043471562094055116,0.00043471562094055116,0.0,0.00086868746438995,0.00086868746438995
2024-11-06 23:00:00+09:00,0.0,0.0,0.00043471562094055116,0.00043471562094055116,0.0,0.001507486216723919,0.001507486216723919
2024-11-07 00:00:00+09:00,,,,,,,
2024-11-07 01:00:00+09:00,0.0,,,,0.0,9.632219189370517e-06,9.632219189370517e-06
2024-11-07 02:00:00+09:00,0.0,0.0,0.0,0.0,0.0,9.632219189370517e-06,9.632219189370517e-06
2024-11-07 03:00:00+09:00,0.0,0.0,0.0,0.0,,,
2024-11-07 04:00:00+09:00,0.0,0.0,0.0,0.0,0.0,9.632219189370517e-06,9.632219189370517e-06
2024-11-07 05:00:00+09:00,0.0,0.0,0.0,0.0,0.0,9.632219189370517e-06,9.632219189370517e-06
2024-11-07 06:00:00+09:00,0.0,0.0,1.8983142581419088e-05,1.8983142581419088e-05,0.0,0.0,0.0
2024-11-07 07:00:00+09:00,0.0,0.0,0.0007382936310023069,0.0007382936310023069,0.0,0.0004331242525950074,0.0004331242525950074
2024-11-07 08:00:00+09:00,0.043059534,0.0,0.03472039848566055,0.03472039848566055,0.0,0.016233984380960464,0.016233984380960464
2024-11-07 09:00:00+09:00,0.181890419,0.043059534,0.1652216451035347,0.1652216451035347,0.0,0.13562829792499542,0.13562829792499542
2024-11-07 10:00:00+09:00,0.349674048,0.181890419,0.3282511441644135,0.3282511441644135,0.0,0.24507977068424225,0.24507977068424225
2024-11-07 11:00:00+09:00,0.464747913,0.349674048,0.44820917593779375,0.44820917593779375,0.043059534,0.3885064782367554,0.3885064782367554
2024-11-07 12:00:00+09:00,0.515974211,0.464747913,0.4913720710247879,0.4913720710247879,0.181890419,0.3945436834033432,0.3945436834033432
2024-11-07 13:00:00+09:00,0.517458704,0.515974211,0.48362368574002834,0.48362368574002834,0.349674048,0.48971721726002504,0.48971721726002504
2024-11-07 14:00:00+09:00,0.45286889,0.517458704,0.4610177955381909,0.4610177955381909,0.464747913,0.4873803032606964,0.4873803032606964
2024-11-07 15:00:00+09:00,0.322205796,0.45286889,0.3567600734359169,0.3567600734359169,0.515974211,0.3750280164704666,0.3750280164704666
2024-11-07 16:00:00+09:00,0.127694108,0.322205796,0.20348007148170089,0.20348007148170089,0.517458704,0.2636293141894379,0.2636293141894379
2024-11-07 17:00:00+09:00,0.057907543,0.127694108,0.013358250668247224,0.013358250668247224,0.45286889,0.12293575329841616,0.12293575329841616
2024-11-07 18:00:00+09:00,0.001484493,0.057907543,0.0,0.0,0.322205796,0.029011323210235584,0.029011323210235584
2024-11-07 19:00:00+09:00,0.0,0.001484493,0.0,0.0,0.127694108,0.0,0.0
2024-11-07 20:00:00+09:00,0.0,0.0,0.0010766544146463275,0.0010766544146463275,0.057907543,0.0,0.0
2024-11-07 21:00:00+09:00,0.0,0.0,0.0005098212277516723,0.0005098212277516723,0.001484493,0.0,0.0
2024-11-07 22:00:00+09:00,0.0,0.0,0.0009206582326442003,0.0009206582326442003,0.0,0.002720904303714633,0.002720904303714633
2024-11-07 23:00:00+09:00,0.0,0.0,0.0009206582326442003,0.0009206582326442003,0.0,0.0026028284337371588,0.0026028284337371588
2024-11-08 00:00:00+09:00,,,,,,,
2024-11-08 01:00:00+09:00,0.0,,,,0.0,1.0048305739474017e-05,1.0048305739474017e-05
2024-11-08 02:00:00+09:00,0.0,0.0,9.593543654773384e-05,9.593543654773384e-05,0.0,1.0048305739474017e-05,1.0048305739474017e-05
2024-11-08 03:00:00+09:00,0.0,0.0,9.593543654773384e-05,9.593543654773384e-05,,,
2024-11-08 04:00:00+09:00,0.0,0.0,9.593543654773384e-05,9.593543654773384e-05,0.0,1.0048305739474017e-05,1.0048305739474017e-05
2024-11-08 05:00:00+09:00,0.0,0.0,9.593543654773384e-05,9.593543654773384e-05,0.0,1.0048305739474017e-05,1.0048305739474017e-05
2024-11-08 06:00:00+09:00,0.0,0.0,9.705919364932925e-05,9.705919364932925e-05,0.0,0.0,0.0
2024-11-08 07:00:00+09:00,0.0,0.0,0.0005561420693993568,0.0005561420693993568,0.0,0.0004119586374145001,0.0004119586374145001
2024-11-08 08:00:00+09:00,0.014105762,0.0,0.03268558531999588,0.03268558531999588,0.0,0.01729571260511875,0.01729571260511875
2024-11-08 09:00:00+09:00,0.144769883,0.014105762,0.1418072531174774,0.1418072531174774,0.0,0.12215574085712433,0.12215574085712433
2024-11-08 10:00:00+09:00,0.282115248,0.144769883,0.2871372757783966,0.2871372757783966,0.0,0.26335644721984863,0.26335644721984863
2024-11-08 11:00:00+09:00,0.418718367,0.282115248,0.40179267988142775,0.40179267988142775,0.014105762,0.4141757438134308,0.4141757438134308
2024-11-08 12:00:00+09:00,0.458808915,0.418718367,0.4796114891067905,0.4796114891067905,0.144769883,0.5333226977220611,0.5333226977220611
2024-11-08 13:00:00+09:00,0.488504933,0.458808915,0.46073029924608855,0.46073029924608855,0.282115248,0.4792009414785843,0.4792009414785843
2024-11-08 14:00:00+09:00,0.369719835,0.488504933,0.43531748446861074,0.43531748446861074,0.418718367,0.4466870214090509,0.4466870214090509
2024-11-08 15:00:00+09:00,0.235343456,0.369719835,0.289134981112442,0.289134981112442,0.458808915,0.35683453200344084,0.35683453200344084
2024-11-08 16:00:00+09:00,0.175950394,0.235343456,0.15815690132966614,0.15815690132966614,0.488504933,0.25473018157521055,0.25473018157521055
2024-11-08 17:00:00+09:00,0.05419631,0.175950394,0.046826363529151926,0.046826363529151926,0.369719835,0.03915405459877014,0.03915405459877014
2024-11-08 18:00:00+09:00,0.002226739,0.05419631,0.0,0.0,0.235343456,0.0,0.0
2024-11-08 19:00:00+09:00,0.0,0.002226739,0.0,0.0,0.175950394,0.0,0.0
2024-11-08 20:00:00+09:00,0.0,0.0,0.0,0.0,0.05419631,0.0,0.0
2024-11-08 21:00:00+09:00,0.0,0.0,0.0,0.0,0.002226739,0.0,0.0
2024-11-08 22:00:00+09:00,0.0,0.0,0.0,0.0,0.0,0.0,0.0
2024-11-08 23:00:00+09:00,0.0,0.0,0.0,0.0,0.0,0.0,0.0
2024-11-09 00:00:00+09:00,,,,,,,
2024-11-09 01:00:00+09:00,0.0,,,,0.0,0.00035821468918584287,0.00035821468918584287
2024-11-09 02:00:00+09:00,0.0,0.0,0.0,0.0,0.0,0.00035821468918584287,0.00035821468918584287
2024-11-09 03:00:00+09:00,0.0,0.0,0.0,0.0,,,
2024-11-09 04:00:00+09:00,0.0,0.0,0.0,0.0,0.0,0.00035821468918584287,0.00035821468918584287
2024-11-09 05:00:00+09:00,0.0,0.0,0.0,0.0,0.0,0.00035821468918584287,0.00035821468918584287
2024-11-09 06:00:00+09:00,0.0,0.0,0.0,0.0,0.0,1.1590655049076304e-06,1.1590655049076304e-06
2024-11-09 07:00:00+09:00,0.0,0.0,0.0,0.0,0.0,0.0003693607577588409,0.0003693607577588409
2024-11-09 08:00:00+09:00,0.038605028,0.0,0.016643213108181953,0.016643213108181953,0.0,0.02222631126642227,0.02222631126642227
2024-11-09 09:00:00+09:00,0.169269149,0.038605028,0.13800252338898467,0.13800252338898467,0.0,0.0967450961470604,0.0967450961470604
2024-11-09 10:00:00+09:00,0.325917029,0.169269149,0.30712329297716523,0.30712329297716523,0.0,0.26855650544166565,0.26855650544166565
2024-11-09 11:00:00+09:00,0.426142885,0.325917029,0.45123862586088564,0.45123862586088564,0.038605028,0.39271240791333006,0.39271240791333006
2024-11-09 12:00:00+09:00,0.357840812,0.426142885,0.4974978925888634,0.4974978925888634,0.169269149,0.45860961526091004,0.45860961526091004
2024-11-09 13:00:00+09:00,0.337796052,0.357840812,0.3679390625828142,0.3679390625828142,0.325917029,0.503622272229866,0.503622272229866
2024-11-09 14:00:00+09:00,0.308100034,0.337796052,0.29179339950390054,0.29179339950390054,0.426142885,0.4638675512974358,0.4638675512974358
2024-11-09 15:00:00+09:00,0.335568286,0.308100034,0.21990436732920077,0.21990436732920077,0.357840812,0.2252782640778656,0.2252782640778656
2024-11-09 16:00:00+09:00,0.171495888,0.335568286,0.21841464143823242,0.21841464143823242,0.337796052,0.06461637189097597,0.06461637189097597
2024-11-09 17:00:00+09:00,0.042317287,0.171495888,0.052553359036911024,0.052553359036911024,0.308100034,0.029226620198806785,0.029226620198806785
2024-11-09 18:00:00+09:00,0.001484493,0.042317287,0.0,0.0,0.335568286,0.07473159533570861,0.07473159533570861
2024-11-09 19:00:00+09:00,0.0,0.001484493,0.0,0.0,0.171495888,0.0,0.0
2024-11-09 20:00:00+09:00,0.0,0.0,0.000743968179449439,0.000743968179449439,0.042317287,0.0,0.0
2024-11-09 21:00:00+09:00,0.0,0.0,0.0006630724528804421,0.0006630724528804421,0.001484493,0.0023783534150898754,0.0023783534150898754
2024-11-09 22:00:00+09:00,0.0,0.0,0.0008517490932717919,0.0008517490932717919,0.0,0.0005506029701791704,0.0005506029701791704
2024-11-09 23:00:00+09:00,0.0,0.0,0.0008517490932717919,0.0008517490932717919,0.0,0.001922517316415906,0.001922517316415906
2024-11-10 00:00:00+09:00,,,,,,,
2024-11-10 01:00:00+09:00,0.0,,,,0.0,0.0,0.0
2024-11-10 02:00:00+09:00,0.0,0.0,0.0,0.0,0.0,0.0,0.0
2024-11-10 03:00:00+09:00,0.0,0.0,0.0,0.0,,,
2024-11-10 04:00:00+09:00,0.0,0.0,0.0,0.0,0.0,0.0,0.0
2024-11-10 05:00:00+09:00,0.0,0.0,0.0,0.0,0.0,0.0,0.0
2024-11-10 06:00:00+09:00,0.0,0.0,0.0,0.0,0.0,0.0,0.0
2024-11-10 07:00:00+09:00,0.0,0.0,0.0,0.0,0.0,0.0,0.0
2024-11-10 08:00:00+09:00,0.014848009,0.0,0.05517243966460228,0.05517243966460228,0.0,0.009270679205656052,0.009270679205656052
2024-11-10 09:00:00+09:00,0.053453037,0.014848009,0.1409931334354248,0.1409931334354248,0.0,0.1694224327802658,0.1694224327802658
2024-11-10 10:00:00+09:00,0.135118626,0.053453037,0.17420259997874452,0.17420259997874452,0.0,0.27918824553489685,0.27918824553489685
2024-11-10 11:00:00+09:00,0.183374911,0.135118626,0.21879182750136947,0.21879182750136947,0.014848009,0.2693294140197601,0.2693294140197601
2024-11-10 12:00:00+09:00,0.250933711,0.183374911,0.20058162828253365,0.20058162828253365,0.053453037,0.2630435465338821,0.2630435465338821
2024-11-10 13:00:00+09:00,0.170011395,0.250933711,0.2739122552352295,0.2739122552352295,0.135118626,0.2868586405530701,0.2868586405530701
2024-11-10 14:00:00+09:00,0.158875645,0.170011395,0.09774974115945817,0.09774974115945817,0.183374911,0.22613579725192642,0.22613579725192642
2024-11-10 15:00:00+09:00,0.164814644,0.158875645,0.06956830700065614,0.06956830700065614,0.250933711,0.11959499544671631,0.11959499544671631
2024-11-10 16:00:00+09:00,0.073498825,0.164814644,0.08433931364721681,0.08433931364721681,0.170011395,0.0,0.0
2024-11-10 17:00:00+09:00,0.009651257,0.073498825,0.0,0.0,0.158875645,0.0,0.0
2024-11-10 18:00:00+09:00,0.0,0.009651257,0.0,0.0,0.164814644,0.0,0.0
2024-11-10 19:00:00+09:00,0.0,0.0,0.0,0.0,0.073498825,0.0,0.0
2024-11-10 20:00:00+09:00,0.0,0.0,0.0006757228402420878,0.0006757228402420878,0.009651257,0.0,0.0
2024-11-10 21:00:00+09:00,0.0,0.0,0.0003232322633266449,0.0003232322633266449,0.0,0.0,0.0
2024-11-10 22:00:00+09:00,0.0,0.0,0.00047143170377239585,0.00047143170377239585,0.0,0.002660051453858614,0.002660051453858614
2024-11-10 23:00:00+09:00,0.0,0.0,0.00047143170377239585,0.00047143170377239585,0.0,0.0033149318769574165,0.0033149318769574165
2024-11-11 00:00:00+09:00,,,,,,,
2024-11-11 01:00:00+09:00,0.0,,,,0.0,0.0,0.0
2024-11-11 02:00:00+09:00,0.0,0.0,0.0,0.0,0.0,0.0,0.0
2024-11-11 03:00:00+09:00,0.0,0.0,0.0,0.0,,,
2024-11-11 04:00:00+09:00,0.0,0.0,0.0,0.0,0.0,0.0,0.0
2024-11-11 05:00:00+09:00,0.0,0.0,0.0,0.0,0.0,0.0,0.0
2024-11-11 06:00:00+09:00,0.0,0.0,0.0,0.0,0.0,0.0,0.0
2024-11-11 07:00:00+09:00,0.0,0.0,0.00047000814811326563,0.00047000814811326563,0.0,0.0,0.0
2024-11-11 08:00:00+09:00,0.034150523,0.0,0.016494959592819214,0.016494959592819214,0.0,0.016993708908557892,0.016993708908557892
2024-11-11 09:00:00+09:00,0.162587904,0.034150523,0.11654645656847763,0.11654645656847763,0.0,0.09129588305950165,0.09129588305950165
2024-11-11 10:00:00+09:00,0.317751291,0.162587904,0.29690945949526215,0.29690945949526215,0.0,0.24762603640556335,0.24762603640556335
2024-11-11 11:00:00+09:00,0.426142885,0.317751291,0.44274852683459853,0.44274852683459853,0.034150523,0.3241506040623169,0.3241506040623169
2024-11-11 12:00:00+09:00,0.477369183,0.426142885,0.5097361790244674,0.5097361790244674,0.162587904,0.40978095736475373,0.40978095736475373
2024-11-11 13:00:00+09:00,0.443217633,0.477369183,0.5658916991910057,0.5658916991910057,0.317751291,0.5571116830936584,0.5571116830936584
2024-11-11 14:00:00+09:00,0.26726724,0.443217633,0.36253318720160294,0.36253318720160294,0.426142885,0.4104708476220465,0.4104708476220465
2024-11-11 15:00:00+09:00,0.270979498,0.26726724,0.26935668198675455,0.26935668198675455,0.477369183,0.47068301334586904,0.47068301334586904
2024-11-11 16:00:00+09:00,0.175208147,0.270979498,0.17472605821595,0.17472605821595,0.443217633,0.29071047686634827,0.29071047686634827
2024-11-11 17:00:00+09:00,0.083892328,0.175208147,0.0827658356534691,0.0827658356534691,0.26726724,0.06179535181545259,0.06179535181545259
2024-11-11 18:00:00+09:00,0.002226739,0.083892328,0.02739765614860344,0.02739765614860344,0.270979498,0.0636285137842636,0.0636285137842636
2024-11-11 19:00:00+09:00,0.0,0.002226739,0.0,0.0,0.175208147,0.0,0.0
2024-11-11 20:00:00+09:00,0.0,0.0,0.0,0.0,0.083892328,0.0,0.0
2024-11-11 21:00:00+09:00,0.0,0.0,0.0,0.0,0.002226739,0.0,0.0
2024-11-11 22:00:00+09:00,0.0,0.0,4.92027320433408e-05,4.92027320433408e-05,0.0,0.0,0.0
2024-11-11 23:00:00+09:00,0.0,0.0,4.92027320433408e-05,4.92027320433408e-05,0.0,0.0008869605953805149,0.0008869605953805149
2024-11-12 00:00:00+09:00,,,,,,,
2024-11-12 01:00:00+09:00,0.0,,,,0.0,0.000752252759411931,0.000752252759411931
2024-11-12 02:00:00+09:00,0.0,0.0,0.00016914610750973225,0.00016914610750973225,0.0,0.000752252759411931,0.000752252759411931
2024-11-12 03:00:00+09:00,0.0,0.0,0.00016914610750973225,0.00016914610750973225,,,
2024-11-12 04:00:00+09:00,0.0,0.0,0.00016914610750973225,0.00016914610750973225,0.0,0.000752252759411931,0.000752252759411931
2024-11-12 05:00:00+09:00,0.0,0.0,0.00016914610750973225,0.00016914610750973225,0.0,0.000752252759411931,0.000752252759411931
2024-11-12 06:00:00+09:00,0.0,0.0,0.00027918614796362817,0.00027918614796362817,0.0,0.00022711076599080116,0.00022711076599080116
2024-11-12 07:00:00+09:00,0.0,0.0,0.0007541092927567661,0.0007541092927567661,0.0,0.0004644326982088387,0.0004644326982088387
2024-11-12 08:00:00+09:00,0.030438264,0.0,0.02124623768031597,0.02124623768031597,0.0,0.014487415552139282,0.014487415552139282
2024-11-12 09:00:00+09:00,0.144027637,0.030438264,0.11330511896568679,0.11330511896568679,0.0,0.07768546789884567,0.07768546789884567
2024-11-12 10:00:00+09:00,0.293250998,0.144027637,0.3072566256474609,0.3072566256474609,0.0,0.28333401679992676,0.28333401679992676
2024-11-12 11:00:00+09:00,0.40906711,0.293250998,0.3981270915664177,0.3981270915664177,0.030438264,0.411279727804245,0.411279727804245
2024-11-12 12:00:00+09:00,0.46326342,0.40906711,0.4497558258751488,0.4497558258751488,0.144027637,0.42722280477992247,0.42722280477992247
2024-11-12 13:00:00+09:00,0.461035655,0.46326342,0.5247819661938381,0.5247819661938381,0.293250998,0.48762119326958464,0.48762119326958464
2024-11-12 14:00:00+09:00,0.418718367,0.461035655,0.4084225531003761,0.4084225531003761,0.40906711,0.4152305720651603,0.4152305720651603
2024-11-12 15:00:00+09:00,0.312553513,0.418718367,0.3432524941162033,0.3432524941162033,0.46326342,0.3314626194380951,0.3314626194380951
2024-11-12 16:00:00+09:00,0.186344924,0.312553513,0.2228742271160965,0.2228742271160965,0.461035655,0.2803199152729797,0.2803199152729797
2024-11-12 17:00:00+09:00,0.064589814,0.186344924,0.06346692385980987,0.06346692385980987,0.418718367,0.04985445656336973,0.04985445656336973
2024-11-12 18:00:00+09:00,0.002226739,0.064589814,0.0013583532498969986,0.0013583532498969986,0.312553513,0.029059666345108037,0.029059666345108037
2024-11-12 19:00:00+09:00,0.0,0.002226739,0.0,0.0,0.186344924,0.0,0.0
2024-11-12 20:00:00+09:00,0.0,0.0,0.0,0.0,0.064589814,0.0,0.0
2024-11-12 21:00:00+09:00,0.0,0.0,0.0,0.0,0.002226739,0.0,0.0
2024-11-12 22:00:00+09:00,0.0,0.0,0.0,0.0,0.0,0.0,0.0
2024-11-12 23:00:00+09:00,0.0,0.0,0.0,0.0,0.0,0.0,0.0
2024-11-13 00:00:00+09:00,0.0,,,,,,
2024-11-13 01:00:00+09:00,0.0,0.0,0.00018449785420671105,0.00018449785420671105,0.0,0.0008448524749837816,0.0008448524749837816
2024-11-13 02:00:00+09:00,0.0,0.0,0.00018449785420671105,0.00018449785420671105,0.0,0.0008448524749837816,0.0008448524749837816
2024-11-13 03:00:00+09:00,0.0,0.0,0.00018449785420671105,0.00018449785420671105,0.0,0.0008448524749837816,0.0008448524749837816
2024-11-13 04:00:00+09:00,0.0,0.0,0.00018449785420671105,0.00018449785420671105,0.0,0.0008448524749837816,0.0008448524749837816
2024-11-13 05:00:00+09:00,0.0,0.0,0.00018449785420671105,0.00018449785420671105,0.0,0.0008448524749837816,0.0008448524749837816
2024-11-13 06:00:00+09:00,0.0,0.0,0.0002727799292188138,0.0002727799292188138,0.0,0.0005028398591093719,0.0005028398591093719
2024-11-13 07:00:00+09:00,0.0,0.0,0.0,0.0,0.0,0.0008441084064543247,0.0008441084064543247
2024-11-13 08:00:00+09:00,0.024499266,0.0,0.027965281158685684,0.027965281158685684,0.0,0.019289158284664154,0.019289158284664154
2024-11-13 09:00:00+09:00,0.115072839,0.024499266,0.1564008431150589,0.1564008431150589,0.0,0.1428654044866562,0.1428654044866562
2024-11-13 10:00:00+09:00,0.286569754,0.115072839,0.24612710628725432,0.24612710628725432,0.0,0.2580052316188812,0.2580052316188812
2024-11-13 11:00:00+09:00,0.392734608,0.286569754,0.41311220299749757,0.41311220299749757,0.024499266,0.3990668044998322,0.3990668044998322
2024-11-13 12:00:00+09:00,0.541215724,0.392734608,0.43743400121279524,0.43743400121279524,0.115072839,0.40400724861837767,0.40400724861837767
2024-11-13 13:00:00+09:00,0.339280545,0.541215724,0.548524000835829,0.548524000835829,0.286569754,0.4679992444470444,0.4679992444470444
2024-11-13 14:00:00+09:00,0.386794584,0.339280545,0.27336678582803725,0.27336678582803725,0.392734608,0.41984421605416106,0.41984421605416106
2024-11-13 15:00:00+09:00,0.193768415,0.386794584,0.281196961307415,0.281196961307415,0.541215724,0.41592074061300655,0.41592074061300655
2024-11-13 16:00:00+09:00,0.180404899,0.193768415,0.06487107589439392,0.06487107589439392,0.339280545,0.0846738212145996,0.0846738212145996
2024-11-13 17:00:00+09:00,0.064589814,0.180404899,0.06278873729593659,0.06278873729593659,0.386794584,0.0984947850345459,0.0984947850345459
2024-11-13 18:00:00+09:00,0.001484493,0.064589814,0.004277624838222499,0.004277624838222499,0.193768415,0.0,0.0
2024-11-13 19:00:00+09:00,0.0,0.001484493,0.0,0.0,0.180404899,0.0,0.0
2024-11-13 20:00:00+09:00,0.0,0.0,0.0,0.0,0.064589814,0.0,0.0
2024-11-13 21:00:00+09:00,0.0,0.0,7.57378147682175e-05,7.57378147682175e-05,0.001484493,0.0,0.0
2024-11-13 22:00:00+09:00,0.0,0.0,0.00043471562094055116,0.00043471562094055116,0.0,0.00086868746438995,0.00086868746438995
2024-11-13 23:00:00+09:00,0.0,0.0,0.00043471562094055116,0.00043471562094055116,0.0,0.001507486216723919,0.001507486216723919
2024-11-14 00:00:00+09:00,0.0,0.0,0.0,0.0,0.0,9.632219189370517e-06,9.632219189370517e-06
2024-11-14 01:00:00+09:00,0.0,0.0,0.0,0.0,0.0,9.632219189370517e-06,9.632219189370517e-06
2024-11-14 02:00:00+09:00,0.0,0.0,0.0,0.0,0.0,9.632219189370517e-06,9.632219189370517e-06
2024-11-14 03:00:00+09:00,0.0,0.0,0.0,0.0,0.0,9.632219189370517e-06,9.632219189370517e-06
2024-11-14 04:00:00+09:00,0.0,0.0,0.0,0.0,0.0,9.632219189370517e-06,9.632219189370517e-06
2024-11-14 05:00:00+09:00,0.0,0.0,0.0,0.0,0.0,9.632219189370517e-06,9.632219189370517e-06
2024-11-14 06:00:00+09:00,0.0,0.0,1.8983142581419088e-05,1.8983142581419088e-05,0.0,0.0,0.0
2024-11-14 07:00:00+09:00,0.0,0.0,0.0007382936310023069,0.0007382936310023069,0.0,0.0004331242525950074,0.0004331242525950074
2024-11-14 08:00:00+09:00,0.03489277,0.0,0.02132405899465084,0.02132405899465084,0.0,0.01756981946527958,0.01756981946527958
2024-11-14 09:00:00+09:00,0.141799871,0.03489277,0.12119449163248061,0.12119449163248061,0.0,0.07265949994325638,0.07265949994325638
2024-11-14 10:00:00+09:00,0.215298695,0.141799871,0.24612208840484237,0.24612208840484237,0.0,0.22670599818229675,0.22670599818229675
2024-11-14 11:00:00+09:00,0.304387775,0.215298695,0.29757299038965224,0.29757299038965224,0.03489277,0.3438147329764557,0.3438147329764557
2024-11-14 12:00:00+09:00,0.322205796,0.304387775,0.3842378749808312,0.3842378749808312,0.141799871,0.4674387612664185,0.4674387612664185
2024-11-14 13:00:00+09:00,0.443217633,0.322205796,0.34387590838634585,0.34387590838634585,0.215298695,0.4082349664290619,0.4082349664290619
2024-11-14 14:00:00+09:00,0.442475387,0.443217633,0.39692063041625786,0.39692063041625786,0.304387775,0.30556350513994845,0.30556350513994845
2024-11-14 15:00:00+09:00,0.269493979,0.442475387,0.3748317371238823,0.3748317371238823,0.322205796,0.2254790953364334,0.2254790953364334
2024-11-14 16:00:00+09:00,0.132148614,0.269493979,0.16329407372370147,0.16329407372370147,0.443217633,0.2105106838852005,0.2105106838852005
2024-11-14 17:00:00+09:00,0.05419631,0.132148614,0.014813503097213743,0.014813503097213743,0.442475387,0.12856087937251282,0.12856087937251282
2024-11-14 18:00:00+09:00,0.002226739,0.05419631,0.0,0.0,0.269493979,0.03094762244120025,0.03094762244120025
2024-11-14 19:00:00+09:00,0.0,0.002226739,0.0,0.0,0.132148614,0.0,0.0
2024-11-14 20:00:00+09:00,0.0,0.0,0.0010766544146463275,0.0010766544146463275,0.05419631,0.0,0.0
2024-11-14 21:00:00+09:00,0.0,0.0,0.0005098212277516723,0.0005098212277516723,0.002226739,0.0,0.0
2024-11-14 22:00:00+09:00,0.0,0.0,0.0009206582326442003,0.0009206582326442003,0.0,0.002720904303714633,0.002720904303714633
2024-11-14 23:00:00+09:00,0.0,0.0,0.0009206582326442003,0.0009206582326442003,0.0,0.0026028284337371588,0.0026028284337371588
2024-11-15 00:00:00+09:00,0.0,0.0,9.593543654773384e-05,9.593543654773384e-05,0.0,1.0048305739474017e-05,1.0048305739474017e-05
2024-11-15 01:00:00+09:00,0.0,0.0,9.593543654773384e-05,9.593543654773384e-05,0.0,1.0048305739474017e-05,1.0048305739474017e-05
2024-11-15 02:00:00+09:00,0.0,0.0,9.593543654773384e-05,9.593543654773384e-05,0.0,1.0048305739474017e-05,1.0048305739474017e-05
2024-11-15 03:00:00+09:00,0.0,0.0,9.593543654773384e-05,9.593543654773384e-05,0.0,1.0048305739474017e-05,1.0048305739474017e-05
2024-11-15 04:00:00+09:00,0.0,0.0,9.593543654773384e-05,9.593543654773384e-05,0.0,1.0048305739474017e-05,1.0048305739474017e-05
2024-11-15 05:00:00+09:00,0.0,0.0,9.593543654773384e-05,9.593543654773384e-05,0.0,1.0048305739474017e-05,1.0048305739474017e-05
2024-11-15 06:00:00+09:00,0.0,0.0,9.705919364932925e-05,9.705919364932925e-05,0.0,0.0,0.0
2024-11-15 07:00:00+09:00,0.0,0.0,0.0005561420693993568,0.0005561420693993568,0.0,0.0004119586374145001,0.0004119586374145001
2024-11-15 08:00:00+09:00,0.002970012,0.0,0.018701031804084778,0.018701031804084778,0.0,0.0,0.0
2024-11-15 09:00:00+09:00,0.043059534,0.002970012,0.11038602339307022,0.11038602339307022,0.0,0.14300227165222168,0.14300227165222168
2024-11-15 10:00:00+09:00,0.106907101,0.043059534,0.15173779295547868,0.15173779295547868,0.0,0.18305604159832,0.18305604159832
2024-11-15 11:00:00+09:00,0.057907543,0.106907101,0.24389971944158173,0.24389971944158173,0.002970012,0.3949465771226044,0.3949465771226044
2024-11-15 12:00:00+09:00,0.097255844,0.057907543,0.1411180783474617,0.1411180783474617,0.043059534,0.3601040305362549,0.3601040305362549
2024-11-15 13:00:00+09:00,0.15442114,0.097255844,0.18021088403763197,0.18021088403763197,0.106907101,0.34263159486119843,0.34263159486119843
2024-11-15 14:00:00+09:00,0.143284364,0.15442114,0.11434353192128183,0.11434353192128183,0.057907543,0.09807611894251633,0.09807611894251633
2024-11-15 15:00:00+09:00,0.211586436,0.143284364,0.06505849803987884,0.06505849803987884,0.097255844,0.0,0.0
2024-11-15 16:00:00+09:00,0.088346833,0.211586436,0.1269911878968582,0.1269911878968582,0.15442114,0.0,0.0
2024-11-15 17:00:00+09:00,0.03489277,0.088346833,0.0,0.0,0.143284364,0.0,0.0
2024-11-15 18:00:00+09:00,0.0,0.03489277,0.0,0.0,0.211586436,0.0,0.0
2024-11-15 19:00:00+09:00,0.0,0.0,0.0,0.0,0.088346833,0.0,0.0
2024-11-15 20:00:00+09:00,0.0,0.0,0.0,0.0,0.03489277,0.0,0.0
2024-11-15 21:00:00+09:00,0.0,0.0,0.0,0.0,0.0,0.0,0.0
2024-11-15 22:00:00+09:00,0.0,0.0,0.0,0.0,0.0,0.0,0.0
2024-11-15 23:00:00+09:00,0.0,0.0,0.0,0.0,0.0,0.0,0.0
2024-11-16 00:00:00+09:00,0.0,0.0,0.0,0.0,0.0,0.00035821468918584287,0.00035821468918584287
2024-11-16 01:00:00+09:00,0.0,0.0,0.0,0.0,0.0,0.00035821468918584287,0.00035821468918584287
2024-11-16 02:00:00+09:00,0.0,0.0,0.0,0.0,0.0,0.00035821468918584287,0.00035821468918584287
2024-11-16 03:00:00+09:00,0.0,0.0,0.0,0.0,0.0,0.00035821468918584287,0.00035821468918584287
2024-11-16 04:00:00+09:00,0.0,0.0,0.0,0.0,0.0,0.00035821468918584287,0.00035821468918584287
2024-11-16 05:00:00+09:00,0.0,0.0,0.0,0.0,0.0,0.00035821468918584287,0.00035821468918584287
2024-11-16 06:00:00+09:00,0.0,0.0,0.0,0.0,0.0,1.1590655049076304e-06,1.1590655049076304e-06
2024-11-16 07:00:00+09:00,0.0,0.0,0.0,0.0,0.0,0.0003693607577588409,0.0003693607577588409
2024-11-16 08:00:00+09:00,0.010393504,0.0,0.006397073622792959,0.006397073622792959,0.0,0.0,0.0
2024-11-16 09:00:00+09:00,0.092059092,0.010393504,0.08974857995539093,0.08974857995539093,0.0,0.09911157190799713,0.09911157190799713
2024-11-16 10:00:00+09:00,0.266524993,0.092059092,0.23475968964385224,0.23475968964385224,0.0,0.2888409495353699,0.2888409495353699
2024-11-16 11:00:00+09:00,0.349674048,0.266524993,0.3424015791392021,0.3424015791392021,0.010393504,0.1824542916777649,0.1824542916777649
2024-11-16 12:00:00+09:00,0.445445399,0.349674048,0.4318693523341637,0.4318693523341637,0.092059092,0.38798184819506837,0.38798184819506837
2024-11-16 13:00:00+09:00,0.458065642,0.445445399,0.3662937984007111,0.3662937984007111,0.266524993,0.35950362694021987,0.35950362694021987
2024-11-16 14:00:00+09:00,0.389764596,0.458065642,0.36418545800522995,0.36418545800522995,0.349674048,0.3293573950463753,0.3293573950463753
2024-11-16 15:00:00+09:00,0.296963257,0.389764596,0.2725236306336365,0.2725236306336365,0.445445399,0.2803329929846039,0.2803329929846039
2024-11-16 16:00:00+09:00,0.177435913,0.296963257,0.21047723780587385,0.21047723780587385,0.458065642,0.15873522865847778,0.15873522865847778
2024-11-16 17:00:00+09:00,0.058649789,0.177435913,0.07947138032664108,0.07947138032664108,0.389764596,0.06942649580506899,0.06942649580506899
2024-11-16 18:00:00+09:00,0.000742246,0.058649789,0.0,0.0,0.296963257,0.1075471464844055,0.1075471464844055
2024-11-16 19:00:00+09:00,0.0,0.000742246,0.0,0.0,0.177435913,0.0,0.0
2024-11-16 20:00:00+09:00,0.0,0.0,0.000743968179449439,0.000743968179449439,0.058649789,0.0,0.0
2024-11-16 21:00:00+09:00,0.0,0.0,0.0006630724528804421,0.0006630724528804421,0.000742246,0.0016361064150898755,0.0016361064150898755
2024-11-16 22:00:00+09:00,0.0,0.0,0.0008517490932717919,0.0008517490932717919,0.0,0.0005506029701791704,0.0005506029701791704
2024-11-16 23:00:00+09:00,0.0,0.0,0.0008517490932717919,0.0008517490932717919,0.0,0.001922517316415906,0.001922517316415906
2024-11-17 00:00:00+09:00,0.0,0.0,0.0,0.0,0.0,0.0,0.0
2024-11-17 01:00:00+09:00,0.0,0.0,0.0,0.0,0.0,0.0,0.0
2024-11-17 02:00:00+09:00,0.0,0.0,0.0,0.0,0.0,0.0,0.0
2024-11-17 03:00:00+09:00,0.0,0.0,0.0,0.0,0.0,0.0,0.0
2024-11-17 04:00:00+09:00,0.0,0.0,0.0,0.0,0.0,0.0,0.0
2024-11-17 05:00:00+09:00,0.0,0.0,0.0,0.0,0.0,0.0,0.0
2024-11-17 06:00:00+09:00,0.0,0.0,0.0,0.0,0.0,0.0,0.0
2024-11-17 07:00:00+09:00,0.0,0.0,0.0,0.0,0.0,0.0,0.0
2024-11-17 08:00:00+09:00,0.020044761,0.0,0.02316664345562458,0.02316664345562458,0.0,0.0234142504632473,0.0234142504632473
2024-11-17 09:00:00+09:00,0.079437823,0.020044761,0.10742427617105102,0.10742427617105102,0.0,0.08529738336801529,0.08529738336801529
2024-11-17 10:00:00+09:00,0.161102385,0.079437823,0.187717647256897,0.187717647256897,0.0,0.22205254435539246,0.22205254435539246
2024-11-17 11:00:00+09:00,0.224949952,0.161102385,0.2423648468411064,0.2423648468411064,0.020044761,0.27320935040505984,0.27320935040505984
2024-11-17 12:00:00+09:00,0.270979498,0.224949952,0.2985058685477753,0.2985058685477753,0.079437823,0.3703481265926819,0.3703481265926819
2024-11-17 13:00:00+09:00,0.132148614,0.270979498,0.294816896737669,0.294816896737669,0.161102385,0.31847894258857723,0.31847894258857723
2024-11-17 14:00:00+09:00,0.080180069,0.132148614,0.053455268810905454,0.053455268810905454,0.224949952,0.22720318079850865,0.22720318079850865
2024-11-17 15:00:00+09:00,0.063104294,0.080180069,0.0,0.0,0.270979498,0.18075637933716582,0.18075637933716582
2024-11-17 16:00:00+09:00,0.028953771,0.063104294,0.0,0.0,0.132148614,0.0,0.0
2024-11-17 17:00:00+09:00,0.001484493,0.028953771,0.0,0.0,0.080180069,0.0,0.0
2024-11-17 18:00:00+09:00,0.0,0.001484493,0.0,0.0,0.063104294,0.0,0.0
2024-11-17 19:00:00+09:00,0.0,0.0,0.0,0.0,0.028953771,0.0,0.0
2024-11-17 20:00:00+09:00,0.0,0.0,0.0006757228402420878,0.0006757228402420878,0.001484493,0.0,0.0
2024-11-17 21:00:00+09:00,0.0,0.0,0.0003232322633266449,0.0003232322633266449,0.0,0.0,0.0
2024-11-17 22:00:00+09:00,0.0,0.0,0.00047143170377239585,0.00047143170377239585,0.0,0.002660051453858614,0.002660051453858614
2024-11-17 23:00:00+09:00,0.0,0.0,0.00047143170377239585,0.00047143170377239585,0.0,0.0033149318769574165,0.0033149318769574165
2024-11-18 00:00:00+09:00,0.0,0.0,0.0,0.0,0.0,0.0,0.0
2024-11-18 01:00:00+09:00,0.0,0.0,0.0,0.0,0.0,0.0,0.0
2024-11-18 02:00:00+09:00,0.0,0.0,0.0,0.0,0.0,0.0,0.0
2024-11-18 03:00:00+09:00,0.0,0.0,0.0,0.0,0.0,0.0,0.0
2024-11-18 04:00:00+09:00,0.0,0.0,0.0,0.0,0.0,0.0,0.0
2024-11-18 05:00:00+09:00,0.0,0.0,0.0,0.0,0.0,0.0,0.0
2024-11-18 06:00:00+09:00,0.0,0.0,0.0,0.0,0.0,0.0,0.0
2024-11-18 07:00:00+09:00,0.0,0.0,0.00047000814811326563,0.00047000814811326563,0.0,0.0,0.0
2024-11-18 08:00:00+09:00,0.027469278,0.0,0.015986409038305283,0.015986409038305283,0.0,0.027142150327563286,0.027142150327563286
2024-11-18 09:00:00+09:00,0.155905633,0.027469278,0.11614468010485458,0.11614468010485458,0.0,0.08067748695611954,0.08067748695611954
2024-11-18 10:00:00+09:00,0.325174782,0.155905633,0.2190377700601654,0.2190377700601654,0.0,0.15625785291194916,0.15625785291194916
2024-11-18 11:00:00+09:00,0.448414385,0.325174782,0.44907772126000595,0.44907772126000595,0.027469278,0.3269869691354065,0.3269869691354065
2024-11-18 12:00:00+09:00,0.51077746,0.448414385,0.5083134059400654,0.5083134059400654,0.155905633,0.3727920937810974,0.3727920937810974
2024-11-18 13:00:00+09:00,0.511519706,0.51077746,0.5445813923687554,0.5445813923687554,0.325174782,0.51281906994384,0.51281906994384
2024-11-18 14:00:00+09:00,0.445445399,0.511519706,0.5222678511705098,0.5222678511705098,0.448414385,0.5077871416301822,0.5077871416301822
2024-11-18 15:00:00+09:00,0.337053805,0.445445399,0.42989315857614185,0.42989315857614185,0.51077746,0.45373422797628404,0.45373422797628404
2024-11-18 16:00:00+09:00,0.198965167,0.337053805,0.2757516720954704,0.2757516720954704,0.511519706,0.43563273375144573,0.43563273375144573
2024-11-18 17:00:00+09:00,0.0675588,0.198965167,0.12423018117160034,0.12423018117160034,0.445445399,0.28988246174032595,0.28988246174032595
2024-11-18 18:00:00+09:00,0.001484493,0.0675588,0.011064128148603442,0.011064128148603442,0.337053805,0.1297028207842636,0.1297028207842636
2024-11-18 19:00:00+09:00,0.0,0.001484493,0.0,0.0,0.198965167,0.0,0.0
2024-11-18 20:00:00+09:00,0.0,0.0,0.0,0.0,0.0675588,0.0,0.0
2024-11-18 21:00:00+09:00,0.0,0.0,0.0,0.0,0.001484493,0.0,0.0
2024-11-18 22:00:00+09:00,0.0,0.0,4.92027320433408e-05,4.92027320433408e-05,0.0,0.0,0.0
2024-11-18 23:00:00+09:00,0.0,0.0,4.92027320433408e-05,4.92027320433408e-05,0.0,0.0008869605953805149,0.0008869605953805149
2024-11-19 00:00:00+09:00,0.0,0.0,0.00016914610750973225,0.00016914610750973225,0.0,0.000752252759411931,0.000752252759411931
2024-11-19 01:00:00+09:00,0.0,0.0,0.00016914610750973225,0.00016914610750973225,0.0,0.000752252759411931,0.000752252759411931
2024-11-19 02:00:00+09:00,0.0,0.0,0.00016914610750973225,0.00016914610750973225,0.0,0.000752252759411931,0.000752252759411931
2024-11-19 03:00:00+09:00,0.0,0.0,0.00016914610750973225,0.00016914610750973225,0.0,0.000752252759411931,0.000752252759411931
2024-11-19 04:00:00+09:00,0.0,0.0,0.00016914610750973225,0.00016914610750973225,0.0,0.000752252759411931,0.000752252759411931
2024-11-19 05:00:00+09:00,0.0,0.0,0.00016914610750973225,0.00016914610750973225,0.0,0.000752252759411931,0.000752252759411931
2024-11-19 06:00:00+09:00,0.0,0.0,0.00027918614796362817,0.00027918614796362817,0.0,0.00022711076599080116,0.00022711076599080116
2024-11-19 07:00:00+09:00,0.0,0.0,0.0007541092927567661,0.0007541092927567661,0.0,0.0004644326982088387,0.0004644326982088387
2024-11-19 08:00:00+09:00,0.016332502,0.0,0.0268084853887558,0.0268084853887558,0.0,0.028809793293476105,0.028809793293476105
2024-11-19 09:00:00+09:00,0.141799871,0.016332502,0.10932643943276596,0.10932643943276596,0.0,0.11283817142248154,0.11283817142248154
2024-11-19 10:00:00+09:00,0.296963257,0.141799871,0.30428143230313875,0.30428143230313875,0.0,0.2988681495189667,0.2988681495189667
2024-11-19 11:00:00+09:00,0.262070488,0.296963257,0.40083156268313597,0.40083156268313597,0.016332502,0.39658340298381045,0.39658340298381045
2024-11-19 12:00:00+09:00,0.244994713,0.262070488,0.3231940528393631,0.3231940528393631,0.141799871,0.5335165598713837,0.5335165598713837
2024-11-19 13:00:00+09:00,0.340765037,0.244994713,0.2522788746347432,0.2522788746347432,0.296963257,0.5089420799465485,0.5089420799465485
2024-11-19 14:00:00+09:00,0.266524993,0.340765037,0.3014425974188442,0.3014425974188442,0.262070488,0.26069520255708145,0.26069520255708145
2024-11-19 15:00:00+09:00,0.204161919,0.266524993,0.19225877535101699,0.19225877535101699,0.244994713,0.11970202439183045,0.11970202439183045
2024-11-19 16:00:00+09:00,0.115072839,0.204161919,0.09062405610308075,0.09062405610308075,0.340765037,0.09410465544444274,0.09410465544444274
2024-11-19 17:00:00+09:00,0.036378289,0.115072839,0.006899893321765896,0.006899893321765896,0.266524993,0.0,0.0
2024-11-19 18:00:00+09:00,0.0,0.036378289,0.0,0.0,0.204161919,0.0,0.0
2024-11-19 19:00:00+09:00,0.0,0.0,0.0,0.0,0.115072839,0.0,0.0
2024-11-19 20:00:00+09:00,0.0,0.0,0.0,0.0,0.036378289,0.0,0.0
2024-11-19 21:00:00+09:00,0.0,0.0,0.0,0.0,0.0,0.0,0.0
2024-11-19 22:00:00+09:00,0.0,0.0,0.0,0.0,0.0,0.0,0.0
2024-11-19 23:00:00+09:00,0.0,0.0,0.0,0.0,0.0,0.0,0.0
2024-11-20 00:00:00+09:00,0.0,0.0,0.00018449785420671105,0.00018449785420671105,0.0,0.0008448524749837816,0.0008448524749837816
2024-11-20 01:00:00+09:00,0.0,0.0,0.00018449785420671105,0.00018449785420671105,0.0,0.0008448524749837816,0.0008448524749837816
2024-11-20 02:00:00+09:00,0.0,0.0,0.00018449785420671105,0.00018449785420671105,0.0,0.0008448524749837816,0.0008448524749837816
2024-11-20 03:00:00+09:00,0.0,0.0,0.00018449785420671105,0.00018449785420671105,0.0,0.0008448524749837816,0.0008448524749837816
2024-11-20 04:00:00+09:00,0.0,0.0,0.00018449785420671105,0.00018449785420671105,0.0,0.0008448524749837816,0.0008448524749837816
2024-11-20 05:00:00+09:00,0.0,0.0,0.00018449785420671105,0.00018449785420671105,0.0,0.0008448524749837816,0.0008448524749837816
2024-11-20 06:00:00+09:00,0.0,0.0,0.0002727799292188138,0.0002727799292188138,0.0,0.0005028398591093719,0.0005028398591093719
2024-11-20 07:00:00+09:00,0.0,0.0,0.0,0.0,0.0,0.0008441084064543247,0.0008441084064543247
2024-11-20 08:00:00+09:00,0.020787007,0.0,0.01957930251955986,0.01957930251955986,0.0,0.027560070157051086,0.027560070157051086
2024-11-20 09:00:00+09:00,0.126209615,0.020787007,0.13564508297637176,0.13564508297637176,0.0,0.1503785401582718,0.1503785401582718
2024-11-20 10:00:00+09:00,0.275434004,0.126209615,0.25726388228725433,0.25726388228725433,0.0,0.2580052316188812,0.2580052316188812
2024-11-20 11:00:00+09:00,0.412779369,0.275434004,0.37020570956783677,0.37020570956783677,0.020787007,0.36742374935343936,0.36742374935343936
2024-11-20 12:00:00+09:00,0.502610695,0.412779369,0.4861088251505318,0.4861088251505318,0.126209615,0.3699058575708771,0.3699058575708771
2024-11-20 13:00:00+09:00,0.473656924,0.502610695,0.5317681696370316,0.5317681696370316,0.275434004,0.48332035713510896,0.48332035713510896
2024-11-20 14:00:00+09:00,0.306614514,0.473656924,0.3970322697665443,0.3970322697665443,0.412779369,0.444110986385149,0.444110986385149
2024-11-20 15:00:00+09:00,0.150708881,0.306614514,0.21911187053400422,0.21911187053400422,0.502610695,0.386438925202198,0.386438925202198
2024-11-20 16:00:00+09:00,0.123981849,0.150708881,0.05386706141563033,0.05386706141563033,0.473656924,0.19565671824476621,0.19565671824476621
2024-11-20 17:00:00+09:00,0.043059534,0.123981849,0.013447553560279851,0.013447553560279851,0.306614514,0.01651525080877686,0.01651525080877686
2024-11-20 18:00:00+09:00,0.000742246,0.043059534,0.0,0.0,0.150708881,0.0,0.0
2024-11-20 19:00:00+09:00,0.0,0.000742246,0.0,0.0,0.123981849,0.0,0.0
2024-11-20 20:00:00+09:00,0.0,0.0,0.0,0.0,0.043059534,0.0,0.0
2024-11-20 21:00:00+09:00,0.0,0.0,7.57378147682175e-05,7.57378147682175e-05,0.000742246,0.0,0.0
2024-11-20 22:00:00+09:00,0.0,0.0,0.00043471562094055116,0.00043471562094055116,0.0,0.00086868746438995,0.00086868746438995
2024-11-20 23:00:00+09:00,0.0,0.0,0.00043471562094055116,0.00043471562094055116,0.0,0.001507486216723919,0.001507486216723919
2024-11-21 00:00:00+09:00,0.0,0.0,0.0,0.0,0.0,9.632219189370517e-06,9.632219189370517e-06
2024-11-21 01:00:00+09:00,0.0,0.0,0.0,0.0,0.0,9.632219189370517e-06,9.632219189370517e-06
2024-11-21 02:00:00+09:00,0.0,0.0,0.0,0.0,0.0,9.632219189370517e-06,9.632219189370517e-06
2024-11-21 03:00:00+09:00,0.0,0.0,0.0,0.0,0.0,9.632219189370517e-06,9.632219189370517e-06
2024-11-21 04:00:00+09:00,0.0,0.0,0.0,0.0,0.0,9.632219189370517e-06,9.632219189370517e-06
2024-11-21 05:00:00+09:00,0.0,0.0,0.0,0.0,0.0,9.632219189370517e-06,9.632219189370517e-06
2024-11-21 06:00:00+09:00,0.0,0.0,1.8983142581419088e-05,1.8983142581419088e-05,0.0,0.0,0.0
2024-11-21 07:00:00+09:00,0.0,0.0,0.0007382936310023069,0.0007382936310023069,0.0,0.0004331242525950074,0.0004331242525950074
2024-11-21 08:00:00+09:00,0.022272527,0.0,0.014602310955524445,0.014602310955524445,0.0,0.011306305415928364,0.011306305415928364
2024-11-21 09:00:00+09:00,0.126209615,0.022272527,0.1123444361296196,0.1123444361296196,0.0,0.12341895699501038,0.12341895699501038
2024-11-21 10:00:00+09:00,0.270236225,0.126209615,0.26352378559898376,0.26352378559898376,0.0,0.2950533330440521,0.2950533330440521
2024-11-21 11:00:00+09:00,0.38902235,0.270236225,0.38753497706947326,0.38753497706947326,0.022272527,0.3938577172961731,0.3938577172961731
2024-11-21 12:00:00+09:00,0.447672139,0.38902235,0.4372411404417515,0.4372411404417515,0.126209615,0.3811517043192291,0.3811517043192291
2024-11-21 13:00:00+09:00,0.458065642,0.447672139,0.44378325420789566,0.44378325420789566,0.270236225,0.4422347258239746,0.4422347258239746
2024-11-21 14:00:00+09:00,0.412037123,0.458065642,0.4352164249427719,0.4352164249427719,0.38902235,0.5232901272045136,0.5232901272045136
2024-11-21 15:00:00+09:00,0.30884228,0.412037123,0.3187243752234917,0.3187243752234917,0.447672139,0.35813541252523806,0.35813541252523806
2024-11-21 16:00:00+09:00,0.170753642,0.30884228,0.22363201627090457,0.22363201627090457,0.458065642,0.2713193278320236,0.2713193278320236
2024-11-21 17:00:00+09:00,0.051226298,0.170753642,0.0759382164252205,0.0759382164252205,0.412037123,0.1219852455013733,0.1219852455013733
2024-11-21 18:00:00+09:00,0.000742246,0.051226298,0.024262931804440502,0.024262931804440502,0.30884228,0.1415369743998337,0.1415369743998337
2024-11-21 19:00:00+09:00,0.0,0.000742246,0.0,0.0,0.170753642,0.0,0.0
2024-11-21 20:00:00+09:00,0.0,0.0,0.0010766544146463275,0.0010766544146463275,0.051226298,0.0,0.0
2024-11-21 21:00:00+09:00,0.0,0.0,0.0005098212277516723,0.0005098212277516723,0.000742246,0.0,0.0
2024-11-21 22:00:00+09:00,0.0,0.0,0.0009206582326442003,0.0009206582326442003,0.0,0.002720904303714633,0.002720904303714633
2024-11-21 23:00:00+09:00,0.0,0.0,0.0009206582326442003,0.0009206582326442003,0.0,0.0026028284337371588,0.0026028284337371588
2024-11-22 00:00:00+09:00,0.0,0.0,9.593543654773384e-05,9.593543654773384e-05,0.0,1.0048305739474017e-05,1.0048305739474017e-05
2024-11-22 01:00:00+09:00,0.0,0.0,9.593543654773384e-05,9.593543654773384e-05,0.0,1.0048305739474017e-05,1.0048305739474017e-05
2024-11-22 02:00:00+09:00,0.0,0.0,9.593543654773384e-05,9.593543654773384e-05,0.0,1.0048305739474017e-05,1.0048305739474017e-05
2024-11-22 03:00:00+09:00,0.0,0.0,9.593543654773384e-05,9.593543654773384e-05,0.0,1.0048305739474017e-05,1.0048305739474017e-05
2024-11-22 04:00:00+09:00,0.0,0.0,9.593543654773384e-05,9.593543654773384e-05,0.0,1.0048305739474017e-05,1.0048305739474017e-05
2024-11-22 05:00:00+09:00,0.0,0.0,9.593543654773384e-05,9.593543654773384e-05,0.0,1.0048305739474017e-05,1.0048305739474017e-05
2024-11-22 06:00:00+09:00,0.0,0.0,9.705919364932925e-05,9.705919364932925e-05,0.0,0.0,0.0
2024-11-22 07:00:00+09:00,0.0,0.0,0.0005561420693993568,0.0005561420693993568,0.0,0.0004119586374145001,0.0004119586374145001
2024-11-22 08:00:00+09:00,0.020787007,0.0,0.018282856792211533,0.018282856792211533,0.0,0.022758543491363525,0.022758543491363525
2024-11-22 09:00:00+09:00,0.109876087,0.020787007,0.09157358744338226,0.09157358744338226,0.0,0.1035451889038086,0.1035451889038086
2024-11-22 10:00:00+09:00,0.270979498,0.109876087,0.2623987850447769,0.2623987850447769,0.0,0.26036855578422546,0.26036855578422546
2024-11-22 11:00:00+09:00,0.406097098,0.270979498,0.37063157972798155,0.37063157972798155,0.020787007,0.3491831187267609,0.3491831187267609
2024-11-22 12:00:00+09:00,0.475141417,0.406097098,0.43870567039365577,0.43870567039365577,0.109876087,0.38613682060443116,0.38613682060443116
2024-11-22 13:00:00+09:00,0.47439917,0.475141417,0.49956657713979913,0.49956657713979913,0.270979498,0.4552845698307495,0.4552845698307495
2024-11-22 14:00:00+09:00,0.420946133,0.47439917,0.4303454850799274,0.4303454850799274,0.406097098,0.46588356674427794,0.46588356674427794
2024-11-22 15:00:00+09:00,0.315523525,0.420946133,0.31527231321965027,0.31527231321965027,0.475141417,0.3715529029700203,0.3715529029700203
2024-11-22 16:00:00+09:00,0.181148172,0.315523525,0.21289836359062198,0.21289836359062198,0.47439917,0.23860182436172483,0.23860182436172483
2024-11-22 17:00:00+09:00,0.057907543,0.181148172,0.06469642428452682,0.06469642428452682,0.420946133,0.10940082059536743,0.10940082059536743
2024-11-22 18:00:00+09:00,0.000742246,0.057907543,0.026877543743865966,0.026877543743865966,0.315523525,0.13820471358337405,0.13820471358337405
2024-11-22 19:00:00+09:00,0.0,0.000742246,0.0,0.0,0.181148172,0.0,0.0
2024-11-22 20:00:00+09:00,0.0,0.0,0.0,0.0,0.057907543,0.0,0.0
2024-11-22 21:00:00+09:00,0.0,0.0,0.0,0.0,0.000742246,0.0,0.0
2024-11-22 22:00:00+09:00,0.0,0.0,0.0,0.0,0.0,0.0,0.0
2024-11-22 23:00:00+09:00,0.0,0.0,0.0,0.0,0.0,0.0,0.0
2024-11-23 00:00:00+09:00,0.0,0.0,0.0,0.0,0.0,0.00035821468918584287,0.00035821468918584287
2024-11-23 01:00:00+09:00,0.0,0.0,0.0,0.0,0.0,0.00035821468918584287,0.00035821468918584287
2024-11-23 02:00:00+09:00,0.0,0.0,0.0,0.0,0.0,0.00035821468918584287,0.00035821468918584287
2024-11-23 03:00:00+09:00,0.0,0.0,0.0,0.0,0.0,0.00035821468918584287,0.00035821468918584287
2024-11-23 04:00:00+09:00,0.0,0.0,0.0,0.0,0.0,0.00035821468918584287,0.00035821468918584287
2024-11-23 05:00:00+09:00,0.0,0.0,0.0,0.0,0.0,0.00035821468918584287,0.00035821468918584287
2024-11-23 06:00:00+09:00,0.0,0.0,0.0,0.0,0.0,1.1590655049076304e-06,1.1590655049076304e-06
2024-11-23 07:00:00+09:00,0.0,0.0,0.0,0.0,0.0,0.0003693607577588409,0.0003693607577588409
2024-11-23 08:00:00+09:00,0.018560268,0.0,0.014608361758291721,0.014608361758291721,0.0,0.01624022051692009,0.01624022051692009
2024-11-23 09:00:00+09:00,0.112846099,0.018560268,0.11065254361950684,0.11065254361950684,0.0,0.09788764268159866,0.09788764268159866
2024-11-23 10:00:00+09:00,0.268009486,0.112846099,0.25657986865522764,0.25657986865522764,0.0,0.2583360970020294,0.2583360970020294
2024-11-23 11:00:00+09:00,0.354128553,0.268009486,0.39869533697789766,0.39869533697789766,0.018560268,0.3942729905399017,0.3942729905399017
2024-11-23 12:00:00+09:00,0.425399612,0.354128553,0.40683210122278024,0.40683210122278024,0.112846099,0.41109132037641904,0.41109132037641904
2024-11-23 13:00:00+09:00,0.46326342,0.425399612,0.4036141366863365,0.4036141366863365,0.268009486,0.43452111105149843,0.43452111105149843
2024-11-23 14:00:00+09:00,0.412037123,0.46326342,0.3866504110240173,0.3866504110240173,0.354128553,0.3156311311095028,0.3156311311095028
2024-11-23 15:00:00+09:00,0.319235784,0.412037123,0.33001301065621186,0.33001301065621186,0.425399612,0.2769724981093521,0.2769724981093521
2024-11-23 16:00:00+09:00,0.139573131,0.319235784,0.21952818799599078,0.21952818799599078,0.46326342,0.20192628873817442,0.20192628873817442
2024-11-23 17:00:00+09:00,0.041575041,0.139573131,0.009837080036598195,0.009837080036598195,0.412037123,0.11834632233319092,0.11834632233319092
2024-11-23 18:00:00+09:00,0.0,0.041575041,0.012003310356489182,0.012003310356489182,0.319235784,0.1738992454467621,0.1738992454467621
2024-11-23 19:00:00+09:00,0.0,0.0,0.0,0.0,0.139573131,0.0,0.0
2024-11-23 20:00:00+09:00,0.0,0.0,0.000743968179449439,0.000743968179449439,0.041575041,0.0,0.0
2024-11-23 21:00:00+09:00,0.0,0.0,0.0006630724528804421,0.0006630724528804421,0.0,0.0008938604150898755,0.0008938604150898755
2024-11-23 22:00:00+09:00,0.0,0.0,0.0008517490932717919,0.0008517490932717919,0.0,0.0005506029701791704,0.0005506029701791704
2024-11-23 23:00:00+09:00,0.0,0.0,0.0008517490932717919,0.0008517490932717919,0.0,0.001922517316415906,0.001922517316415906
2024-11-24 00:00:00+09:00,0.0,0.0,0.0,0.0,0.0,0.0,0.0
2024-11-24 01:00:00+09:00,0.0,0.0,0.0,0.0,0.0,0.0,0.0
2024-11-24 02:00:00+09:00,0.0,0.0,0.0,0.0,0.0,0.0,0.0
2024-11-24 03:00:00+09:00,0.0,0.0,0.0,0.0,0.0,0.0,0.0
2024-11-24 04:00:00+09:00,0.0,0.0,0.0,0.0,0.0,0.0,0.0
2024-11-24 05:00:00+09:00,0.0,0.0,0.0,0.0,0.0,0.0,0.0
2024-11-24 06:00:00+09:00,0.0,0.0,0.0,0.0,0.0,0.0,0.0
2024-11-24 07:00:00+09:00,0.0,0.0,0.0,0.0,0.0,0.0,0.0
2024-11-24 08:00:00+09:00,0.009651257,0.0,0.013861224986612797,0.013861224986612797,0.0,0.008333161473274231,0.008333161473274231
2024-11-24 09:00:00+09:00,0.107649348,0.009651257,0.10173116465571594,0.10173116465571594,0.0,0.10500026494264603,0.10500026494264603
2024-11-24 10:00:00+09:00,0.257615982,0.107649348,0.21592917225689698,0.21592917225689698,0.0,0.22205254435539246,0.22205254435539246
2024-11-24 11:00:00+09:00,0.367492069,0.257615982,0.33441802710688784,0.33441802710688784,0.009651257,0.2347796394443817,0.2347796394443817
2024-11-24 12:00:00+09:00,0.449899905,0.367492069,0.39585498950778863,0.39585498950778863,0.107649348,0.28011044047207645,0.28011044047207645
2024-11-24 13:00:00+09:00,0.313296786,0.449899905,0.4827140091100025,0.4827140091100025,0.257615982,0.4357360586563416,0.4357360586563416
2024-11-24 14:00:00+09:00,0.325174782,0.313296786,0.23357569282220458,0.23357569282220458,0.367492069,0.3891263422310295,0.3891263422310295
2024-11-24 15:00:00+09:00,0.204905192,0.325174782,0.23719349088471603,0.23719349088471603,0.449899905,0.3254963984825897,0.3254963984825897
2024-11-24 16:00:00+09:00,0.130664121,0.204905192,0.14008645210894777,0.14008645210894777,0.313296786,0.1505012125270233,0.1505012125270233
2024-11-24 17:00:00+09:00,0.035636043,0.130664121,0.031230944780536646,0.031230944780536646,0.325174782,0.06173745127719116,0.06173745127719116
2024-11-24 18:00:00+09:00,0.0,0.035636043,0.0,0.0,0.204905192,0.01860492919120027,0.01860492919120027
2024-11-24 19:00:00+09:00,0.0,0.0,0.0,0.0,0.130664121,0.0,0.0
2024-11-24 20:00:00+09:00,0.0,0.0,0.0006757228402420878,0.0006757228402420878,0.035636043,0.0,0.0
2024-11-24 21:00:00+09:00,0.0,0.0,0.0003232322633266449,0.0003232322633266449,0.0,0.0,0.0
2024-11-24 22:00:00+09:00,0.0,0.0,0.00047143170377239585,0.00047143170377239585,0.0,0.002660051453858614,0.002660051453858614
2024-11-24 23:00:00+09:00,0.0,0.0,0.00047143170377239585,0.00047143170377239585,0.0,0.0033149318769574165,0.0033149318769574165
2024-11-25 00:00:00+09:00,0.0,0.0,0.0,0.0,0.0,0.0,0.0
2024-11-25 01:00:00+09:00,0.0,0.0,0.0,0.0,0.0,0.0,0.0
2024-11-25 02:00:00+09:00,0.0,0.0,0.0,0.0,0.0,0.0,0.0
2024-11-25 03:00:00+09:00,0.0,0.0,0.0,0.0,0.0,0.0,0.0
2024-11-25 04:00:00+09:00,0.0,0.0,0.0,0.0,0.0,0.0,0.0
2024-11-25 05:00:00+09:00,0.0,0.0,0.0,0.0,0.0,0.0,0.0
2024-11-25 06:00:00+09:00,0.0,0.0,0.0,0.0,0.0,0.0,0.0
2024-11-25 07:00:00+09:00,0.0,0.0,0.00047000814811326563,0.00047000814811326563,0.0,0.0,0.0
2024-11-25 08:00:00+09:00,0.018560268,0.0,0.01742805354297161,0.01742805354297161,0.0,0.009220000356435776,0.009220000356435776
2024-11-25 09:00:00+09:00,0.117300605,0.018560268,0.10364822299801636,0.10364822299801636,0.0,0.11682747304439545,0.11682747304439545
2024-11-25 10:00:00+09:00,0.264297227,0.117300605,0.2813592157969284,0.2813592157969284,0.0,0.29552575945854187,0.29552575945854187
2024-11-25 11:00:00+09:00,0.371946575,0.264297227,0.36367715391993716,0.36367715391993716,0.018560268,0.3047264889033966,0.3047264889033966
2024-11-25 12:00:00+09:00,0.236085702,0.371946575,0.4061579572698593,0.4061579572698593,0.117300605,0.38512513560150147,0.38512513560150147
2024-11-25 13:00:00+09:00,0.334083793,0.236085702,0.2429048361124475,0.2429048361124475,0.264297227,0.3368808576810379,0.3368808576810379
2024-11-25 14:00:00+09:00,0.173723654,0.334083793,0.31583315438093473,0.31583315438093473,0.371946575,0.37824193050251603,0.37824193050251603
2024-11-25 15:00:00+09:00,0.235343456,0.173723654,0.1182812201957264,0.1182812201957264,0.236085702,0.09853659969363404,0.09853659969363404
2024-11-25 16:00:00+09:00,0.155163387,0.235343456,0.18058277267208672,0.18058277267208672,0.334083793,0.18298180146576692,0.18298180146576692
2024-11-25 17:00:00+09:00,0.042317287,0.155163387,0.04759310388508989,0.04759310388508989,0.173723654,0.0,0.0
2024-11-25 18:00:00+09:00,0.000742246,0.042317287,0.0,0.0,0.235343456,0.027992471784263617,0.027992471784263617
2024-11-25 19:00:00+09:00,0.0,0.000742246,0.0,0.0,0.155163387,0.0,0.0
2024-11-25 20:00:00+09:00,0.0,0.0,0.0,0.0,0.042317287,0.0,0.0
2024-11-25 21:00:00+09:00,0.0,0.0,0.0,0.0,0.000742246,0.0,0.0
2024-11-25 22:00:00+09:00,0.0,0.0,4.92027320433408e-05,4.92027320433408e-05,0.0,0.0,0.0
2024-11-25 23:00:00+09:00,0.0,0.0,4.92027320433408e-05,4.92027320433408e-05,0.0,0.0008869605953805149,0.0008869605953805149
2024-11-26 00:00:00+09:00,0.0,0.0,0.00016914610750973225,0.00016914610750973225,0.0,0.000752252759411931,0.000752252759411931
2024-11-26 01:00:00+09:00,0.0,0.0,0.00016914610750973225,0.00016914610750973225,0.0,0.000752252759411931,0.000752252759411931
2024-11-26 02:00:00+09:00,0.0,0.0,0.00016914610750973225,0.00016914610750973225,0.0,0.000752252759411931,0.000752252759411931
2024-11-26 03:00:00+09:00,0.0,0.0,0.00016914610750973225,0.00016914610750973225,0.0,0.000752252759411931,0.000752252759411931
2024-11-26 04:00:00+09:00,0.0,0.0,0.00016914610750973225,0.00016914610750973225,0.0,0.000752252759411931,0.000752252759411931
2024-11-26 05:00:00+09:00,0.0,0.0,0.00016914610750973225,0.00016914610750973225,0.0,0.000752252759411931,0.000752252759411931
2024-11-26 06:00:00+09:00,0.0,0.0,0.00027918614796362817,0.00027918614796362817,0.0,0.00022711076599080116,0.00022711076599080116
2024-11-26 07:00:00+09:00,0.0,0.0,0.0007541092927567661,0.0007541092927567661,0.0,0.0004644326982088387,0.0004644326982088387
2024-11-26 08:00:00+09:00,0.0,0.0,0.02645367756485939,0.02645367756485939,0.0,0.029663003981113434,0.029663003981113434
2024-11-26 09:00:00+09:00,0.000742246,0.0,0.09216947853565216,0.09216947853565216,0.0,0.10643187165260315,0.10643187165260315
2024-11-26 10:00:00+09:00,0.019302514,0.000742246,0.1480215234438858,0.1480215234438858,0.0,0.2628718614578247,0.2628718614578247
2024-11-26 11:00:00+09:00,0.113588346,0.019302514,0.1465980825853958,0.1465980825853958,0.0,0.34206709265708923,0.34206709265708923
2024-11-26 12:00:00+09:00,0.091315819,0.113588346,0.20821796154527283,0.20821796154527283,0.000742246,0.33322512039346314,0.33322512039346314
2024-11-26 13:00:00+09:00,0.114330592,0.091315819,0.12370655131816292,0.12370655131816292,0.019302514,0.19296942333704376,0.19296942333704376
2024-11-26 14:00:00+09:00,0.092801339,0.114330592,0.0817230217094345,0.0817230217094345,0.113588346,0.19753390347509003,0.19753390347509003
2024-11-26 15:00:00+09:00,0.17817816,0.092801339,0.021891272633804318,0.021891272633804318,0.091315819,0.0,0.0
2024-11-26 16:00:00+09:00,0.142542117,0.17817816,0.051080091405067446,0.051080091405067446,0.114330592,0.0,0.0
2024-11-26 17:00:00+09:00,0.052710791,0.142542117,0.041926049352066036,0.041926049352066036,0.092801339,0.0,0.0
2024-11-26 18:00:00+09:00,0.0,0.052710791,0.017040745236745834,0.017040745236745834,0.17817816,0.0,0.0
2024-11-26 19:00:00+09:00,0.0,0.0,0.0,0.0,0.142542117,0.0,0.0
2024-11-26 20:00:00+09:00,0.0,0.0,0.0,0.0,0.052710791,0.0,0.0
2024-11-26 21:00:00+09:00,0.0,0.0,0.0,0.0,0.0,0.0,0.0
2024-11-26 22:00:00+09:00,0.0,0.0,0.0,0.0,0.0,0.0,0.0
2024-11-26 23:00:00+09:00,0.0,0.0,0.0,0.0,0.0,0.0,0.0
2024-11-27 00:00:00+09:00,0.0,0.0,0.00018449785420671105,0.00018449785420671105,0.0,0.0008448524749837816,0.0008448524749837816
2024-11-27 01:00:00+09:00,0.0,0.0,0.00018449785420671105,0.00018449785420671105,0.0,0.0008448524749837816,0.0008448524749837816
2024-11-27 02:00:00+09:00,0.0,0.0,0.00018449785420671105,0.00018449785420671105,0.0,0.0008448524749837816,0.0008448524749837816
2024-11-27 03:00:00+09:00,0.0,0.0,0.00018449785420671105,0.00018449785420671105,0.0,0.0008448524749837816,0.0008448524749837816
2024-11-27 04:00:00+09:00,0.0,0.0,0.00018449785420671105,0.00018449785420671105,0.0,0.0008448524749837816,0.0008448524749837816
2024-11-27 05:00:00+09:00,0.0,0.0,0.00018449785420671105,0.00018449785420671105,0.0,0.0008448524749837816,0.0008448524749837816
2024-11-27 06:00:00+09:00,0.0,0.0,0.0002727799292188138,0.0002727799292188138,0.0,0.0005028398591093719,0.0005028398591093719
2024-11-27 07:00:00+09:00,0.0,0.0,0.0,0.0,0.0,0.0008441084064543247,0.0008441084064543247
2024-11-27 08:00:00+09:00,0.003712259,0.0,0.00672962935641408,0.00672962935641408,0.0,0.010686355642974377,0.010686355642974377
2024-11-27 09:00:00+09:00,0.089831326,0.003712259,0.05951150110906029,0.05951150110906029,0.0,0.08974171429872513,0.08974171429872513
2024-11-27 10:00:00+09:00,0.232373443,0.089831326,0.18077929674794768,0.18077929674794768,0.0,0.15458959341049194,0.15458959341049194
2024-11-27 11:00:00+09:00,0.448414385,0.232373443,0.3326234114691429,0.3326234114691429,0.003712259,0.2794419748241272,0.2794419748241272
2024-11-27 12:00:00+09:00,0.17817816,0.448414385,0.520383983531723,0.520383983531723,0.089831326,0.37879246830155944,0.37879246830155944
2024-11-27 13:00:00+09:00,0.250191465,0.17817816,0.14038791741744042,0.14038791741744042,0.232373443,0.3328090426847153,0.3328090426847153
2024-11-27 14:00:00+09:00,0.348931802,0.250191465,0.1884694173730278,0.1884694173730278,0.448414385,0.44217436915052893,0.44217436915052893
2024-11-27 15:00:00+09:00,0.250191465,0.348931802,0.24395607181925966,0.24395607181925966,0.17817816,0.0843760878922081,0.0843760878922081
2024-11-27 16:00:00+09:00,0.158875645,0.250191465,0.1603913232482338,0.1603913232482338,0.250191465,0.038218006471481325,0.038218006471481325
2024-11-27 17:00:00+09:00,0.04380178,0.158875645,0.056252383488674174,0.056252383488674174,0.348931802,0.04297812053103639,0.04297812053103639
2024-11-27 18:00:00+09:00,0.0,0.04380178,0.0,0.0,0.250191465,0.034260243157234194,0.034260243157234194
2024-11-27 19:00:00+09:00,0.0,0.0,0.0,0.0,0.158875645,0.0,0.0
2024-11-27 20:00:00+09:00,0.0,0.0,0.0,0.0,0.04380178,0.0,0.0
2024-11-27 21:00:00+09:00,0.0,0.0,7.57378147682175e-05,7.57378147682175e-05,0.0,0.0,0.0
2024-11-27 22:00:00+09:00,0.0,0.0,0.00043471562094055116,0.00043471562094055116,0.0,0.00086868746438995,0.00086868746438995
2024-11-27 23:00:00+09:00,0.0,0.0,0.00043471562094055116,0.00043471562094055116,0.0,0.001507486216723919,0.001507486216723919
2024-11-28 00:00:00+09:00,0.0,0.0,0.0,0.0,0.0,9.632219189370517e-06,9.632219189370517e-06
2024-11-28 01:00:00+09:00,0.0,0.0,0.0,0.0,0.0,9.632219189370517e-06,9.632219189370517e-06
2024-11-28 02:00:00+09:00,0.0,0.0,0.0,0.0,0.0,9.632219189370517e-06,9.632219189370517e-06
2024-11-28 03:00:00+09:00,0.0,0.0,0.0,0.0,0.0,9.632219189370517e-06,9.632219189370517e-06
2024-11-28 04:00:00+09:00,0.0,0.0,0.0,0.0,0.0,9.632219189370517e-06,9.632219189370517e-06
2024-11-28 05:00:00+09:00,0.0,0.0,0.0,0.0,0.0,9.632219189370517e-06,9.632219189370517e-06
2024-11-28 06:00:00+09:00,0.0,0.0,1.8983142581419088e-05,1.8983142581419088e-05,0.0,0.0,0.0
2024-11-28 07:00:00+09:00,0.0,0.0,0.0007382936310023069,0.0007382936310023069,0.0,0.0004331242525950074,0.0004331242525950074
2024-11-28 08:00:00+09:00,0.016332502,0.0,0.0068964604288339615,0.0068964604288339615,0.0,0.0,0.0
2024-11-28 09:00:00+09:00,0.120270617,0.016332502,0.08161139719929886,0.08161139719929886,0.0,0.07688840478658676,0.07688840478658676
2024-11-28 10:00:00+09:00,0.273206238,0.120270617,0.24623423039092254,0.24623423039092254,0.0,0.22544030845165253,0.22544030845165253
2024-11-28 11:00:00+09:00,0.356356319,0.273206238,0.35768185213049697,0.35768185213049697,0.016332502,0.35954328858103946,0.35954328858103946
2024-11-28 12:00:00+09:00,0.472171405,0.356356319,0.4399010575907173,0.4399010575907173,0.120270617,0.4232550930894775,0.4232550930894775
2024-11-28 13:00:00+09:00,0.429111871,0.472171405,0.48361819856366395,0.48361819856366395,0.273206238,0.41701585456570434,0.41701585456570434
2024-11-28 14:00:00+09:00,0.224949952,0.429111871,0.3975604838389835,0.3975604838389835,0.356356319,0.3685084301577749,0.3685084301577749
2024-11-28 15:00:00+09:00,0.143284364,0.224949952,0.14160763823352052,0.14160763823352052,0.472171405,0.3598032460038948,0.3598032460038948
2024-11-28 16:00:00+09:00,0.178920406,0.143284364,0.0249936192781105,0.0249936192781105,0.429111871,0.21950348007268522,0.21950348007268522
2024-11-28 17:00:00+09:00,0.062362048,0.178920406,0.0841049804252205,0.0841049804252205,0.224949952,0.0,0.0
2024-11-28 18:00:00+09:00,0.000742246,0.062362048,0.0069079167841892275,0.0069079167841892275,0.143284364,0.0,0.0
2024-11-28 19:00:00+09:00,0.0,0.000742246,0.0,0.0,0.178920406,0.0,0.0
2024-11-28 20:00:00+09:00,0.0,0.0,0.0010766544146463275,0.0010766544146463275,0.062362048,0.0,0.0
2024-11-28 21:00:00+09:00,0.0,0.0,0.0005098212277516723,0.0005098212277516723,0.000742246,0.0,0.0
2024-11-28 22:00:00+09:00,0.0,0.0,0.0009206582326442003,0.0009206582326442003,0.0,0.002720904303714633,0.002720904303714633
2024-11-28 23:00:00+09:00,0.0,0.0,0.0009206582326442003,0.0009206582326442003,0.0,0.0026028284337371588,0.0026028284337371588
2024-11-29 00:00:00+09:00,0.0,0.0,9.593543654773384e-05,9.593543654773384e-05,0.0,1.0048305739474017e-05,1.0048305739474017e-05
2024-11-29 01:00:00+09:00,0.0,0.0,9.593543654773384e-05,9.593543654773384e-05,0.0,1.0048305739474017e-05,1.0048305739474017e-05
2024-11-29 02:00:00+09:00,0.0,0.0,9.593543654773384e-05,9.593543654773384e-05,0.0,1.0048305739474017e-05,1.0048305739474017e-05
2024-11-29 03:00:00+09:00,0.0,0.0,9.593543654773384e-05,9.593543654773384e-05,0.0,1.0048305739474017e-05,1.0048305739474017e-05
2024-11-29 04:00:00+09:00,0.0,0.0,9.593543654773384e-05,9.593543654773384e-05,0.0,1.0048305739474017e-05,1.0048305739474017e-05
2024-11-29 05:00:00+09:00,0.0,0.0,9.593543654773384e-05,9.593543654773384e-05,0.0,1.0048305739474017e-05,1.0048305739474017e-05
2024-11-29 06:00:00+09:00,0.0,0.0,9.705919364932925e-05,9.705919364932925e-05,0.0,0.0,0.0
2024-11-29 07:00:00+09:00,0.0,0.0,0.0005561420693993568,0.0005561420693993568,0.0,0.0004119586374145001,0.0004119586374145001
2024-11-29 08:00:00+09:00,0.015590255,0.0,0.016964731737971306,0.016964731737971306,0.0,0.029750380665063858,0.029750380665063858
2024-11-29 09:00:00+09:00,0.123981849,0.015590255,0.08688525561273575,0.08688525561273575,0.0,0.10620491951704025,0.10620491951704025
2024-11-29 10:00:00+09:00,0.279888509,0.123981849,0.2765045470447769,0.2765045470447769,0.0,0.26036855578422546,0.26036855578422546
2024-11-29 11:00:00+09:00,0.401642592,0.279888509,0.36200396546190644,0.36200396546190644,0.015590255,0.2777801499146271,0.2777801499146271
2024-11-29 12:00:00+09:00,0.446187646,0.401642592,0.4685376745929642,0.4685376745929642,0.123981849,0.4487392461748352,0.4487392461748352
2024-11-29 13:00:00+09:00,0.204905192,0.446187646,0.4540967111124716,0.4540967111124716,0.279888509,0.4218018484956589,0.4218018484956589
2024-11-29 14:00:00+09:00,0.200450686,0.204905192,0.17402073052260114,0.17402073052260114,0.401642592,0.47362161551617815,0.47362161551617815
2024-11-29 15:00:00+09:00,0.184859404,0.200450686,0.09611823894799804,0.09611823894799804,0.446187646,0.3425240152164421,0.3425240152164421
2024-11-29 16:00:00+09:00,0.204161919,0.184859404,0.07391894015903855,0.07391894015903855,0.204905192,0.0,0.0
2024-11-29 17:00:00+09:00,0.031181537,0.204161919,0.08781917327865982,0.08781917327865982,0.200450686,0.0,0.0
2024-11-29 18:00:00+09:00,0.000742246,0.031181537,0.00015153774386596555,0.00015153774386596555,0.184859404,0.007540592583374028,0.007540592583374028
2024-11-29 19:00:00+09:00,0.0,0.000742246,0.0,0.0,0.204161919,0.0,0.0
2024-11-29 20:00:00+09:00,0.0,0.0,0.0,0.0,0.031181537,0.0,0.0
2024-11-29 21:00:00+09:00,0.0,0.0,0.0,0.0,0.000742246,0.0,0.0
2024-11-29 22:00:00+09:00,0.0,0.0,0.0,0.0,0.0,0.0,0.0
2024-11-29 23:00:00+09:00,0.0,0.0,0.0,0.0,0.0,0.0,0.0
2024-11-30 00:00:00+09:00,0.0,0.0,0.0,0.0,0.0,0.00035821468918584287,0.00035821468918584287
2024-11-30 01:00:00+09:00,0.0,0.0,0.0,0.0,0.0,0.00035821468918584287,0.00035821468918584287
2024-11-30 02:00:00+09:00,0.0,0.0,0.0,0.0,0.0,0.00035821468918584287,0.00035821468918584287
2024-11-30 03:00:00+09:00,0.0,0.0,0.0,0.0,0.0,0.00035821468918584287,0.00035821468918584287
2024-11-30 04:00:00+09:00,0.0,0.0,0.0,0.0,0.0,0.00035821468918584287,0.00035821468918584287
2024-11-30 05:00:00+09:00,0.0,0.0,0.0,0.0,0.0,0.00035821468918584287,0.00035821468918584287
2024-11-30 06:00:00+09:00,0.0,0.0,0.0,0.0,0.0,1.1590655049076304e-06,1.1590655049076304e-06
2024-11-30 07:00:00+09:00,0.0,0.0,0.0,0.0,0.0,0.0003693607577588409,0.0003693607577588409
2024-11-30 08:00:00+09:00,0.014105762,0.0,0.016448117792606354,0.016448117792606354,0.0,0.029153158888220787,0.029153158888220787
2024-11-30 09:00:00+09:00,0.118785098,0.014105762,0.09500121569148254,0.09500121569148254,0.0,0.09148240834474564,0.09148240834474564
2024-11-30 10:00:00+09:00,0.276918497,0.118785098,0.25381371359391025,0.25381371359391025,0.0,0.282671183347702,0.282671183347702
2024-11-30 11:00:00+09:00,0.402385865,0.276918497,0.40279192856337737,0.40279192856337737,0.014105762,0.3815559098672028,0.3815559098672028
2024-11-30 12:00:00+09:00,0.468460172,0.402385865,0.47680842563222886,0.47680842563222886,0.118785098,0.4445843247608643,0.4445843247608643
2024-11-30 13:00:00+09:00,0.471429158,0.468460172,0.451439002114007,0.451439002114007,0.276918497,0.4711934142449112,0.4711934142449112
2024-11-30 14:00:00+09:00,0.416491628,0.471429158,0.41634925082112123,0.41634925082112123,0.402385865,0.4543723581702614,0.4543723581702614
2024-11-30 15:00:00+09:00,0.307356761,0.416491628,0.3384182828752785,0.3384182828752785,0.468460172,0.31964419740683747,0.31964419740683747
2024-11-30 16:00:00+09:00,0.125467369,0.307356761,0.20669851561530683,0.20669851561530683,0.471429158,0.21871562674427797,0.21871562674427797
2024-11-30 17:00:00+09:00,0.057907543,0.125467369,0.038283155898136134,0.038283155898136134,0.416491628,0.17986451120064545,0.17986451120064545
2024-11-30 18:00:00+09:00,0.000742246,0.057907543,0.02833581235648918,0.02833581235648918,0.307356761,0.16202022244676206,0.16202022244676206
2024-11-30 19:00:00+09:00,0.0,0.000742246,0.0,0.0,0.125467369,0.0,0.0
2024-11-30 20:00:00+09:00,0.0,0.0,0.000743968179449439,0.000743968179449439,0.057907543,0.0,0.0
2024-11-30 21:00:00+09:00,0.0,0.0,0.0006630724528804421,0.0006630724528804421,0.000742246,0.0016361064150898755,0.0016361064150898755
2024-11-30 22:00:00+09:00,0.0,0.0,0.0008517490932717919,0.0008517490932717919,0.0,0.0005506029701791704,0.0005506029701791704
2024-11-30 23:00:00+09:00,0.0,0.0,0.0008517490932717919,0.0008517490932717919,0.0,0.001922517316415906,0.001922517316415906
2024-12-01 00:00:00+09:00,0.0,0.0,0.00010172653128392994,0.00010172653128392994,0.0,0.0,0.0
2024-12-01 01:00:00+09:00,0.0,0.0,0.00010172653128392994,0.00010172653128392994,0.0,0.0,0.0
2024-12-01 02:00:00+09:00,0.0,0.0,0.00010172653128392994,0.00010172653128392994,0.0,0.0,0.0
2024-12-01 03:00:00+09:00,0.0,0.0,0.00010172653128392994,0.00010172653128392994,0.0,0.0,0.0
2024-12-01 04:00:00+09:00,0.0,0.0,0.00010172653128392994,0.00010172653128392994,0.0,0.0,0.0
2024-12-01 05:00:00+09:00,0.0,0.0,0.00010172653128392994,0.00010172653128392994,0.0,0.0,0.0
2024-12-01 06:00:00+09:00,0.0,0.0,4.636712037608959e-05,4.636712037608959e-05,0.0,0.0,0.0
2024-12-01 07:00:00+09:00,0.0,0.0,0.0,0.0,0.0,0.0,0.0
2024-12-01 08:00:00+09:00,0.01262127,0.0,0.015268920920789242,0.015268920920789242,0.0,0.02010052651166916,0.02010052651166916
2024-12-01 09:00:00+09:00,0.108391594,0.01262127,0.07865344869997025,0.07865344869997025,0.0,0.07745808362960815,0.07745808362960815
2024-12-01 10:00:00+09:00,0.258358229,0.108391594,0.20124744237198255,0.20124744237198255,0.0,0.20805197954177856,0.20805197954177856
2024-12-01 11:00:00+09:00,0.325174782,0.258358229,0.3689452000445404,0.3689452000445404,0.01262127,0.32626415926124575,0.32626415926124575
2024-12-01 12:00:00+09:00,0.259100475,0.325174782,0.43364015551608276,0.43364015551608276,0.108391594,0.4754358640386047,0.4754358640386047
2024-12-01 13:00:00+09:00,0.462520147,0.259100475,0.30319054110512733,0.30319054110512733,0.258358229,0.5302275307959594,0.5302275307959594
2024-12-01 14:00:00+09:00,0.382340078,0.462520147,0.4121726660770626,0.4121726660770626,0.325174782,0.36761662321489524,0.36761662321489524
2024-12-01 15:00:00+09:00,0.260584968,0.382340078,0.26740213925020984,0.26740213925020984,0.259100475,0.18142052053079605,0.18142052053079605
2024-12-01 16:00:00+09:00,0.179662653,0.260584968,0.15084501621062085,0.15084501621062085,0.462520147,0.27572261754100036,0.27572261754100036
2024-12-01 17:00:00+09:00,0.046771793,0.179662653,0.04390708425724793,0.04390708425724793,0.382340078,0.04665920579808047,0.04665920579808047
2024-12-01 18:00:00+09:00,0.002970012,0.046771793,0.014600722424285888,0.014600722424285888,0.260584968,0.09324917462403104,0.09324917462403104
2024-12-01 19:00:00+09:00,0.0,0.002970012,0.0,0.0,0.179662653,0.0,0.0
2024-12-01 20:00:00+09:00,0.0,0.0,0.0,0.0,0.046771793,0.0,0.0
2024-12-01 21:00:00+09:00,0.0,0.0,0.0,0.0,0.002970012,0.0,0.0
2024-12-01 22:00:00+09:00,0.0,0.0,0.0,0.0,0.0,0.0,0.0
2024-12-01 23:00:00+09:00,0.0,0.0,0.0,0.0,0.0,0.0,0.0
2024-12-02 00:00:00+09:00,0.0,0.0,0.0,0.0,0.0,0.0,0.0
2024-12-02 01:00:00+09:00,0.0,0.0,0.0,0.0,0.0,0.0,0.0
2024-12-02 02:00:00+09:00,0.0,0.0,0.0,0.0,0.0,0.0,0.0
2024-12-02 03:00:00+09:00,0.0,0.0,0.0,0.0,0.0,0.0,0.0
2024-12-02 04:00:00+09:00,0.0,0.0,0.0,0.0,0.0,0.0,0.0
2024-12-02 05:00:00+09:00,0.0,0.0,0.0,0.0,0.0,0.0,0.0
2024-12-02 06:00:00+09:00,0.0,0.0,0.0,0.0,0.0,0.0,0.0
2024-12-02 07:00:00+09:00,0.0,0.0,0.000304503773804754,0.000304503773804754,0.0,0.0,0.0
2024-12-02 08:00:00+09:00,0.011879023,0.0,0.011470936238765717,0.011470936238765717,0.0,0.01295156218111515,0.01295156218111515
2024-12-02 09:00:00+09:00,0.082407835,0.011879023,0.07303645072817612,0.07303645072817612,0.0,0.07838781177997589,0.07838781177997589
2024-12-02 10:00:00+09:00,0.225692199,0.082407835,0.2319899229936218,0.2319899229936218,0.0,0.25253671407699585,0.25253671407699585
2024-12-02 11:00:00+09:00,0.360068578,0.225692199,0.3302277712308159,0.3302277712308159,0.011879023,0.27805170027851867,0.27805170027851867
2024-12-02 12:00:00+09:00,0.418718367,0.360068578,0.45646716254465863,0.45646716254465863,0.082407835,0.3535688548020935,0.3535688548020935
2024-12-02 13:00:00+09:00,0.44173314,0.418718367,0.4518183014587326,0.4518183014587326,0.225692199,0.42315860224592594,0.42315860224592594
2024-12-02 14:00:00+09:00,0.397188087,0.44173314,0.42077626238097193,0.42077626238097193,0.360068578,0.39017051803582,0.39017051803582
2024-12-02 15:00:00+09:00,0.293994271,0.397188087,0.3399434993103619,0.3399434993103619,0.418718367,0.3288743189767761,0.3288743189767761
2024-12-02 16:00:00+09:00,0.166299137,0.293994271,0.2128307528692207,0.2128307528692207,0.44173314,0.26770708287586215,0.26770708287586215
2024-12-02 17:00:00+09:00,0.048998532,0.166299137,0.06298172724620058,0.06298172724620058,0.397188087,0.20147063304339602,0.20147063304339602
2024-12-02 18:00:00+09:00,0.000742246,0.048998532,0.0,0.0,0.293994271,0.012237780531021092,0.012237780531021092
2024-12-02 19:00:00+09:00,0.0,0.000742246,0.0,0.0,0.166299137,0.02082182717696382,0.02082182717696382
2024-12-02 20:00:00+09:00,0.0,0.0,0.0005437747458927333,0.0005437747458927333,0.048998532,0.0,0.0
2024-12-02 21:00:00+09:00,0.0,0.0,0.00040610553696751595,0.00040610553696751595,0.000742246,0.0,0.0
2024-12-02 22:00:00+09:00,0.0,0.0,0.0007218220853246748,0.0007218220853246748,0.0,0.0023080422542989254,0.0023080422542989254
2024-12-02 23:00:00+09:00,0.0,0.0,0.0007218220853246748,0.0007218220853246748,0.0,0.004133777227252722,0.004133777227252722
2024-12-03 00:00:00+09:00,0.0,0.0,0.0,0.0,0.0,0.0002534926461521536,0.0002534926461521536
2024-12-03 01:00:00+09:00,0.0,0.0,0.0,0.0,0.0,0.0002534926461521536,0.0002534926461521536
2024-12-03 02:00:00+09:00,0.0,0.0,0.0,0.0,0.0,0.0002534926461521536,0.0002534926461521536
2024-12-03 03:00:00+09:00,0.0,0.0,0.0,0.0,0.0,0.0002534926461521536,0.0002534926461521536
2024-12-03 04:00:00+09:00,0.0,0.0,0.0,0.0,0.0,0.0002534926461521536,0.0002534926461521536
2024-12-03 05:00:00+09:00,0.0,0.0,0.0,0.0,0.0,0.0002534926461521536,0.0002534926461521536
2024-12-03 06:00:00+09:00,0.0,0.0,5.130182398715988e-05,5.130182398715988e-05,0.0,0.0,0.0
2024-12-03 07:00:00+09:00,0.0,0.0,0.0002632868418004364,0.0002632868418004364,0.0,0.0,0.0
2024-12-03 08:00:00+09:00,0.019302514,0.0,0.01656845398247242,0.01656845398247242,0.0,0.01927364245057106,0.01927364245057106
2024-12-03 09:00:00+09:00,0.106907101,0.019302514,0.08400015215402984,0.08400015215402984,0.0,0.08391301333904266,0.08391301333904266
2024-12-03 10:00:00+09:00,0.262070488,0.106907101,0.25463941844766236,0.25463941844766236,0.0,0.21368426084518433,0.21368426084518433
2024-12-03 11:00:00+09:00,0.321462523,0.262070488,0.36649427171953963,0.36649427171953963,0.019302514,0.2999920217228546,0.2999920217228546
2024-12-03 12:00:00+09:00,0.378628846,0.321462523,0.360554579453228,0.360554579453228,0.106907101,0.4203105286008606,0.4203105286008606
2024-12-03 13:00:00+09:00,0.449899905,0.378628846,0.39641986202733137,0.39641986202733137,0.262070488,0.4452267399073486,0.4452267399073486
2024-12-03 14:00:00+09:00,0.34150831,0.449899905,0.4187974916883993,0.4187974916883993,0.321462523,0.3093280278087239,0.3093280278087239
2024-12-03 15:00:00+09:00,0.235343456,0.34150831,0.2701845426955795,0.2701845426955795,0.378628846,0.2842019533021889,0.2842019533021889
2024-12-03 16:00:00+09:00,0.125467369,0.235343456,0.16977698329082108,0.16977698329082108,0.449899905,0.3092075070479202,0.3092075070479202
2024-12-03 17:00:00+09:00,0.036378289,0.125467369,0.026165621022266383,0.026165621022266383,0.34150831,0.13701003388553618,0.13701003388553618
2024-12-03 18:00:00+09:00,0.000742246,0.036378289,0.009413769827093126,0.009413769827093126,0.235343456,0.09587700638166047,0.09587700638166047
2024-12-03 19:00:00+09:00,0.0,0.000742246,0.0,0.0,0.125467369,0.0,0.0
2024-12-03 20:00:00+09:00,0.0,0.0,0.0005632131942547858,0.0005632131942547858,0.036378289,0.0,0.0
2024-12-03 21:00:00+09:00,0.0,0.0,0.0,0.0,0.000742246,7.604201228082188e-06,7.604201228082188e-06
2024-12-03 22:00:00+09:00,0.0,0.0,0.0002466516161803156,0.0002466516161803156,0.0,0.0005387748242355883,0.0005387748242355883
2024-12-03 23:00:00+09:00,0.0,0.0,0.0002466516161803156,0.0002466516161803156,0.0,0.0011645675403997302,0.0011645675403997302
2024-12-04 00:00:00+09:00,0.0,0.0,3.4130785934394225e-05,3.4130785934394225e-05,0.0,0.0006294932099990547,0.0006294932099990547
2024-12-04 01:00:00+09:00,0.0,0.0,3.4130785934394225e-05,3.4130785934394225e-05,0.0,0.0006294932099990547,0.0006294932099990547
2024-12-04 02:00:00+09:00,0.0,0.0,3.4130785934394225e-05,3.4130785934394225e-05,0.0,0.0006294932099990547,0.0006294932099990547
2024-12-04 03:00:00+09:00,0.0,0.0,3.4130785934394225e-05,3.4130785934394225e-05,0.0,0.0006294932099990547,0.0006294932099990547
2024-12-04 04:00:00+09:00,0.0,0.0,3.4130785934394225e-05,3.4130785934394225e-05,0.0,0.0006294932099990547,0.0006294932099990547
2024-12-04 05:00:00+09:00,0.0,0.0,3.4130785934394225e-05,3.4130785934394225e-05,0.0,0.0006294932099990547,0.0006294932099990547
2024-12-04 06:00:00+09:00,0.0,0.0,0.0001224128354806453,0.0001224128354806453,0.0,0.0004035399470012635,0.0004035399470012635
2024-12-04 07:00:00+09:00,0.0,0.0,0.0,0.0,0.0,0.0005813532043248415,0.0005813532043248415
2024-12-04 08:00:00+09:00,0.011879023,0.0,0.018351536244153976,0.018351536244153976,0.0,0.021744463592767715,0.021744463592767715
2024-12-04 09:00:00+09:00,0.106164855,0.011879023,0.0828667765700798,0.0828667765700798,0.0,0.09614498168230057,0.09614498168230057
2024-12-04 10:00:00+09:00,0.256130463,0.106164855,0.2290046709146309,0.2290046709146309,0.0,0.2377898097038269,0.2377898097038269
2024-12-04 11:00:00+09:00,0.377885573,0.256130463,0.38355865192002103,0.38355865192002103,0.011879023,0.3099360129082184,0.3099360129082184
2024-12-04 12:00:00+09:00,0.447672139,0.377885573,0.45196268746285245,0.45196268746285245,0.106164855,0.4153423132862854,0.4153423132862854
2024-12-04 13:00:00+09:00,0.45286889,0.447672139,0.44829219372136664,0.44829219372136664,0.256130463,0.45113351058548734,0.45113351058548734
2024-12-04 14:00:00+09:00,0.407582617,0.45286889,0.40704397855462077,0.40704397855462077,0.377885573,0.42906316408543393,0.42906316408543393
2024-12-04 15:00:00+09:00,0.302902255,0.407582617,0.32027790565814207,0.32027790565814207,0.447672139,0.31812299330145266,0.31812299330145266
2024-12-04 16:00:00+09:00,0.172239161,0.302902255,0.24754876622689248,0.24754876622689248,0.45286889,0.27239678425849917,0.27239678425849917
2024-12-04 17:00:00+09:00,0.051226298,0.172239161,0.0743726779672966,0.0743726779672966,0.407582617,0.1427559020074768,0.1427559020074768
2024-12-04 18:00:00+09:00,0.0,0.051226298,0.026681978862069133,0.026681978862069133,0.302902255,0.18380746597183228,0.18380746597183228
2024-12-04 19:00:00+09:00,0.0,0.0,0.0,0.0,0.172239161,0.024178585872398378,0.024178585872398378
2024-12-04 20:00:00+09:00,0.0,0.0,0.0013909664703533053,0.0013909664703533053,0.051226298,0.0013013953820686375,0.0013013953820686375
2024-12-04 21:00:00+09:00,0.0,0.0,0.0009681966039352119,0.0009681966039352119,0.0,0.0,0.0
2024-12-04 22:00:00+09:00,0.0,0.0,0.0013473264407366514,0.0013473264407366514,0.0,0.0016633563209325075,0.0016633563209325075
2024-12-04 23:00:00+09:00,0.0,0.0,0.0013473264407366514,0.0013473264407366514,0.0,0.002151440130546689,0.002151440130546689
2024-12-05 00:00:00+09:00,0.0,0.0,0.0,0.0,0.0,0.0,0.0
2024-12-05 01:00:00+09:00,0.0,0.0,0.0,0.0,0.0,0.0,0.0
2024-12-05 02:00:00+09:00,0.0,0.0,0.0,0.0,0.0,0.0,0.0
2024-12-05 03:00:00+09:00,0.0,0.0,0.0,0.0,0.0,0.0,0.0
2024-12-05 04:00:00+09:00,0.0,0.0,0.0,0.0,0.0,0.0,0.0
2024-12-05 05:00:00+09:00,0.0,0.0,0.0,0.0,0.0,0.0,0.0
2024-12-05 06:00:00+09:00,0.0,0.0,0.0,0.0,0.0,0.0,0.0
2024-12-05 07:00:00+09:00,0.0,0.0,0.00041908465209417045,0.00041908465209417045,0.0,0.00026213546516373754,0.00026213546516373754
2024-12-05 08:00:00+09:00,0.010393504,0.0,0.015273336321115494,0.015273336321115494,0.0,0.018407108262181282,0.018407108262181282
2024-12-05 09:00:00+09:00,0.0675588,0.010393504,0.08406640211372757,0.08406640211372757,0.0,0.08736614137887955,0.08736614137887955
2024-12-05 10:00:00+09:00,0.201935179,0.0675588,0.20978077234630585,0.20978077234630585,0.0,0.25265637040138245,0.25265637040138245
2024-12-05 11:00:00+09:00,0.146254376,0.201935179,0.3229912290621796,0.3229912290621796,0.010393504,0.31654671201734924,0.31654671201734924
2024-12-05 12:00:00+09:00,0.14551213,0.146254376,0.16838880856914615,0.16838880856914615,0.0675588,0.32055265190010074,0.32055265190010074
2024-12-05 13:00:00+09:00,0.253903724,0.14551213,0.16139056522429465,0.16139056522429465,0.201935179,0.4534966716815033,0.4534966716815033
2024-12-05 14:00:00+09:00,0.405354851,0.253903724,0.2164881934674015,0.2164881934674015,0.146254376,0.20105561283810233,0.20105561283810233
2024-12-05 15:00:00+09:00,0.296221011,0.405354851,0.3693729649111519,0.3693729649111519,0.14551213,0.09922099102318763,0.09922099102318763
2024-12-05 16:00:00+09:00,0.094285832,0.296221011,0.20571352602752302,0.20571352602752302,0.253903724,0.055293656632446286,0.055293656632446286
2024-12-05 17:00:00+09:00,0.053453037,0.094285832,0.00772039706729126,0.00772039706729126,0.405354851,0.1699427599832306,0.1699427599832306
2024-12-05 18:00:00+09:00,0.0,0.053453037,0.0021637579861278552,0.0021637579861278552,0.296221011,0.1357752761414871,0.1357752761414871
2024-12-05 19:00:00+09:00,0.0,0.0,0.0,0.0,0.094285832,0.0,0.0
2024-12-05 20:00:00+09:00,0.0,0.0,0.0008441990939900279,0.0008441990939900279,0.053453037,0.004579102105199816,0.004579102105199816
2024-12-05 21:00:00+09:00,0.0,0.0,0.0,0.0,0.0,0.0,0.0
2024-12-05 22:00:00+09:00,0.0,0.0,0.00028456177096813917,0.00028456177096813917,0.0,0.003236623713746667,0.003236623713746667
2024-12-05 23:00:00+09:00,0.0,0.0,0.00028456177096813917,0.00028456177096813917,0.0,0.0029678361024707556,0.0029678361024707556
2024-12-06 00:00:00+09:00,0.0,0.0,0.00012573107960633934,0.00012573107960633934,0.0,0.00037134127342142165,0.00037134127342142165
2024-12-06 01:00:00+09:00,0.0,0.0,0.00012573107960633934,0.00012573107960633934,0.0,0.00037134127342142165,0.00037134127342142165
2024-12-06 02:00:00+09:00,0.0,0.0,0.00012573107960633934,0.00012573107960633934,0.0,0.00037134127342142165,0.00037134127342142165
2024-12-06 03:00:00+09:00,0.0,0.0,0.00012573107960633934,0.00012573107960633934,0.0,0.00037134127342142165,0.00037134127342142165
2024-12-06 04:00:00+09:00,0.0,0.0,0.00012573107960633934,0.00012573107960633934,0.0,0.00037134127342142165,0.00037134127342142165
2024-12-06 05:00:00+09:00,0.0,0.0,0.00012573107960633934,0.00012573107960633934,0.0,0.00037134127342142165,0.00037134127342142165
2024-12-06 06:00:00+09:00,0.0,0.0,0.0001268548658117652,0.0001268548658117652,0.0,0.0004362765175756067,0.0004362765175756067
2024-12-06 07:00:00+09:00,0.0,0.0,0.0005239560850895941,0.0005239560850895941,0.0,0.0008420887752436101,0.0008420887752436101
2024-12-06 08:00:00+09:00,0.005196752,0.0,0.01643984019756317,0.01643984019756317,0.0,0.013532757759094238,0.013532757759094238
2024-12-06 09:00:00+09:00,0.073498825,0.005196752,0.06291644831314278,0.06291644831314278,0.0,0.0792488381266594,0.0792488381266594
2024-12-06 10:00:00+09:00,0.114330592,0.073498825,0.17604865358896254,0.17604865358896254,0.0,0.1925799399614334,0.1925799399614334
2024-12-06 11:00:00+09:00,0.285085261,0.114330592,0.25048423036288453,0.25048423036288453,0.005196752,0.3105566519977112,0.3105566519977112
2024-12-06 12:00:00+09:00,0.270236225,0.285085261,0.4013556913860664,0.4013556913860664,0.073498825,0.37648058907814025,0.37648058907814025
2024-12-06 13:00:00+09:00,0.158133399,0.270236225,0.3033739748805523,0.3033739748805523,0.114330592,0.3165255956287308,0.3165255956287308
2024-12-06 14:00:00+09:00,0.099482583,0.158133399,0.12529075544102097,0.12529075544102097,0.285085261,0.36361870927890394,0.36361870927890394
2024-12-06 15:00:00+09:00,0.12175511,0.099482583,0.0,0.0,0.270236225,0.1844469468503952,0.1844469468503952
2024-12-06 16:00:00+09:00,0.130664121,0.12175511,0.009665997598991394,0.009665997598991394,0.158133399,0.0,0.0
2024-12-06 17:00:00+09:00,0.027469278,0.130664121,0.013809341577716822,0.013809341577716822,0.099482583,0.0,0.0
2024-12-06 18:00:00+09:00,0.0,0.027469278,0.0,0.0,0.12175511,0.0,0.0
2024-12-06 19:00:00+09:00,0.0,0.0,0.0,0.0,0.130664121,0.0,0.0
2024-12-06 20:00:00+09:00,0.0,0.0,0.00041872693691402674,0.00041872693691402674,0.027469278,0.0,0.0
2024-12-06 21:00:00+09:00,0.0,0.0,0.0,0.0,0.0,0.0,0.0
2024-12-06 22:00:00+09:00,0.0,0.0,0.0,0.0,0.0,0.0,0.0
2024-12-06 23:00:00+09:00,0.0,0.0,0.0,0.0,0.0,0.0002558200212661177,0.0002558200212661177
2024-12-07 00:00:00+09:00,0.0,0.0,0.0,0.0,0.0,0.0,0.0
2024-12-07 01:00:00+09:00,0.0,0.0,0.0,0.0,0.0,0.0,0.0
2024-12-07 02:00:00+09:00,0.0,0.0,0.0,0.0,0.0,0.0,0.0
2024-12-07 03:00:00+09:00,0.0,0.0,0.0,0.0,0.0,0.0,0.0
2024-12-07 04:00:00+09:00,0.0,0.0,0.0,0.0,0.0,0.0,0.0
2024-12-07 05:00:00+09:00,0.0,0.0,0.0,0.0,0.0,0.0,0.0
2024-12-07 06:00:00+09:00,0.0,0.0,0.0,0.0,0.0,0.0,0.0
2024-12-07 07:00:00+09:00,0.0,0.0,0.0,0.0,0.0,0.0,0.0
2024-12-07 08:00:00+09:00,0.006681245,0.0,0.0007977300556376576,0.0007977300556376576,0.0,0.0,0.0
2024-12-07 09:00:00+09:00,0.083150082,0.006681245,0.07299463096343994,0.07299463096343994,0.0,0.041260670870542526,0.041260670870542526
2024-12-07 10:00:00+09:00,0.239797961,0.083150082,0.19016017086098863,0.19016017086098863,0.0,0.12226302921772003,0.12226302921772003
2024-12-07 11:00:00+09:00,0.366749823,0.239797961,0.32383698600867844,0.32383698600867844,0.006681245,0.2785368973323059,0.2785368973323059
2024-12-07 12:00:00+09:00,0.43282413,0.366749823,0.4290034322996597,0.4290034322996597,0.083150082,0.33985178983996583,0.33985178983996583
2024-12-07 13:00:00+09:00,0.433566376,0.43282413,0.3762452293349552,0.3762452293349552,0.239797961,0.3649339042935715,0.3649339042935715
2024-12-07 14:00:00+09:00,0.328144795,0.433566376,0.39326316434080694,0.39326316434080694,0.366749823,0.4128014518876533,0.4128014518876533
2024-12-07 15:00:00+09:00,0.088346833,0.328144795,0.1999310019606781,0.1999310019606781,0.43282413,0.3072950493706512,0.3072950493706512
2024-12-07 16:00:00+09:00,0.063104294,0.088346833,0.01378023029309082,0.01378023029309082,0.433566376,0.20594558063085172,0.20594558063085172
2024-12-07 17:00:00+09:00,0.020787007,0.063104294,0.0,0.0,0.328144795,0.07834470897857665,0.07834470897857665
2024-12-07 18:00:00+09:00,0.0,0.020787007,0.0,0.0,0.088346833,0.0,0.0
2024-12-07 19:00:00+09:00,0.0,0.0,0.0,0.0,0.063104294,0.0,0.0
2024-12-07 20:00:00+09:00,0.0,0.0,0.0003119457105640322,0.0003119457105640322,0.020787007,0.0,0.0
2024-12-07 21:00:00+09:00,0.0,0.0,0.00016050931299105287,0.00016050931299105287,0.0,0.0007282204460352659,0.0007282204460352659
2024-12-07 22:00:00+09:00,0.0,0.0,0.00036933718365617096,0.00036933718365617096,0.0,0.0,0.0
2024-12-07 23:00:00+09:00,0.0,0.0,0.00036933718365617096,0.00036933718365617096,0.0,0.0004843920178245753,0.0004843920178245753
2024-12-08 00:00:00+09:00,0.0,0.0,0.00010172653128392994,0.00010172653128392994,0.0,0.0,0.0
2024-12-08 01:00:00+09:00,0.0,0.0,0.00010172653128392994,0.00010172653128392994,0.0,0.0,0.0
2024-12-08 02:00:00+09:00,0.0,0.0,0.00010172653128392994,0.00010172653128392994,0.0,0.0,0.0
2024-12-08 03:00:00+09:00,0.0,0.0,0.00010172653128392994,0.00010172653128392994,0.0,0.0,0.0
2024-12-08 04:00:00+09:00,0.0,0.0,0.00010172653128392994,0.00010172653128392994,0.0,0.0,0.0
2024-12-08 05:00:00+09:00,0.0,0.0,0.00010172653128392994,0.00010172653128392994,0.0,0.0,0.0
2024-12-08 06:00:00+09:00,0.0,0.0,4.636712037608959e-05,4.636712037608959e-05,0.0,0.0,0.0
2024-12-08 07:00:00+09:00,0.0,0.0,0.0,0.0,0.0,0.0,0.0
2024-12-08 08:00:00+09:00,0.009651257,0.0,0.008826137520372868,0.008826137520372868,0.0,0.003213080344721675,0.003213080344721675
2024-12-08 09:00:00+09:00,0.099482583,0.009651257,0.0813506080723114,0.0813506080723114,0.0,0.08700321614742279,0.08700321614742279
2024-12-08 10:00:00+09:00,0.255388216,0.099482583,0.22362948407107164,0.22362948407107164,0.0,0.19590352475643158,0.19590352475643158
2024-12-08 11:00:00+09:00,0.392734608,0.255388216,0.38776438019792175,0.38776438019792175,0.009651257,0.33963580270770266,0.33963580270770266
2024-12-08 12:00:00+09:00,0.46326342,0.392734608,0.4402059375698166,0.4402059375698166,0.099482583,0.3322457839983063,0.3322457839983063
2024-12-08 13:00:00+09:00,0.470686912,0.46326342,0.4840429290973377,0.4840429290973377,0.255388216,0.4187200375608597,0.4187200375608597
2024-12-08 14:00:00+09:00,0.417976121,0.470686912,0.4455460118351574,0.4455460118351574,0.392734608,0.4931521325761871,0.4931521325761871
2024-12-08 15:00:00+09:00,0.311811266,0.417976121,0.29118652134294126,0.29118652134294126,0.46326342,0.27202659620277403,0.27202659620277403
2024-12-08 16:00:00+09:00,0.180404899,0.311811266,0.24999586632343862,0.24999586632343862,0.470686912,0.2143884593842621,0.2143884593842621
2024-12-08 17:00:00+09:00,0.05642305,0.180404899,0.05229609954244996,0.05229609954244996,0.417976121,0.12589285760278318,0.12589285760278318
2024-12-08 18:00:00+09:00,0.000742246,0.05642305,0.0,0.0,0.311811266,0.11750711267682645,0.11750711267682645
2024-12-08 19:00:00+09:00,0.0,0.000742246,0.0,0.0,0.180404899,0.0,0.0
2024-12-08 20:00:00+09:00,0.0,0.0,0.0,0.0,0.05642305,0.0,0.0
2024-12-08 21:00:00+09:00,0.0,0.0,0.0,0.0,0.000742246,0.0,0.0
2024-12-08 22:00:00+09:00,0.0,0.0,0.0,0.0,0.0,0.0,0.0
2024-12-08 23:00:00+09:00,0.0,0.0,0.0,0.0,0.0,0.0,0.0
2024-12-09 00:00:00+09:00,0.0,0.0,0.0,0.0,0.0,0.0,0.0
2024-12-09 01:00:00+09:00,0.0,0.0,0.0,0.0,0.0,0.0,0.0
2024-12-09 02:00:00+09:00,0.0,0.0,0.0,0.0,0.0,0.0,0.0
2024-12-09 03:00:00+09:00,0.0,0.0,0.0,0.0,0.0,0.0,0.0
2024-12-09 04:00:00+09:00,0.0,0.0,0.0,0.0,0.0,0.0,0.0
2024-12-09 05:00:00+09:00,0.0,0.0,0.0,0.0,0.0,0.0,0.0
2024-12-09 06:00:00+09:00,0.0,0.0,0.0,0.0,0.0,0.0,0.0
2024-12-09 07:00:00+09:00,0.0,0.0,0.000304503773804754,0.000304503773804754,0.0,0.0,0.0
2024-12-09 08:00:00+09:00,0.008166764,0.0,0.01064071711152792,0.01064071711152792,0.0,0.010132525116205215,0.010132525116205215
2024-12-09 09:00:00+09:00,0.097255844,0.008166764,0.04925839982324982,0.04925839982324982,0.0,0.062264759093523026,0.062264759093523026
2024-12-09 10:00:00+09:00,0.250933711,0.097255844,0.23782949459852598,0.23782949459852598,0.0,0.23039089143276215,0.23039089143276215
2024-12-09 11:00:00+09:00,0.379371092,0.250933711,0.3698365134673462,0.3698365134673462,0.008166764,0.3457948901444092,0.3457948901444092
2024-12-09 12:00:00+09:00,0.409809357,0.379371092,0.42417400730489924,0.42417400730489924,0.097255844,0.4116982699662628,0.4116982699662628
2024-12-09 13:00:00+09:00,0.455838903,0.409809357,0.46694320671022604,0.46694320671022604,0.250933711,0.4584883493857727,0.4584883493857727
2024-12-09 14:00:00+09:00,0.402385865,0.455838903,0.35141663919890215,0.35141663919890215,0.379371092,0.4132825176203175,0.4132825176203175
2024-12-09 15:00:00+09:00,0.306614514,0.402385865,0.3206440328032875,0.3206440328032875,0.409809357,0.2673537940508194,0.2673537940508194
2024-12-09 16:00:00+09:00,0.172239161,0.306614514,0.22545099586922074,0.22545099586922074,0.455838903,0.28181284587586214,0.28181284587586214
2024-12-09 17:00:00+09:00,0.051226298,0.172239161,0.07838335530494309,0.07838335530494309,0.402385865,0.20137164428543092,0.20137164428543092
2024-12-09 18:00:00+09:00,0.000742246,0.051226298,0.029366430501721386,0.029366430501721386,0.306614514,0.18127213001924897,0.18127213001924897
2024-12-09 19:00:00+09:00,0.0,0.000742246,0.0,0.0,0.172239161,0.026761851176963808,0.026761851176963808
2024-12-09 20:00:00+09:00,0.0,0.0,0.0005437747458927333,0.0005437747458927333,0.051226298,0.0,0.0
2024-12-09 21:00:00+09:00,0.0,0.0,0.00040610553696751595,0.00040610553696751595,0.000742246,0.0,0.0
2024-12-09 22:00:00+09:00,0.0,0.0,0.0007218220853246748,0.0007218220853246748,0.0,0.0023080422542989254,0.0023080422542989254
2024-12-09 23:00:00+09:00,0.0,0.0,0.0007218220853246748,0.0007218220853246748,0.0,0.004133777227252722,0.004133777227252722
2024-12-10 00:00:00+09:00,0.0,0.0,0.0,0.0,0.0,0.0002534926461521536,0.0002534926461521536
2024-12-10 01:00:00+09:00,0.0,0.0,0.0,0.0,0.0,0.0002534926461521536,0.0002534926461521536
2024-12-10 02:00:00+09:00,0.0,0.0,0.0,0.0,0.0,0.0002534926461521536,0.0002534926461521536
2024-12-10 03:00:00+09:00,0.0,0.0,0.0,0.0,0.0,0.0002534926461521536,0.0002534926461521536
2024-12-10 04:00:00+09:00,0.0,0.0,0.0,0.0,0.0,0.0002534926461521536,0.0002534926461521536
2024-12-10 05:00:00+09:00,0.0,0.0,0.0,0.0,0.0,0.0002534926461521536,0.0002534926461521536
2024-12-10 06:00:00+09:00,0.0,0.0,5.130182398715988e-05,5.130182398715988e-05,0.0,0.0,0.0
2024-12-10 07:00:00+09:00,0.0,0.0,0.0002632868418004364,0.0002632868418004364,0.0,0.0,0.0
2024-12-10 08:00:00+09:00,0.008166764,0.0,0.016124406829476357,0.016124406829476357,0.0,0.017254695296287537,0.017254695296287537
2024-12-10 09:00:00+09:00,0.094285832,0.008166764,0.05892405665809059,0.05892405665809059,0.0,0.0525943823158741,0.0525943823158741
2024-12-10 10:00:00+09:00,0.238313468,0.094285832,0.22616326923392488,0.22616326923392488,0.0,0.16869764029979706,0.16869764029979706
2024-12-10 11:00:00+09:00,0.368234316,0.238313468,0.3686610328164749,0.3686610328164749,0.008166764,0.35366869352156066,0.35366869352156066
2024-12-10 12:00:00+09:00,0.444703153,0.368234316,0.4177488592651043,0.4177488592651043,0.094285832,0.4086033862354584,0.4086033862354584
2024-12-10 13:00:00+09:00,0.455838903,0.444703153,0.4532365888736873,0.4532365888736873,0.238313468,0.44978867640167997,0.44978867640167997
2024-12-10 14:00:00+09:00,0.405354851,0.455838903,0.4084993704756527,0.4084993704756527,0.368234316,0.3508067728217993,0.3508067728217993
2024-12-10 15:00:00+09:00,0.294736518,0.405354851,0.33487713437526323,0.33487713437526323,0.444703153,0.40236604087126543,0.40236604087126543
2024-12-10 16:00:00+09:00,0.172981408,0.294736518,0.2157088056548767,0.2157088056548767,0.455838903,0.2847486428519516,0.2847486428519516
2024-12-10 17:00:00+09:00,0.060877555,0.172981408,0.08896972662211228,0.08896972662211228,0.405354851,0.20915506135671236,0.20915506135671236
2024-12-10 18:00:00+09:00,0.001484493,0.060877555,0.033913035827093124,0.033913035827093124,0.294736518,0.15527006838166046,0.15527006838166046
2024-12-10 19:00:00+09:00,0.0,0.001484493,0.0,0.0,0.172981408,0.02374086952210236,0.02374086952210236
2024-12-10 20:00:00+09:00,0.0,0.0,0.0005632131942547858,0.0005632131942547858,0.060877555,0.012719840692691803,0.012719840692691803
2024-12-10 21:00:00+09:00,0.0,0.0,0.0,0.0,0.001484493,0.0007498512012280821,0.0007498512012280821
2024-12-10 22:00:00+09:00,0.0,0.0,0.0002466516161803156,0.0002466516161803156,0.0,0.0005387748242355883,0.0005387748242355883
2024-12-10 23:00:00+09:00,0.0,0.0,0.0002466516161803156,0.0002466516161803156,0.0,0.0011645675403997302,0.0011645675403997302
2024-12-11 00:00:00+09:00,0.0,0.0,3.4130785934394225e-05,3.4130785934394225e-05,0.0,0.0006294932099990547,0.0006294932099990547
2024-12-11 01:00:00+09:00,0.0,0.0,3.4130785934394225e-05,3.4130785934394225e-05,0.0,0.0006294932099990547,0.0006294932099990547
2024-12-11 02:00:00+09:00,0.0,0.0,3.4130785934394225e-05,3.4130785934394225e-05,0.0,0.0006294932099990547,0.0006294932099990547
2024-12-11 03:00:00+09:00,0.0,0.0,3.4130785934394225e-05,3.4130785934394225e-05,0.0,0.0006294932099990547,0.0006294932099990547
2024-12-11 04:00:00+09:00,0.0,0.0,3.4130785934394225e-05,3.4130785934394225e-05,0.0,0.0006294932099990547,0.0006294932099990547
2024-12-11 05:00:00+09:00,0.0,0.0,3.4130785934394225e-05,3.4130785934394225e-05,0.0,0.0006294932099990547,0.0006294932099990547
2024-12-11 06:00:00+09:00,0.0,0.0,0.0001224128354806453,0.0001224128354806453,0.0,0.0004035399470012635,0.0004035399470012635
2024-12-11 07:00:00+09:00,0.0,0.0,0.0,0.0,0.0,0.0005813532043248415,0.0005813532043248415
2024-12-11 08:00:00+09:00,0.003712259,0.0,0.015836719423532486,0.015836719423532486,0.0,0.01800805889070034,0.01800805889070034
2024-12-11 09:00:00+09:00,0.059393062,0.003712259,0.0598260981494751,0.0598260981494751,0.0,0.05729275569319725,0.05729275569319725
2024-12-11 10:00:00+09:00,0.170753642,0.059393062,0.18173696727009964,0.18173696727009964,0.0,0.19501100480556488,0.19501100480556488
2024-12-11 11:00:00+09:00,0.303645529,0.170753642,0.30189865735892485,0.30189865735892485,0.003712259,0.3021291417533722,0.3021291417533722
2024-12-11 12:00:00+09:00,0.35264406,0.303645529,0.38220985993547824,0.38220985993547824,0.059393062,0.3953848618313904,0.3953848618313904
2024-12-11 13:00:00+09:00,0.406097098,0.35264406,0.37245373074632643,0.37245373074632643,0.170753642,0.42736391631488035,0.42736391631488035
2024-12-11 14:00:00+09:00,0.372688821,0.406097098,0.34330625713581847,0.34330625713581847,0.303645529,0.35602804660602,0.35602804660602
2024-12-11 15:00:00+09:00,0.286569754,0.372688821,0.26287582371844864,0.26287582371844864,0.35264406,0.23996694032770155,0.23996694032770155
2024-12-11 16:00:00+09:00,0.17817816,0.286569754,0.21196572702675248,0.21196572702675248,0.406097098,0.18409517288918303,0.18409517288918303
2024-12-11 17:00:00+09:00,0.0452873,0.17817816,0.1205587932051754,0.1205587932051754,0.372688821,0.11051773135079956,0.11051773135079956
2024-12-11 18:00:00+09:00,0.0,0.0452873,0.0,0.0,0.286569754,0.07655488919763948,0.07655488919763948
2024-12-11 19:00:00+09:00,0.0,0.0,0.0,0.0,0.17817816,0.03011758487239838,0.03011758487239838
2024-12-11 20:00:00+09:00,0.0,0.0,0.0013909664703533053,0.0013909664703533053,0.0452873,0.0,0.0
2024-12-11 21:00:00+09:00,0.0,0.0,0.0009681966039352119,0.0009681966039352119,0.0,0.0,0.0
2024-12-11 22:00:00+09:00,0.0,0.0,0.0013473264407366514,0.0013473264407366514,0.0,0.0016633563209325075,0.0016633563209325075
2024-12-11 23:00:00+09:00,0.0,0.0,0.0013473264407366514,0.0013473264407366514,0.0,0.002151440130546689,0.002151440130546689
2024-12-12 00:00:00+09:00,0.0,0.0,0.0,0.0,0.0,0.0,0.0
2024-12-12 01:00:00+09:00,0.0,0.0,0.0,0.0,0.0,0.0,0.0
2024-12-12 02:00:00+09:00,0.0,0.0,0.0,0.0,0.0,0.0,0.0
2024-12-12 03:00:00+09:00,0.0,0.0,0.0,0.0,0.0,0.0,0.0
2024-12-12 04:00:00+09:00,0.0,0.0,0.0,0.0,0.0,0.0,0.0
2024-12-12 05:00:00+09:00,0.0,0.0,0.0,0.0,0.0,0.0,0.0
2024-12-12 06:00:00+09:00,0.0,0.0,0.0,0.0,0.0,0.0,0.0
2024-12-12 07:00:00+09:00,0.0,0.0,0.00041908465209417045,0.00041908465209417045,0.0,0.00026213546516373754,0.00026213546516373754
2024-12-12 08:00:00+09:00,0.007424518,0.0,0.0006749553722329438,0.0006749553722329438,0.0,0.0,0.0
2024-12-12 09:00:00+09:00,0.087604587,0.007424518,0.05262713087689209,0.05262713087689209,0.0,0.07102559506893158,0.07102559506893158
2024-12-12 10:00:00+09:00,0.223465459,0.087604587,0.1997003080659981,0.1997003080659981,0.0,0.187978133559227,0.187978133559227
2024-12-12 11:00:00+09:00,0.360810825,0.223465459,0.37050925339353946,0.37050925339353946,0.007424518,0.36621327651631164,0.36621327651631164
2024-12-12 12:00:00+09:00,0.432081883,0.360810825,0.42131151757616997,0.42131151757616997,0.087604587,0.3786301659756775,0.3786301659756775
2024-12-12 13:00:00+09:00,0.44395988,0.432081883,0.46949074526296425,0.46949074526296425,0.223465459,0.4442897006381836,0.4442897006381836
2024-12-12 14:00:00+09:00,0.385310091,0.44395988,0.39731114668214795,0.39731114668214795,0.360810825,0.38561398662109375,0.38561398662109375
2024-12-12 15:00:00+09:00,0.293994271,0.385310091,0.24675033233682253,0.24675033233682253,0.432081883,0.3633587110506134,0.3633587110506134
2024-12-12 16:00:00+09:00,0.149966635,0.293994271,0.19339624120769117,0.19339624120769117,0.44395988,0.2205643386896896,0.2205643386896896
2024-12-12 17:00:00+09:00,0.043059534,0.149966635,0.04761527497697829,0.04761527497697829,0.385310091,0.12342310689012148,0.12342310689012148
2024-12-12 18:00:00+09:00,0.0,0.043059534,0.0,0.0,0.293994271,0.1335485361414871,0.1335485361414871
2024-12-12 19:00:00+09:00,0.0,0.0,0.0,0.0,0.149966635,0.0038551764600372185,0.0038551764600372185
2024-12-12 20:00:00+09:00,0.0,0.0,0.0008441990939900279,0.0008441990939900279,0.043059534,0.0,0.0
2024-12-12 21:00:00+09:00,0.0,0.0,0.0,0.0,0.0,0.0,0.0
2024-12-12 22:00:00+09:00,0.0,0.0,0.00028456177096813917,0.00028456177096813917,0.0,0.003236623713746667,0.003236623713746667
2024-12-12 23:00:00+09:00,0.0,0.0,0.00028456177096813917,0.00028456177096813917,0.0,0.0029678361024707556,0.0029678361024707556
2024-12-13 00:00:00+09:00,0.0,0.0,0.00012573107960633934,0.00012573107960633934,0.0,0.00037134127342142165,0.00037134127342142165
2024-12-13 01:00:00+09:00,0.0,0.0,0.00012573107960633934,0.00012573107960633934,0.0,0.00037134127342142165,0.00037134127342142165
2024-12-13 02:00:00+09:00,0.0,0.0,0.00012573107960633934,0.00012573107960633934,0.0,0.00037134127342142165,0.00037134127342142165
2024-12-13 03:00:00+09:00,0.0,0.0,0.00012573107960633934,0.00012573107960633934,0.0,0.00037134127342142165,0.00037134127342142165
2024-12-13 04:00:00+09:00,0.0,0.0,0.00012573107960633934,0.00012573107960633934,0.0,0.00037134127342142165,0.00037134127342142165
2024-12-13 05:00:00+09:00,0.0,0.0,0.00012573107960633934,0.00012573107960633934,0.0,0.00037134127342142165,0.00037134127342142165
2024-12-13 06:00:00+09:00,0.0,0.0,0.0001268548658117652,0.0001268548658117652,0.0,0.0004362765175756067,0.0004362765175756067
2024-12-13 07:00:00+09:00,0.0,0.0,0.0005239560850895941,0.0005239560850895941,0.0,0.0008420887752436101,0.0008420887752436101
2024-12-13 08:00:00+09:00,0.005938998,0.0,0.01119759026914835,0.01119759026914835,0.0,0.018018821254372597,0.018018821254372597
2024-12-13 09:00:00+09:00,0.05642305,0.005938998,0.06486401198921013,0.06486401198921013,0.0,0.05315805599093437,0.05315805599093437
2024-12-13 10:00:00+09:00,0.15664788,0.05642305,0.17779469920568466,0.17779469920568466,0.0,0.16964633762836456,0.16964633762836456
2024-12-13 11:00:00+09:00,0.225692199,0.15664788,0.23753576390159606,0.23753576390159606,0.005938998,0.2660647244614105,0.2660647244614105
2024-12-13 12:00:00+09:00,0.221237693,0.225692199,0.2721618687890759,0.2721618687890759,0.05642305,0.30984876735382083,0.30984876735382083
2024-12-13 13:00:00+09:00,0.281373002,0.221237693,0.31029200928227235,0.31029200928227235,0.15664788,0.41581426970375057,0.41581426970375057
2024-12-13 14:00:00+09:00,0.31997803,0.281373002,0.2704664956702251,0.2704664956702251,0.225692199,0.2890409542404404,0.2890409542404404
2024-12-13 15:00:00+09:00,0.253161477,0.31997803,0.21733493504312518,0.21733493504312518,0.221237693,0.13544841485039522,0.13544841485039522
2024-12-13 16:00:00+09:00,0.163330151,0.253161477,0.17203630700755312,0.17203630700755312,0.281373002,0.11945404893889616,0.11945404893889616
2024-12-13 17:00:00+09:00,0.043059534,0.163330151,0.0719353614830742,0.0719353614830742,0.31997803,0.027817817006378198,0.027817817006378198
2024-12-13 18:00:00+09:00,0.0,0.043059534,0.0,0.0,0.253161477,0.08064247861552432,0.08064247861552432
2024-12-13 19:00:00+09:00,0.0,0.0,0.0,0.0,0.163330151,0.0,0.0
2024-12-13 20:00:00+09:00,0.0,0.0,0.00041872693691402674,0.00041872693691402674,0.043059534,0.0,0.0
2024-12-13 21:00:00+09:00,0.0,0.0,0.0,0.0,0.0,0.0,0.0
2024-12-13 22:00:00+09:00,0.0,0.0,0.0,0.0,0.0,0.0,0.0
2024-12-13 23:00:00+09:00,0.0,0.0,0.0,0.0,0.0,0.0002558200212661177,0.0002558200212661177
2024-12-14 00:00:00+09:00,0.0,0.0,0.0,0.0,0.0,0.0,0.0
2024-12-14 01:00:00+09:00,0.0,0.0,0.0,0.0,0.0,0.0,0.0
2024-12-14 02:00:00+09:00,0.0,0.0,0.0,0.0,0.0,0.0,0.0
2024-12-14 03:00:00+09:00,0.0,0.0,0.0,0.0,0.0,0.0,0.0
2024-12-14 04:00:00+09:00,0.0,0.0,0.0,0.0,0.0,0.0,0.0
2024-12-14 05:00:00+09:00,0.0,0.0,0.0,0.0,0.0,0.0,0.0
2024-12-14 06:00:00+09:00,0.0,0.0,0.0,0.0,0.0,0.0,0.0
2024-12-14 07:00:00+09:00,0.0,0.0,0.0,0.0,0.0,0.0,0.0
2024-12-14 08:00:00+09:00,0.005938998,0.0,0.008279891684651375,0.008279891684651375,0.0,0.012704598717391491,0.012704598717391491
2024-12-14 09:00:00+09:00,0.08908908,0.005938998,0.04094675047812271,0.04094675047812271,0.0,0.01925051398575306,0.01925051398575306
2024-12-14 10:00:00+09:00,0.236827949,0.08908908,0.1583200909734535,0.1583200909734535,0.0,0.11844827234745026,0.11844827234745026
2024-12-14 11:00:00+09:00,0.360810825,0.236827949,0.37347226769983677,0.37347226769983677,0.005938998,0.3419033200901489,0.3419033200901489
2024-12-14 12:00:00+09:00,0.444703153,0.360810825,0.45312036700029373,0.45312036700029373,0.08908908,0.37226228346832274,0.37226228346832274
2024-12-14 13:00:00+09:00,0.456581149,0.444703153,0.4110146636523037,0.4110146636523037,0.236827949,0.432416716528534,0.432416716528534
2024-12-14 14:00:00+09:00,0.40906711,0.456581149,0.4375218206376543,0.4375218206376543,0.360810825,0.4141255443491459,0.4141255443491459
2024-12-14 15:00:00+09:00,0.302902255,0.40906711,0.31447585004364015,0.31447585004364015,0.444703153,0.3721912192560463,0.3721912192560463
2024-12-14 16:00:00+09:00,0.172981408,0.302902255,0.17380553835762025,0.17380553835762025,0.456581149,0.21094194402105715,0.21094194402105715
2024-12-14 17:00:00+09:00,0.053453037,0.172981408,0.07965465313196946,0.07965465313196946,0.40906711,0.11895497220550538,0.11895497220550538
2024-12-14 18:00:00+09:00,0.000742246,0.053453037,0.0,0.0,0.302902255,0.12569669240844727,0.12569669240844727
2024-12-14 19:00:00+09:00,0.0,0.000742246,0.0,0.0,0.172981408,0.0,0.0
2024-12-14 20:00:00+09:00,0.0,0.0,0.0003119457105640322,0.0003119457105640322,0.053453037,0.0,0.0
2024-12-14 21:00:00+09:00,0.0,0.0,0.00016050931299105287,0.00016050931299105287,0.000742246,0.001470466446035266,0.001470466446035266
2024-12-14 22:00:00+09:00,0.0,0.0,0.00036933718365617096,0.00036933718365617096,0.0,0.0,0.0
2024-12-14 23:00:00+09:00,0.0,0.0,0.00036933718365617096,0.00036933718365617096,0.0,0.0004843920178245753,0.0004843920178245753
2024-12-15 00:00:00+09:00,0.0,0.0,0.00010172653128392994,0.00010172653128392994,0.0,0.0,0.0
2024-12-15 01:00:00+09:00,0.0,0.0,0.00010172653128392994,0.00010172653128392994,0.0,0.0,0.0
2024-12-15 02:00:00+09:00,0.0,0.0,0.00010172653128392994,0.00010172653128392994,0.0,0.0,0.0
2024-12-15 03:00:00+09:00,0.0,0.0,0.00010172653128392994,0.00010172653128392994,0.0,0.0,0.0
2024-12-15 04:00:00+09:00,0.0,0.0,0.00010172653128392994,0.00010172653128392994,0.0,0.0,0.0
2024-12-15 05:00:00+09:00,0.0,0.0,0.00010172653128392994,0.00010172653128392994,0.0,0.0,0.0
2024-12-15 06:00:00+09:00,0.0,0.0,4.636712037608959e-05,4.636712037608959e-05,0.0,0.0,0.0
2024-12-15 07:00:00+09:00,0.0,0.0,0.0,0.0,0.0,0.0,0.0
2024-12-15 08:00:00+09:00,0.006681245,0.0,0.008512442000210285,0.008512442000210285,0.0,0.012636777944862843,0.012636777944862843
2024-12-15 09:00:00+09:00,0.092059092,0.006681245,0.06479837390863419,0.06479837390863419,0.0,0.04617208614945412,0.04617208614945412
2024-12-15 10:00:00+09:00,0.225692199,0.092059092,0.2263250661640091,0.2263250661640091,0.0,0.18580244481563568,0.18580244481563568
2024-12-15 11:00:00+09:00,0.317751291,0.225692199,0.31365501267540363,0.31365501267540363,0.006681245,0.28511915746414185,0.28511915746414185
2024-12-15 12:00:00+09:00,0.295478764,0.317751291,0.4033557276955757,0.4033557276955757,0.092059092,0.4366936547307892,0.4366936547307892
2024-12-15 13:00:00+09:00,0.296963257,0.295478764,0.35366406199580575,0.35366406199580575,0.225692199,0.5073619647108307,0.5073619647108307
2024-12-15 14:00:00+09:00,0.364523084,0.296963257,0.2638572167904682,0.2638572167904682,0.317751291,0.38289891441976165,0.38289891441976165
2024-12-15 15:00:00+09:00,0.202677426,0.364523084,0.29533935441101455,0.29533935441101455,0.295478764,0.26696072799211884,0.26696072799211884
2024-12-15 16:00:00+09:00,0.121012864,0.202677426,0.10187981750524139,0.10187981750524139,0.296963257,0.06251400451377104,0.06251400451377104
2024-12-15 17:00:00+09:00,0.042317287,0.121012864,0.0,0.0,0.364523084,0.08901855452383423,0.08901855452383423
2024-12-15 18:00:00+09:00,0.0,0.042317287,0.01014621642428589,0.01014621642428589,0.202677426,0.03534163262403106,0.03534163262403106
2024-12-15 19:00:00+09:00,0.0,0.0,0.0,0.0,0.121012864,0.0,0.0
2024-12-15 20:00:00+09:00,0.0,0.0,0.0,0.0,0.042317287,0.0,0.0
2024-12-15 21:00:00+09:00,0.0,0.0,0.0,0.0,0.0,0.0,0.0
2024-12-15 22:00:00+09:00,0.0,0.0,0.0,0.0,0.0,0.0,0.0
2024-12-15 23:00:00+09:00,0.0,0.0,0.0,0.0,0.0,0.0,0.0
2024-12-16 00:00:00+09:00,0.0,0.0,0.0,0.0,0.0,0.0,0.0
2024-12-16 01:00:00+09:00,0.0,0.0,0.0,0.0,0.0,0.0,0.0
2024-12-16 02:00:00+09:00,0.0,0.0,0.0,0.0,0.0,0.0,0.0
2024-12-16 03:00:00+09:00,0.0,0.0,0.0,0.0,0.0,0.0,0.0
2024-12-16 04:00:00+09:00,0.0,0.0,0.0,0.0,0.0,0.0,0.0
2024-12-16 05:00:00+09:00,0.0,0.0,0.0,0.0,0.0,0.0,0.0
2024-12-16 06:00:00+09:00,0.0,0.0,0.0,0.0,0.0,0.0,0.0
2024-12-16 07:00:00+09:00,0.0,0.0,0.000304503773804754,0.000304503773804754,0.0,0.0,0.0
2024-12-16 08:00:00+09:00,0.005938998,0.0,0.012402051128447056,0.012402051128447056,0.0,0.005069599952548742,0.005069599952548742
2024-12-16 09:00:00+09:00,0.08908908,0.005938998,0.046528434888694764,0.046528434888694764,0.0,0.04064095765352249,0.04064095765352249
2024-12-16 10:00:00+09:00,0.229404458,0.08908908,0.23244516482360839,0.23244516482360839,0.0,0.2027166485786438,0.2027166485786438
2024-12-16 11:00:00+09:00,0.357840812,0.229404458,0.35936532278233335,0.35936532278233335,0.005938998,0.24917269362625885,0.24917269362625885
2024-12-16 12:00:00+09:00,0.432081883,0.357840812,0.4405170587622757,0.4405170587622757,0.08908908,0.342095717096405,0.342095717096405
2024-12-16 13:00:00+09:00,0.449899905,0.432081883,0.44825767648385334,0.44825767648385334,0.229404458,0.38815047700577543,0.38815047700577543
2024-12-16 14:00:00+09:00,0.406840371,0.449899905,0.4037038093545723,0.4037038093545723,0.357840812,0.29484010318156434,0.29484010318156434
2024-12-16 15:00:00+09:00,0.29844775,0.406840371,0.3425770569912872,0.3425770569912872,0.432081883,0.32707128410206604,0.32707128410206604
2024-12-16 16:00:00+09:00,0.170011395,0.29844775,0.1810958007850647,0.1810958007850647,0.449899905,0.3116785368063736,0.3116785368063736
2024-12-16 17:00:00+09:00,0.05419631,0.170011395,0.08980070181943894,0.08980070181943894,0.406840371,0.22165495346707914,0.22165495346707914
2024-12-16 18:00:00+09:00,0.000742246,0.05419631,0.014527809576568601,0.014527809576568601,0.29844775,0.14889306524181367,0.14889306524181367
2024-12-16 19:00:00+09:00,0.0,0.000742246,0.0,0.0,0.170011395,0.024534085176963816,0.024534085176963816
2024-12-16 20:00:00+09:00,0.0,0.0,0.0005437747458927333,0.0005437747458927333,0.05419631,0.0019090592427825903,0.0019090592427825903
2024-12-16 21:00:00+09:00,0.0,0.0,0.00040610553696751595,0.00040610553696751595,0.000742246,0.0,0.0
2024-12-16 22:00:00+09:00,0.0,0.0,0.0007218220853246748,0.0007218220853246748,0.0,0.0023080422542989254,0.0023080422542989254
2024-12-16 23:00:00+09:00,0.0,0.0,0.0007218220853246748,0.0007218220853246748,0.0,0.004133777227252722,0.004133777227252722
2024-12-17 00:00:00+09:00,0.0,0.0,0.0,0.0,0.0,0.0002534926461521536,0.0002534926461521536
2024-12-17 01:00:00+09:00,0.0,0.0,0.0,0.0,0.0,0.0002534926461521536,0.0002534926461521536
2024-12-17 02:00:00+09:00,0.0,0.0,0.0,0.0,0.0,0.0002534926461521536,0.0002534926461521536
2024-12-17 03:00:00+09:00,0.0,0.0,0.0,0.0,0.0,0.0002534926461521536,0.0002534926461521536
2024-12-17 04:00:00+09:00,0.0,0.0,0.0,0.0,0.0,0.0002534926461521536,0.0002534926461521536
2024-12-17 05:00:00+09:00,0.0,0.0,0.0,0.0,0.0,0.0002534926461521536,0.0002534926461521536
2024-12-17 06:00:00+09:00,0.0,0.0,5.130182398715988e-05,5.130182398715988e-05,0.0,0.0,0.0
2024-12-17 07:00:00+09:00,0.0,0.0,0.0002632868418004364,0.0002632868418004364,0.0,0.0,0.0
2024-12-17 08:00:00+09:00,0.004454505,0.0,0.010830488987267017,0.010830488987267017,0.0,0.014066915027797222,0.014066915027797222
2024-12-17 09:00:00+09:00,0.082407835,0.004454505,0.05694030255425453,0.05694030255425453,0.0,0.048642124980688095,0.048642124980688095
2024-12-17 10:00:00+09:00,0.224949952,0.082407835,0.231766167157135,0.231766167157135,0.0,0.22288519144058228,0.22288519144058228
2024-12-17 11:00:00+09:00,0.356356319,0.224949952,0.32937373571953965,0.32937373571953965,0.004454505,0.2851440127228546,0.2851440127228546
2024-12-17 12:00:00+09:00,0.423915119,0.356356319,0.36101829955073617,0.36101829955073617,0.082407835,0.31979686307235716,0.31979686307235716
2024-12-17 13:00:00+09:00,0.448414385,0.423915119,0.41223535230032826,0.41223535230032826,0.224949952,0.36746601366362763,0.36746601366362763
2024-12-17 14:00:00+09:00,0.398673607,0.448414385,0.40603949842763903,0.40603949842763903,0.356356319,0.3645849404455962,0.3645849404455962
2024-12-17 15:00:00+09:00,0.300675516,0.398673607,0.35922048050988387,0.35922048050988387,0.423915119,0.35665521127752686,0.35665521127752686
2024-12-17 16:00:00+09:00,0.158875645,0.300675516,0.24691404866239164,0.24691404866239164,0.448414385,0.32411382315469744,0.32411382315469744
2024-12-17 17:00:00+09:00,0.05419631,0.158875645,0.08257102300550462,0.08257102300550462,0.398673607,0.2178723942123718,0.2178723942123718
2024-12-17 18:00:00+09:00,0.000742246,0.05419631,0.027231790827093122,0.027231790827093122,0.300675516,0.16120906638166044,0.16120906638166044
2024-12-17 19:00:00+09:00,0.0,0.000742246,0.0,0.0,0.158875645,0.009635106522102366,0.009635106522102366
2024-12-17 20:00:00+09:00,0.0,0.0,0.0005632131942547858,0.0005632131942547858,0.05419631,0.0060385956926918005,0.0060385956926918005
2024-12-17 21:00:00+09:00,0.0,0.0,0.0,0.0,0.000742246,7.604201228082188e-06,7.604201228082188e-06
2024-12-17 22:00:00+09:00,0.0,0.0,0.0002466516161803156,0.0002466516161803156,0.0,0.0005387748242355883,0.0005387748242355883
2024-12-17 23:00:00+09:00,0.0,0.0,0.0002466516161803156,0.0002466516161803156,0.0,0.0011645675403997302,0.0011645675403997302
2024-12-18 00:00:00+09:00,0.0,0.0,3.4130785934394225e-05,3.4130785934394225e-05,0.0,0.0006294932099990547,0.0006294932099990547
2024-12-18 01:00:00+09:00,0.0,0.0,3.4130785934394225e-05,3.4130785934394225e-05,0.0,0.0006294932099990547,0.0006294932099990547
2024-12-18 02:00:00+09:00,0.0,0.0,3.4130785934394225e-05,3.4130785934394225e-05,0.0,0.0006294932099990547,0.0006294932099990547
2024-12-18 03:00:00+09:00,0.0,0.0,3.4130785934394225e-05,3.4130785934394225e-05,0.0,0.0006294932099990547,0.0006294932099990547
2024-12-18 04:00:00+09:00,0.0,0.0,3.4130785934394225e-05,3.4130785934394225e-05,0.0,0.0006294932099990547,0.0006294932099990547
2024-12-18 05:00:00+09:00,0.0,0.0,3.4130785934394225e-05,3.4130785934394225e-05,0.0,0.0006294932099990547,0.0006294932099990547
2024-12-18 06:00:00+09:00,0.0,0.0,0.0001224128354806453,0.0001224128354806453,0.0,0.0004035399470012635,0.0004035399470012635
2024-12-18 07:00:00+09:00,0.0,0.0,0.0,0.0,0.0,0.0005813532043248415,0.0005813532043248415
2024-12-18 08:00:00+09:00,0.005196752,0.0,0.0,0.0,0.0,0.0006995550356805325,0.0006995550356805325
2024-12-18 09:00:00+09:00,0.082407835,0.005196752,0.10431184058203888,0.10431184058203888,0.0,0.10806100815534592,0.10806100815534592
2024-12-18 10:00:00+09:00,0.223465459,0.082407835,0.21279569255634306,0.21279569255634306,0.0,0.19418524205684662,0.19418524205684662
2024-12-18 11:00:00+09:00,0.360068578,0.223465459,0.2962952196110573,0.2962952196110573,0.005196752,0.23516448025717926,0.23516448025717926
2024-12-18 12:00:00+09:00,0.435051896,0.360068578,0.4038110670697002,0.4038110670697002,0.082407835,0.31551619159503935,0.31551619159503935
2024-12-18 13:00:00+09:00,0.450642151,0.435051896,0.4356719507213666,0.4356719507213666,0.223465459,0.4184685065854874,0.4184685065854874
2024-12-18 14:00:00+09:00,0.407582617,0.450642151,0.4064561027903328,0.4064561027903328,0.360068578,0.4317162965487747,0.4317162965487747
2024-12-18 15:00:00+09:00,0.305130021,0.407582617,0.3740626821371479,0.3740626821371479,0.435051896,0.3690331655980072,0.3690331655980072
2024-12-18 16:00:00+09:00,0.17817816,0.305130021,0.20756098004588697,0.20756098004588697,0.450642151,0.2192956331987152,0.2192956331987152
2024-12-18 17:00:00+09:00,0.057165296,0.17817816,0.09880550812498093,0.09880550812498093,0.407582617,0.17765649278487394,0.17765649278487394
2024-12-18 18:00:00+09:00,0.000742246,0.057165296,0.03262097686206913,0.03262097686206913,0.305130021,0.18603523197183225,0.18603523197183225
2024-12-18 19:00:00+09:00,0.0,0.000742246,0.0,0.0,0.17817816,0.03011758487239838,0.03011758487239838
2024-12-18 20:00:00+09:00,0.0,0.0,0.0013909664703533053,0.0013909664703533053,0.057165296,0.007240393382068631,0.007240393382068631
2024-12-18 21:00:00+09:00,0.0,0.0,0.0009681966039352119,0.0009681966039352119,0.000742246,0.0005001455826188475,0.0005001455826188475
2024-12-18 22:00:00+09:00,0.0,0.0,0.0013473264407366514,0.0013473264407366514,0.0,0.0016633563209325075,0.0016633563209325075
2024-12-18 23:00:00+09:00,0.0,0.0,0.0013473264407366514,0.0013473264407366514,0.0,0.002151440130546689,0.002151440130546689
2024-12-19 00:00:00+09:00,0.0,0.0,0.0,0.0,0.0,0.0,0.0
2024-12-19 01:00:00+09:00,0.0,0.0,0.0,0.0,0.0,0.0,0.0
2024-12-19 02:00:00+09:00,0.0,0.0,0.0,0.0,0.0,0.0,0.0
2024-12-19 03:00:00+09:00,0.0,0.0,0.0,0.0,0.0,0.0,0.0
2024-12-19 04:00:00+09:00,0.0,0.0,0.0,0.0,0.0,0.0,0.0
2024-12-19 05:00:00+09:00,0.0,0.0,0.0,0.0,0.0,0.0,0.0
2024-12-19 06:00:00+09:00,0.0,0.0,0.0,0.0,0.0,0.0,0.0
2024-12-19 07:00:00+09:00,0.0,0.0,0.00041908465209417045,0.00041908465209417045,0.0,0.00026213546516373754,0.00026213546516373754
2024-12-19 08:00:00+09:00,0.004454505,0.0,0.0018003239529207349,0.0018003239529207349,0.0,0.0,0.0
2024-12-19 09:00:00+09:00,0.082407835,0.004454505,0.09770515218723297,0.09770515218723297,0.0,0.10787014663219452,0.10787014663219452
2024-12-19 10:00:00+09:00,0.229404458,0.082407835,0.18116684543415068,0.18116684543415068,0.0,0.15579555928707123,0.15579555928707123
2024-12-19 11:00:00+09:00,0.358583059,0.229404458,0.29124521572762296,0.29124521572762296,0.004454505,0.20746089175689697,0.20746089175689697
2024-12-19 12:00:00+09:00,0.434308623,0.358583059,0.3899235537519302,0.3899235537519302,0.082407835,0.28219895350261687,0.28219895350261687
2024-12-19 13:00:00+09:00,0.446929892,0.434308623,0.42680271299457956,0.42680271299457956,0.229404458,0.40489488203697965,0.40489488203697965
2024-12-19 14:00:00+09:00,0.399415853,0.446929892,0.4095143614674015,0.4095143614674015,0.358583059,0.4133842958381023,0.4133842958381023
2024-12-19 15:00:00+09:00,0.29844775,0.399415853,0.32590779898197936,0.32590779898197936,0.434308623,0.4211674752076607,0.4211674752076607
2024-12-19 16:00:00+09:00,0.176693667,0.29844775,0.1978497202076912,0.1978497202076912,0.446929892,0.22353435068968963,0.22353435068968963
2024-12-19 17:00:00+09:00,0.053453037,0.176693667,0.0857805873209877,0.0857805873209877,0.399415853,0.13074431059391783,0.13074431059391783
2024-12-19 18:00:00+09:00,0.0,0.053453037,0.030934102317988398,0.030934102317988398,0.29844775,0.18053526380443574,0.18053526380443574
2024-12-19 19:00:00+09:00,0.0,0.0,0.0,0.0,0.176693667,0.03058220846003723,0.03058220846003723
2024-12-19 20:00:00+09:00,0.0,0.0,0.0008441990939900279,0.0008441990939900279,0.053453037,0.004579102105199816,0.004579102105199816
2024-12-19 21:00:00+09:00,0.0,0.0,0.0,0.0,0.0,0.0,0.0
2024-12-19 22:00:00+09:00,0.0,0.0,0.00028456177096813917,0.00028456177096813917,0.0,0.003236623713746667,0.003236623713746667
2024-12-19 23:00:00+09:00,0.0,0.0,0.00028456177096813917,0.00028456177096813917,0.0,0.0029678361024707556,0.0029678361024707556
2024-12-20 00:00:00+09:00,0.0,0.0,0.00012573107960633934,0.00012573107960633934,0.0,0.00037134127342142165,0.00037134127342142165
2024-12-20 01:00:00+09:00,0.0,0.0,0.00012573107960633934,0.00012573107960633934,0.0,0.00037134127342142165,0.00037134127342142165
2024-12-20 02:00:00+09:00,0.0,0.0,0.00012573107960633934,0.00012573107960633934,0.0,0.00037134127342142165,0.00037134127342142165
2024-12-20 03:00:00+09:00,0.0,0.0,0.00012573107960633934,0.00012573107960633934,0.0,0.00037134127342142165,0.00037134127342142165
2024-12-20 04:00:00+09:00,0.0,0.0,0.00012573107960633934,0.00012573107960633934,0.0,0.00037134127342142165,0.00037134127342142165
2024-12-20 05:00:00+09:00,0.0,0.0,0.00012573107960633934,0.00012573107960633934,0.0,0.00037134127342142165,0.00037134127342142165
2024-12-20 06:00:00+09:00,0.0,0.0,0.0001268548658117652,0.0001268548658117652,0.0,0.0004362765175756067,0.0004362765175756067
2024-12-20 07:00:00+09:00,0.0,0.0,0.0005239560850895941,0.0005239560850895941,0.0,0.0008420887752436101,0.0008420887752436101
2024-12-20 08:00:00+09:00,0.003712259,0.0,0.0,0.0,0.0,0.0,0.0
2024-12-20 09:00:00+09:00,0.075725564,0.003712259,0.10173243260925674,0.10173243260925674,0.0,0.10992120951414108,0.10992120951414108
2024-12-20 10:00:00+09:00,0.15442114,0.075725564,0.21994692945181274,0.21994692945181274,0.0,0.2125951647758484,0.2125951647758484
2024-12-20 11:00:00+09:00,0.251676984,0.15442114,0.23530902390159608,0.23530902390159608,0.003712259,0.2638379854614105,0.2638379854614105
2024-12-20 12:00:00+09:00,0.357840812,0.251676984,0.29814665378907584,0.29814665378907584,0.075725564,0.32915128135382077,0.32915128135382077
2024-12-20 13:00:00+09:00,0.336311559,0.357840812,0.44689512828227235,0.44689512828227235,0.15442114,0.4135875297037506,0.4135875297037506
2024-12-20 14:00:00+09:00,0.149966635,0.336311559,0.31660567670403383,0.31660567670403383,0.251676984,0.3309918491719093,0.3309918491719093
2024-12-20 15:00:00+09:00,0.118785098,0.149966635,0.11021121237803458,0.11021121237803458,0.357840812,0.31690941953893853,0.31690941953893853
2024-12-20 16:00:00+09:00,0.10913384,0.118785098,0.004137575431297308,0.004137575431297308,0.336311559,0.07468513659475706,0.07468513659475706
2024-12-20 17:00:00+09:00,0.031923784,0.10913384,0.0,0.0,0.149966635,0.0,0.0
2024-12-20 18:00:00+09:00,0.000742246,0.031923784,0.0,0.0,0.118785098,0.0,0.0
2024-12-20 19:00:00+09:00,0.0,0.000742246,0.0,0.0,0.10913384,0.0,0.0
2024-12-20 20:00:00+09:00,0.0,0.0,0.00041872693691402674,0.00041872693691402674,0.031923784,0.0,0.0
2024-12-20 21:00:00+09:00,0.0,0.0,0.0,0.0,0.000742246,0.0,0.0
2024-12-20 22:00:00+09:00,0.0,0.0,0.0,0.0,0.0,0.0,0.0
2024-12-20 23:00:00+09:00,0.0,0.0,0.0,0.0,0.0,0.0002558200212661177,0.0002558200212661177
2024-12-21 00:00:00+09:00,0.0,0.0,0.0,0.0,0.0,0.0,0.0
2024-12-21 01:00:00+09:00,0.0,0.0,0.0,0.0,0.0,0.0,0.0
2024-12-21 02:00:00+09:00,0.0,0.0,0.0,0.0,0.0,0.0,0.0
2024-12-21 03:00:00+09:00,0.0,0.0,0.0,0.0,0.0,0.0,0.0
2024-12-21 04:00:00+09:00,0.0,0.0,0.0,0.0,0.0,0.0,0.0
2024-12-21 05:00:00+09:00,0.0,0.0,0.0,0.0,0.0,0.0,0.0
2024-12-21 06:00:00+09:00,0.0,0.0,0.0,0.0,0.0,0.0,0.0
2024-12-21 07:00:00+09:00,0.0,0.0,0.0,0.0,0.0,0.0,0.0
2024-12-21 08:00:00+09:00,0.0,0.0,0.0007838870515115559,0.0007838870515115559,0.0,0.0,0.0
2024-12-21 09:00:00+09:00,0.025984785,0.0,0.0668642520904541,0.0668642520904541,0.0,0.06427545100450516,0.06427545100450516
2024-12-21 10:00:00+09:00,0.124725122,0.025984785,0.09521579597345352,0.09521579597345352,0.0,0.11844827234745026,0.11844827234745026
2024-12-21 11:00:00+09:00,0.276918497,0.124725122,0.2505529560101242,0.2505529560101242,0.0,0.318935751914978,0.318935751914978
2024-12-21 12:00:00+09:00,0.329629287,0.276918497,0.31709307811047743,0.31709307811047743,0.025984785,0.3306943685208893,0.3306943685208893
2024-12-21 13:00:00+09:00,0.403870358,0.329629287,0.3556226546570654,0.3556226546570654,0.124725122,0.35299206152083584,0.35299206152083584
2024-12-21 14:00:00+09:00,0.381597832,0.403870358,0.33576558424015807,0.33576558424015807,0.276918497,0.30286986014630507,0.30286986014630507
2024-12-21 15:00:00+09:00,0.25464597,0.381597832,0.3271022850332089,0.3271022850332089,0.329629287,0.2302374093487854,0.2302374093487854
2024-12-21 16:00:00+09:00,0.125467369,0.25464597,0.18640009714481354,0.18640009714481354,0.403870358,0.19308099044342802,0.19308099044342802
2024-12-21 17:00:00+09:00,0.034150523,0.125467369,0.03252318654446029,0.03252318654446029,0.381597832,0.13361187294696047,0.13361187294696047
2024-12-21 18:00:00+09:00,0.000742246,0.034150523,0.0075949829598646185,0.0075949829598646185,0.25464597,0.12936944915172577,0.12936944915172577
2024-12-21 19:00:00+09:00,0.0,0.000742246,0.0,0.0,0.125467369,0.0,0.0
2024-12-21 20:00:00+09:00,0.0,0.0,0.0003119457105640322,0.0003119457105640322,0.034150523,0.0,0.0
2024-12-21 21:00:00+09:00,0.0,0.0,0.00016050931299105287,0.00016050931299105287,0.000742246,0.001470466446035266,0.001470466446035266
2024-12-21 22:00:00+09:00,0.0,0.0,0.00036933718365617096,0.00036933718365617096,0.0,0.0,0.0
2024-12-21 23:00:00+09:00,0.0,0.0,0.00036933718365617096,0.00036933718365617096,0.0,0.0004843920178245753,0.0004843920178245753
2024-12-22 00:00:00+09:00,0.0,0.0,0.00010172653128392994,0.00010172653128392994,0.0,0.0,0.0
2024-12-22 01:00:00+09:00,0.0,0.0,0.00010172653128392994,0.00010172653128392994,0.0,0.0,0.0
2024-12-22 02:00:00+09:00,0.0,0.0,0.00010172653128392994,0.00010172653128392994,0.0,0.0,0.0
2024-12-22 03:00:00+09:00,0.0,0.0,0.00010172653128392994,0.00010172653128392994,0.0,0.0,0.0
2024-12-22 04:00:00+09:00,0.0,0.0,0.00010172653128392994,0.00010172653128392994,0.0,0.0,0.0
2024-12-22 05:00:00+09:00,0.0,0.0,0.00010172653128392994,0.00010172653128392994,0.0,0.0,0.0
2024-12-22 06:00:00+09:00,0.0,0.0,4.636712037608959e-05,4.636712037608959e-05,0.0,0.0,0.0
2024-12-22 07:00:00+09:00,0.0,0.0,0.0,0.0,0.0,0.0,0.0
2024-12-22 08:00:00+09:00,0.003712259,0.0,0.0,0.0,0.0,0.004539091140031815,0.004539091140031815
2024-12-22 09:00:00+09:00,0.081664562,0.003712259,0.07123950845545196,0.07123950845545196,0.0,0.06175383925437927,0.06175383925437927
2024-12-22 10:00:00+09:00,0.23088895,0.081664562,0.1973678392898674,0.1973678392898674,0.0,0.1874772310256958,0.1874772310256958
2024-12-22 11:00:00+09:00,0.369719835,0.23088895,0.3033517322637558,0.3033517322637558,0.003712259,0.24885272211378479,0.24885272211378479
2024-12-22 12:00:00+09:00,0.445445399,0.369719835,0.44698295183654785,0.44698295183654785,0.081664562,0.39620083547946167,0.39620083547946167
2024-12-22 13:00:00+09:00,0.462520147,0.445445399,0.4842775941031685,0.4842775941031685,0.23088895,0.4720167539216995,0.4720167539216995
2024-12-22 14:00:00+09:00,0.42168838,0.462520147,0.4448013941538782,0.4448013941538782,0.369719835,0.4579192865657425,0.4579192865657425
2024-12-22 15:00:00+09:00,0.317751291,0.42168838,0.31932136630714414,0.31932136630714414,0.445445399,0.39344068916017916,0.39344068916017916
2024-12-22 16:00:00+09:00,0.188571663,0.317751291,0.20801133921062087,0.20801133921062087,0.462520147,0.27572261754100036,0.27572261754100036
2024-12-22 17:00:00+09:00,0.064589814,0.188571663,0.07721691707552719,0.07721691707552719,0.42168838,0.06281763529479978,0.06281763529479978
2024-12-22 18:00:00+09:00,0.001484493,0.064589814,0.032418743424285884,0.032418743424285884,0.317751291,0.15041549762403106,0.15041549762403106
2024-12-22 19:00:00+09:00,0.0,0.001484493,0.0,0.0,0.188571663,0.0,0.0
2024-12-22 20:00:00+09:00,0.0,0.0,0.0,0.0,0.064589814,0.0,0.0
2024-12-22 21:00:00+09:00,0.0,0.0,0.0,0.0,0.001484493,0.0,0.0
2024-12-22 22:00:00+09:00,0.0,0.0,0.0,0.0,0.0,0.0,0.0
2024-12-22 23:00:00+09:00,0.0,0.0,0.0,0.0,0.0,0.0,0.0
2024-12-23 00:00:00+09:00,0.0,0.0,0.0,0.0,0.0,0.0,0.0
2024-12-23 01:00:00+09:00,0.0,0.0,0.0,0.0,0.0,0.0,0.0
2024-12-23 02:00:00+09:00,0.0,0.0,0.0,0.0,0.0,0.0,0.0
2024-12-23 03:00:00+09:00,0.0,0.0,0.0,0.0,0.0,0.0,0.0
2024-12-23 04:00:00+09:00,0.0,0.0,0.0,0.0,0.0,0.0,0.0
2024-12-23 05:00:00+09:00,0.0,0.0,0.0,0.0,0.0,0.0,0.0
2024-12-23 06:00:00+09:00,0.0,0.0,0.0,0.0,0.0,0.0,0.0
2024-12-23 07:00:00+09:00,0.0,0.0,0.000304503773804754,0.000304503773804754,0.0,0.0,0.0
2024-12-23 08:00:00+09:00,0.007424518,0.0,0.0,0.0,0.0,0.0,0.0
2024-12-23 09:00:00+09:00,0.091315819,0.007424518,0.0776193062771492,0.0776193062771492,0.0,0.0676536113023758,0.0676536113023758
2024-12-23 10:00:00+09:00,0.229404458,0.091315819,0.23148567793249514,0.23148567793249514,0.0,0.21108050644397736,0.21108050644397736
2024-12-23 11:00:00+09:00,0.360810825,0.229404458,0.35104978193217085,0.35104978193217085,0.007424518,0.24449263466488647,0.24449263466488647
2024-12-23 12:00:00+09:00,0.438020881,0.360810825,0.4165742000140667,0.4165742000140667,0.091315819,0.3980441224324646,0.3980441224324646
2024-12-23 13:00:00+09:00,0.447672139,0.438020881,0.4711208154587326,0.4711208154587326,0.229404458,0.4268708612459259,0.4268708612459259
2024-12-23 14:00:00+09:00,0.43059739,0.447672139,0.40076028097778704,0.40076028097778704,0.360810825,0.35905476354942173,0.35905476354942173
2024-12-23 15:00:00+09:00,0.340765037,0.43059739,0.38578275493182185,0.38578275493182185,0.438020881,0.32534881282134626,0.32534881282134626
2024-12-23 16:00:00+09:00,0.230146704,0.340765037,0.2217353213427658,0.2217353213427658,0.447672139,0.21271579999834445,0.21271579999834445
2024-12-23 17:00:00+09:00,0.080922316,0.230146704,0.10322183160162354,0.10322183160162354,0.43059739,0.13380905515350344,0.13380905515350344
2024-12-23 18:00:00+09:00,0.002226739,0.080922316,0.03015248028947448,0.03015248028947448,0.340765037,0.11868604308348846,0.11868604308348846
2024-12-23 19:00:00+09:00,0.0,0.002226739,1.695407129073158e-05,1.695407129073158e-05,0.230146704,0.08466939417696381,0.08466939417696381
2024-12-23 20:00:00+09:00,0.0,0.0,0.0005437747458927333,0.0005437747458927333,0.080922316,0.028635065242782587,0.028635065242782587
2024-12-23 21:00:00+09:00,0.0,0.0,0.00040610553696751595,0.00040610553696751595,0.002226739,0.0013438298906497063,0.0013438298906497063
2024-12-23 22:00:00+09:00,0.0,0.0,0.0007218220853246748,0.0007218220853246748,0.0,0.0023080422542989254,0.0023080422542989254
2024-12-23 23:00:00+09:00,0.0,0.0,0.0007218220853246748,0.0007218220853246748,0.0,0.004133777227252722,0.004133777227252722
2024-12-24 00:00:00+09:00,0.0,0.0,0.0,0.0,0.0,0.0002534926461521536,0.0002534926461521536
2024-12-24 01:00:00+09:00,0.0,0.0,0.0,0.0,0.0,0.0002534926461521536,0.0002534926461521536
2024-12-24 02:00:00+09:00,0.0,0.0,0.0,0.0,0.0,0.0002534926461521536,0.0002534926461521536
2024-12-24 03:00:00+09:00,0.0,0.0,0.0,0.0,0.0,0.0002534926461521536,0.0002534926461521536
2024-12-24 04:00:00+09:00,0.0,0.0,0.0,0.0,0.0,0.0002534926461521536,0.0002534926461521536
2024-12-24 05:00:00+09:00,0.0,0.0,0.0,0.0,0.0,0.0002534926461521536,0.0002534926461521536
2024-12-24 06:00:00+09:00,0.0,0.0,5.130182398715988e-05,5.130182398715988e-05,0.0,0.0,0.0
2024-12-24 07:00:00+09:00,0.0,0.0,0.0002632868418004364,0.0002632868418004364,0.0,0.0,0.0
2024-12-24 08:00:00+09:00,0.003712259,0.0,0.012345980852842331,0.012345980852842331,0.0,0.01447436586022377,0.01447436586022377
2024-12-24 09:00:00+09:00,0.080922316,0.003712259,0.05937742418592835,0.05937742418592835,0.0,0.04615805670619011,0.04615805670619011
2024-12-24 10:00:00+09:00,0.22197994,0.080922316,0.230280648157135,0.230280648157135,0.0,0.22288519144058228,0.22288519144058228
2024-12-24 11:00:00+09:00,0.356356319,0.22197994,0.32640372371953963,0.32640372371953963,0.003712259,0.2844017667228546,0.2844017667228546
2024-12-24 12:00:00+09:00,0.435794142,0.356356319,0.3316839132057371,0.3316839132057371,0.080922316,0.3133228078336868,0.3133228078336868
2024-12-24 13:00:00+09:00,0.453611137,0.435794142,0.42411437530032825,0.42411437530032825,0.22197994,0.3644960016636276,0.3644960016636276
2024-12-24 14:00:00+09:00,0.410551603,0.453611137,0.38474033179608536,0.38474033179608536,0.356356319,0.28259513150619886,0.28259513150619886
2024-12-24 15:00:00+09:00,0.307356761,0.410551603,0.3450891850994377,0.3450891850994377,0.435794142,0.3270160974185867,0.3270160974185867
2024-12-24 16:00:00+09:00,0.183374911,0.307356761,0.1941641207550392,0.1941641207550392,0.453611137,0.21359622630206299,0.21359622630206299
2024-12-24 17:00:00+09:00,0.063847567,0.183374911,0.07245358770059204,0.07245358770059204,0.410551603,0.10583847300274657,0.10583847300274657
2024-12-24 18:00:00+09:00,0.002226739,0.063847567,0.008268355437128061,0.008268355437128061,0.307356761,0.04663740207894895,0.04663740207894895
2024-12-24 19:00:00+09:00,0.0,0.002226739,0.0,0.0,0.183374911,0.03413437252210236,0.03413437252210236
2024-12-24 20:00:00+09:00,0.0,0.0,0.0005632131942547858,0.0005632131942547858,0.063847567,0.015689852692691797,0.015689852692691797
2024-12-24 21:00:00+09:00,0.0,0.0,0.0,0.0,0.002226739,0.0014920972012280823,0.0014920972012280823
2024-12-24 22:00:00+09:00,0.0,0.0,0.0002466516161803156,0.0002466516161803156,0.0,0.0005387748242355883,0.0005387748242355883
2024-12-24 23:00:00+09:00,0.0,0.0,0.0002466516161803156,0.0002466516161803156,0.0,0.0011645675403997302,0.0011645675403997302
2024-12-25 00:00:00+09:00,0.0,0.0,3.4130785934394225e-05,3.4130785934394225e-05,0.0,0.0006294932099990547,0.0006294932099990547
2024-12-25 01:00:00+09:00,0.0,0.0,3.4130785934394225e-05,3.4130785934394225e-05,0.0,0.0006294932099990547,0.0006294932099990547
2024-12-25 02:00:00+09:00,0.0,0.0,3.4130785934394225e-05,3.4130785934394225e-05,0.0,0.0006294932099990547,0.0006294932099990547
2024-12-25 03:00:00+09:00,0.0,0.0,3.4130785934394225e-05,3.4130785934394225e-05,0.0,0.0006294932099990547,0.0006294932099990547
2024-12-25 04:00:00+09:00,0.0,0.0,3.4130785934394225e-05,3.4130785934394225e-05,0.0,0.0006294932099990547,0.0006294932099990547
2024-12-25 05:00:00+09:00,0.0,0.0,3.4130785934394225e-05,3.4130785934394225e-05,0.0,0.0006294932099990547,0.0006294932099990547
2024-12-25 06:00:00+09:00,0.0,0.0,0.0001224128354806453,0.0001224128354806453,0.0,0.0004035399470012635,0.0004035399470012635
2024-12-25 07:00:00+09:00,0.0,0.0,0.0,0.0,0.0,0.0005813532043248415,0.0005813532043248415
2024-12-25 08:00:00+09:00,0.005196752,0.0,0.0005384181276895106,0.0005384181276895106,0.0,0.006414438597857952,0.006414438597857952
2024-12-25 09:00:00+09:00,0.085376821,0.005196752,0.07058856074824524,0.07058856074824524,0.0,0.059747371822595596,0.059747371822595596
2024-12-25 10:00:00+09:00,0.195996181,0.085376821,0.18654096825780486,0.18654096825780486,0.0,0.15954777598381042,0.15954777598381042
2024-12-25 11:00:00+09:00,0.322205796,0.195996181,0.2688259416110573,0.2688259416110573,0.005196752,0.23516448025717926,0.23516448025717926
2024-12-25 12:00:00+09:00,0.394219101,0.322205796,0.35766927814149474,0.35766927814149474,0.085376821,0.32042811020078277,0.32042811020078277
2024-12-25 13:00:00+09:00,0.423172873,0.394219101,0.4193039094688187,0.4193039094688187,0.195996181,0.4623151280767975,0.4623151280767975
2024-12-25 14:00:00+09:00,0.386052337,0.423172873,0.37128757734069634,0.37128757734069634,0.322205796,0.3814222282733879,0.3814222282733879
2024-12-25 15:00:00+09:00,0.277660743,0.386052337,0.279829871365654,0.279829871365654,0.394219101,0.2741883923889885,0.2741883923889885
2024-12-25 16:00:00+09:00,0.187829417,0.277660743,0.21774443298765944,0.21774443298765944,0.423172873,0.18252950582871247,0.18252950582871247
2024-12-25 17:00:00+09:00,0.05642305,0.187829417,0.10751894564408493,0.10751894564408493,0.386052337,0.1209416058751221,0.1209416058751221
2024-12-25 18:00:00+09:00,0.001484493,0.05642305,0.003668889983224871,0.003668889983224871,0.277660743,0.03976810038277434,0.03976810038277434
2024-12-25 19:00:00+09:00,0.0,0.001484493,0.0,0.0,0.187829417,0.039768841872398375,0.039768841872398375
2024-12-25 20:00:00+09:00,0.0,0.0,0.0013909664703533053,0.0013909664703533053,0.05642305,0.006498147382068636,0.006498147382068636
2024-12-25 21:00:00+09:00,0.0,0.0,0.0009681966039352119,0.0009681966039352119,0.001484493,0.0012423925826188474,0.0012423925826188474
2024-12-25 22:00:00+09:00,0.0,0.0,0.0013473264407366514,0.0013473264407366514,0.0,0.0016633563209325075,0.0016633563209325075
2024-12-25 23:00:00+09:00,0.0,0.0,0.0013473264407366514,0.0013473264407366514,0.0,0.002151440130546689,0.002151440130546689
2024-12-26 00:00:00+09:00,0.0,0.0,0.0,0.0,0.0,0.0,0.0
2024-12-26 01:00:00+09:00,0.0,0.0,0.0,0.0,0.0,0.0,0.0
2024-12-26 02:00:00+09:00,0.0,0.0,0.0,0.0,0.0,0.0,0.0
2024-12-26 03:00:00+09:00,0.0,0.0,0.0,0.0,0.0,0.0,0.0
2024-12-26 04:00:00+09:00,0.0,0.0,0.0,0.0,0.0,0.0,0.0
2024-12-26 05:00:00+09:00,0.0,0.0,0.0,0.0,0.0,0.0,0.0
2024-12-26 06:00:00+09:00,0.0,0.0,0.0,0.0,0.0,0.0,0.0
2024-12-26 07:00:00+09:00,0.0,0.0,0.00041908465209417045,0.00041908465209417045,0.0,0.00026213546516373754,0.00026213546516373754
2024-12-26 08:00:00+09:00,0.002970012,0.0,0.0018003239529207349,0.0018003239529207349,0.0,0.0,0.0
2024-12-26 09:00:00+09:00,0.069786566,0.002970012,0.07763642268458557,0.07763642268458557,0.0,0.08059100061655045,0.08059100061655045
2024-12-26 10:00:00+09:00,0.181148172,0.069786566,0.19589661310197448,0.19589661310197448,0.0,0.18177931010723114,0.18177931010723114
2024-12-26 11:00:00+09:00,0.272463991,0.181148172,0.29030121920401764,0.29030121920401764,0.002970012,0.2835153062848206,0.2835153062848206
2024-12-26 12:00:00+09:00,0.36377981,0.272463991,0.3381053643959198,0.3381053643959198,0.069786566,0.37020387003900146,0.37020387003900146
2024-12-26 13:00:00+09:00,0.378628846,0.36377981,0.3720867472922182,0.3720867472922182,0.181148172,0.30733755288417053,0.30733755288417053
2024-12-26 14:00:00+09:00,0.315523525,0.378628846,0.3548189138277016,0.3548189138277016,0.272463991,0.3103284190135632,0.3103284190135632
2024-12-26 15:00:00+09:00,0.239797961,0.315523525,0.24621028941907885,0.24621028941907885,0.36377981,0.29920684986167906,0.29920684986167906
2024-12-26 16:00:00+09:00,0.160360138,0.239797961,0.12176461893657303,0.12176461893657303,0.378628846,0.14242013890580751,0.14242013890580751
2024-12-26 17:00:00+09:00,0.074241071,0.160360138,0.06257202762459566,0.06257202762459566,0.315523525,0.027815063715362576,0.027815063715362576
2024-12-26 18:00:00+09:00,0.002970012,0.074241071,0.020274802102943426,0.020274802102943426,0.239797961,0.01561531055310822,0.01561531055310822
2024-12-26 19:00:00+09:00,0.0,0.002970012,0.0003683898618276121,0.0003683898618276121,0.160360138,0.014248679460037245,0.014248679460037245
2024-12-26 20:00:00+09:00,0.0,0.0,0.0008441990939900279,0.0008441990939900279,0.074241071,0.02536713610519982,0.02536713610519982
2024-12-26 21:00:00+09:00,0.0,0.0,0.0,0.0,0.002970012,0.002360222781712085,0.002360222781712085
2024-12-26 22:00:00+09:00,0.0,0.0,0.00028456177096813917,0.00028456177096813917,0.0,0.003236623713746667,0.003236623713746667
2024-12-26 23:00:00+09:00,0.0,0.0,0.00028456177096813917,0.00028456177096813917,0.0,0.0029678361024707556,0.0029678361024707556
2024-12-27 00:00:00+09:00,0.0,0.0,0.00012573107960633934,0.00012573107960633934,0.0,0.00037134127342142165,0.00037134127342142165
2024-12-27 01:00:00+09:00,0.0,0.0,0.00012573107960633934,0.00012573107960633934,0.0,0.00037134127342142165,0.00037134127342142165
2024-12-27 02:00:00+09:00,0.0,0.0,0.00012573107960633934,0.00012573107960633934,0.0,0.00037134127342142165,0.00037134127342142165
2024-12-27 03:00:00+09:00,0.0,0.0,0.00012573107960633934,0.00012573107960633934,0.0,0.00037134127342142165,0.00037134127342142165
2024-12-27 04:00:00+09:00,0.0,0.0,0.00012573107960633934,0.00012573107960633934,0.0,0.00037134127342142165,0.00037134127342142165
2024-12-27 05:00:00+09:00,0.0,0.0,0.00012573107960633934,0.00012573107960633934,0.0,0.00037134127342142165,0.00037134127342142165
2024-12-27 06:00:00+09:00,0.0,0.0,0.0001268548658117652,0.0001268548658117652,0.0,0.0004362765175756067,0.0004362765175756067
2024-12-27 07:00:00+09:00,0.0,0.0,0.0005239560850895941,0.0005239560850895941,0.0,0.0008420887752436101,0.0008420887752436101
2024-12-27 08:00:00+09:00,0.002970012,0.0,0.0,0.0,0.0,0.0,0.0
2024-12-27 09:00:00+09:00,0.072755551,0.002970012,0.07050150083581161,0.07050150083581161,0.0,0.06773096323013306,0.06773096323013306
2024-12-27 10:00:00+09:00,0.208616424,0.072755551,0.19067057039296723,0.19067057039296723,0.0,0.1739307940006256,0.1739307940006256
2024-12-27 11:00:00+09:00,0.342250557,0.208616424,0.30731718579504397,0.30731718579504397,0.002970012,0.24877590136805725,0.24877590136805725
2024-12-27 12:00:00+09:00,0.427627378,0.342250557,0.3786955860799141,0.3786955860799141,0.072755551,0.3259629663423309,0.3259629663423309
2024-12-27 13:00:00+09:00,0.439505374,0.427627378,0.49001363743660736,0.49001363743660736,0.208616424,0.46659280697080996,0.46659280697080996
2024-12-27 14:00:00+09:00,0.398673607,0.439505374,0.4127063173209896,0.4127063173209896,0.342250557,0.4026226190274544,0.4026226190274544
2024-12-27 15:00:00+09:00,0.294736518,0.398673607,0.31375340927470396,0.31375340927470396,0.427627378,0.3283357777130394,0.3283357777130394
2024-12-27 16:00:00+09:00,0.179662653,0.294736518,0.18716966215216446,0.18716966215216446,0.439505374,0.22352442698233033,0.22352442698233033
2024-12-27 17:00:00+09:00,0.062362048,0.179662653,0.06754518368923951,0.06754518368923951,0.398673607,0.10020522583354186,0.10020522583354186
2024-12-27 18:00:00+09:00,0.001484493,0.062362048,0.002204849541090015,0.002204849541090015,0.294736518,0.0,0.0
2024-12-27 19:00:00+09:00,0.0,0.001484493,0.0,0.0,0.179662653,0.013115980417373663,0.013115980417373663
2024-12-27 20:00:00+09:00,0.0,0.0,0.00041872693691402674,0.00041872693691402674,0.062362048,0.00811357346167374,0.00811357346167374
2024-12-27 21:00:00+09:00,0.0,0.0,0.0,0.0,0.001484493,0.0,0.0
2024-12-27 22:00:00+09:00,0.0,0.0,0.0,0.0,0.0,0.0,0.0
2024-12-27 23:00:00+09:00,0.0,0.0,0.0,0.0,0.0,0.0002558200212661177,0.0002558200212661177
2024-12-28 00:00:00+09:00,0.0,0.0,0.0,0.0,0.0,0.0,0.0
2024-12-28 01:00:00+09:00,0.0,0.0,0.0,0.0,0.0,0.0,0.0
2024-12-28 02:00:00+09:00,0.0,0.0,0.0,0.0,0.0,0.0,0.0
2024-12-28 03:00:00+09:00,0.0,0.0,0.0,0.0,0.0,0.0,0.0
2024-12-28 04:00:00+09:00,0.0,0.0,0.0,0.0,0.0,0.0,0.0
2024-12-28 05:00:00+09:00,0.0,0.0,0.0,0.0,0.0,0.0,0.0
2024-12-28 06:00:00+09:00,0.0,0.0,0.0,0.0,0.0,0.0,0.0
2024-12-28 07:00:00+09:00,0.0,0.0,0.0,0.0,0.0,0.0,0.0
2024-12-28 08:00:00+09:00,0.002970012,0.0,1.703610541881062e-05,1.703610541881062e-05,0.0,0.0,0.0
2024-12-28 09:00:00+09:00,0.07795333,0.002970012,0.06928339796343994,0.06928339796343994,0.0,0.041260670870542526,0.041260670870542526
2024-12-28 10:00:00+09:00,0.209359697,0.07795333,0.15929672749813079,0.15929672749813079,0.0,0.15548336505889893,0.15548336505889893
2024-12-28 11:00:00+09:00,0.355614073,0.209359697,0.3067195256509514,0.3067195256509514,0.002970012,0.31690108971873476,0.31690108971873476
2024-12-28 12:00:00+09:00,0.438763128,0.355614073,0.40637460293535993,0.40637460293535993,0.07795333,0.2994583013850021,0.2994583013850021
2024-12-28 13:00:00+09:00,0.457323396,0.438763128,0.4368789850153639,0.4368789850153639,0.209359697,0.3858371143498154,0.3858371143498154
2024-12-28 14:00:00+09:00,0.413521615,0.457323396,0.4536318044447473,0.4536318044447473,0.355614073,0.427789531073616,0.427789531073616
2024-12-28 15:00:00+09:00,0.311811266,0.413521615,0.3049827266051674,0.3049827266051674,0.438763128,0.3426407662803917,0.3426407662803917
2024-12-28 16:00:00+09:00,0.188571663,0.311811266,0.19604413723441694,0.19604413723441694,0.457323396,0.20700322965058898,0.20700322965058898
2024-12-28 17:00:00+09:00,0.0675588,0.188571663,0.08031113574684906,0.08031113574684906,0.413521615,0.08278849455856324,0.08278849455856324
2024-12-28 18:00:00+09:00,0.002226739,0.0675588,0.013135817962932589,0.013135817962932589,0.311811266,0.07652082806321714,0.07652082806321714
2024-12-28 19:00:00+09:00,0.0,0.002226739,0.0,0.0,0.188571663,0.014443339206588746,0.014443339206588746
2024-12-28 20:00:00+09:00,0.0,0.0,0.0003119457105640322,0.0003119457105640322,0.0675588,0.012147088664817812,0.012147088664817812
2024-12-28 21:00:00+09:00,0.0,0.0,0.00016050931299105287,0.00016050931299105287,0.002226739,0.002954959446035266,0.002954959446035266
2024-12-28 22:00:00+09:00,0.0,0.0,0.00036933718365617096,0.00036933718365617096,0.0,0.0,0.0
2024-12-28 23:00:00+09:00,0.0,0.0,0.00036933718365617096,0.00036933718365617096,0.0,0.0004843920178245753,0.0004843920178245753
2024-12-29 00:00:00+09:00,0.0,0.0,0.00010172653128392994,0.00010172653128392994,0.0,0.0,0.0
2024-12-29 01:00:00+09:00,0.0,0.0,0.00010172653128392994,0.00010172653128392994,0.0,0.0,0.0
2024-12-29 02:00:00+09:00,0.0,0.0,0.00010172653128392994,0.00010172653128392994,0.0,0.0,0.0
2024-12-29 03:00:00+09:00,0.0,0.0,0.00010172653128392994,0.00010172653128392994,0.0,0.0,0.0
2024-12-29 04:00:00+09:00,0.0,0.0,0.00010172653128392994,0.00010172653128392994,0.0,0.0,0.0
2024-12-29 05:00:00+09:00,0.0,0.0,0.00010172653128392994,0.00010172653128392994,0.0,0.0,0.0
2024-12-29 06:00:00+09:00,0.0,0.0,4.636712037608959e-05,4.636712037608959e-05,0.0,0.0,0.0
2024-12-29 07:00:00+09:00,0.0,0.0,0.0,0.0,0.0,0.0,0.0
2024-12-29 08:00:00+09:00,0.002970012,0.0,0.00029025354888290167,0.00029025354888290167,0.0,0.0,0.0
2024-12-29 09:00:00+09:00,0.07795333,0.002970012,0.06194007965007973,0.06194007965007973,0.0,0.031361281871795654,0.031361281871795654
2024-12-29 10:00:00+09:00,0.211586436,0.07795333,0.1616043734746742,0.1616043734746742,0.0,0.16346153616905212,0.16346153616905212
2024-12-29 11:00:00+09:00,0.342250557,0.211586436,0.2959911876584396,0.2959911876584396,0.002970012,0.27850705580989077,0.27850705580989077
2024-12-29 12:00:00+09:00,0.419460614,0.342250557,0.3839244780486412,0.3839244780486412,0.07795333,0.34935592742736815,0.34935592742736815
2024-12-29 13:00:00+09:00,0.440248647,0.419460614,0.4788466624659672,0.4788466624659672,0.211586436,0.5113681161071166,0.5113681161071166
2024-12-29 14:00:00+09:00,0.403128112,0.440248647,0.4083351690725536,0.4083351690725536,0.342250557,0.4160776672309227,0.4160776672309227
2024-12-29 15:00:00+09:00,0.303645529,0.403128112,0.2801671272931213,0.2801671272931213,0.419460614,0.3142502724868431,0.3142502724868431
2024-12-29 16:00:00+09:00,0.178920406,0.303645529,0.17863658830328372,0.17863658830328372,0.440248647,0.1759402539984436,0.1759402539984436
2024-12-29 17:00:00+09:00,0.06533206,0.178920406,0.05379958738504029,0.05379958738504029,0.403128112,0.0787526017842407,0.0787526017842407
2024-12-29 18:00:00+09:00,0.001484493,0.06533206,0.005465184589920041,0.005465184589920041,0.303645529,0.00455109044714358,0.00455109044714358
2024-12-29 19:00:00+09:00,0.0,0.001484493,0.0,0.0,0.178920406,0.0,0.0
2024-12-29 20:00:00+09:00,0.0,0.0,0.0,0.0,0.06533206,0.0,0.0
2024-12-29 21:00:00+09:00,0.0,0.0,0.0,0.0,0.001484493,0.0,0.0
2024-12-29 22:00:00+09:00,0.0,0.0,0.0,0.0,0.0,0.0,0.0
2024-12-29 23:00:00+09:00,0.0,0.0,0.0,0.0,0.0,0.0,0.0
2024-12-30 00:00:00+09:00,0.0,0.0,0.0,0.0,0.0,0.0,0.0
2024-12-30 01:00:00+09:00,0.0,0.0,0.0,0.0,0.0,0.0,0.0
2024-12-30 02:00:00+09:00,0.0,0.0,0.0,0.0,0.0,0.0,0.0
2024-12-30 03:00:00+09:00,0.0,0.0,0.0,0.0,0.0,0.0,0.0
2024-12-30 04:00:00+09:00,0.0,0.0,0.0,0.0,0.0,0.0,0.0
2024-12-30 05:00:00+09:00,0.0,0.0,0.0,0.0,0.0,0.0,0.0
2024-12-30 06:00:00+09:00,0.0,0.0,0.0,0.0,0.0,0.0,0.0
2024-12-30 07:00:00+09:00,0.0,0.0,0.000304503773804754,0.000304503773804754,0.0,0.0,0.0
2024-12-30 08:00:00+09:00,0.001484493,0.0,0.0,0.0,0.0,0.0,0.0
2024-12-30 09:00:00+09:00,0.060877555,0.001484493,0.06694678424069214,0.06694678424069214,0.0,0.040679749101400375,0.040679749101400375
2024-12-30 10:00:00+09:00,0.124725122,0.060877555,0.12598080276172638,0.12598080276172638,0.0,0.09374181181192398,0.09374181181192398
2024-12-30 11:00:00+09:00,0.205647438,0.124725122,0.25230288877608487,0.25230288877608487,0.001484493,0.303961584550827,0.303961584550827
2024-12-30 12:00:00+09:00,0.314039032,0.205647438,0.22715064061716841,0.22715064061716841,0.060877555,0.36763634620826724,0.36763634620826724
2024-12-30 13:00:00+09:00,0.414263862,0.314039032,0.3431736482557602,0.3431736482557602,0.124725122,0.30705796554209897,0.30705796554209897
2024-12-30 14:00:00+09:00,0.382340078,0.414263862,0.38720717541981886,0.38720717541981886,0.205647438,0.2174452917455201,0.2174452917455201
2024-12-30 15:00:00+09:00,0.287312,0.382340078,0.3699266116507559,0.3699266116507559,0.314039032,0.27715206800668907,0.27715206800668907
2024-12-30 16:00:00+09:00,0.201935179,0.287312,0.20614848186922075,0.20614848186922075,0.414263862,0.2402378048758621,0.2402378048758621
2024-12-30 17:00:00+09:00,0.070528812,0.201935179,0.07501030660162353,0.07501030660162353,0.382340078,0.08555174315350345,0.08555174315350345
2024-12-30 18:00:00+09:00,0.002226739,0.070528812,0.019758976289474484,0.019758976289474484,0.287312,0.06523300608348848,0.06523300608348848
2024-12-30 19:00:00+09:00,0.0,0.002226739,1.695407129073158e-05,1.695407129073158e-05,0.201935179,0.0564578691769638,0.0564578691769638
2024-12-30 20:00:00+09:00,0.0,0.0,0.0005437747458927333,0.0005437747458927333,0.070528812,0.01824156124278259,0.01824156124278259
2024-12-30 21:00:00+09:00,0.0,0.0,0.00040610553696751595,0.00040610553696751595,0.002226739,0.0013438298906497063,0.0013438298906497063
2024-12-30 22:00:00+09:00,0.0,0.0,0.0007218220853246748,0.0007218220853246748,0.0,0.0023080422542989254,0.0023080422542989254
2024-12-30 23:00:00+09:00,0.0,0.0,0.0007218220853246748,0.0007218220853246748,0.0,0.004133777227252722,0.004133777227252722
2024-12-31 00:00:00+09:00,0.0,0.0,0.0,0.0,0.0,0.0002534926461521536,0.0002534926461521536
2024-12-31 01:00:00+09:00,0.0,0.0,0.0,0.0,0.0,0.0002534926461521536,0.0002534926461521536
2024-12-31 02:00:00+09:00,0.0,0.0,0.0,0.0,0.0,0.0002534926461521536,0.0002534926461521536
2024-12-31 03:00:00+09:00,0.0,0.0,0.0,0.0,0.0,0.0002534926461521536,0.0002534926461521536
2024-12-31 04:00:00+09:00,0.0,0.0,0.0,0.0,0.0,0.0002534926461521536,0.0002534926461521536
2024-12-31 05:00:00+09:00,0.0,0.0,0.0,0.0,0.0,0.0002534926461521536,0.0002534926461521536
2024-12-31 06:00:00+09:00,0.0,0.0,5.130182398715988e-05,5.130182398715988e-05,0.0,0.0,0.0
2024-12-31 07:00:00+09:00,0.0,0.0,0.0002632868418004364,0.0002632868418004364,0.0,0.0,0.0
2024-12-31 08:00:00+09:00,0.002226739,0.0,0.0022131474688649178,0.0022131474688649178,0.0,0.0071325660683214664,0.0071325660683214664
2024-12-31 09:00:00+09:00,0.06533206,0.002226739,0.08807843066326523,0.08807843066326523,0.0,0.10744412988424301,0.10744412988424301
2024-12-31 10:00:00+09:00,0.200450686,0.06533206,0.2423298855033493,0.2423298855033493,0.0,0.22296617925167084,0.22296617925167084
2024-12-31 11:00:00+09:00,0.345219543,0.200450686,0.2903462175351486,0.2903462175351486,0.002226739,0.2746266115414276,0.2746266115414276
2024-12-31 12:00:00+09:00,0.43059739,0.345219543,0.4641799533565216,0.4641799533565216,0.06533206,0.30108759297996524,0.30108759297996524
2024-12-31 13:00:00+09:00,0.453611137,0.43059739,0.45931319421924593,0.45931319421924593,0.200450686,0.4004843656045303,0.4004843656045303
2024-12-31 14:00:00+09:00,0.417976121,0.453611137,0.42900322529402923,0.42900322529402923,0.345219543,0.3751866908569508,0.3751866908569508
2024-12-31 15:00:00+09:00,0.322948043,0.417976121,0.30817907541150663,0.30817907541150663,0.43059739,0.34288759059108737,0.34288759059108737
2024-12-31 16:00:00+09:00,0.19822292,0.322948043,0.2110234245174103,0.2110234245174103,0.453611137,0.23859407159415436,0.23859407159415436
2024-12-31 17:00:00+09:00,0.075725564,0.19822292,0.094244189261837,0.094244189261837,0.417976121,0.15005583553666685,0.15005583553666685
2024-12-31 18:00:00+09:00,0.002970012,0.075725564,0.020146352437128062,0.020146352437128062,0.322948043,0.06222868407894899,0.06222868407894899
2024-12-31 19:00:00+09:00,0.0,0.002970012,0.0,0.0,0.19822292,0.04898238152210235,0.04898238152210235
2024-12-31 20:00:00+09:00,0.0,0.0,0.0005632131942547858,0.0005632131942547858,0.075725564,0.027567849692691798,0.027567849692691798
2024-12-31 21:00:00+09:00,0.0,0.0,0.0,0.0,0.002970012,0.0022353702012280824,0.0022353702012280824
2024-12-31 22:00:00+09:00,0.0,0.0,0.0002466516161803156,0.0002466516161803156,0.0,0.0005387748242355883,0.0005387748242355883
2024-12-31 23:00:00+09:00,0.0,0.0,0.0002466516161803156,0.0002466516161803156,0.0,0.0011645675403997302,0.0011645675403997302
2025-01-01 00:00:00+09:00,0.0,0.0,0.0,0.0,0.0,0.0,0.0
2025-01-01 01:00:00+09:00,0.0,0.0,0.0,0.0,0.0,0.0,0.0
2025-01-01 02:00:00+09:00,0.0,0.0,0.0,0.0,0.0,0.0,0.0
2025-01-01 03:00:00+09:00,0.0,0.0,0.0,0.0,0.0,0.0,0.0
2025-01-01 04:00:00+09:00,0.0,0.0,0.0,0.0,0.0,0.0,0.0
2025-01-01 05:00:00+09:00,0.0,0.0,0.0,0.0,0.0,0.0,0.0
2025-01-01 06:00:00+09:00,0.0,0.0,0.0,0.0,0.0,0.0,0.0
2025-01-01 07:00:00+09:00,0.0,0.0,0.02248341776430607,0.02248341776430607,0.0,0.01750962994992733,0.01750962994992733
2025-01-01 08:00:00+09:00,0.002226739,0.0,0.062142059206962585,0.062142059206962585,0.0,0.10814209282398224,0.10814209282398224
2025-01-01 09:00:00+09:00,0.073498825,0.002226739,0.1172756094442978,0.1172756094442978,0.0,0.2729271352291107,0.2729271352291107
2025-01-01 10:00:00+09:00,0.211586436,0.073498825,0.16049415098257064,0.16049415098257064,0.0,0.23670920729637146,0.23670920729637146
2025-01-01 11:00:00+09:00,0.34373505,0.211586436,0.29527298894179915,0.29527298894179915,0.002226739,0.21482500321737671,0.21482500321737671
2025-01-01 12:00:00+09:00,0.424657365,0.34373505,0.3631420857829332,0.3631420857829332,0.073498825,0.21188397185630797,0.21188397185630797
2025-01-01 13:00:00+09:00,0.449157658,0.424657365,0.421284914873665,0.421284914873665,0.211586436,0.34236135121835326,0.34236135121835326
2025-01-01 14:00:00+09:00,0.405354851,0.449157658,0.38760313667774965,0.38760313667774965,0.34373505,0.30509821284537314,0.30509821284537314
2025-01-01 15:00:00+09:00,0.310326773,0.405354851,0.3619063767418156,0.3619063767418156,0.424657365,0.27079780927871705,0.27079780927871705
2025-01-01 16:00:00+09:00,0.187829417,0.310326773,0.24754204906248856,0.24754204906248856,0.449157658,0.2565418211412506,0.2565418211412506
2025-01-01 17:00:00+09:00,0.069786566,0.187829417,0.10390641243237686,0.10390641243237686,0.405354851,0.2408094341680298,0.2408094341680298
2025-01-01 18:00:00+09:00,0.002970012,0.069786566,0.0,0.0,0.310326773,0.0,0.0
2025-01-01 19:00:00+09:00,0.0,0.002970012,0.0,0.0,0.187829417,0.0,0.0
2025-01-01 20:00:00+09:00,0.0,0.0,0.0,0.0,0.069786566,0.0,0.0
2025-01-01 21:00:00+09:00,0.0,0.0,0.0,0.0,0.002970012,0.0,0.0
2025-01-01 22:00:00+09:00,0.0,0.0,0.0,0.0,0.0,0.0,0.0
2025-01-01 23:00:00+09:00,0.0,0.0,0.0,0.0,0.0,0.0,0.0
2025-01-02 00:00:00+09:00,0.0,0.0,0.0005077158566564322,0.0005077158566564322,0.0,0.001400443841703236,0.001400443841703236
2025-01-02 01:00:00+09:00,0.0,0.0,0.0005077158566564322,0.0005077158566564322,0.0,0.001400443841703236,0.001400443841703236
2025-01-02 02:00:00+09:00,0.0,0.0,0.0005077158566564322,0.0005077158566564322,0.0,0.001400443841703236,0.001400443841703236
2025-01-02 03:00:00+09:00,0.0,0.0,0.0005077158566564322,0.0005077158566564322,0.0,0.001400443841703236,0.001400443841703236
2025-01-02 04:00:00+09:00,0.0,0.0,0.0005077158566564322,0.0005077158566564322,0.0,0.001400443841703236,0.001400443841703236
2025-01-02 05:00:00+09:00,0.0,0.0,0.0005077158566564322,0.0005077158566564322,0.0,0.001400443841703236,0.001400443841703236
2025-01-02 06:00:00+09:00,0.0,0.0,0.00031330244382843375,0.00031330244382843375,0.0,7.431963604176417e-05,7.431963604176417e-05
2025-01-02 07:00:00+09:00,0.0,0.0,0.024175256490707397,0.024175256490707397,0.0,0.022600846365094185,0.022600846365094185
2025-01-02 08:00:00+09:00,0.002970012,0.0,0.07482393831014633,0.07482393831014633,0.0,0.13795778155326843,0.13795778155326843
2025-01-02 09:00:00+09:00,0.072013305,0.002970012,0.13104832368174743,0.13104832368174743,0.0,0.3392641544342041,0.3392641544342041
2025-01-02 10:00:00+09:00,0.195996181,0.072013305,0.20332543688171387,0.20332543688171387,0.0,0.3033575713634491,0.3033575713634491
2025-01-02 11:00:00+09:00,0.319235784,0.195996181,0.2835847967155037,0.2835847967155037,0.002970012,0.2786104400662537,0.2786104400662537
2025-01-02 12:00:00+09:00,0.404612605,0.319235784,0.3502064002661314,0.3502064002661314,0.072013305,0.30196954446189883,0.30196954446189883
2025-01-02 13:00:00+09:00,0.432081883,0.404612605,0.40477524189030895,0.40477524189030895,0.195996181,0.3838143952972946,0.3838143952972946
2025-01-02 14:00:00+09:00,0.395703594,0.432081883,0.40161153596804905,0.40161153596804905,0.319235784,0.3266551475955453,0.3266551475955453
2025-01-02 15:00:00+09:00,0.30884228,0.395703594,0.3184887196728172,0.3184887196728172,0.404612605,0.3304735538606453,0.3304735538606453
2025-01-02 16:00:00+09:00,0.186344924,0.30884228,0.16263232478454592,0.16263232478454592,0.432081883,0.15633631234036255,0.15633631234036255
2025-01-02 17:00:00+09:00,0.070528812,0.186344924,0.062022390392517085,0.062022390392517085,0.395703594,0.129860590011734,0.129860590011734
2025-01-02 18:00:00+09:00,0.003712259,0.070528812,0.0,0.0,0.30884228,0.0,0.0
2025-01-02 19:00:00+09:00,0.0,0.003712259,0.0,0.0,0.186344924,0.0,0.0
2025-01-02 20:00:00+09:00,0.0,0.0,0.0,0.0,0.070528812,0.0,0.0
2025-01-02 21:00:00+09:00,0.0,0.0,0.0,0.0,0.003712259,0.0,0.0
2025-01-02 22:00:00+09:00,0.0,0.0,0.0,0.0,0.0,0.0,0.0
2025-01-02 23:00:00+09:00,0.0,0.0,0.0,0.0,0.0,0.0,0.0
2025-01-03 00:00:00+09:00,,,,,,,
2025-01-03 01:00:00+09:00,0.0,,,,0.0,0.0004019767511636019,0.0004019767511636019
2025-01-03 02:00:00+09:00,0.0,0.0,0.00010028106044046581,0.00010028106044046581,0.0,0.0004019767511636019,0.0004019767511636019
2025-01-03 03:00:00+09:00,0.0,0.0,0.00010028106044046581,0.00010028106044046581,,,
2025-01-03 04:00:00+09:00,0.0,0.0,0.00010028106044046581,0.00010028106044046581,0.0,0.0004019767511636019,0.0004019767511636019
2025-01-03 05:00:00+09:00,0.0,0.0,0.00010028106044046581,0.00010028106044046581,0.0,0.0004019767511636019,0.0004019767511636019
2025-01-03 06:00:00+09:00,0.0,0.0,4.917444312013686e-05,4.917444312013686e-05,0.0,0.0,0.0
2025-01-03 07:00:00+09:00,0.0,0.0,0.02320602536201477,0.02320602536201477,0.0,0.022499393671751022,0.022499393671751022
2025-01-03 08:00:00+09:00,0.001484493,0.0,0.06540476530790329,0.06540476530790329,0.0,0.04237331077456474,0.04237331077456474
2025-01-03 09:00:00+09:00,0.070528812,0.001484493,0.11085000841090012,0.11085000841090012,0.0,0.2734990119934082,0.2734990119934082
2025-01-03 10:00:00+09:00,0.21084419,0.070528812,0.19375409860297393,0.19375409860297393,0.0,0.2508144974708557,0.2508144974708557
2025-01-03 11:00:00+09:00,0.353386307,0.21084419,0.30691245305389403,0.30691245305389403,0.001484493,0.2181503122873001,0.2181503122873001
2025-01-03 12:00:00+09:00,0.447672139,0.353386307,0.395675944029171,0.395675944029171,0.070528812,0.24242020327731323,0.24242020327731323
2025-01-03 13:00:00+09:00,0.469944665,0.447672139,0.4369576639345303,0.4369576639345303,0.21084419,0.3115231628999138,0.3115231628999138
2025-01-03 14:00:00+09:00,0.429111871,0.469944665,0.4631474160367334,0.4631474160367334,0.353386307,0.35865878113992883,0.35865878113992883
2025-01-03 15:00:00+09:00,0.328887041,0.429111871,0.36480336921996687,0.36480336921996687,0.447672139,0.39417163197308924,0.39417163197308924
2025-01-03 16:00:00+09:00,0.201192933,0.328887041,0.19227608600007629,0.19227608600007629,0.469944665,0.1977813632936859,0.1977813632936859
2025-01-03 17:00:00+09:00,0.077210057,0.201192933,0.08050646898833083,0.08050646898833083,0.429111871,0.2227558373171768,0.2227558373171768
2025-01-03 18:00:00+09:00,0.003712259,0.077210057,0.0,0.0,0.328887041,0.04222511806832885,0.04222511806832885
2025-01-03 19:00:00+09:00,0.0,0.003712259,0.0,0.0,0.201192933,0.0,0.0
2025-01-03 20:00:00+09:00,0.0,0.0,0.0,0.0,0.077210057,0.0,0.0
2025-01-03 21:00:00+09:00,0.0,0.0,0.0002893940545618534,0.0002893940545618534,0.003712259,0.0,0.0
2025-01-03 22:00:00+09:00,0.0,0.0,0.0008124064770527184,0.0008124064770527184,0.0,0.0,0.0
2025-01-03 23:00:00+09:00,0.0,0.0,0.0008124064770527184,0.0008124064770527184,0.0,0.0028157844208180904,0.0028157844208180904
2025-01-04 00:00:00+09:00,0.0,,,,,,
2025-01-04 01:00:00+09:00,0.0,0.0,0.0,0.0,0.0,0.0,0.0
2025-01-04 02:00:00+09:00,0.0,0.0,0.0,0.0,0.0,0.0,0.0
2025-01-04 03:00:00+09:00,0.0,0.0,0.0,0.0,0.0,0.0,0.0
2025-01-04 04:00:00+09:00,0.0,0.0,0.0,0.0,0.0,0.0,0.0
2025-01-04 05:00:00+09:00,0.0,0.0,0.0,0.0,0.0,0.0,0.0
2025-01-04 06:00:00+09:00,0.0,0.0,0.0,0.0,0.0,0.0,0.0
2025-01-04 07:00:00+09:00,0.0,0.0,0.021729690954089165,0.021729690954089165,0.0,0.021262746304273605,0.021262746304273605
2025-01-04 08:00:00+09:00,0.002226739,0.0,0.06065080687403679,0.06065080687403679,0.0,0.10081616044044495,0.10081616044044495
2025-01-04 09:00:00+09:00,0.072013305,0.002226739,0.10394941158167267,0.10394941158167267,0.0,0.2318195402622223,0.2318195402622223
2025-01-04 10:00:00+09:00,0.210101943,0.072013305,0.17626486109846115,0.17626486109846115,0.0,0.23683589696884155,0.23683589696884155
2025-01-04 11:00:00+09:00,0.348189555,0.210101943,0.2757745715815239,0.2757745715815239,0.002226739,0.2099916029678955,0.2099916029678955
2025-01-04 12:00:00+09:00,0.433566376,0.348189555,0.4063741414653587,0.4063741414653587,0.072013305,0.31163072722309115,0.31163072722309115
2025-01-04 13:00:00+09:00,0.450642151,0.433566376,0.5046133989387283,0.5046133989387283,0.210101943,0.44549187599007417,0.44549187599007417
2025-01-04 14:00:00+09:00,0.416491628,0.450642151,0.4192833762485752,0.4192833762485752,0.348189555,0.3241453560846376,0.3241453560846376
2025-01-04 15:00:00+09:00,0.323690289,0.416491628,0.407459847935894,0.407459847935894,0.433566376,0.4095432342880497,0.4095432342880497
2025-01-04 16:00:00+09:00,0.199707413,0.323690289,0.2047563431057587,0.2047563431057587,0.450642151,0.2062907788772354,0.2062907788772354
2025-01-04 17:00:00+09:00,0.077210057,0.199707413,0.04826075760735321,0.04826075760735321,0.416491628,0.2274923774688034,0.2274923774688034
2025-01-04 18:00:00+09:00,0.002970012,0.077210057,0.0,0.0,0.323690289,0.07945110771986391,0.07945110771986391
2025-01-04 19:00:00+09:00,0.0,0.002970012,0.0,0.0,0.199707413,0.0,0.0
2025-01-04 20:00:00+09:00,0.0,0.0,0.0,0.0,0.077210057,0.0,0.0
2025-01-04 21:00:00+09:00,0.0,0.0,0.001444439752958715,0.001444439752958715,0.002970012,0.0,0.0
2025-01-04 22:00:00+09:00,0.0,0.0,0.001967452932149172,0.001967452932149172,0.0,0.0,0.0
2025-01-04 23:00:00+09:00,0.0,0.0,0.001967452932149172,0.001967452932149172,0.0,0.00564777385443449,0.00564777385443449
2025-01-05 00:00:00+09:00,0.0,0.0,0.00046919664600864053,0.00046919664600864053,0.0,0.0011268154485151172,0.0011268154485151172
2025-01-05 01:00:00+09:00,0.0,0.0,0.00046919664600864053,0.00046919664600864053,0.0,0.0011268154485151172,0.0011268154485151172
2025-01-05 02:00:00+09:00,0.0,0.0,0.00046919664600864053,0.00046919664600864053,0.0,0.0011268154485151172,0.0011268154485151172
2025-01-05 03:00:00+09:00,0.0,0.0,0.00046919664600864053,0.00046919664600864053,0.0,0.0011268154485151172,0.0011268154485151172
2025-01-05 04:00:00+09:00,0.0,0.0,0.00046919664600864053,0.00046919664600864053,0.0,0.0011268154485151172,0.0011268154485151172
2025-01-05 05:00:00+09:00,0.0,0.0,0.00046919664600864053,0.00046919664600864053,0.0,0.0011268154485151172,0.0011268154485151172
2025-01-05 06:00:00+09:00,0.0,0.0,0.0005116335232742131,0.0005116335232742131,0.0,0.0015473495004698634,0.0015473495004698634
2025-01-05 07:00:00+09:00,0.0,0.0,0.027198484167456627,0.027198484167456627,0.0,0.025518236681818962,0.025518236681818962
2025-01-05 08:00:00+09:00,0.0,0.0,0.0739021971821785,0.0739021971821785,0.0,0.1256088763475418,0.1256088763475418
2025-01-05 09:00:00+09:00,0.029696018,0.0,0.11569103598594666,0.11569103598594666,0.0,0.29728230834007263,0.29728230834007263
2025-01-05 10:00:00+09:00,0.0675588,0.029696018,0.1289384519056015,0.1289384519056015,0.0,0.3676006495952606,0.3676006495952606
2025-01-05 11:00:00+09:00,0.202677426,0.0675588,0.133355160373497,0.133355160373497,0.0,0.2735744118690491,0.2735744118690491
2025-01-05 12:00:00+09:00,0.320720277,0.202677426,0.2482161755458126,0.2482161755458126,0.029696018,0.24482229401623534,0.24482229401623534
2025-01-05 13:00:00+09:00,0.327402548,0.320720277,0.31799328976288926,0.31799328976288926,0.0675588,0.24030568184261322,0.24030568184261322
2025-01-05 14:00:00+09:00,0.449899905,0.327402548,0.2306768829671364,0.2306768829671364,0.202677426,0.15258151020562744,0.15258151020562744
2025-01-05 15:00:00+09:00,0.185601651,0.449899905,0.3441051548459816,0.3441051548459816,0.320720277,0.17091631071620178,0.17091631071620178
2025-01-05 16:00:00+09:00,0.129178601,0.185601651,0.024182169960952765,0.024182169960952765,0.327402548,0.0,0.0
2025-01-05 17:00:00+09:00,0.044544027,0.129178601,0.0,0.0,0.449899905,0.16431861427810668,0.16431861427810668
2025-01-05 18:00:00+09:00,0.0,0.044544027,0.0,0.0,0.185601651,0.0,0.0
2025-01-05 19:00:00+09:00,0.0,0.0,0.0,0.0,0.129178601,0.0,0.0
2025-01-05 20:00:00+09:00,0.0,0.0,0.0,0.0,0.044544027,0.0,0.0
2025-01-05 21:00:00+09:00,0.0,0.0,0.0,0.0,0.0,0.0,0.0
2025-01-05 22:00:00+09:00,0.0,0.0,0.0,0.0,0.0,0.0,0.0
2025-01-05 23:00:00+09:00,0.0,0.0,0.0,0.0,0.0,0.0,0.0
2025-01-06 00:00:00+09:00,0.0,0.0,0.00023431330919265747,0.00023431330919265747,0.0,0.00036047722096554935,0.00036047722096554935
2025-01-06 01:00:00+09:00,0.0,0.0,0.00023431330919265747,0.00023431330919265747,0.0,0.00036047722096554935,0.00036047722096554935
2025-01-06 02:00:00+09:00,0.0,0.0,0.00023431330919265747,0.00023431330919265747,0.0,0.00036047722096554935,0.00036047722096554935
2025-01-06 03:00:00+09:00,0.0,0.0,0.00023431330919265747,0.00023431330919265747,0.0,0.00036047722096554935,0.00036047722096554935
2025-01-06 04:00:00+09:00,0.0,0.0,0.00023431330919265747,0.00023431330919265747,0.0,0.00036047722096554935,0.00036047722096554935
2025-01-06 05:00:00+09:00,0.0,0.0,0.00023431330919265747,0.00023431330919265747,0.0,0.00036047722096554935,0.00036047722096554935
2025-01-06 06:00:00+09:00,0.0,0.0,0.0004553886246867478,0.0004553886246867478,0.0,0.0,0.0
2025-01-06 07:00:00+09:00,0.0,0.0,0.013320459052920341,0.013320459052920341,0.0,0.006033738609403372,0.006033738609403372
2025-01-06 08:00:00+09:00,0.001484493,0.0,0.04945840314030647,0.04945840314030647,0.0,0.029330484569072723,0.029330484569072723
2025-01-06 09:00:00+09:00,0.060877555,0.001484493,0.09497887103030014,0.09497887103030014,0.0,0.17976507544517517,0.17976507544517517
2025-01-06 10:00:00+09:00,0.171495888,0.060877555,0.14828154532831192,0.14828154532831192,0.0,0.3845124840736389,0.3845124840736389
2025-01-06 11:00:00+09:00,0.305872268,0.171495888,0.2456245753817444,0.2456245753817444,0.001484493,0.3139287328548126,0.3139287328548126
2025-01-06 12:00:00+09:00,0.347447309,0.305872268,0.3983896364954643,0.3983896364954643,0.060877555,0.20960459946315765,0.20960459946315765
2025-01-06 13:00:00+09:00,0.386794584,0.347447309,0.37373450892935656,0.37373450892935656,0.171495888,0.2581951949648743,0.2581951949648743
2025-01-06 14:00:00+09:00,0.237571222,0.386794584,0.38694732609727067,0.38694732609727067,0.305872268,0.28121682158982086,0.28121682158982086
2025-01-06 15:00:00+09:00,0.100967076,0.237571222,0.16565320383774948,0.16565320383774948,0.347447309,0.23612016747663878,0.23612016747663878
2025-01-06 16:00:00+09:00,0.139573131,0.100967076,0.045227565195585254,0.045227565195585254,0.386794584,0.29637013574827575,0.29637013574827575
2025-01-06 17:00:00+09:00,0.084634575,0.139573131,0.0373946766008911,0.0373946766008911,0.237571222,0.13174310814606857,0.13174310814606857
2025-01-06 18:00:00+09:00,0.003712259,0.084634575,0.0,0.0,0.100967076,0.0,0.0
2025-01-06 19:00:00+09:00,0.0,0.003712259,0.0,0.0,0.139573131,0.0,0.0
2025-01-06 20:00:00+09:00,0.0,0.0,0.0,0.0,0.084634575,0.0,0.0
2025-01-06 21:00:00+09:00,0.0,0.0,0.0,0.0,0.003712259,0.0,0.0
2025-01-06 22:00:00+09:00,0.0,0.0,0.0,0.0,0.0,0.0,0.0
2025-01-06 23:00:00+09:00,0.0,0.0,0.0,0.0,0.0,0.0,0.0
2025-01-07 00:00:00+09:00,0.0,0.0,0.0,0.0,0.0,0.0,0.0
2025-01-07 01:00:00+09:00,0.0,0.0,0.0,0.0,0.0,0.0,0.0
2025-01-07 02:00:00+09:00,0.0,0.0,0.0,0.0,0.0,0.0,0.0
2025-01-07 03:00:00+09:00,0.0,0.0,0.0,0.0,0.0,0.0,0.0
2025-01-07 04:00:00+09:00,0.0,0.0,0.0,0.0,0.0,0.0,0.0
2025-01-07 05:00:00+09:00,0.0,0.0,0.0,0.0,0.0,0.0,0.0
2025-01-07 06:00:00+09:00,0.0,0.0,0.0,0.0,0.0,0.0,0.0
2025-01-07 07:00:00+09:00,0.0,0.0,0.012111610732972622,0.012111610732972622,0.0,0.007639830466359854,0.007639830466359854
2025-01-07 08:00:00+09:00,0.002970012,0.0,0.04070605710148811,0.04070605710148811,0.0,0.05336151644587517,0.05336151644587517
2025-01-07 09:00:00+09:00,0.074241071,0.002970012,0.11080170618573379,0.11080170618573379,0.0,0.24595192074775696,0.24595192074775696
2025-01-07 10:00:00+09:00,0.222722186,0.074241071,0.15774954016437148,0.15774954016437148,0.0,0.21324312686920166,0.21324312686920166
2025-01-07 11:00:00+09:00,0.367492069,0.222722186,0.3314347623297081,0.3314347623297081,0.002970012,0.39299842911044314,0.39299842911044314
2025-01-07 12:00:00+09:00,0.458065642,0.367492069,0.3930300832480135,0.3930300832480135,0.074241071,0.23364294971456145,0.23364294971456145
2025-01-07 13:00:00+09:00,0.458808915,0.458065642,0.46205145675019454,0.46205145675019454,0.222722186,0.2540026514240608,0.2540026514240608
2025-01-07 14:00:00+09:00,0.213813176,0.458808915,0.4075633448171997,0.4075633448171997,0.367492069,0.383270206370944,0.383270206370944
2025-01-07 15:00:00+09:00,0.138087612,0.213813176,0.20203232913601493,0.20203232913601493,0.458065642,0.4297584462471409,0.4297584462471409
2025-01-07 16:00:00+09:00,0.101710349,0.138087612,0.0695373605756874,0.0695373605756874,0.458808915,0.32354711113456724,0.32354711113456724
2025-01-07 17:00:00+09:00,0.060877555,0.101710349,0.02235564557363892,0.02235564557363892,0.213813176,0.07570596560227966,0.07570596560227966
2025-01-07 18:00:00+09:00,0.003712259,0.060877555,0.018426162140779495,0.018426162140779495,0.138087612,0.009925764408599852,0.009925764408599852
2025-01-07 19:00:00+09:00,0.0,0.003712259,0.0,0.0,0.101710349,0.0,0.0
2025-01-07 20:00:00+09:00,0.0,0.0,0.0,0.0,0.060877555,0.0,0.0
2025-01-07 21:00:00+09:00,0.0,0.0,0.004079765174537897,0.004079765174537897,0.003712259,0.0,0.0
2025-01-07 22:00:00+09:00,0.0,0.0,0.004770586732774973,0.004770586732774973,0.0,0.0031557101756334305,0.0031557101756334305
2025-01-07 23:00:00+09:00,0.0,0.0,0.004770586732774973,0.004770586732774973,0.0,0.022660119459033012,0.022660119459033012
2025-01-08 00:00:00+09:00,0.0,0.0,0.0,0.0,0.0,0.0,0.0
2025-01-08 01:00:00+09:00,0.0,0.0,0.0,0.0,0.0,0.0,0.0
2025-01-08 02:00:00+09:00,0.0,0.0,0.0,0.0,0.0,0.0,0.0
2025-01-08 03:00:00+09:00,0.0,0.0,0.0,0.0,0.0,0.0,0.0
2025-01-08 04:00:00+09:00,0.0,0.0,0.0,0.0,0.0,0.0,0.0
2025-01-08 05:00:00+09:00,0.0,0.0,0.0,0.0,0.0,0.0,0.0
2025-01-08 06:00:00+09:00,0.0,0.0,0.0,0.0,0.0,0.0,0.0
2025-01-08 07:00:00+09:00,0.0,0.0,0.02248341776430607,0.02248341776430607,0.0,0.01750962994992733,0.01750962994992733
2025-01-08 08:00:00+09:00,0.002226739,0.0,0.05717021971940994,0.05717021971940994,0.0,0.008431176654994488,0.008431176654994488
2025-01-08 09:00:00+09:00,0.079437823,0.002226739,0.11765491850248719,0.11765491850248719,0.0,0.24203409254550934,0.24203409254550934
2025-01-08 10:00:00+09:00,0.216783188,0.079437823,0.12870760724191477,0.12870760724191477,0.0,0.20111572742462158,0.20111572742462158
2025-01-08 11:00:00+09:00,0.358583059,0.216783188,0.26449521602658077,0.26449521602658077,0.002226739,0.20140762514940644,0.20140762514940644
2025-01-08 12:00:00+09:00,0.425399612,0.358583059,0.3974544143547859,0.3974544143547859,0.079437823,0.2498497375870209,0.2498497375870209
2025-01-08 13:00:00+09:00,0.444703153,0.425399612,0.41029689676852177,0.41029689676852177,0.216783188,0.2922552299645309,0.2922552299645309
2025-01-08 14:00:00+09:00,0.461035655,0.444703153,0.4322894370563059,0.4322894370563059,0.358583059,0.43944064139030836,0.43944064139030836
2025-01-08 15:00:00+09:00,0.228662211,0.461035655,0.35013586387851714,0.35013586387851714,0.425399612,0.3597589240574951,0.3597589240574951
2025-01-08 16:00:00+09:00,0.081664562,0.228662211,0.16110250681546784,0.16110250681546784,0.444703153,0.3505908536173134,0.3505908536173134
2025-01-08 17:00:00+09:00,0.0452873,0.081664562,0.0,0.0,0.461035655,0.26320792839744567,0.26320792839744567
2025-01-08 18:00:00+09:00,0.005938998,0.0452873,0.0,0.0,0.228662211,0.0,0.0
2025-01-08 19:00:00+09:00,0.0,0.005938998,0.0,0.0,0.081664562,0.0,0.0
2025-01-08 20:00:00+09:00,0.0,0.0,0.0,0.0,0.0452873,0.0,0.0
2025-01-08 21:00:00+09:00,0.0,0.0,0.0,0.0,0.005938998,0.0,0.0
2025-01-08 22:00:00+09:00,0.0,0.0,0.0,0.0,0.0,0.0,0.0
2025-01-08 23:00:00+09:00,0.0,0.0,0.0,0.0,0.0,0.0,0.0
2025-01-09 00:00:00+09:00,0.0,0.0,0.0005077158566564322,0.0005077158566564322,0.0,0.001400443841703236,0.001400443841703236
2025-01-09 01:00:00+09:00,0.0,0.0,0.0005077158566564322,0.0005077158566564322,0.0,0.001400443841703236,0.001400443841703236
2025-01-09 02:00:00+09:00,0.0,0.0,0.0005077158566564322,0.0005077158566564322,0.0,0.001400443841703236,0.001400443841703236
2025-01-09 03:00:00+09:00,0.0,0.0,0.0005077158566564322,0.0005077158566564322,0.0,0.001400443841703236,0.001400443841703236
2025-01-09 04:00:00+09:00,0.0,0.0,0.0005077158566564322,0.0005077158566564322,0.0,0.001400443841703236,0.001400443841703236
2025-01-09 05:00:00+09:00,0.0,0.0,0.0005077158566564322,0.0005077158566564322,0.0,0.001400443841703236,0.001400443841703236
2025-01-09 06:00:00+09:00,0.0,0.0,0.00031330244382843375,0.00031330244382843375,0.0,7.431963604176417e-05,7.431963604176417e-05
2025-01-09 07:00:00+09:00,0.0,0.0,0.024175256490707397,0.024175256490707397,0.0,0.022600846365094185,0.022600846365094185
2025-01-09 08:00:00+09:00,0.002226739,0.0,0.07482393831014633,0.07482393831014633,0.0,0.13795778155326843,0.13795778155326843
2025-01-09 09:00:00+09:00,0.078695576,0.002226739,0.09939942396751786,0.09939942396751786,0.0,0.26078855991363525,0.26078855991363525
2025-01-09 10:00:00+09:00,0.229404458,0.078695576,0.2049959407327423,0.2049959407327423,0.0,0.31450405716896057,0.31450405716896057
2025-01-09 11:00:00+09:00,0.377885573,0.229404458,0.2903831761019783,0.2903831761019783,0.002226739,0.275838582585968,0.275838582585968
2025-01-09 12:00:00+09:00,0.468460172,0.377885573,0.411777247131155,0.411777247131155,0.078695576,0.30785941641309356,0.30785941641309356
2025-01-09 13:00:00+09:00,0.395703594,0.468460172,0.5173389050687046,0.5173389050687046,0.229404458,0.4609974112051086,0.4609974112051086
2025-01-09 14:00:00+09:00,0.293994271,0.395703594,0.357437147558588,0.357437147558588,0.377885573,0.42074173727659986,0.42074173727659986
2025-01-09 15:00:00+09:00,0.350417321,0.293994271,0.22253530546006772,0.22253530546006772,0.468460172,0.42921449947602464,0.42921449947602464
2025-01-09 16:00:00+09:00,0.206389685,0.350417321,0.2770130684708557,0.2770130684708557,0.395703594,0.29395585766519927,0.29395585766519927
2025-01-09 17:00:00+09:00,0.109876087,0.206389685,0.08112708183628081,0.08112708183628081,0.293994271,0.09694355054673764,0.09694355054673764
2025-01-09 18:00:00+09:00,0.006681245,0.109876087,0.0,0.0,0.350417321,0.03568092492570496,0.03568092492570496
2025-01-09 19:00:00+09:00,0.0,0.006681245,0.0,0.0,0.206389685,0.0,0.0
2025-01-09 20:00:00+09:00,0.0,0.0,0.0,0.0,0.109876087,0.0,0.0
2025-01-09 21:00:00+09:00,0.0,0.0,0.0,0.0,0.006681245,0.0,0.0
2025-01-09 22:00:00+09:00,0.0,0.0,0.0,0.0,0.0,0.0,0.0
2025-01-09 23:00:00+09:00,0.0,0.0,0.0,0.0,0.0,0.0,0.0
2025-01-10 00:00:00+09:00,0.0,0.0,0.00010028106044046581,0.00010028106044046581,0.0,0.0004019767511636019,0.0004019767511636019
2025-01-10 01:00:00+09:00,0.0,0.0,0.00010028106044046581,0.00010028106044046581,0.0,0.0004019767511636019,0.0004019767511636019
2025-01-10 02:00:00+09:00,0.0,0.0,0.00010028106044046581,0.00010028106044046581,0.0,0.0004019767511636019,0.0004019767511636019
2025-01-10 03:00:00+09:00,0.0,0.0,0.00010028106044046581,0.00010028106044046581,0.0,0.0004019767511636019,0.0004019767511636019
2025-01-10 04:00:00+09:00,0.0,0.0,0.00010028106044046581,0.00010028106044046581,0.0,0.0004019767511636019,0.0004019767511636019
2025-01-10 05:00:00+09:00,0.0,0.0,0.00010028106044046581,0.00010028106044046581,0.0,0.0004019767511636019,0.0004019767511636019
2025-01-10 06:00:00+09:00,0.0,0.0,4.917444312013686e-05,4.917444312013686e-05,0.0,0.0,0.0
2025-01-10 07:00:00+09:00,0.0,0.0,0.02320602536201477,0.02320602536201477,0.0,0.022499393671751022,0.022499393671751022
2025-01-10 08:00:00+09:00,0.002226739,0.0,0.06972352415323257,0.06972352415323257,0.0,0.11981155723333359,0.11981155723333359
2025-01-10 09:00:00+09:00,0.079437823,0.002226739,0.09456048793665314,0.09456048793665314,0.0,0.23914018273353577,0.23914018273353577
2025-01-10 10:00:00+09:00,0.236827949,0.079437823,0.1943985605264168,0.1943985605264168,0.0,0.28181320428848267,0.28181320428848267
2025-01-10 11:00:00+09:00,0.388280103,0.236827949,0.3115018996721497,0.3115018996721497,0.002226739,0.2957631636368408,0.2957631636368408
2025-01-10 12:00:00+09:00,0.478853676,0.388280103,0.4824730176647453,0.4824730176647453,0.079437823,0.43695941657070925,0.43695941657070925
2025-01-10 13:00:00+09:00,0.505580708,0.478853676,0.4869208498833189,0.4869208498833189,0.236827949,0.3270161393409958,0.3270161393409958
2025-01-10 14:00:00+09:00,0.468460172,0.505580708,0.544696803751524,0.544696803751524,0.388280103,0.5574400518258362,0.5574400518258362
2025-01-10 15:00:00+09:00,0.367492069,0.468460172,0.42077107686049653,0.42077107686049653,0.478853676,0.44211600674069024,0.44211600674069024
2025-01-10 16:00:00+09:00,0.234601209,0.367492069,0.2703368183910789,0.2703368183910789,0.505580708,0.36539468130760955,0.36539468130760955
2025-01-10 17:00:00+09:00,0.09799809,0.234601209,0.15205789549673462,0.15205789549673462,0.468460172,0.24306967813021851,0.24306967813021851
2025-01-10 18:00:00+09:00,0.006681245,0.09799809,0.0,0.0,0.367492069,0.019911397689575172,0.019911397689575172
2025-01-10 19:00:00+09:00,0.0,0.006681245,0.0,0.0,0.234601209,0.0,0.0
2025-01-10 20:00:00+09:00,0.0,0.0,0.0,0.0,0.09799809,0.0,0.0
2025-01-10 21:00:00+09:00,0.0,0.0,0.0002893940545618534,0.0002893940545618534,0.006681245,0.0,0.0
2025-01-10 22:00:00+09:00,0.0,0.0,0.0008124064770527184,0.0008124064770527184,0.0,0.0,0.0
2025-01-10 23:00:00+09:00,0.0,0.0,0.0008124064770527184,0.0008124064770527184,0.0,0.0028157844208180904,0.0028157844208180904
2025-01-11 00:00:00+09:00,0.0,0.0,0.0,0.0,0.0,0.0,0.0
2025-01-11 01:00:00+09:00,0.0,0.0,0.0,0.0,0.0,0.0,0.0
2025-01-11 02:00:00+09:00,0.0,0.0,0.0,0.0,0.0,0.0,0.0
2025-01-11 03:00:00+09:00,0.0,0.0,0.0,0.0,0.0,0.0,0.0
2025-01-11 04:00:00+09:00,0.0,0.0,0.0,0.0,0.0,0.0,0.0
2025-01-11 05:00:00+09:00,0.0,0.0,0.0,0.0,0.0,0.0,0.0
2025-01-11 06:00:00+09:00,0.0,0.0,0.0,0.0,0.0,0.0,0.0
2025-01-11 07:00:00+09:00,0.0,0.0,0.021729690954089165,0.021729690954089165,0.0,0.021262746304273605,0.021262746304273605
2025-01-11 08:00:00+09:00,0.002970012,0.0,0.06034933403134346,0.06034933403134346,0.0,0.10654480755329132,0.10654480755329132
2025-01-11 09:00:00+09:00,0.080922316,0.002970012,0.08112949328700256,0.08112949328700256,0.0,0.1923964023590088,0.1923964023590088
2025-01-11 10:00:00+09:00,0.228662211,0.080922316,0.17955499438954925,0.17955499438954925,0.0,0.23428259789943695,0.23428259789943695
2025-01-11 11:00:00+09:00,0.374174341,0.228662211,0.26285757452157593,0.26285757452157593,0.002970012,0.24126583533564758,0.24126583533564758
2025-01-11 12:00:00+09:00,0.466974653,0.374174341,0.4395185703405533,0.4395185703405533,0.080922316,0.3283362641782913,0.3283362641782913
2025-01-11 13:00:00+09:00,0.491474945,0.466974653,0.47849201194382,0.47849201194382,0.228662211,0.41917515128759003,0.41917515128759003
2025-01-11 14:00:00+09:00,0.45286889,0.491474945,0.5304722524197769,0.5304722524197769,0.374174341,0.49425098989097216,0.49425098989097216
2025-01-11 15:00:00+09:00,0.324432536,0.45286889,0.4177330173379326,0.4177330173379326,0.466974653,0.3994880166593819,0.3994880166593819
2025-01-11 16:00:00+09:00,0.167784656,0.324432536,0.2248691906869278,0.2248691906869278,0.491474945,0.3192574567111206,0.3192574567111206
2025-01-11 17:00:00+09:00,0.058649789,0.167784656,0.08119157941327668,0.08119157941327668,0.45286889,0.2837347350841904,0.2837347350841904
2025-01-11 18:00:00+09:00,0.002226739,0.058649789,0.0,0.0,0.324432536,0.023861511582122796,0.023861511582122796
2025-01-11 19:00:00+09:00,0.0,0.002226739,0.0,0.0,0.167784656,0.0,0.0
2025-01-11 20:00:00+09:00,0.0,0.0,0.0,0.0,0.058649789,0.0,0.0
2025-01-11 21:00:00+09:00,0.0,0.0,0.001444439752958715,0.001444439752958715,0.002226739,0.0,0.0
2025-01-11 22:00:00+09:00,0.0,0.0,0.001967452932149172,0.001967452932149172,0.0,0.0,0.0
2025-01-11 23:00:00+09:00,0.0,0.0,0.001967452932149172,0.001967452932149172,0.0,0.00564777385443449,0.00564777385443449
2025-01-12 00:00:00+09:00,0.0,0.0,0.00046919664600864053,0.00046919664600864053,0.0,0.0011268154485151172,0.0011268154485151172
2025-01-12 01:00:00+09:00,0.0,0.0,0.00046919664600864053,0.00046919664600864053,0.0,0.0011268154485151172,0.0011268154485151172
2025-01-12 02:00:00+09:00,0.0,0.0,0.00046919664600864053,0.00046919664600864053,0.0,0.0011268154485151172,0.0011268154485151172
2025-01-12 03:00:00+09:00,0.0,0.0,0.00046919664600864053,0.00046919664600864053,0.0,0.0011268154485151172,0.0011268154485151172
2025-01-12 04:00:00+09:00,0.0,0.0,0.00046919664600864053,0.00046919664600864053,0.0,0.0011268154485151172,0.0011268154485151172
2025-01-12 05:00:00+09:00,0.0,0.0,0.00046919664600864053,0.00046919664600864053,0.0,0.0011268154485151172,0.0011268154485151172
2025-01-12 06:00:00+09:00,0.0,0.0,0.0005116335232742131,0.0005116335232742131,0.0,0.0015473495004698634,0.0015473495004698634
2025-01-12 07:00:00+09:00,0.0,0.0,0.027198484167456627,0.027198484167456627,0.0,0.025518236681818962,0.025518236681818962
2025-01-12 08:00:00+09:00,0.002970012,0.0,0.06942346692085266,0.06942346692085266,0.0,0.06475599110126495,0.06475599110126495
2025-01-12 09:00:00+09:00,0.080180069,0.002970012,0.1401826013831253,0.1401826013831253,0.0,0.2855072021484375,0.2855072021484375
2025-01-12 10:00:00+09:00,0.227918938,0.080180069,0.21410976865934755,0.21410976865934755,0.0,0.30897581577301025,0.30897581577301025
2025-01-12 11:00:00+09:00,0.374916587,0.227918938,0.2706521192679767,0.2706521192679767,0.002970012,0.2583632488755341,0.2583632488755341
2025-01-12 12:00:00+09:00,0.456581149,0.374916587,0.4505505449820633,0.4505505449820633,0.080180069,0.3614889285867157,0.3614889285867157
2025-01-12 13:00:00+09:00,0.483308181,0.456581149,0.4440958311141243,0.4440958311141243,0.227918938,0.4199303688595657,0.4199303688595657
2025-01-12 14:00:00+09:00,0.45286889,0.483308181,0.41832256300473786,0.41832256300473786,0.374916587,0.428133938436615,0.428133938436615
2025-01-12 15:00:00+09:00,0.359325305,0.45286889,0.3470741398459816,0.3470741398459816,0.456581149,0.3067771827162018,0.3067771827162018
2025-01-12 16:00:00+09:00,0.228662211,0.359325305,0.27096442915504454,0.27096442915504454,0.483308181,0.2789385615112839,0.2789385615112839
2025-01-12 17:00:00+09:00,0.099482583,0.228662211,0.09689519137052155,0.09689519137052155,0.45286889,0.19798449797691348,0.19798449797691348
2025-01-12 18:00:00+09:00,0.007424518,0.099482583,0.01680675347023773,0.01680675347023773,0.359325305,0.1283161494881439,0.1283161494881439
2025-01-12 19:00:00+09:00,0.0,0.007424518,0.0,0.0,0.228662211,0.0,0.0
2025-01-12 20:00:00+09:00,0.0,0.0,0.0,0.0,0.099482583,0.0,0.0
2025-01-12 21:00:00+09:00,0.0,0.0,0.0,0.0,0.007424518,0.0,0.0
2025-01-12 22:00:00+09:00,0.0,0.0,0.0,0.0,0.0,0.0,0.0
2025-01-12 23:00:00+09:00,0.0,0.0,0.0,0.0,0.0,0.0,0.0
2025-01-13 00:00:00+09:00,0.0,0.0,0.00023431330919265747,0.00023431330919265747,0.0,0.00036047722096554935,0.00036047722096554935
2025-01-13 01:00:00+09:00,0.0,0.0,0.00023431330919265747,0.00023431330919265747,0.0,0.00036047722096554935,0.00036047722096554935
2025-01-13 02:00:00+09:00,0.0,0.0,0.00023431330919265747,0.00023431330919265747,0.0,0.00036047722096554935,0.00036047722096554935
2025-01-13 03:00:00+09:00,0.0,0.0,0.00023431330919265747,0.00023431330919265747,0.0,0.00036047722096554935,0.00036047722096554935
2025-01-13 04:00:00+09:00,0.0,0.0,0.00023431330919265747,0.00023431330919265747,0.0,0.00036047722096554935,0.00036047722096554935
2025-01-13 05:00:00+09:00,0.0,0.0,0.00023431330919265747,0.00023431330919265747,0.0,0.00036047722096554935,0.00036047722096554935
2025-01-13 06:00:00+09:00,0.0,0.0,0.0004553886246867478,0.0004553886246867478,0.0,0.0,0.0
2025-01-13 07:00:00+09:00,0.0,0.0,0.013320459052920341,0.013320459052920341,0.0,0.006033738609403372,0.006033738609403372
2025-01-13 08:00:00+09:00,0.002970012,0.0,0.054140716791152954,0.054140716791152954,0.0,0.05290181562304497,0.05290181562304497
2025-01-13 09:00:00+09:00,0.079437823,0.002970012,0.11950729983130645,0.11950729983130645,0.0,0.251546710729599,0.251546710729599
2025-01-13 10:00:00+09:00,0.22197994,0.079437823,0.22681301921849062,0.22681301921849062,0.0,0.3091011047363281,0.3091011047363281
2025-01-13 11:00:00+09:00,0.377885573,0.22197994,0.3220431373147392,0.3220431373147392,0.002970012,0.31363183455744936,0.31363183455744936
2025-01-13 12:00:00+09:00,0.467716899,0.377885573,0.4159084823134403,0.4159084823134403,0.079437823,0.29935713202004244,0.29935713202004244
2025-01-13 13:00:00+09:00,0.489247179,0.467716899,0.46839366078878175,0.46839366078878175,0.22197994,0.3503022283939743,0.3503022283939743
2025-01-13 14:00:00+09:00,0.451384397,0.489247179,0.4712444808020391,0.4712444808020391,0.377885573,0.348238401502655,0.348238401502655
2025-01-13 15:00:00+09:00,0.360810825,0.451384397,0.38386045560233306,0.38386045560233306,0.467716899,0.38279779651005175,0.38279779651005175
2025-01-13 16:00:00+09:00,0.227176692,0.360810825,0.25037709004659653,0.25037709004659653,0.489247179,0.29217953082762144,0.29217953082762144
2025-01-13 17:00:00+09:00,0.095028078,0.227176692,0.11862265657481386,0.11862265657481386,0.451384397,0.2609256224333496,0.2609256224333496
2025-01-13 18:00:00+09:00,0.007424518,0.095028078,0.0,0.0,0.360810825,0.13698587692756653,0.13698587692756653
2025-01-13 19:00:00+09:00,0.0,0.007424518,0.0,0.0,0.227176692,0.0,0.0
2025-01-13 20:00:00+09:00,0.0,0.0,0.0,0.0,0.095028078,0.0,0.0
2025-01-13 21:00:00+09:00,0.0,0.0,0.0,0.0,0.007424518,0.0,0.0
2025-01-13 22:00:00+09:00,0.0,0.0,0.0,0.0,0.0,0.0,0.0
2025-01-13 23:00:00+09:00,0.0,0.0,0.0,0.0,0.0,0.0,0.0
2025-01-14 00:00:00+09:00,0.0,0.0,0.0,0.0,0.0,0.0,0.0
2025-01-14 01:00:00+09:00,0.0,0.0,0.0,0.0,0.0,0.0,0.0
2025-01-14 02:00:00+09:00,0.0,0.0,0.0,0.0,0.0,0.0,0.0
2025-01-14 03:00:00+09:00,0.0,0.0,0.0,0.0,0.0,0.0,0.0
2025-01-14 04:00:00+09:00,0.0,0.0,0.0,0.0,0.0,0.0,0.0
2025-01-14 05:00:00+09:00,0.0,0.0,0.0,0.0,0.0,0.0,0.0
2025-01-14 06:00:00+09:00,0.0,0.0,0.0,0.0,0.0,0.0,0.0
2025-01-14 07:00:00+09:00,0.0,0.0,0.012111610732972622,0.012111610732972622,0.0,0.007639830466359854,0.007639830466359854
2025-01-14 08:00:00+09:00,0.002970012,0.0,0.03579676151275635,0.03579676151275635,0.0,0.0,0.0
2025-01-14 09:00:00+09:00,0.069786566,0.002970012,0.06916523175517272,0.06916523175517272,0.0,0.174356609582901,0.174356609582901
2025-01-14 10:00:00+09:00,0.195996181,0.069786566,0.13899963597537612,0.13899963597537612,0.0,0.18548843264579773,0.18548843264579773
2025-01-14 11:00:00+09:00,0.320720277,0.195996181,0.27943644754958724,0.27943644754958724,0.002970012,0.23104495005885314,0.23104495005885314
2025-01-14 12:00:00+09:00,0.404612605,0.320720277,0.3794997476225395,0.3794997476225395,0.069786566,0.2843226964283142,0.2843226964283142
2025-01-14 13:00:00+09:00,0.374174341,0.404612605,0.3993672686685729,0.3993672686685729,0.195996181,0.33406555734944915,0.33406555734944915
2025-01-14 14:00:00+09:00,0.394219101,0.374174341,0.3062463620671425,0.3062463620671425,0.320720277,0.25349039511733246,0.25349039511733246
2025-01-14 15:00:00+09:00,0.314039032,0.394219101,0.33678392745869257,0.33678392745869257,0.404612605,0.2484314483647156,0.2484314483647156
2025-01-14 16:00:00+09:00,0.201935179,0.314039032,0.2298446325835533,0.2298446325835533,0.374174341,0.17482744101373293,0.17482744101373293
2025-01-14 17:00:00+09:00,0.084634575,0.201935179,0.12510800308475875,0.12510800308475875,0.394219101,0.27538476191775896,0.27538476191775896
2025-01-14 18:00:00+09:00,0.007424518,0.084634575,0.04170329769511223,0.04170329769511223,0.314039032,0.23854954077571106,0.23854954077571106
2025-01-14 19:00:00+09:00,0.0,0.007424518,0.0,0.0,0.201935179,0.029515586261848442,0.029515586261848442
2025-01-14 20:00:00+09:00,0.0,0.0,0.0,0.0,0.084634575,0.005964326610755924,0.005964326610755924
2025-01-14 21:00:00+09:00,0.0,0.0,0.004079765174537897,0.004079765174537897,0.007424518,0.0,0.0
2025-01-14 22:00:00+09:00,0.0,0.0,0.004770586732774973,0.004770586732774973,0.0,0.0031557101756334305,0.0031557101756334305
2025-01-14 23:00:00+09:00,0.0,0.0,0.004770586732774973,0.004770586732774973,0.0,0.022660119459033012,0.022660119459033012
2025-01-15 00:00:00+09:00,0.0,0.0,0.0,0.0,0.0,0.0,0.0
2025-01-15 01:00:00+09:00,0.0,0.0,0.0,0.0,0.0,0.0,0.0
2025-01-15 02:00:00+09:00,0.0,0.0,0.0,0.0,0.0,0.0,0.0
2025-01-15 03:00:00+09:00,0.0,0.0,0.0,0.0,0.0,0.0,0.0
2025-01-15 04:00:00+09:00,0.0,0.0,0.0,0.0,0.0,0.0,0.0
2025-01-15 05:00:00+09:00,0.0,0.0,0.0,0.0,0.0,0.0,0.0
2025-01-15 06:00:00+09:00,0.0,0.0,0.0,0.0,0.0,0.0,0.0
2025-01-15 07:00:00+09:00,0.0,0.0,0.02248341776430607,0.02248341776430607,0.0,0.01750962994992733,0.01750962994992733
2025-01-15 08:00:00+09:00,0.001484493,0.0,0.05717021971940994,0.05717021971940994,0.0,0.008431176654994488,0.008431176654994488
2025-01-15 09:00:00+09:00,0.079437823,0.001484493,0.11339034347006607,0.11339034347006607,0.0,0.21479354798793793,0.21479354798793793
2025-01-15 10:00:00+09:00,0.233858963,0.079437823,0.20211982071642687,0.20211982071642687,0.0,0.2622676491737366,0.2622676491737366
2025-01-15 11:00:00+09:00,0.389764596,0.233858963,0.3458291045300369,0.3458291045300369,0.001484493,0.16425744651028443,0.16425744651028443
2025-01-15 12:00:00+09:00,0.484050428,0.389764596,0.42847926191954233,0.42847926191954233,0.079437823,0.2066005179310303,0.2066005179310303
2025-01-15 13:00:00+09:00,0.510034186,0.484050428,0.4992712721868424,0.4992712721868424,0.233858963,0.3731779656283264,0.3731779656283264
2025-01-15 14:00:00+09:00,0.478853676,0.510034186,0.5200701925698623,0.5200701925698623,0.389764596,0.42873862780599215,0.42873862780599215
2025-01-15 15:00:00+09:00,0.384567844,0.478853676,0.4420671123055229,0.4420671123055229,0.484050428,0.35832629117062376,0.35832629117062376
2025-01-15 16:00:00+09:00,0.244994713,0.384567844,0.28992349865688705,0.28992349865688705,0.510034186,0.3965917128864631,0.3965917128864631
2025-01-15 17:00:00+09:00,0.106907101,0.244994713,0.15402960591667939,0.15402960591667939,0.478853676,0.2559946957019577,0.2559946957019577
2025-01-15 18:00:00+09:00,0.009651257,0.106907101,0.01631195249621964,0.01631195249621964,0.384567844,0.16276957305921935,0.16276957305921935
2025-01-15 19:00:00+09:00,0.0,0.009651257,0.0,0.0,0.244994713,0.0,0.0
2025-01-15 20:00:00+09:00,0.0,0.0,0.0,0.0,0.106907101,0.0,0.0
2025-01-15 21:00:00+09:00,0.0,0.0,0.0,0.0,0.009651257,0.0,0.0
2025-01-15 22:00:00+09:00,0.0,0.0,0.0,0.0,0.0,0.0,0.0
2025-01-15 23:00:00+09:00,0.0,0.0,0.0,0.0,0.0,0.0,0.0
2025-01-16 00:00:00+09:00,0.0,0.0,0.0005077158566564322,0.0005077158566564322,0.0,0.001400443841703236,0.001400443841703236
2025-01-16 01:00:00+09:00,0.0,0.0,0.0005077158566564322,0.0005077158566564322,0.0,0.001400443841703236,0.001400443841703236
2025-01-16 02:00:00+09:00,0.0,0.0,0.0005077158566564322,0.0005077158566564322,0.0,0.001400443841703236,0.001400443841703236
2025-01-16 03:00:00+09:00,0.0,0.0,0.0005077158566564322,0.0005077158566564322,0.0,0.001400443841703236,0.001400443841703236
2025-01-16 04:00:00+09:00,0.0,0.0,0.0005077158566564322,0.0005077158566564322,0.0,0.001400443841703236,0.001400443841703236
2025-01-16 05:00:00+09:00,0.0,0.0,0.0005077158566564322,0.0005077158566564322,0.0,0.001400443841703236,0.001400443841703236
2025-01-16 06:00:00+09:00,0.0,0.0,0.00031330244382843375,0.00031330244382843375,0.0,7.431963604176417e-05,7.431963604176417e-05
2025-01-16 07:00:00+09:00,0.0,0.0,0.024175256490707397,0.024175256490707397,0.0,0.022600846365094185,0.022600846365094185
2025-01-16 08:00:00+09:00,0.002226739,0.0,0.07476137578487396,0.07476137578487396,0.0,0.11588943749666214,0.11588943749666214
2025-01-16 09:00:00+09:00,0.082407835,0.002226739,0.09939942396751786,0.09939942396751786,0.0,0.26078855991363525,0.26078855991363525
2025-01-16 10:00:00+09:00,0.204161919,0.082407835,0.20729440736099242,0.20729440736099242,0.0,0.2963050305843353,0.2963050305843353
2025-01-16 11:00:00+09:00,0.287312,0.204161919,0.2577065222881737,0.2577065222881737,0.002226739,0.31244355327955625,0.31244355327955625
2025-01-16 12:00:00+09:00,0.461777901,0.287312,0.3411121619279385,0.3411121619279385,0.082407835,0.33270001696868895,0.33270001696868895
2025-01-16 13:00:00+09:00,0.501868449,0.461777901,0.4587107297988901,0.4587107297988901,0.204161919,0.4017749496720734,0.4017749496720734
2025-01-16 14:00:00+09:00,0.464747913,0.501868449,0.5001835045053726,0.5001835045053726,0.287312,0.3525803973312378,0.3525803973312378
2025-01-16 15:00:00+09:00,0.368976562,0.464747913,0.40021771174372484,0.40021771174372484,0.461777901,0.35728629464528655,0.35728629464528655
2025-01-16 16:00:00+09:00,0.233858963,0.368976562,0.2381382721430893,0.2381382721430893,0.501868449,0.24113088085997014,0.24113088085997014
2025-01-16 17:00:00+09:00,0.103937089,0.233858963,0.11289315437001038,0.11289315437001038,0.464747913,0.1523111833304291,0.1523111833304291
2025-01-16 18:00:00+09:00,0.009651257,0.103937089,0.0,0.0,0.368976562,0.06027635810443116,0.06027635810443116
2025-01-16 19:00:00+09:00,0.0,0.009651257,0.0,0.0,0.233858963,0.0,0.0
2025-01-16 20:00:00+09:00,0.0,0.0,0.0,0.0,0.103937089,0.0,0.0
2025-01-16 21:00:00+09:00,0.0,0.0,0.0,0.0,0.009651257,0.0,0.0
2025-01-16 22:00:00+09:00,0.0,0.0,0.0,0.0,0.0,0.0,0.0
2025-01-16 23:00:00+09:00,0.0,0.0,0.0,0.0,0.0,0.0,0.0
2025-01-17 00:00:00+09:00,0.0,0.0,0.00010028106044046581,0.00010028106044046581,0.0,0.0004019767511636019,0.0004019767511636019
2025-01-17 01:00:00+09:00,0.0,0.0,0.00010028106044046581,0.00010028106044046581,0.0,0.0004019767511636019,0.0004019767511636019
2025-01-17 02:00:00+09:00,0.0,0.0,0.00010028106044046581,0.00010028106044046581,0.0,0.0004019767511636019,0.0004019767511636019
2025-01-17 03:00:00+09:00,0.0,0.0,0.00010028106044046581,0.00010028106044046581,0.0,0.0004019767511636019,0.0004019767511636019
2025-01-17 04:00:00+09:00,0.0,0.0,0.00010028106044046581,0.00010028106044046581,0.0,0.0004019767511636019,0.0004019767511636019
2025-01-17 05:00:00+09:00,0.0,0.0,0.00010028106044046581,0.00010028106044046581,0.0,0.0004019767511636019,0.0004019767511636019
2025-01-17 06:00:00+09:00,0.0,0.0,4.917444312013686e-05,4.917444312013686e-05,0.0,0.0,0.0
2025-01-17 07:00:00+09:00,0.0,0.0,0.02320602536201477,0.02320602536201477,0.0,0.022499393671751022,0.022499393671751022
2025-01-17 08:00:00+09:00,0.002970012,0.0,0.06972352415323257,0.06972352415323257,0.0,0.11981155723333359,0.11981155723333359
2025-01-17 09:00:00+09:00,0.077210057,0.002970012,0.1414478440789337,0.1414478440789337,0.0,0.3076328635215759,0.3076328635215759
2025-01-17 10:00:00+09:00,0.213813176,0.077210057,0.20848450384505463,0.20848450384505463,0.0,0.3495754599571228,0.3495754599571228
2025-01-17 11:00:00+09:00,0.351901814,0.213813176,0.30567778422820663,0.30567778422820663,0.002970012,0.34102308945933535,0.34102308945933535
2025-01-17 12:00:00+09:00,0.432081883,0.351901814,0.40062445367990873,0.40062445367990873,0.077210057,0.36479182861216736,0.36479182861216736
2025-01-17 13:00:00+09:00,0.461777901,0.432081883,0.42197718021438885,0.42197718021438885,0.213813176,0.3910086207031021,0.3910086207031021
2025-01-17 14:00:00+09:00,0.434308623,0.461777901,0.4453748815717468,0.4453748815717468,0.351901814,0.4271240230959549,0.4271240230959549
2025-01-17 15:00:00+09:00,0.346705062,0.434308623,0.3678403320153694,0.3678403320153694,0.432081883,0.3627548489438133,0.3627548489438133
2025-01-17 16:00:00+09:00,0.221237693,0.346705062,0.2315312527696724,0.2315312527696724,0.461777901,0.2617913388671646,0.2617913388671646
2025-01-17 17:00:00+09:00,0.095770325,0.221237693,0.12747969107643892,0.12747969107643892,0.434308623,0.2157403128584366,0.2157403128584366
2025-01-17 18:00:00+09:00,0.009651257,0.095770325,0.003922778601360324,0.003922778601360324,0.346705062,0.10083761593505097,0.10083761593505097
2025-01-17 19:00:00+09:00,0.0,0.009651257,0.0,0.0,0.221237693,0.0,0.0
2025-01-17 20:00:00+09:00,0.0,0.0,0.0,0.0,0.095770325,0.0,0.0
2025-01-17 21:00:00+09:00,0.0,0.0,0.0002893940545618534,0.0002893940545618534,0.009651257,0.0,0.0
2025-01-17 22:00:00+09:00,0.0,0.0,0.0008124064770527184,0.0008124064770527184,0.0,0.0,0.0
2025-01-17 23:00:00+09:00,0.0,0.0,0.0008124064770527184,0.0008124064770527184,0.0,0.0028157844208180904,0.0028157844208180904
2025-01-18 00:00:00+09:00,0.0,0.0,0.0,0.0,0.0,0.0,0.0
2025-01-18 01:00:00+09:00,0.0,0.0,0.0,0.0,0.0,0.0,0.0
2025-01-18 02:00:00+09:00,0.0,0.0,0.0,0.0,0.0,0.0,0.0
2025-01-18 03:00:00+09:00,0.0,0.0,0.0,0.0,0.0,0.0,0.0
2025-01-18 04:00:00+09:00,0.0,0.0,0.0,0.0,0.0,0.0,0.0
2025-01-18 05:00:00+09:00,0.0,0.0,0.0,0.0,0.0,0.0,0.0
2025-01-18 06:00:00+09:00,0.0,0.0,0.0,0.0,0.0,0.0,0.0
2025-01-18 07:00:00+09:00,0.0,0.0,0.021729690954089165,0.021729690954089165,0.0,0.021262746304273605,0.021262746304273605
2025-01-18 08:00:00+09:00,0.002970012,0.0,0.056030530482530594,0.056030530482530594,0.0,0.040372710675001144,0.040372710675001144
2025-01-18 09:00:00+09:00,0.084634575,0.002970012,0.0733011384514923,0.0733011384514923,0.0,0.20570659637451172,0.20570659637451172
2025-01-18 10:00:00+09:00,0.228662211,0.084634575,0.20440074329633712,0.20440074329633712,0.0,0.25158894062042236,0.25158894062042236
2025-01-18 11:00:00+09:00,0.366749823,0.228662211,0.2959104138603554,0.2959104138603554,0.002970012,0.30005464153567507,0.30005464153567507
2025-01-18 12:00:00+09:00,0.453611137,0.366749823,0.4169002993960838,0.4169002993960838,0.084634575,0.26539393042583465,0.26539393042583465
2025-01-18 13:00:00+09:00,0.458065642,0.453611137,0.47740807722238254,0.47740807722238254,0.228662211,0.4111124905934677,0.4111124905934677
2025-01-18 14:00:00+09:00,0.400900346,0.458065642,0.42431935104803276,0.42431935104803276,0.366749823,0.33391317343311117,0.33391317343311117
2025-01-18 15:00:00+09:00,0.347447309,0.400900346,0.35821944918136217,0.35821944918136217,0.453611137,0.365966038432991,0.365966038432991
2025-01-18 16:00:00+09:00,0.203419672,0.347447309,0.2523162619299736,0.2523162619299736,0.458065642,0.2873117755659027,0.2873117755659027
2025-01-18 17:00:00+09:00,0.066816553,0.203419672,0.1143456340308876,0.1143456340308876,0.400900346,0.2230390876124344,0.2230390876124344
2025-01-18 18:00:00+09:00,0.008909011,0.066816553,0.0,0.0,0.347447309,0.16550523350904844,0.16550523350904844
2025-01-18 19:00:00+09:00,0.0,0.008909011,0.0,0.0,0.203419672,0.0,0.0
2025-01-18 20:00:00+09:00,0.0,0.0,0.0,0.0,0.066816553,0.0,0.0
2025-01-18 21:00:00+09:00,0.0,0.0,0.001444439752958715,0.001444439752958715,0.008909011,0.0,0.0
2025-01-18 22:00:00+09:00,0.0,0.0,0.001967452932149172,0.001967452932149172,0.0,0.0,0.0
2025-01-18 23:00:00+09:00,0.0,0.0,0.001967452932149172,0.001967452932149172,0.0,0.00564777385443449,0.00564777385443449
2025-01-19 00:00:00+09:00,0.0,0.0,0.00046919664600864053,0.00046919664600864053,0.0,0.0011268154485151172,0.0011268154485151172
2025-01-19 01:00:00+09:00,0.0,0.0,0.00046919664600864053,0.00046919664600864053,0.0,0.0011268154485151172,0.0011268154485151172
2025-01-19 02:00:00+09:00,0.0,0.0,0.00046919664600864053,0.00046919664600864053,0.0,0.0011268154485151172,0.0011268154485151172
2025-01-19 03:00:00+09:00,0.0,0.0,0.00046919664600864053,0.00046919664600864053,0.0,0.0011268154485151172,0.0011268154485151172
2025-01-19 04:00:00+09:00,0.0,0.0,0.00046919664600864053,0.00046919664600864053,0.0,0.0011268154485151172,0.0011268154485151172
2025-01-19 05:00:00+09:00,0.0,0.0,0.00046919664600864053,0.00046919664600864053,0.0,0.0011268154485151172,0.0011268154485151172
2025-01-19 06:00:00+09:00,0.0,0.0,0.0005116335232742131,0.0005116335232742131,0.0,0.0015473495004698634,0.0015473495004698634
2025-01-19 07:00:00+09:00,0.0,0.0,0.027198484167456627,0.027198484167456627,0.0,0.025518236681818962,0.025518236681818962
2025-01-19 08:00:00+09:00,0.002970012,0.0,0.06942346692085266,0.06942346692085266,0.0,0.06475599110126495,0.06475599110126495
2025-01-19 09:00:00+09:00,0.085376821,0.002970012,0.14412407772818756,0.14412407772818756,0.0,0.32910212874412537,0.32910212874412537
2025-01-19 10:00:00+09:00,0.224949952,0.085376821,0.21930652065934753,0.21930652065934753,0.0,0.30897581577301025,0.30897581577301025
2025-01-19 11:00:00+09:00,0.327402548,0.224949952,0.2762714026208897,0.2762714026208897,0.002970012,0.3044672627953644,0.3044672627953644
2025-01-19 12:00:00+09:00,0.371946575,0.327402548,0.3863685364572029,0.3863685364572029,0.085376821,0.37236183090867614,0.37236183090867614
2025-01-19 13:00:00+09:00,0.402385865,0.371946575,0.38079416832984686,0.38079416832984686,0.224949952,0.3830973913606186,0.3830973913606186
2025-01-19 14:00:00+09:00,0.403128112,0.402385865,0.3366464196116829,0.3366464196116829,0.327402548,0.30680067937054445,0.30680067937054445
2025-01-19 15:00:00+09:00,0.296963257,0.403128112,0.31670876060105513,0.31670876060105513,0.371946575,0.17215594823570252,0.17215594823570252
2025-01-19 16:00:00+09:00,0.236827949,0.296963257,0.1622961733789749,0.1622961733789749,0.402385865,0.16667266621898652,0.16667266621898652
2025-01-19 17:00:00+09:00,0.123981849,0.236827949,0.1404381784921875,0.1404381784921875,0.403128112,0.09939962093211363,0.09939962093211363
2025-01-19 18:00:00+09:00,0.014105762,0.123981849,0.018875599548362737,0.018875599548362737,0.296963257,0.06776091198638151,0.06776091198638151
2025-01-19 19:00:00+09:00,0.0,0.014105762,0.0,0.0,0.236827949,0.0,0.0
2025-01-19 20:00:00+09:00,0.0,0.0,0.0,0.0,0.123981849,0.0,0.0
2025-01-19 21:00:00+09:00,0.0,0.0,0.0,0.0,0.014105762,0.0,0.0
2025-01-19 22:00:00+09:00,0.0,0.0,0.0,0.0,0.0,0.0,0.0
2025-01-19 23:00:00+09:00,0.0,0.0,0.0,0.0,0.0,0.0,0.0
2025-01-20 00:00:00+09:00,0.0,0.0,0.00023431330919265747,0.00023431330919265747,0.0,0.00036047722096554935,0.00036047722096554935
2025-01-20 01:00:00+09:00,0.0,0.0,0.00023431330919265747,0.00023431330919265747,0.0,0.00036047722096554935,0.00036047722096554935
2025-01-20 02:00:00+09:00,0.0,0.0,0.00023431330919265747,0.00023431330919265747,0.0,0.00036047722096554935,0.00036047722096554935
2025-01-20 03:00:00+09:00,0.0,0.0,0.00023431330919265747,0.00023431330919265747,0.0,0.00036047722096554935,0.00036047722096554935
2025-01-20 04:00:00+09:00,0.0,0.0,0.00023431330919265747,0.00023431330919265747,0.0,0.00036047722096554935,0.00036047722096554935
2025-01-20 05:00:00+09:00,0.0,0.0,0.00023431330919265747,0.00023431330919265747,0.0,0.00036047722096554935,0.00036047722096554935
2025-01-20 06:00:00+09:00,0.0,0.0,0.0004553886246867478,0.0004553886246867478,0.0,0.0,0.0
2025-01-20 07:00:00+09:00,0.0,0.0,0.013320459052920341,0.013320459052920341,0.0,0.006033738609403372,0.006033738609403372
2025-01-20 08:00:00+09:00,0.002970012,0.0,0.054140716791152954,0.054140716791152954,0.0,0.05290181562304497,0.05290181562304497
2025-01-20 09:00:00+09:00,0.072013305,0.002970012,0.148354293873703,0.148354293873703,0.0,0.2861194312572479,0.2861194312572479
2025-01-20 10:00:00+09:00,,,,,,,
2025-01-20 11:00:00+09:00,,,,,,,
2025-01-20 12:00:00+09:00,,,,,,,
2025-01-20 13:00:00+09:00,,,,,,,
2025-01-20 14:00:00+09:00,,,,,,,
2025-01-20 15:00:00+09:00,,,,,,,
2025-01-20 16:00:00+09:00,,,,,,,
2025-01-20 17:00:00+09:00,,,,,,,
2025-01-20 18:00:00+09:00,,,,,,,
2025-01-20 19:00:00+09:00,,,,,,,
2025-01-20 20:00:00+09:00,,,,,,,
2025-01-20 21:00:00+09:00,,,,,,,
2025-01-20 22:00:00+09:00,,,,,,,
2025-01-20 23:00:00+09:00,,,,,,,
2025-01-21 00:00:00+09:00,,,,,,,
2025-01-21 01:00:00+09:00,,,,,,,
2025-01-21 02:00:00+09:00,,,,,,,
2025-01-21 03:00:00+09:00,,,,,,,
2025-01-21 04:00:00+09:00,,,,,,,
2025-01-21 05:00:00+09:00,,,,,,,
2025-01-21 06:00:00+09:00,,,,,,,
2025-01-21 07:00:00+09:00,,,,,,,
2025-01-21 08:00:00+09:00,,,,,,,
2025-01-21 09:00:00+09:00,,,,,,,
2025-01-21 10:00:00+09:00,,,,,,,
2025-01-21 11:00:00+09:00,,,,,,,
2025-01-21 12:00:00+09:00,,,,,,,
2025-01-21 13:00:00+09:00,,,,,,,
2025-01-21 14:00:00+09:00,,,,,,,
2025-01-21 15:00:00+09:00,,,,,,,
2025-01-21 16:00:00+09:00,,,,,,,
2025-01-21 17:00:00+09:00,,,,,,,
2025-01-21 18:00:00+09:00,,,,,,,
2025-01-21 19:00:00+09:00,,,,,,,
2025-01-21 20:00:00+09:00,,,,,,,
2025-01-21 21:00:00+09:00,,,,,,,
2025-01-21 22:00:00+09:00,,,,,,,
2025-01-21 23:00:00+09:00,,,,,,,
2025-01-22 00:00:00+09:00,,,,,,,
2025-01-22 01:00:00+09:00,0.0,,,,,,
2025-01-22 02:00:00+09:00,0.0,,,,,,
2025-01-22 03:00:00+09:00,0.0,,,,,,
2025-01-22 04:00:00+09:00,0.0,,,,,,
2025-01-22 05:00:00+09:00,0.0,,,,,,
2025-01-22 06:00:00+09:00,0.0,,,,,,
2025-01-22 07:00:00+09:00,0.0,,,,,,
2025-01-22 08:00:00+09:00,0.004454505,,,,,,
2025-01-22 09:00:00+09:00,0.074241071,,,,,,
2025-01-22 10:00:00+09:00,0.201935179,,,,,,
2025-01-22 11:00:00+09:00,0.331857053,,,,,,
2025-01-22 12:00:00+09:00,0.400900346,,,,,,
2025-01-22 13:00:00+09:00,0.409809357,,,,,,
2025-01-22 14:00:00+09:00,0.383825598,,,,,,
2025-01-22 15:00:00+09:00,0.317008018,,,,,,
2025-01-22 16:00:00+09:00,0.210101943,,,,,,
2025-01-22 17:00:00+09:00,0.082407835,,,,,,
2025-01-22 18:00:00+09:00,0.005938998,,,,,,
2025-01-22 19:00:00+09:00,0.0,,,,,,
2025-01-22 20:00:00+09:00,0.0,,,,,,
2025-01-22 21:00:00+09:00,0.0,,,,,,
2025-01-22 22:00:00+09:00,0.0,,,,,,
2025-01-22 23:00:00+09:00,0.0,,,,,,
2025-01-23 00:00:00+09:00,0.0,,,,,,
2025-01-23 01:00:00+09:00,0.0,0.0,0.0005077158566564322,0.0005077158566564322,0.0,0.001400443841703236,0.001400443841703236
2025-01-23 02:00:00+09:00,0.0,0.0,0.0005077158566564322,0.0005077158566564322,0.0,0.001400443841703236,0.001400443841703236
2025-01-23 03:00:00+09:00,0.0,0.0,0.0005077158566564322,0.0005077158566564322,0.0,0.001400443841703236,0.001400443841703236
2025-01-23 04:00:00+09:00,0.0,0.0,0.0005077158566564322,0.0005077158566564322,0.0,0.001400443841703236,0.001400443841703236
2025-01-23 05:00:00+09:00,0.0,0.0,0.0005077158566564322,0.0005077158566564322,0.0,0.001400443841703236,0.001400443841703236
2025-01-23 06:00:00+09:00,0.0,0.0,0.00031330244382843375,0.00031330244382843375,0.0,7.431963604176417e-05,7.431963604176417e-05
2025-01-23 07:00:00+09:00,0.0,0.0,0.024175256490707397,0.024175256490707397,0.0,0.022600846365094185,0.022600846365094185
2025-01-23 08:00:00+09:00,0.002970012,0.0,0.06915188580751419,0.06915188580751419,0.0,0.11387959867715836,0.11387959867715836
2025-01-23 09:00:00+09:00,0.0675588,0.002970012,0.1428146083859558,0.1428146083859558,0.0,0.3220488727092743,0.3220488727092743
2025-01-23 10:00:00+09:00,0.167784656,0.0675588,0.20199507953529358,0.20199507953529358,0.0,0.3867063820362091,0.3867063820362091
2025-01-23 11:00:00+09:00,0.306614514,0.167784656,0.2889107191680489,0.2889107191680489,0.002970012,0.3050906379727478,0.3050906379727478
2025-01-23 12:00:00+09:00,0.403870358,0.306614514,0.3523521605201378,0.3523521605201378,0.0675588,0.299853299874115,0.299853299874115
2025-01-23 13:00:00+09:00,0.438763128,0.403870358,0.4255172264375286,0.4255172264375286,0.167784656,0.2762102359651146,0.2762102359651146
2025-01-23 14:00:00+09:00,0.410551603,0.438763128,0.4502619377921014,0.4502619377921014,0.306614514,0.3195505836300864,0.3195505836300864
2025-01-23 15:00:00+09:00,0.333341546,0.410551603,0.3708979143307953,0.3708979143307953,0.403870358,0.30172222001334,0.30172222001334
2025-01-23 16:00:00+09:00,0.223465459,0.333341546,0.1925734054455719,0.1925734054455719,0.438763128,0.25863546259949494,0.25863546259949494
2025-01-23 17:00:00+09:00,0.09799809,0.223465459,0.11916871513021851,0.11916871513021851,0.410551603,0.17679136530621337,0.17679136530621337
2025-01-23 18:00:00+09:00,0.01113575,0.09799809,0.0,0.0,0.333341546,0.018605149925704945,0.018605149925704945
2025-01-23 19:00:00+09:00,0.0,0.01113575,0.0,0.0,0.223465459,0.0,0.0
2025-01-23 20:00:00+09:00,0.0,0.0,0.0,0.0,0.09799809,0.0,0.0
2025-01-23 21:00:00+09:00,0.0,0.0,0.0,0.0,0.01113575,0.0,0.0
2025-01-23 22:00:00+09:00,0.0,0.0,0.0,0.0,0.0,0.0,0.0
2025-01-23 23:00:00+09:00,0.0,0.0,0.0,0.0,0.0,0.0,0.0
2025-01-24 00:00:00+09:00,0.0,0.0,0.00010028106044046581,0.00010028106044046581,0.0,0.0004019767511636019,0.0004019767511636019
2025-01-24 01:00:00+09:00,0.0,0.0,0.00010028106044046581,0.00010028106044046581,0.0,0.0004019767511636019,0.0004019767511636019
2025-01-24 02:00:00+09:00,0.0,0.0,0.00010028106044046581,0.00010028106044046581,0.0,0.0004019767511636019,0.0004019767511636019
2025-01-24 03:00:00+09:00,0.0,0.0,0.00010028106044046581,0.00010028106044046581,0.0,0.0004019767511636019,0.0004019767511636019
2025-01-24 04:00:00+09:00,0.0,0.0,0.00010028106044046581,0.00010028106044046581,0.0,0.0004019767511636019,0.0004019767511636019
2025-01-24 05:00:00+09:00,0.0,0.0,0.00010028106044046581,0.00010028106044046581,0.0,0.0004019767511636019,0.0004019767511636019
2025-01-24 06:00:00+09:00,0.0,0.0,4.917444312013686e-05,4.917444312013686e-05,0.0,0.0,0.0
2025-01-24 07:00:00+09:00,0.0,0.0,0.02320602536201477,0.02320602536201477,0.0,0.022499393671751022,0.022499393671751022
2025-01-24 08:00:00+09:00,0.002970012,0.0,0.06540476530790329,0.06540476530790329,0.0,0.04237331077456474,0.04237331077456474
2025-01-24 09:00:00+09:00,0.075725564,0.002970012,0.11124403225461196,0.11124403225461196,0.0,0.31849154829978943,0.31849154829978943
2025-01-24 10:00:00+09:00,0.21084419,0.075725564,0.19093603008686447,0.19093603008686447,0.0,0.27142441272735596,0.27142441272735596
2025-01-24 11:00:00+09:00,0.34150831,0.21084419,0.3283962320074463,0.3283962320074463,0.002970012,0.42059424715319826,0.42059424715319826
2025-01-24 12:00:00+09:00,0.423172873,0.34150831,0.38379794702917097,0.38379794702917097,0.075725564,0.24761695527731323,0.24761695527731323
2025-01-24 13:00:00+09:00,0.453611137,0.423172873,0.40747005541095543,0.40747005541095543,0.21084419,0.31169474232048033,0.31169474232048033
2025-01-24 14:00:00+09:00,0.43059739,0.453611137,0.4282676089825983,0.4282676089825983,0.34150831,0.30179068417340277,0.30179068417340277
2025-01-24 15:00:00+09:00,0.357098566,0.43059739,0.40545725538231375,0.40545725538231375,0.423172873,0.3423558068669777,0.3423558068669777
2025-01-24 16:00:00+09:00,0.208616424,0.357098566,0.2146625980777893,0.2146625980777893,0.453611137,0.2353772983225937,0.2353772983225937
2025-01-24 17:00:00+09:00,0.114330592,0.208616424,0.10482575336668395,0.10482575336668395,0.43059739,0.22579670972026827,0.22579670972026827
2025-01-24 18:00:00+09:00,0.011879023,0.114330592,0.024057316028587336,0.024057316028587336,0.357098566,0.11308030933572388,0.11308030933572388
2025-01-24 19:00:00+09:00,0.0,0.011879023,0.0,0.0,0.208616424,0.0,0.0
2025-01-24 20:00:00+09:00,0.0,0.0,0.0,0.0,0.114330592,0.0,0.0
2025-01-24 21:00:00+09:00,0.0,0.0,0.0002893940545618534,0.0002893940545618534,0.011879023,0.0,0.0
2025-01-24 22:00:00+09:00,0.0,0.0,0.0008124064770527184,0.0008124064770527184,0.0,0.0,0.0
2025-01-24 23:00:00+09:00,0.0,0.0,0.0008124064770527184,0.0008124064770527184,0.0,0.0028157844208180904,0.0028157844208180904
2025-01-25 00:00:00+09:00,0.0,0.0,0.0,0.0,0.0,0.0,0.0
2025-01-25 01:00:00+09:00,0.0,0.0,0.0,0.0,0.0,0.0,0.0
2025-01-25 02:00:00+09:00,0.0,0.0,0.0,0.0,0.0,0.0,0.0
2025-01-25 03:00:00+09:00,0.0,0.0,0.0,0.0,0.0,0.0,0.0
2025-01-25 04:00:00+09:00,0.0,0.0,0.0,0.0,0.0,0.0,0.0
2025-01-25 05:00:00+09:00,0.0,0.0,0.0,0.0,0.0,0.0,0.0
2025-01-25 06:00:00+09:00,0.0,0.0,0.0,0.0,0.0,0.0,0.0
2025-01-25 07:00:00+09:00,0.0,0.0,0.021729690954089165,0.021729690954089165,0.0,0.021262746304273605,0.021262746304273605
2025-01-25 08:00:00+09:00,0.0,0.0,0.056030530482530594,0.056030530482530594,0.0,0.040372710675001144,0.040372710675001144
2025-01-25 09:00:00+09:00,0.034150523,0.0,0.11259876191616058,0.11259876191616058,0.0,0.2550775110721588,0.2550775110721588
2025-01-25 10:00:00+09:00,0.098740337,0.034150523,0.13840207909846114,0.13840207909846114,0.0,0.23683589696884155,0.23683589696884155
2025-01-25 11:00:00+09:00,0.176693667,0.098740337,0.14193114037882043,0.14193114037882043,0.0,0.2355492115020752,0.2355492115020752
2025-01-25 12:00:00+09:00,0.213070929,0.176693667,0.2239392253512783,0.2239392253512783,0.034150523,0.1936399609377365,0.1936399609377365
2025-01-25 13:00:00+09:00,0.315523525,0.213070929,0.19630255358837032,0.19630255358837032,0.098740337,0.27336062263022615,0.27336062263022615
2025-01-25 14:00:00+09:00,0.295478764,0.315523525,0.2817772340480328,0.2817772340480328,0.176693667,0.1438570174331112,0.1438570174331112
2025-01-25 15:00:00+09:00,0.232373443,0.295478764,0.2566587468708172,0.2566587468708172,0.213070929,0.10875851655922317,0.10875851655922317
2025-01-25 16:00:00+09:00,0.193768415,0.232373443,0.11270676230637361,0.11270676230637361,0.315523525,0.18955496442356112,0.18955496442356112
2025-01-25 17:00:00+09:00,0.129178601,0.193768415,0.1487338946719551,0.1487338946719551,0.295478764,0.05940653664118195,0.05940653664118195
2025-01-25 18:00:00+09:00,0.019302514,0.129178601,0.02389766523568726,0.02389766523568726,0.232373443,0.01019031976906587,0.01019031976906587
2025-01-25 19:00:00+09:00,0.0,0.019302514,0.0,0.0,0.193768415,0.0,0.0
2025-01-25 20:00:00+09:00,0.0,0.0,0.0,0.0,0.129178601,0.0,0.0
2025-01-25 21:00:00+09:00,0.0,0.0,0.001444439752958715,0.001444439752958715,0.019302514,0.0,0.0
2025-01-25 22:00:00+09:00,0.0,0.0,0.001967452932149172,0.001967452932149172,0.0,0.0,0.0
2025-01-25 23:00:00+09:00,0.0,0.0,0.001967452932149172,0.001967452932149172,0.0,0.00564777385443449,0.00564777385443449
2025-01-26 00:00:00+09:00,0.0,0.0,0.00046919664600864053,0.00046919664600864053,0.0,0.0011268154485151172,0.0011268154485151172
2025-01-26 01:00:00+09:00,0.0,0.0,0.00046919664600864053,0.00046919664600864053,0.0,0.0011268154485151172,0.0011268154485151172
2025-01-26 02:00:00+09:00,0.0,0.0,0.00046919664600864053,0.00046919664600864053,0.0,0.0011268154485151172,0.0011268154485151172
2025-01-26 03:00:00+09:00,0.0,0.0,0.00046919664600864053,0.00046919664600864053,0.0,0.0011268154485151172,0.0011268154485151172
2025-01-26 04:00:00+09:00,0.0,0.0,0.00046919664600864053,0.00046919664600864053,0.0,0.0011268154485151172,0.0011268154485151172
2025-01-26 05:00:00+09:00,0.0,0.0,0.00046919664600864053,0.00046919664600864053,0.0,0.0011268154485151172,0.0011268154485151172
2025-01-26 06:00:00+09:00,0.0,0.0,0.0005116335232742131,0.0005116335232742131,0.0,0.0015473495004698634,0.0015473495004698634
2025-01-26 07:00:00+09:00,0.0,0.0,0.027198484167456627,0.027198484167456627,0.0,0.025518236681818962,0.025518236681818962
2025-01-26 08:00:00+09:00,0.002970012,0.0,0.06358350813388824,0.06358350813388824,0.0,0.05653959885239601,0.05653959885239601
2025-01-26 09:00:00+09:00,0.088346833,0.002970012,0.13665498988906097,0.13665498988906097,0.0,0.2003331035375595,0.2003331035375595
2025-01-26 10:00:00+09:00,0.193026169,0.088346833,0.2552368134353714,0.2552368134353714,0.0,0.4504085183143616,0.4504085183143616
2025-01-26 11:00:00+09:00,0.161844631,0.193026169,0.2523410085419121,0.2523410085419121,0.002970012,0.286046298315918,0.286046298315918
2025-01-26 12:00:00+09:00,0.092059092,0.161844631,0.22038685650988196,0.22038685650988196,0.088346833,0.3776583612058716,0.3776583612058716
2025-01-26 13:00:00+09:00,0.322948043,0.092059092,0.131311037912838,0.131311037912838,0.193026169,0.28564501440319445,0.28564501440319445
2025-01-26 14:00:00+09:00,0.111361606,0.322948043,0.3157876317836814,0.3157876317836814,0.161844631,0.3155190397934494,0.3155190397934494
2025-01-26 15:00:00+09:00,0.07795333,0.111361606,0.0,0.0,0.092059092,0.0,0.0
2025-01-26 16:00:00+09:00,0.043059534,0.07795333,0.0,0.0,0.322948043,0.0,0.0
2025-01-26 17:00:00+09:00,0.01262127,0.043059534,0.0,0.0,0.111361606,0.0,0.0
2025-01-26 18:00:00+09:00,0.004454505,0.01262127,0.0,0.0,0.07795333,0.0,0.0
2025-01-26 19:00:00+09:00,0.0,0.004454505,0.0,0.0,0.043059534,0.0,0.0
2025-01-26 20:00:00+09:00,0.0,0.0,0.0,0.0,0.01262127,0.0,0.0
2025-01-26 21:00:00+09:00,0.0,0.0,0.0,0.0,0.004454505,0.0,0.0
2025-01-26 22:00:00+09:00,0.0,0.0,0.0,0.0,0.0,0.0,0.0
2025-01-26 23:00:00+09:00,0.0,0.0,0.0,0.0,0.0,0.0,0.0
2025-01-27 00:00:00+09:00,0.0,0.0,0.00023431330919265747,0.00023431330919265747,0.0,0.00036047722096554935,0.00036047722096554935
2025-01-27 01:00:00+09:00,0.0,0.0,0.00023431330919265747,0.00023431330919265747,0.0,0.00036047722096554935,0.00036047722096554935
2025-01-27 02:00:00+09:00,0.0,0.0,0.00023431330919265747,0.00023431330919265747,0.0,0.00036047722096554935,0.00036047722096554935
2025-01-27 03:00:00+09:00,0.0,0.0,0.00023431330919265747,0.00023431330919265747,0.0,0.00036047722096554935,0.00036047722096554935
2025-01-27 04:00:00+09:00,0.0,0.0,0.00023431330919265747,0.00023431330919265747,0.0,0.00036047722096554935,0.00036047722096554935
2025-01-27 05:00:00+09:00,0.0,0.0,0.00023431330919265747,0.00023431330919265747,0.0,0.00036047722096554935,0.00036047722096554935
2025-01-27 06:00:00+09:00,0.0,0.0,0.0004553886246867478,0.0004553886246867478,0.0,0.0,0.0
2025-01-27 07:00:00+09:00,0.0,0.0,0.013320459052920341,0.013320459052920341,0.0,0.006033738609403372,0.006033738609403372
2025-01-27 08:00:00+09:00,0.0,0.0,0.054140716791152954,0.054140716791152954,0.0,0.05290181562304497,0.05290181562304497
2025-01-27 09:00:00+09:00,0.007424518,0.0,0.15293748676776886,0.15293748676776886,0.0,0.24861621856689453,0.24861621856689453
2025-01-27 10:00:00+09:00,0.046029546,0.007424518,0.16856668842922973,0.16856668842922973,0.0,0.24618951976299286,0.24618951976299286
2025-01-27 11:00:00+09:00,0.086861314,0.046029546,0.09334012184285737,0.09334012184285737,0.0,0.20741206407546997,0.20741206407546997
2025-01-27 12:00:00+09:00,0.265039474,0.086861314,0.13326217022668266,0.13326217022668266,0.007424518,0.286977603565567,0.286977603565567
2025-01-27 13:00:00+09:00,0.212328683,0.265039474,0.34732494526054764,0.34732494526054764,0.046029546,0.08127751637243844,0.08127751637243844
2025-01-27 14:00:00+09:00,0.2420247,0.212328683,0.1979464575386958,0.1979464575386958,0.086861314,0.11016142901908302,0.11016142901908302
2025-01-27 15:00:00+09:00,0.270979498,0.2420247,0.18375369052500726,0.18375369052500726,0.265039474,0.20906895049359703,0.20906895049359703
2025-01-27 16:00:00+09:00,0.112846099,0.270979498,0.18421706971630858,0.18421706971630858,0.212328683,0.15645101235428618,0.15645101235428618
2025-01-27 17:00:00+09:00,0.048256285,0.112846099,0.002563312809490209,0.002563312809490209,0.2420247,0.08041131015033723,0.08041131015033723
2025-01-27 18:00:00+09:00,0.008909011,0.048256285,0.0,0.0,0.270979498,0.028798032970283494,0.028798032970283494
2025-01-27 19:00:00+09:00,0.0,0.008909011,0.0,0.0,0.112846099,0.0,0.0
2025-01-27 20:00:00+09:00,0.0,0.0,0.0,0.0,0.048256285,0.0,0.0
2025-01-27 21:00:00+09:00,0.0,0.0,0.0,0.0,0.008909011,0.0,0.0
2025-01-27 22:00:00+09:00,0.0,0.0,0.0,0.0,0.0,0.0,0.0
2025-01-27 23:00:00+09:00,0.0,0.0,0.0,0.0,0.0,0.0,0.0
2025-01-28 00:00:00+09:00,0.0,0.0,0.0,0.0,0.0,0.0,0.0
2025-01-28 01:00:00+09:00,0.0,0.0,0.0,0.0,0.0,0.0,0.0
2025-01-28 02:00:00+09:00,0.0,0.0,0.0,0.0,0.0,0.0,0.0
2025-01-28 03:00:00+09:00,0.0,0.0,0.0,0.0,0.0,0.0,0.0
2025-01-28 04:00:00+09:00,0.0,0.0,0.0,0.0,0.0,0.0,0.0
2025-01-28 05:00:00+09:00,0.0,0.0,0.0,0.0,0.0,0.0,0.0
2025-01-28 06:00:00+09:00,0.0,0.0,0.0,0.0,0.0,0.0,0.0
2025-01-28 07:00:00+09:00,0.0,0.0,0.012111610732972622,0.012111610732972622,0.0,0.007639830466359854,0.007639830466359854
2025-01-28 08:00:00+09:00,0.005196752,0.0,0.030971288681030273,0.030971288681030273,0.0,0.0,0.0
2025-01-28 09:00:00+09:00,0.09799809,0.005196752,0.12438699041619491,0.12438699041619491,0.0,0.23036842048168182,0.23036842048168182
2025-01-28 10:00:00+09:00,0.262812734,0.09799809,0.13503688192471502,0.13503688192471502,0.0,0.22825545072555542,0.22825545072555542
2025-01-28 11:00:00+09:00,0.424657365,0.262812734,0.3689398173015442,0.3689398173015442,0.005196752,0.3098875302554627,0.3098875302554627
2025-01-28 12:00:00+09:00,0.464747913,0.424657365,0.4242055911001598,0.4242055911001598,0.09799809,0.21596658966049193,0.21596658966049193
2025-01-28 13:00:00+09:00,0.553094747,0.464747913,0.502691346970213,0.502691346970213,0.262812734,0.445005059592041,0.445005059592041
2025-01-28 14:00:00+09:00,0.356356319,0.553094747,0.5075663798382493,0.5075663798382493,0.424657365,0.4478532519844675,0.4478532519844675
2025-01-28 15:00:00+09:00,0.200450686,0.356356319,0.3431584480749311,0.3431584480749311,0.464747913,0.3594865424603348,0.3594865424603348
2025-01-28 16:00:00+09:00,0.097255844,0.200450686,0.1735644202751026,0.1735644202751026,0.553094747,0.45518277817275243,0.45518277817275243
2025-01-28 17:00:00+09:00,0.042317287,0.097255844,0.0,0.0,0.356356319,0.30965311076211355,0.30965311076211355
2025-01-28 18:00:00+09:00,0.011879023,0.042317287,0.0,0.0,0.200450686,0.1321036491614685,0.1321036491614685
2025-01-28 19:00:00+09:00,0.0,0.011879023,0.0,0.0,0.097255844,0.0,0.0
2025-01-28 20:00:00+09:00,0.0,0.0,0.0,0.0,0.042317287,0.0,0.0
2025-01-28 21:00:00+09:00,0.0,0.0,0.004079765174537897,0.004079765174537897,0.011879023,0.0,0.0
2025-01-28 22:00:00+09:00,0.0,0.0,0.004770586732774973,0.004770586732774973,0.0,0.0031557101756334305,0.0031557101756334305
2025-01-28 23:00:00+09:00,0.0,0.0,0.004770586732774973,0.004770586732774973,0.0,0.022660119459033012,0.022660119459033012
2025-01-29 00:00:00+09:00,0.0,0.0,0.0,0.0,0.0,0.0,0.0
2025-01-29 01:00:00+09:00,0.0,0.0,0.0,0.0,0.0,0.0,0.0
2025-01-29 02:00:00+09:00,0.0,0.0,0.0,0.0,0.0,0.0,0.0
2025-01-29 03:00:00+09:00,0.0,0.0,0.0,0.0,0.0,0.0,0.0
2025-01-29 04:00:00+09:00,0.0,0.0,0.0,0.0,0.0,0.0,0.0
2025-01-29 05:00:00+09:00,0.0,0.0,0.0,0.0,0.0,0.0,0.0
2025-01-29 06:00:00+09:00,0.0,0.0,0.0,0.0,0.0,0.0,0.0
2025-01-29 07:00:00+09:00,0.0,0.0,0.02248341776430607,0.02248341776430607,0.0,0.01750962994992733,0.01750962994992733
2025-01-29 08:00:00+09:00,0.005938998,0.0,0.0681995153427124,0.0681995153427124,0.0,0.08642340451478958,0.08642340451478958
2025-01-29 09:00:00+09:00,0.101710349,0.005938998,0.0812612385910492,0.0812612385910492,0.0,0.21900878846645355,0.21900878846645355
2025-01-29 10:00:00+09:00,0.264297227,0.101710349,0.2136776369576683,0.2136776369576683,0.0,0.35167932510375977,0.35167932510375977
2025-01-29 11:00:00+09:00,0.428369624,0.264297227,0.3307197118151207,0.3307197118151207,0.005938998,0.20065791024384308,0.20065791024384308
2025-01-29 12:00:00+09:00,0.54195797,0.428369624,0.4542870311252346,0.4542870311252346,0.101710349,0.2782032039528122,0.2782032039528122
2025-01-29 13:00:00+09:00,0.559033745,0.54195797,0.5598675471163702,0.5598675471163702,0.264297227,0.2987998450148125,0.2987998450148125
2025-01-29 14:00:00+09:00,0.495928424,0.559033745,0.5066164965125275,0.5066164965125275,0.428369624,0.3751101134530773,0.3751101134530773
2025-01-29 15:00:00+09:00,0.287312,0.495928424,0.4058697918050041,0.4058697918050041,0.54195797,0.46102544967004777,0.46102544967004777
2025-01-29 16:00:00+09:00,0.291024259,0.287312,0.17486796429109575,0.17486796429109575,0.559033745,0.46625491327964785,0.46625491327964785
2025-01-29 17:00:00+09:00,0.153678894,0.291024259,0.17845647659796143,0.17845647659796143,0.495928424,0.3457251960031738,0.3457251960031738
2025-01-29 18:00:00+09:00,0.025241512,0.153678894,0.04517543311590577,0.04517543311590577,0.287312,0.0,0.0
2025-01-29 19:00:00+09:00,0.0,0.025241512,0.0,0.0,0.291024259,0.0,0.0
2025-01-29 20:00:00+09:00,0.0,0.0,0.0,0.0,0.153678894,0.0,0.0
2025-01-29 21:00:00+09:00,0.0,0.0,0.0,0.0,0.025241512,0.0,0.0
2025-01-29 22:00:00+09:00,0.0,0.0,0.0,0.0,0.0,0.0,0.0
2025-01-29 23:00:00+09:00,0.0,0.0,0.0,0.0,0.0,0.0,0.0
2025-01-30 00:00:00+09:00,0.0,0.0,0.0005077158566564322,0.0005077158566564322,0.0,0.001400443841703236,0.001400443841703236
2025-01-30 01:00:00+09:00,0.0,0.0,0.0005077158566564322,0.0005077158566564322,0.0,0.001400443841703236,0.001400443841703236
2025-01-30 02:00:00+09:00,0.0,0.0,0.0005077158566564322,0.0005077158566564322,0.0,0.001400443841703236,0.001400443841703236
2025-01-30 03:00:00+09:00,0.0,0.0,0.0005077158566564322,0.0005077158566564322,0.0,0.001400443841703236,0.001400443841703236
2025-01-30 04:00:00+09:00,0.0,0.0,0.0005077158566564322,0.0005077158566564322,0.0,0.001400443841703236,0.001400443841703236
2025-01-30 05:00:00+09:00,0.0,0.0,0.0005077158566564322,0.0005077158566564322,0.0,0.001400443841703236,0.001400443841703236
2025-01-30 06:00:00+09:00,0.0,0.0,0.00031330244382843375,0.00031330244382843375,0.0,7.431963604176417e-05,7.431963604176417e-05
2025-01-30 07:00:00+09:00,0.0,0.0,0.024175256490707397,0.024175256490707397,0.0,0.022600846365094185,0.022600846365094185
2025-01-30 08:00:00+09:00,0.007424518,0.0,0.0954681783914566,0.0954681783914566,0.0,0.11235328018665314,0.11235328018665314
2025-01-30 09:00:00+09:00,0.101710349,0.007424518,0.13618996692787932,0.13618996692787932,0.0,0.26784324645996094,0.26784324645996094
2025-01-30 10:00:00+09:00,0.261328241,0.101710349,0.20950798658182526,0.20950798658182526,0.0,0.28812503814697266,0.28812503814697266
2025-01-30 11:00:00+09:00,0.378628846,0.261328241,0.3623845336530838,0.3623845336530838,0.007424518,0.29849179042469787,0.29849179042469787
2025-01-30 12:00:00+09:00,0.472914678,0.378628846,0.4735886712773285,0.4735886712773285,0.101710349,0.41706573931028745,0.41706573931028745
2025-01-30 13:00:00+09:00,0.418718367,0.472914678,0.49640659517803476,0.49640659517803476,0.261328241,0.4284597245548401,0.4284597245548401
2025-01-30 14:00:00+09:00,0.406097098,0.418718367,0.38679196604050825,0.38679196604050825,0.378628846,0.5029457395179711,0.5029457395179711
2025-01-30 15:00:00+09:00,0.398673607,0.406097098,0.33423676968331145,0.33423676968331145,0.472914678,0.5521798403487472,0.5521798403487472
2025-01-30 16:00:00+09:00,0.275434004,0.398673607,0.2634928505503006,0.2634928505503006,0.418718367,0.3227565652922554,0.3227565652922554
2025-01-30 17:00:00+09:00,0.117300605,0.275434004,0.12644754522161866,0.12644754522161866,0.406097098,0.0365209716629486,0.0365209716629486
2025-01-30 18:00:00+09:00,0.024499266,0.117300605,0.0,0.0,0.398673607,0.00045530308116148444,0.00045530308116148444
2025-01-30 19:00:00+09:00,0.0,0.024499266,0.0,0.0,0.275434004,0.0,0.0
2025-01-30 20:00:00+09:00,0.0,0.0,0.0,0.0,0.117300605,0.0,0.0
2025-01-30 21:00:00+09:00,0.0,0.0,0.0,0.0,0.024499266,0.0,0.0
2025-01-30 22:00:00+09:00,0.0,0.0,0.0,0.0,0.0,0.0,0.0
2025-01-30 23:00:00+09:00,0.0,0.0,0.0,0.0,0.0,0.0,0.0
2025-01-31 00:00:00+09:00,0.0,0.0,0.00010028106044046581,0.00010028106044046581,0.0,0.0004019767511636019,0.0004019767511636019
2025-01-31 01:00:00+09:00,0.0,0.0,0.00010028106044046581,0.00010028106044046581,0.0,0.0004019767511636019,0.0004019767511636019
2025-01-31 02:00:00+09:00,0.0,0.0,0.00010028106044046581,0.00010028106044046581,0.0,0.0004019767511636019,0.0004019767511636019
2025-01-31 03:00:00+09:00,0.0,0.0,0.00010028106044046581,0.00010028106044046581,0.0,0.0004019767511636019,0.0004019767511636019
2025-01-31 04:00:00+09:00,0.0,0.0,0.00010028106044046581,0.00010028106044046581,0.0,0.0004019767511636019,0.0004019767511636019
2025-01-31 05:00:00+09:00,0.0,0.0,0.00010028106044046581,0.00010028106044046581,0.0,0.0004019767511636019,0.0004019767511636019
2025-01-31 06:00:00+09:00,0.0,0.0,4.917444312013686e-05,4.917444312013686e-05,0.0,0.0,0.0
2025-01-31 07:00:00+09:00,0.0,0.0,0.02320602536201477,0.02320602536201477,0.0,0.022499393671751022,0.022499393671751022
2025-01-31 08:00:00+09:00,0.007424518,0.0,0.10323914140462875,0.10323914140462875,0.0,0.12853136658668518,0.12853136658668518
2025-01-31 09:00:00+09:00,0.098740337,0.007424518,0.14380831969868468,0.14380831969868468,0.0,0.25767651200294495,0.25767651200294495
2025-01-31 10:00:00+09:00,0.2420247,0.098740337,0.23875827859412385,0.23875827859412385,0.0,0.39425840973854065,0.39425840973854065
2025-01-31 11:00:00+09:00,0.31106902,0.2420247,0.3217297818800926,0.3217297818800926,0.007424518,0.2925439621318512,0.2925439621318512
2025-01-31 12:00:00+09:00,0.436536389,0.31106902,0.3776026227741432,0.3776026227741432,0.098740337,0.3692470170117493,0.3692470170117493
2025-01-31 13:00:00+09:00,0.415748355,0.436536389,0.4105400280721798,0.4105400280721798,0.2420247,0.3343827229282379,0.3343827229282379
2025-01-31 14:00:00+09:00,0.4001581,0.415748355,0.38784922940907957,0.38784922940907957,0.31106902,0.28217268076231,0.28217268076231
2025-01-31 15:00:00+09:00,0.334083793,0.4001581,0.33266668038663866,0.33266668038663866,0.436536389,0.3415141725607529,0.3415141725607529
2025-01-31 16:00:00+09:00,0.142542117,0.334083793,0.31374836085798075,0.31374836085798075,0.415748355,0.3959806887644339,0.3959806887644339
2025-01-31 17:00:00+09:00,0.05419631,0.142542117,0.07419353044070434,0.07419353044070434,0.4001581,0.13257404433784487,0.13257404433784487
2025-01-31 18:00:00+09:00,0.009651257,0.05419631,0.0,0.0,0.334083793,0.032343593672531146,0.032343593672531146
2025-01-31 19:00:00+09:00,0.0,0.009651257,0.0,0.0,0.142542117,0.0,0.0
2025-01-31 20:00:00+09:00,0.0,0.0,0.0,0.0,0.05419631,0.0,0.0
2025-01-31 21:00:00+09:00,0.0,0.0,0.0002893940545618534,0.0002893940545618534,0.009651257,0.0,0.0
2025-01-31 22:00:00+09:00,0.0,0.0,0.0008124064770527184,0.0008124064770527184,0.0,0.0,0.0
2025-01-31 23:00:00+09:00,0.0,0.0,0.0008124064770527184,0.0008124064770527184,0.0,0.0028157844208180904,0.0028157844208180904
2025-02-01 00:00:00+09:00,0.0,0.0,0.0,0.0,0.0,0.0,0.0
2025-02-01 01:00:00+09:00,0.0,0.0,0.0,0.0,0.0,0.0,0.0
2025-02-01 02:00:00+09:00,0.0,0.0,0.0,0.0,0.0,0.0,0.0
2025-02-01 03:00:00+09:00,0.0,0.0,0.0,0.0,0.0,0.0,0.0
2025-02-01 04:00:00+09:00,0.0,0.0,0.0,0.0,0.0,0.0,0.0
2025-02-01 05:00:00+09:00,0.0,0.0,0.0,0.0,0.0,0.0,0.0
2025-02-01 06:00:00+09:00,0.0,0.0,0.0,0.0,0.0,0.0,0.0
2025-02-01 07:00:00+09:00,0.0,0.0,0.021729690954089165,0.021729690954089165,0.0,0.021262746304273605,0.021262746304273605
2025-02-01 08:00:00+09:00,0.0,0.0,0.09335513412952423,0.09335513412952423,0.0,0.1178465411067009,0.1178465411067009
2025-02-01 09:00:00+09:00,0.005196752,0.0,0.09282486885786057,0.09282486885786057,0.0,0.22151818871498108,0.22151818871498108
2025-02-01 10:00:00+09:00,0.019302514,0.005196752,0.10428936963095856,0.10428936963095856,0.0,0.2382788360118866,0.2382788360118866
2025-02-01 11:00:00+09:00,0.030438264,0.019302514,0.06266605536466979,0.06266605536466979,0.0,0.1751805990934372,0.1751805990934372
2025-02-01 12:00:00+09:00,0.033408277,0.030438264,0.06796778469044112,0.06796778469044112,0.005196752,0.19422328655734253,0.19422328655734253
2025-02-01 13:00:00+09:00,0.029696018,0.033408277,0.0,0.0,0.019302514,0.10550201366669082,0.10550201366669082
2025-02-01 14:00:00+09:00,0.027469278,0.029696018,0.0,0.0,0.030438264,0.013333018037261009,0.013333018037261009
2025-02-01 15:00:00+09:00,0.025241512,0.027469278,0.004003046698573112,0.004003046698573112,0.033408277,0.0,0.0
2025-02-01 16:00:00+09:00,0.039347275,0.025241512,0.0,0.0,0.029696018,0.0,0.0
2025-02-01 17:00:00+09:00,0.015590255,0.039347275,0.0,0.0,0.027469278,0.0,0.0
2025-02-01 18:00:00+09:00,0.000742246,0.015590255,0.0,0.0,0.025241512,0.0,0.0
2025-02-01 19:00:00+09:00,0.0,0.000742246,0.0,0.0,0.039347275,0.0,0.0
2025-02-01 20:00:00+09:00,0.0,0.0,0.0,0.0,0.015590255,0.0,0.0
2025-02-01 21:00:00+09:00,0.0,0.0,0.001444439752958715,0.001444439752958715,0.000742246,0.0,0.0
2025-02-01 22:00:00+09:00,0.0,0.0,0.001967452932149172,0.001967452932149172,0.0,0.0,0.0
2025-02-01 23:00:00+09:00,0.0,0.0,0.001967452932149172,0.001967452932149172,0.0,0.00564777385443449,0.00564777385443449
2025-02-02 00:00:00+09:00,0.0,0.0,0.00046919664600864053,0.00046919664600864053,0.0,0.0011268154485151172,0.0011268154485151172
2025-02-02 01:00:00+09:00,0.0,0.0,0.00046919664600864053,0.00046919664600864053,0.0,0.0011268154485151172,0.0011268154485151172
2025-02-02 02:00:00+09:00,0.0,0.0,0.00046919664600864053,0.00046919664600864053,0.0,0.0011268154485151172,0.0011268154485151172
2025-02-02 03:00:00+09:00,0.0,0.0,0.00046919664600864053,0.00046919664600864053,0.0,0.0011268154485151172,0.0011268154485151172
2025-02-02 04:00:00+09:00,0.0,0.0,0.00046919664600864053,0.00046919664600864053,0.0,0.0011268154485151172,0.0011268154485151172
2025-02-02 05:00:00+09:00,0.0,0.0,0.00046919664600864053,0.00046919664600864053,0.0,0.0011268154485151172,0.0011268154485151172
2025-02-02 06:00:00+09:00,0.0,0.0,0.0005116335232742131,0.0005116335232742131,0.0,0.0015473495004698634,0.0015473495004698634
2025-02-02 07:00:00+09:00,0.0,0.0,0.027198484167456627,0.027198484167456627,0.0,0.025518236681818962,0.025518236681818962
2025-02-02 08:00:00+09:00,0.007424518,0.0,0.06358350813388824,0.06358350813388824,0.0,0.05653959885239601,0.05653959885239601
2025-02-02 09:00:00+09:00,0.069044319,0.007424518,0.12572068674456405,0.12572068674456405,0.0,0.28088465332984924,0.28088465332984924
2025-02-02 10:00:00+09:00,0.188571663,0.069044319,0.14598277678703692,0.14598277678703692,0.0,0.25082579255104065,0.25082579255104065
2025-02-02 11:00:00+09:00,0.206389685,0.188571663,0.23139037320793915,0.23139037320793915,0.007424518,0.22947286022793578,0.22947286022793578
2025-02-02 12:00:00+09:00,0.29993327,0.206389685,0.22115376668673514,0.22115376668673514,0.069044319,0.17033544650291826,0.17033544650291826
2025-02-02 13:00:00+09:00,0.448414385,0.29993327,0.27148237303652284,0.27148237303652284,0.188571663,0.20349827165187645,0.20349827165187645
2025-02-02 14:00:00+09:00,0.490731672,0.448414385,0.42326502656353476,0.42326502656353476,0.206389685,0.30217764231067656,0.30217764231067656
2025-02-02 15:00:00+09:00,0.346705062,0.490731672,0.3713745554795952,0.3713745554795952,0.29993327,0.1448048356995773,0.1448048356995773
2025-02-02 16:00:00+09:00,0.225692199,0.346705062,0.2439538516680832,0.2439538516680832,0.448414385,0.21947070924354556,0.21947070924354556
2025-02-02 17:00:00+09:00,0.152193374,0.225692199,0.14703402055132295,0.14703402055132295,0.490731672,0.2643090044966431,0.2643090044966431
2025-02-02 18:00:00+09:00,0.022272527,0.152193374,0.07041692640583419,0.07041692640583419,0.346705062,0.10728689810439301,0.10728689810439301
2025-02-02 19:00:00+09:00,0.0,0.022272527,0.0,0.0,0.225692199,0.0,0.0
2025-02-02 20:00:00+09:00,0.0,0.0,0.0,0.0,0.152193374,0.0,0.0
2025-02-02 21:00:00+09:00,0.0,0.0,0.0,0.0,0.022272527,0.0,0.0
2025-02-02 22:00:00+09:00,0.0,0.0,0.0,0.0,0.0,0.0,0.0
2025-02-02 23:00:00+09:00,0.0,0.0,0.0,0.0,0.0,0.0,0.0
2025-02-03 00:00:00+09:00,0.0,0.0,0.00023431330919265747,0.00023431330919265747,0.0,0.00036047722096554935,0.00036047722096554935
2025-02-03 01:00:00+09:00,0.0,0.0,0.00023431330919265747,0.00023431330919265747,0.0,0.00036047722096554935,0.00036047722096554935
2025-02-03 02:00:00+09:00,0.0,0.0,0.00023431330919265747,0.00023431330919265747,0.0,0.00036047722096554935,0.00036047722096554935
2025-02-03 03:00:00+09:00,0.0,0.0,0.00023431330919265747,0.00023431330919265747,0.0,0.00036047722096554935,0.00036047722096554935
2025-02-03 04:00:00+09:00,0.0,0.0,0.00023431330919265747,0.00023431330919265747,0.0,0.00036047722096554935,0.00036047722096554935
2025-02-03 05:00:00+09:00,0.0,0.0,0.00023431330919265747,0.00023431330919265747,0.0,0.00036047722096554935,0.00036047722096554935
2025-02-03 06:00:00+09:00,0.0,0.0,0.0004553886246867478,0.0004553886246867478,0.0,0.0,0.0
2025-02-03 07:00:00+09:00,0.0,0.0,0.013320459052920341,0.013320459052920341,0.0,0.006033738609403372,0.006033738609403372
2025-02-03 08:00:00+09:00,0.003712259,0.0,0.09356667846441269,0.09356667846441269,0.0,0.12833622097969055,0.12833622097969055
2025-02-03 09:00:00+09:00,0.073498825,0.003712259,0.10394982970302963,0.10394982970302963,0.0,0.20657770335674286,0.20657770335674286
2025-02-03 10:00:00+09:00,0.246479206,0.073498825,0.18216663079090117,0.18216663079090117,0.0,0.20243452489376068,0.20243452489376068
2025-02-03 11:00:00+09:00,0.423915119,0.246479206,0.30902976563993073,0.30902976563993073,0.003712259,0.2865229470187988,0.2865229470187988
2025-02-03 12:00:00+09:00,0.449899905,0.423915119,0.5309359068947258,0.5309359068947258,0.073498825,0.4801450468761444,0.4801450468761444
2025-02-03 13:00:00+09:00,0.542700217,0.449899905,0.4743258902916002,0.4743258902916002,0.246479206,0.35583010337176896,0.35583010337176896
2025-02-03 14:00:00+09:00,0.55457924,0.542700217,0.5458377291325255,0.5458377291325255,0.423915119,0.4788320037501278,0.4788320037501278
2025-02-03 15:00:00+09:00,0.483308181,0.55457924,0.5177624232230091,0.5177624232230091,0.449899905,0.3268811410405922,0.3268811410405922
2025-02-03 16:00:00+09:00,0.330371534,0.483308181,0.35097347183251953,0.35097347183251953,0.542700217,0.3344466247472687,0.3344466247472687
2025-02-03 17:00:00+09:00,0.168526903,0.330371534,0.21180029727037814,0.21180029727037814,0.55457924,0.2837500690576935,0.2837500690576935
2025-02-03 18:00:00+09:00,0.033408277,0.168526903,0.021424576845291143,0.021424576845291143,0.483308181,0.12641258521104431,0.12641258521104431
2025-02-03 19:00:00+09:00,0.0,0.033408277,0.0,0.0,0.330371534,0.0,0.0
2025-02-03 20:00:00+09:00,0.0,0.0,0.0,0.0,0.168526903,0.0,0.0
2025-02-03 21:00:00+09:00,0.0,0.0,0.0,0.0,0.033408277,0.0,0.0
2025-02-03 22:00:00+09:00,0.0,0.0,0.0,0.0,0.0,0.0,0.0
2025-02-03 23:00:00+09:00,0.0,0.0,0.0,0.0,0.0,0.0,0.0
2025-02-04 00:00:00+09:00,0.0,0.0,0.0,0.0,0.0,0.0,0.0
2025-02-04 01:00:00+09:00,0.0,0.0,0.0,0.0,0.0,0.0,0.0
2025-02-04 02:00:00+09:00,0.0,0.0,0.0,0.0,0.0,0.0,0.0
2025-02-04 03:00:00+09:00,0.0,0.0,0.0,0.0,0.0,0.0,0.0
2025-02-04 04:00:00+09:00,0.0,0.0,0.0,0.0,0.0,0.0,0.0
2025-02-04 05:00:00+09:00,0.0,0.0,0.0,0.0,0.0,0.0,0.0
2025-02-04 06:00:00+09:00,0.0,0.0,0.0,0.0,0.0,0.0,0.0
2025-02-04 07:00:00+09:00,0.0,0.0,0.012111610732972622,0.012111610732972622,0.0,0.007639830466359854,0.007639830466359854
2025-02-04 08:00:00+09:00,0.010393504,0.0,0.03721216693520546,0.03721216693520546,0.0,0.0371965654194355,0.0371965654194355
2025-02-04 09:00:00+09:00,0.117300605,0.010393504,0.1037448383334198,0.1037448383334198,0.0,0.2475014477968216,0.2475014477968216
2025-02-04 10:00:00+09:00,0.293250998,0.117300605,0.21073206287715912,0.21073206287715912,0.0,0.14629076421260834,0.14629076421260834
2025-02-04 11:00:00+09:00,0.46549016,0.293250998,0.355938946346138,0.355938946346138,0.010393504,0.2119068987134018,0.2119068987134018
2025-02-04 12:00:00+09:00,0.572397261,0.46549016,0.4980068108555412,0.4980068108555412,0.117300605,0.3052472673067856,0.3052472673067856
2025-02-04 13:00:00+09:00,0.606547784,0.572397261,0.5649930611986146,0.5649930611986146,0.293250998,0.34549356762537764,0.34549356762537764
2025-02-04 14:00:00+09:00,0.576851766,0.606547784,0.5488496794694271,0.5488496794694271,0.46549016,0.3541264435764885,0.3541264435764885
2025-02-04 15:00:00+09:00,0.491474945,0.576851766,0.57315996559566,0.57315996559566,0.572397261,0.4663055009010658,0.4663055009010658
2025-02-04 16:00:00+09:00,0.34373505,0.491474945,0.4530777632208538,0.4530777632208538,0.606547784,0.3873396925025787,0.3873396925025787
2025-02-04 17:00:00+09:00,0.175950394,0.34373505,0.3042820576203346,0.3042820576203346,0.576851766,0.4657515542604599,0.4657515542604599
2025-02-04 18:00:00+09:00,0.036378289,0.175950394,0.1265950398399296,0.1265950398399296,0.491474945,0.3683961442621422,0.3683961442621422
2025-02-04 19:00:00+09:00,0.0,0.036378289,0.019702868894542695,0.019702868894542695,0.34373505,0.17131545726184844,0.17131545726184844
2025-02-04 20:00:00+09:00,0.0,0.0,0.0,0.0,0.175950394,0.09728014561075593,0.09728014561075593
2025-02-04 21:00:00+09:00,0.0,0.0,0.004079765174537897,0.004079765174537897,0.036378289,0.008440770567263604,0.008440770567263604
2025-02-04 22:00:00+09:00,0.0,0.0,0.004770586732774973,0.004770586732774973,0.0,0.0031557101756334305,0.0031557101756334305
2025-02-04 23:00:00+09:00,0.0,0.0,0.004770586732774973,0.004770586732774973,0.0,0.022660119459033012,0.022660119459033012
2025-02-05 00:00:00+09:00,0.0,0.0,0.0,0.0,0.0,0.0,0.0
2025-02-05 01:00:00+09:00,0.0,0.0,0.0,0.0,0.0,0.0,0.0
2025-02-05 02:00:00+09:00,0.0,0.0,0.0,0.0,0.0,0.0,0.0
2025-02-05 03:00:00+09:00,0.0,0.0,0.0,0.0,0.0,0.0,0.0
2025-02-05 04:00:00+09:00,0.0,0.0,0.0,0.0,0.0,0.0,0.0
2025-02-05 05:00:00+09:00,0.0,0.0,0.0,0.0,0.0,0.0,0.0
2025-02-05 06:00:00+09:00,0.0,0.0,0.0,0.0,0.0,0.0,0.0
2025-02-05 07:00:00+09:00,0.0,0.0,0.02248341776430607,0.02248341776430607,0.0,0.01750962994992733,0.01750962994992733
2025-02-05 08:00:00+09:00,0.01113575,0.0,0.09967081993818283,0.09967081993818283,0.0,0.11751918494701385,0.11751918494701385
2025-02-05 09:00:00+09:00,0.118785098,0.01113575,0.11777836132478714,0.11777836132478714,0.0,0.17252835631370544,0.17252835631370544
2025-02-05 10:00:00+09:00,0.300675516,0.118785098,0.2883517293171387,0.2883517293171387,0.0,0.3736043870449066,0.3736043870449066
2025-02-05 11:00:00+09:00,0.460293408,0.300675516,0.3607321129944,0.3607321129944,0.01113575,0.2156558116121292,0.2156558116121292
2025-02-05 12:00:00+09:00,0.562746004,0.460293408,0.48117296349359323,0.48117296349359323,0.118785098,0.33324927072090915,0.33324927072090915
2025-02-05 13:00:00+09:00,0.588729763,0.562746004,0.5636897188692086,0.5636897188692086,0.300675516,0.4390007452871475,0.4390007452871475
2025-02-05 14:00:00+09:00,0.381597832,0.588729763,0.6121190800952797,0.6121190800952797,0.460293408,0.553099084162243,0.553099084162243
2025-02-05 15:00:00+09:00,0.252419231,0.381597832,0.34932328776095584,0.34932328776095584,0.562746004,0.5893096987005987,0.5893096987005987
2025-02-05 16:00:00+09:00,0.190799429,0.252419231,0.1516315988326607,0.1516315988326607,0.588729763,0.3541589021372681,0.3541589021372681
2025-02-05 17:00:00+09:00,0.17817816,0.190799429,0.06380960243997955,0.06380960243997955,0.381597832,0.10133455709193423,0.10133455709193423
2025-02-05 18:00:00+09:00,0.048256285,0.17817816,0.08573372523799896,0.08573372523799896,0.252419231,0.01525655156617739,0.01525655156617739
2025-02-05 19:00:00+09:00,0.0,0.048256285,0.0,0.0,0.190799429,0.0,0.0
2025-02-05 20:00:00+09:00,0.0,0.0,0.0,0.0,0.17817816,0.0,0.0
2025-02-05 21:00:00+09:00,0.0,0.0,0.0,0.0,0.048256285,0.0,0.0
2025-02-05 22:00:00+09:00,0.0,0.0,0.0,0.0,0.0,0.0,0.0
2025-02-05 23:00:00+09:00,0.0,0.0,0.0,0.0,0.0,0.0,0.0
2025-02-06 00:00:00+09:00,0.0,0.0,0.0005077158566564322,0.0005077158566564322,0.0,0.001400443841703236,0.001400443841703236
2025-02-06 01:00:00+09:00,0.0,0.0,0.0005077158566564322,0.0005077158566564322,0.0,0.001400443841703236,0.001400443841703236
2025-02-06 02:00:00+09:00,0.0,0.0,0.0005077158566564322,0.0005077158566564322,0.0,0.001400443841703236,0.001400443841703236
2025-02-06 03:00:00+09:00,0.0,0.0,0.0005077158566564322,0.0005077158566564322,0.0,0.001400443841703236,0.001400443841703236
2025-02-06 04:00:00+09:00,0.0,0.0,0.0005077158566564322,0.0005077158566564322,0.0,0.001400443841703236,0.001400443841703236
2025-02-06 05:00:00+09:00,0.0,0.0,0.0005077158566564322,0.0005077158566564322,0.0,0.001400443841703236,0.001400443841703236
2025-02-06 06:00:00+09:00,0.0,0.0,0.00031330244382843375,0.00031330244382843375,0.0,7.431963604176417e-05,7.431963604176417e-05
2025-02-06 07:00:00+09:00,0.0,0.0,0.024175256490707397,0.024175256490707397,0.0,0.022600846365094185,0.022600846365094185
2025-02-06 08:00:00+09:00,0.01262127,0.0,0.1113475114107132,0.1113475114107132,0.0,0.14072202146053314,0.14072202146053314
2025-02-06 09:00:00+09:00,0.124725122,0.01262127,0.1405041827550125,0.1405041827550125,0.0,0.2311619073152542,0.2311619073152542
2025-02-06 10:00:00+09:00,0.305130021,0.124725122,0.3126438148272247,0.3126438148272247,0.0,0.46490278840065,0.46490278840065
2025-02-06 11:00:00+09:00,0.435794142,0.305130021,0.3968732890726051,0.3968732890726051,0.01262127,0.341773794471283,0.341773794471283
2025-02-06 12:00:00+09:00,0.388280103,0.435794142,0.4950859331708355,0.4950859331708355,0.124725122,0.42538430168749997,0.42538430168749997
2025-02-06 13:00:00+09:00,0.426142885,0.388280103,0.37993792818684863,0.37993792818684863,0.305130021,0.47192584099778745,0.47192584099778745
2025-02-06 14:00:00+09:00,0.44395988,0.426142885,0.4397893646960354,0.4397893646960354,0.435794142,0.5032782898466988,0.5032782898466988
2025-02-06 15:00:00+09:00,0.459551162,0.44395988,0.3814338476713943,0.3814338476713943,0.388280103,0.40651492589910315,0.40651492589910315
2025-02-06 16:00:00+09:00,0.340022791,0.459551162,0.32942076670676423,0.32942076670676423,0.426142885,0.14596463611770633,0.14596463611770633
2025-02-06 17:00:00+09:00,0.150708881,0.340022791,0.18555598315774535,0.18555598315774535,0.44395988,0.06845711482131955,0.06845711482131955
2025-02-06 18:00:00+09:00,0.031181537,0.150708881,0.0009357303175506482,0.0009357303175506482,0.459551162,0.08748555826693727,0.08748555826693727
2025-02-06 19:00:00+09:00,0.0,0.031181537,0.0,0.0,0.340022791,0.0,0.0
2025-02-06 20:00:00+09:00,0.0,0.0,0.0,0.0,0.150708881,0.0,0.0
2025-02-06 21:00:00+09:00,0.0,0.0,0.0,0.0,0.031181537,0.0,0.0
2025-02-06 22:00:00+09:00,0.0,0.0,0.0,0.0,0.0,0.0,0.0
2025-02-06 23:00:00+09:00,0.0,0.0,0.0,0.0,0.0,0.0,0.0
2025-02-07 00:00:00+09:00,0.0,0.0,0.00010028106044046581,0.00010028106044046581,0.0,0.0004019767511636019,0.0004019767511636019
2025-02-07 01:00:00+09:00,0.0,0.0,0.00010028106044046581,0.00010028106044046581,0.0,0.0004019767511636019,0.0004019767511636019
2025-02-07 02:00:00+09:00,0.0,0.0,0.00010028106044046581,0.00010028106044046581,0.0,0.0004019767511636019,0.0004019767511636019
2025-02-07 03:00:00+09:00,0.0,0.0,0.00010028106044046581,0.00010028106044046581,0.0,0.0004019767511636019,0.0004019767511636019
2025-02-07 04:00:00+09:00,0.0,0.0,0.00010028106044046581,0.00010028106044046581,0.0,0.0004019767511636019,0.0004019767511636019
2025-02-07 05:00:00+09:00,0.0,0.0,0.00010028106044046581,0.00010028106044046581,0.0,0.0004019767511636019,0.0004019767511636019
2025-02-07 06:00:00+09:00,0.0,0.0,4.917444312013686e-05,4.917444312013686e-05,0.0,0.0,0.0
2025-02-07 07:00:00+09:00,0.0,0.0,0.02320602536201477,0.02320602536201477,0.0,0.022499393671751022,0.022499393671751022
2025-02-07 08:00:00+09:00,0.011879023,0.0,0.08083220571279526,0.08083220571279526,0.0,0.10637328773736954,0.10637328773736954
2025-02-07 09:00:00+09:00,0.100967076,0.011879023,0.10197044520020294,0.10197044520020294,0.0,0.18733222782611847,0.18733222782611847
2025-02-07 10:00:00+09:00,0.259100475,0.100967076,0.25986416297795867,0.25986416297795867,0.0,0.40642422437667847,0.40642422437667847
2025-02-07 11:00:00+09:00,0.436536389,0.259100475,0.35035035817489624,0.35035035817489624,0.011879023,0.2689215203964691,0.2689215203964691
2025-02-07 12:00:00+09:00,0.314781279,0.436536389,0.46190281637686637,0.46190281637686637,0.100967076,0.2952501739824066,0.2952501739824066
2025-02-07 13:00:00+09:00,0.47439917,0.314781279,0.30613410908217814,0.30613410908217814,0.259100475,0.3721310353146553,0.3721310353146553
2025-02-07 14:00:00+09:00,0.499640683,0.47439917,0.4717075264545959,0.4717075264545959,0.436536389,0.5206123614378586,0.5206123614378586
2025-02-07 15:00:00+09:00,0.377143326,0.499640683,0.4483289106833057,0.4483289106833057,0.314781279,0.29323928679759886,0.29323928679759886
2025-02-07 16:00:00+09:00,0.223465459,0.377143326,0.2510456468618164,0.2510456468618164,0.47439917,0.22581253023807524,0.22581253023807524
2025-02-07 17:00:00+09:00,0.088346833,0.223465459,0.10962640638245011,0.10962640638245011,0.499640683,0.23850430018177793,0.23850430018177793
2025-02-07 18:00:00+09:00,0.038605028,0.088346833,0.0,0.0,0.377143326,0.10057398934724426,0.10057398934724426
2025-02-07 19:00:00+09:00,0.0,0.038605028,0.0,0.0,0.223465459,0.0,0.0
2025-02-07 20:00:00+09:00,0.0,0.0,0.0,0.0,0.088346833,0.0,0.0
2025-02-07 21:00:00+09:00,0.0,0.0,0.0002893940545618534,0.0002893940545618534,0.038605028,0.0,0.0
2025-02-07 22:00:00+09:00,0.0,0.0,0.0008124064770527184,0.0008124064770527184,0.0,0.0,0.0
2025-02-07 23:00:00+09:00,0.0,0.0,0.0008124064770527184,0.0008124064770527184,0.0,0.0028157844208180904,0.0028157844208180904
2025-02-08 00:00:00+09:00,0.0,0.0,0.0,0.0,0.0,0.0,0.0
2025-02-08 01:00:00+09:00,0.0,0.0,0.0,0.0,0.0,0.0,0.0
2025-02-08 02:00:00+09:00,0.0,0.0,0.0,0.0,0.0,0.0,0.0
2025-02-08 03:00:00+09:00,0.0,0.0,0.0,0.0,0.0,0.0,0.0
2025-02-08 04:00:00+09:00,0.0,0.0,0.0,0.0,0.0,0.0,0.0
2025-02-08 05:00:00+09:00,0.0,0.0,0.0,0.0,0.0,0.0,0.0
2025-02-08 06:00:00+09:00,0.0,0.0,0.0,0.0,0.0,0.0,0.0
2025-02-08 07:00:00+09:00,0.0,0.0,0.021729690954089165,0.021729690954089165,0.0,0.021262746304273605,0.021262746304273605
2025-02-08 08:00:00+09:00,0.014848009,0.0,0.07132106274366379,0.07132106274366379,0.0,0.09575434774160385,0.09575434774160385
2025-02-08 09:00:00+09:00,0.133633106,0.014848009,0.13307994628923797,0.13307994628923797,0.0,0.196627676486969,0.196627676486969
2025-02-08 10:00:00+09:00,0.325174782,0.133633106,0.2648197254009781,0.2648197254009781,0.0,0.3583177626132965,0.3583177626132965
2025-02-08 11:00:00+09:00,0.488504933,0.325174782,0.44826465430062484,0.44826465430062484,0.014848009,0.2822241040565338,0.2822241040565338
2025-02-08 12:00:00+09:00,0.583533011,0.488504933,0.5971820371154861,0.5971820371154861,0.133633106,0.29935865009503937,0.29935865009503937
2025-02-08 13:00:00+09:00,0.623623559,0.583533011,0.5711899442554936,0.5711899442554936,0.325174782,0.4711246225456543,0.4711246225456543
2025-02-08 14:00:00+09:00,0.593926515,0.623623559,0.6072992679942694,0.6072992679942694,0.488504933,0.5550856904987411,0.5550856904987411
2025-02-08 15:00:00+09:00,0.506322954,0.593926515,0.5535129490662957,0.5535129490662957,0.583533011,0.5203274708197937,0.5203274708197937
2025-02-08 16:00:00+09:00,0.357098566,0.506322954,0.37897457569933324,0.37897457569933324,0.623623559,0.4310499073285904,0.4310499073285904
2025-02-08 17:00:00+09:00,0.18931391,0.357098566,0.2849480152173195,0.2849480152173195,0.593926515,0.38048731865180974,0.38048731865180974
2025-02-08 18:00:00+09:00,0.04380178,0.18931391,0.10505106209960938,0.10505106209960938,0.506322954,0.2878649869570771,0.2878649869570771
2025-02-08 19:00:00+09:00,0.0,0.04380178,0.0,0.0,0.357098566,0.06677259654237366,0.06677259654237366
2025-02-08 20:00:00+09:00,0.0,0.0,0.0,0.0,0.18931391,0.0,0.0
2025-02-08 21:00:00+09:00,0.0,0.0,0.001444439752958715,0.001444439752958715,0.04380178,0.0,0.0
2025-02-08 22:00:00+09:00,0.0,0.0,0.001967452932149172,0.001967452932149172,0.0,0.0,0.0
2025-02-08 23:00:00+09:00,0.0,0.0,0.001967452932149172,0.001967452932149172,0.0,0.00564777385443449,0.00564777385443449
2025-02-09 00:00:00+09:00,0.0,0.0,0.00046919664600864053,0.00046919664600864053,0.0,0.0011268154485151172,0.0011268154485151172
2025-02-09 01:00:00+09:00,0.0,0.0,0.00046919664600864053,0.00046919664600864053,0.0,0.0011268154485151172,0.0011268154485151172
2025-02-09 02:00:00+09:00,0.0,0.0,0.00046919664600864053,0.00046919664600864053,0.0,0.0011268154485151172,0.0011268154485151172
2025-02-09 03:00:00+09:00,0.0,0.0,0.00046919664600864053,0.00046919664600864053,0.0,0.0011268154485151172,0.0011268154485151172
2025-02-09 04:00:00+09:00,0.0,0.0,0.00046919664600864053,0.00046919664600864053,0.0,0.0011268154485151172,0.0011268154485151172
2025-02-09 05:00:00+09:00,0.0,0.0,0.00046919664600864053,0.00046919664600864053,0.0,0.0011268154485151172,0.0011268154485151172
2025-02-09 06:00:00+09:00,0.0,0.0,0.0005116335232742131,0.0005116335232742131,0.0,0.0015473495004698634,0.0015473495004698634
2025-02-09 07:00:00+09:00,0.0,0.0,0.027198484167456627,0.027198484167456627,0.0,0.025518236681818962,0.025518236681818962
2025-02-09 08:00:00+09:00,0.014848009,0.0,0.08645724505186081,0.08645724505186081,0.0,0.11858674138784409,0.11858674138784409
2025-02-09 09:00:00+09:00,0.13437638,0.014848009,0.09106811160820388,0.09106811160820388,0.0,0.22066982090473175,0.22066982090473175
2025-02-09 10:00:00+09:00,0.323690289,0.13437638,0.27615094498146053,0.27615094498146053,0.0,0.3202255368232727,0.3202255368232727
2025-02-09 11:00:00+09:00,0.48553492,0.323690289,0.38667820517155077,0.38667820517155077,0.014848009,0.4160575720168915,0.4160575720168915
2025-02-09 12:00:00+09:00,0.587987516,0.48553492,0.5417857492496204,0.5417857492496204,0.13437638,0.36998690978038784,0.36998690978038784
2025-02-09 13:00:00+09:00,0.616199041,0.587987516,0.5933487409903381,0.5933487409903381,0.323690289,0.5530678418669357,0.5530678418669357
2025-02-09 14:00:00+09:00,0.585760777,0.616199041,0.5783937519699249,0.5783937519699249,0.48553492,0.4618644496579599,0.4618644496579599
2025-02-09 15:00:00+09:00,0.498898436,0.585760777,0.4565601843629379,0.4565601843629379,0.587987516,0.5142512879511986,0.5142512879511986
2025-02-09 16:00:00+09:00,0.356356319,0.498898436,0.36251377003396607,0.36251377003396607,0.616199041,0.2512090748459015,0.2512090748459015
2025-02-09 17:00:00+09:00,0.18931391,0.356356319,0.22748604040312193,0.22748604040312193,0.585760777,0.1562540876899261,0.1562540876899261
2025-02-09 18:00:00+09:00,0.04380178,0.18931391,0.09582691549507141,0.09582691549507141,0.498898436,0.3236241682072983,0.3236241682072983
2025-02-09 19:00:00+09:00,0.0,0.04380178,0.0,0.0,0.356356319,0.004760500003570534,0.004760500003570534
2025-02-09 20:00:00+09:00,0.0,0.0,0.0,0.0,0.18931391,0.0,0.0
2025-02-09 21:00:00+09:00,0.0,0.0,0.0,0.0,0.04380178,0.0,0.0
2025-02-09 22:00:00+09:00,0.0,0.0,0.0,0.0,0.0,0.0,0.0
2025-02-09 23:00:00+09:00,0.0,0.0,0.0,0.0,0.0,0.0,0.0
2025-02-10 00:00:00+09:00,0.0,0.0,0.00023431330919265747,0.00023431330919265747,0.0,0.00036047722096554935,0.00036047722096554935
2025-02-10 01:00:00+09:00,0.0,0.0,0.00023431330919265747,0.00023431330919265747,0.0,0.00036047722096554935,0.00036047722096554935
2025-02-10 02:00:00+09:00,0.0,0.0,0.00023431330919265747,0.00023431330919265747,0.0,0.00036047722096554935,0.00036047722096554935
2025-02-10 03:00:00+09:00,0.0,0.0,0.00023431330919265747,0.00023431330919265747,0.0,0.00036047722096554935,0.00036047722096554935
2025-02-10 04:00:00+09:00,0.0,0.0,0.00023431330919265747,0.00023431330919265747,0.0,0.00036047722096554935,0.00036047722096554935
2025-02-10 05:00:00+09:00,0.0,0.0,0.00023431330919265747,0.00023431330919265747,0.0,0.00036047722096554935,0.00036047722096554935
2025-02-10 06:00:00+09:00,0.0,0.0,0.0004553886246867478,0.0004553886246867478,0.0,0.0,0.0
2025-02-10 07:00:00+09:00,0.0,0.0,0.013320459052920341,0.013320459052920341,0.0,0.006033738609403372,0.006033738609403372
2025-02-10 08:00:00+09:00,0.017075775,0.0,0.07590140402317047,0.07590140402317047,0.0,0.09228864312171936,0.09228864312171936
2025-02-10 09:00:00+09:00,0.135118626,0.017075775,0.10672104898347855,0.10672104898347855,0.0,0.19779111444950104,0.19779111444950104
2025-02-10 10:00:00+09:00,0.316265771,0.135118626,0.2682542725816498,0.2682542725816498,0.0,0.24462354183197021,0.24462354183197021
2025-02-10 11:00:00+09:00,0.472914678,0.316265771,0.40566177090844724,0.40566177090844724,0.017075775,0.3462660590137482,0.3462660590137482
2025-02-10 12:00:00+09:00,0.568685002,0.472914678,0.4769959682152538,0.4769959682152538,0.135118626,0.3491538985982666,0.3491538985982666
2025-02-10 13:00:00+09:00,0.603577772,0.568685002,0.5941340097495575,0.5941340097495575,0.316265771,0.5071576776190719,0.5071576776190719
2025-02-10 14:00:00+09:00,0.580562999,0.603577772,0.6047026374918745,0.6047026374918745,0.472914678,0.4637401429490118,0.4637401429490118
2025-02-10 15:00:00+09:00,0.484050428,0.580562999,0.5150789744157066,0.5150789744157066,0.568685002,0.6362137415715714,0.6362137415715714
2025-02-10 16:00:00+09:00,0.34373505,0.484050428,0.3366890153556137,0.3366890153556137,0.603577772,0.32723341307894893,0.32723341307894893
2025-02-10 17:00:00+09:00,0.182632665,0.34373505,0.2038187045228958,0.2038187045228958,0.580562999,0.2437682351965179,0.2437682351965179
2025-02-10 18:00:00+09:00,0.044544027,0.182632665,0.0685012963033104,0.0685012963033104,0.484050428,0.300248821702507,0.300248821702507
2025-02-10 19:00:00+09:00,0.0,0.044544027,0.0,0.0,0.34373505,0.0,0.0
2025-02-10 20:00:00+09:00,0.0,0.0,0.0,0.0,0.182632665,0.0,0.0
2025-02-10 21:00:00+09:00,0.0,0.0,0.0,0.0,0.044544027,0.0,0.0
2025-02-10 22:00:00+09:00,0.0,0.0,0.0,0.0,0.0,0.0,0.0
2025-02-10 23:00:00+09:00,0.0,0.0,0.0,0.0,0.0,0.0,0.0
2025-02-11 00:00:00+09:00,0.0,0.0,0.0,0.0,0.0,0.0,0.0
2025-02-11 01:00:00+09:00,0.0,0.0,0.0,0.0,0.0,0.0,0.0
2025-02-11 02:00:00+09:00,0.0,0.0,0.0,0.0,0.0,0.0,0.0
2025-02-11 03:00:00+09:00,0.0,0.0,0.0,0.0,0.0,0.0,0.0
2025-02-11 04:00:00+09:00,0.0,0.0,0.0,0.0,0.0,0.0,0.0
2025-02-11 05:00:00+09:00,0.0,0.0,0.0,0.0,0.0,0.0,0.0
2025-02-11 06:00:00+09:00,0.0,0.0,0.0,0.0,0.0,0.0,0.0
2025-02-11 07:00:00+09:00,0.0,0.0,0.012111610732972622,0.012111610732972622,0.0,0.007639830466359854,0.007639830466359854
2025-02-11 08:00:00+09:00,0.017075775,0.0,0.05354952812194824,0.05354952812194824,0.0,0.04943053051829338,0.04943053051829338
2025-02-11 09:00:00+09:00,0.133633106,0.017075775,0.0801112780298233,0.0801112780298233,0.0,0.1419871598482132,0.1419871598482132
2025-02-11 10:00:00+09:00,0.306614514,0.133633106,0.2700232406921921,0.2700232406921921,0.0,0.1980544775724411,0.1980544775724411
2025-02-11 11:00:00+09:00,0.456581149,0.306614514,0.39196769476610566,0.39196769476610566,0.017075775,0.18244734201087953,0.18244734201087953
2025-02-11 12:00:00+09:00,0.483308181,0.456581149,0.4549479092064088,0.4549479092064088,0.133633106,0.2550153201289711,0.2550153201289711
2025-02-11 13:00:00+09:00,0.577594013,0.483308181,0.4387396758618412,0.4387396758618412,0.306614514,0.3564289468594208,0.3564289468594208
2025-02-11 14:00:00+09:00,0.551609227,0.577594013,0.5336633110885506,0.5336633110885506,0.456581149,0.4321682785928955,0.4321682785928955
2025-02-11 15:00:00+09:00,0.467716899,0.551609227,0.5440091826340278,0.5440091826340278,0.483308181,0.36595758779073334,0.36595758779073334
2025-02-11 16:00:00+09:00,0.334083793,0.467716899,0.3987321669681778,0.3987321669681778,0.577594013,0.325539649510849,0.325539649510849
2025-02-11 17:00:00+09:00,0.17817816,0.334083793,0.2245150630033188,0.2245150630033188,0.551609227,0.3389555751664658,0.3389555751664658
2025-02-11 18:00:00+09:00,0.043059534,0.17817816,0.15020218912080288,0.15020218912080288,0.467716899,0.360635560236763,0.360635560236763
2025-02-11 19:00:00+09:00,0.0,0.043059534,0.02638411389454269,0.02638411389454269,0.334083793,0.16166420026184847,0.16166420026184847
2025-02-11 20:00:00+09:00,0.0,0.0,0.0,0.0,0.17817816,0.09950791161075592,0.09950791161075592
2025-02-11 21:00:00+09:00,0.0,0.0,0.004079765174537897,0.004079765174537897,0.043059534,0.0151220155672636,0.0151220155672636
2025-02-11 22:00:00+09:00,0.0,0.0,0.004770586732774973,0.004770586732774973,0.0,0.0031557101756334305,0.0031557101756334305
2025-02-11 23:00:00+09:00,0.0,0.0,0.004770586732774973,0.004770586732774973,0.0,0.022660119459033012,0.022660119459033012
2025-02-12 00:00:00+09:00,0.0,0.0,0.0,0.0,0.0,0.0,0.0
2025-02-12 01:00:00+09:00,0.0,0.0,0.0,0.0,0.0,0.0,0.0
2025-02-12 02:00:00+09:00,0.0,0.0,0.0,0.0,0.0,0.0,0.0
2025-02-12 03:00:00+09:00,0.0,0.0,0.0,0.0,0.0,0.0,0.0
2025-02-12 04:00:00+09:00,0.0,0.0,0.0,0.0,0.0,0.0,0.0
2025-02-12 05:00:00+09:00,0.0,0.0,0.0,0.0,0.0,0.0,0.0
2025-02-12 06:00:00+09:00,0.0,0.0,0.0,0.0,0.0,0.0,0.0
2025-02-12 07:00:00+09:00,0.0,0.0,0.02248341776430607,0.02248341776430607,0.0,0.01750962994992733,0.01750962994992733
2025-02-12 08:00:00+09:00,0.000742246,0.0,0.07403066754341125,0.07403066754341125,0.0,0.07086838036775589,0.07086838036775589
2025-02-12 09:00:00+09:00,0.006681245,0.000742246,0.08125742950839615,0.08125742950839615,0.0,0.1773318648338318,0.1773318648338318
2025-02-12 10:00:00+09:00,0.020787007,0.006681245,0.16176835838043213,0.16176835838043213,0.0,0.394742876291275,0.394742876291275
2025-02-12 11:00:00+09:00,0.029696018,0.020787007,0.11275303253129196,0.11275303253129196,0.000742246,0.23663409480256653,0.23663409480256653
2025-02-12 12:00:00+09:00,0.034150523,0.029696018,0.08696381424819756,0.08696381424819756,0.006681245,0.1982045138188553,0.1982045138188553
2025-02-12 13:00:00+09:00,0.044544027,0.034150523,0.0643998560091238,0.0643998560091238,0.020787007,0.19639321305945587,0.19639321305945587
2025-02-12 14:00:00+09:00,0.060135309,0.044544027,0.05599615424804878,0.05599615424804878,0.029696018,0.0,0.0
2025-02-12 15:00:00+09:00,0.115072839,0.060135309,0.007284451622947691,0.007284451622947691,0.034150523,0.0,0.0
2025-02-12 16:00:00+09:00,0.172981408,0.115072839,0.01770301166988754,0.01770301166988754,0.044544027,0.0,0.0
2025-02-12 17:00:00+09:00,0.090573573,0.172981408,0.05043459361792374,0.05043459361792374,0.060135309,0.0,0.0
2025-02-12 18:00:00+09:00,0.014848009,0.090573573,0.0,0.0,0.115072839,0.0,0.0
2025-02-12 19:00:00+09:00,0.0,0.014848009,0.0,0.0,0.172981408,0.0,0.0
2025-02-12 20:00:00+09:00,0.0,0.0,0.0,0.0,0.090573573,0.0,0.0
2025-02-12 21:00:00+09:00,0.0,0.0,0.0,0.0,0.014848009,0.0,0.0
2025-02-12 22:00:00+09:00,0.0,0.0,0.0,0.0,0.0,0.0,0.0
2025-02-12 23:00:00+09:00,0.0,0.0,0.0,0.0,0.0,0.0,0.0
2025-02-13 00:00:00+09:00,0.0,0.0,0.0005077158566564322,0.0005077158566564322,0.0,0.001400443841703236,0.001400443841703236
2025-02-13 01:00:00+09:00,0.0,0.0,0.0005077158566564322,0.0005077158566564322,0.0,0.001400443841703236,0.001400443841703236
2025-02-13 02:00:00+09:00,0.0,0.0,0.0005077158566564322,0.0005077158566564322,0.0,0.001400443841703236,0.001400443841703236
2025-02-13 03:00:00+09:00,0.0,0.0,0.0005077158566564322,0.0005077158566564322,0.0,0.001400443841703236,0.001400443841703236
2025-02-13 04:00:00+09:00,0.0,0.0,0.0005077158566564322,0.0005077158566564322,0.0,0.001400443841703236,0.001400443841703236
2025-02-13 05:00:00+09:00,0.0,0.0,0.0005077158566564322,0.0005077158566564322,0.0,0.001400443841703236,0.001400443841703236
2025-02-13 06:00:00+09:00,0.0,0.0,0.00031330244382843375,0.00031330244382843375,0.0,7.431963604176417e-05,7.431963604176417e-05
2025-02-13 07:00:00+09:00,0.0,0.0,0.024175256490707397,0.024175256490707397,0.0,0.022600846365094185,0.022600846365094185
2025-02-13 08:00:00+09:00,0.020044761,0.0,0.07189459353685379,0.07189459353685379,0.0,0.09156971424818039,0.09156971424818039
2025-02-13 09:00:00+09:00,0.152193374,0.020044761,0.15933880418332672,0.15933880418332672,0.0,0.26023897528648376,0.26023897528648376
2025-02-13 10:00:00+09:00,0.348189555,0.152193374,0.2278023501853218,0.2278023501853218,0.0,0.24562998116016388,0.24562998116016388
2025-02-13 11:00:00+09:00,0.506322954,0.348189555,0.3743353969263363,0.3743353969263363,0.020044761,0.18181345075162506,0.18181345075162506
2025-02-13 12:00:00+09:00,0.603577772,0.506322954,0.5006139424266556,0.5006139424266556,0.152193374,0.19888762664000892,0.19888762664000892
2025-02-13 13:00:00+09:00,0.635501555,0.603577772,0.6560253033723087,0.6560253033723087,0.348189555,0.4930862410771179,0.4930862410771179
2025-02-13 14:00:00+09:00,0.608032277,0.635501555,0.6642771166009236,0.6642771166009236,0.506322954,0.6510785260806122,0.6510785260806122
2025-02-13 15:00:00+09:00,0.515974211,0.608032277,0.5835889486194152,0.5835889486194152,0.603577772,0.5788064429845066,0.5788064429845066
2025-02-13 16:00:00+09:00,0.370462082,0.515974211,0.39951426019528957,0.39951426019528957,0.635501555,0.45371026435916906,0.45371026435916906
2025-02-13 17:00:00+09:00,0.200450686,0.370462082,0.3152470808937378,0.3152470808937378,0.608032277,0.39293616093402095,0.39293616093402095
2025-02-13 18:00:00+09:00,0.051968544,0.200450686,0.0707468364459381,0.0707468364459381,0.515974211,0.20182247688630672,0.20182247688630672
2025-02-13 19:00:00+09:00,0.0,0.051968544,0.0,0.0,0.370462082,0.0,0.0
2025-02-13 20:00:00+09:00,0.0,0.0,0.0,0.0,0.200450686,0.0,0.0
2025-02-13 21:00:00+09:00,0.0,0.0,0.0,0.0,0.051968544,0.0,0.0
2025-02-13 22:00:00+09:00,0.0,0.0,0.0,0.0,0.0,0.0,0.0
2025-02-13 23:00:00+09:00,0.0,0.0,0.0,0.0,0.0,0.0,0.0
2025-02-14 00:00:00+09:00,0.0,0.0,0.00010028106044046581,0.00010028106044046581,0.0,0.0004019767511636019,0.0004019767511636019
2025-02-14 01:00:00+09:00,0.0,0.0,0.00010028106044046581,0.00010028106044046581,0.0,0.0004019767511636019,0.0004019767511636019
2025-02-14 02:00:00+09:00,0.0,0.0,0.00010028106044046581,0.00010028106044046581,0.0,0.0004019767511636019,0.0004019767511636019
2025-02-14 03:00:00+09:00,0.0,0.0,0.00010028106044046581,0.00010028106044046581,0.0,0.0004019767511636019,0.0004019767511636019
2025-02-14 04:00:00+09:00,0.0,0.0,0.00010028106044046581,0.00010028106044046581,0.0,0.0004019767511636019,0.0004019767511636019
2025-02-14 05:00:00+09:00,0.0,0.0,0.00010028106044046581,0.00010028106044046581,0.0,0.0004019767511636019,0.0004019767511636019
2025-02-14 06:00:00+09:00,0.0,0.0,4.917444312013686e-05,4.917444312013686e-05,0.0,0.0,0.0
2025-02-14 07:00:00+09:00,0.0,0.0,0.02320602536201477,0.02320602536201477,0.0,0.022499393671751022,0.022499393671751022
2025-02-14 08:00:00+09:00,0.022272527,0.0,0.06934435665607452,0.06934435665607452,0.0,0.09692703932523727,0.09692703932523727
2025-02-14 09:00:00+09:00,0.146254376,0.022272527,0.10752104946046066,0.10752104946046066,0.0,0.1531601846218109,0.1531601846218109
2025-02-14 10:00:00+09:00,0.325174782,0.146254376,0.26151868743283846,0.26151868743283846,0.0,0.27473321557044983,0.27473321557044983
2025-02-14 11:00:00+09:00,0.478853676,0.325174782,0.41497720362942886,0.41497720362942886,0.022272527,0.41714799382357787,0.41714799382357787
2025-02-14 12:00:00+09:00,0.57610952,0.478853676,0.5014502550450572,0.5014502550450572,0.146254376,0.4043537233529816,0.4043537233529816
2025-02-14 13:00:00+09:00,0.611744536,0.57610952,0.5954037167397929,0.5954037167397929,0.325174782,0.42409787657063674,0.42409787657063674
2025-02-14 14:00:00+09:00,0.582048518,0.611744536,0.6206688470269308,0.6206688470269308,0.478853676,0.5717521714953193,0.5717521714953193
2025-02-14 15:00:00+09:00,0.494443931,0.582048518,0.49081903451477815,0.49081903451477815,0.57610952,0.5813568889429462,0.5813568889429462
2025-02-14 16:00:00+09:00,0.353386307,0.494443931,0.35813441158986664,0.35813441158986664,0.611744536,0.41742621167253113,0.41742621167253113
2025-02-14 17:00:00+09:00,0.16704241,0.353386307,0.1784452589739151,0.1784452589739151,0.582048518,0.20454136782681276,0.20454136782681276
2025-02-14 18:00:00+09:00,0.049741805,0.16704241,0.035905754192504885,0.035905754192504885,0.494443931,0.10481540145135498,0.10481540145135498
2025-02-14 19:00:00+09:00,0.0,0.049741805,0.0,0.0,0.353386307,0.025423431633789073,0.025423431633789073
2025-02-14 20:00:00+09:00,0.0,0.0,0.0,0.0,0.16704241,0.0,0.0
2025-02-14 21:00:00+09:00,0.0,0.0,0.0002893940545618534,0.0002893940545618534,0.049741805,0.0,0.0
2025-02-14 22:00:00+09:00,0.0,0.0,0.0008124064770527184,0.0008124064770527184,0.0,0.0,0.0
2025-02-14 23:00:00+09:00,0.0,0.0,0.0008124064770527184,0.0008124064770527184,0.0,0.0028157844208180904,0.0028157844208180904
2025-02-15 00:00:00+09:00,0.0,0.0,0.0,0.0,0.0,0.0,0.0
2025-02-15 01:00:00+09:00,0.0,0.0,0.0,0.0,0.0,0.0,0.0
2025-02-15 02:00:00+09:00,0.0,0.0,0.0,0.0,0.0,0.0,0.0
2025-02-15 03:00:00+09:00,0.0,0.0,0.0,0.0,0.0,0.0,0.0
2025-02-15 04:00:00+09:00,0.0,0.0,0.0,0.0,0.0,0.0,0.0
2025-02-15 05:00:00+09:00,0.0,0.0,0.0,0.0,0.0,0.0,0.0
2025-02-15 06:00:00+09:00,0.0,0.0,0.0,0.0,0.0,0.0,0.0
2025-02-15 07:00:00+09:00,0.0,0.0,0.021729690954089165,0.021729690954089165,0.0,0.021262746304273605,0.021262746304273605
2025-02-15 08:00:00+09:00,0.014848009,0.0,0.06380883604288101,0.06380883604288101,0.0,0.09214682877063751,0.09214682877063751
2025-02-15 09:00:00+09:00,0.103937089,0.014848009,0.09189859057444,0.09189859057444,0.0,0.13768622279167175,0.13768622279167175
2025-02-15 10:00:00+09:00,0.215298695,0.103937089,0.2057015220859184,0.2057015220859184,0.0,0.2337201088666916,0.2337201088666916
2025-02-15 11:00:00+09:00,0.225692199,0.215298695,0.30405436220962523,0.30405436220962523,0.014848009,0.32763685310858154,0.32763685310858154
2025-02-15 12:00:00+09:00,0.281373002,0.225692199,0.3127655400120011,0.3127655400120011,0.103937089,0.4560170765259399,0.4560170765259399
2025-02-15 13:00:00+09:00,0.122497356,0.281373002,0.2843759829568077,0.2843759829568077,0.215298695,0.3681130534728241,0.3681130534728241
2025-02-15 14:00:00+09:00,0.198965167,0.122497356,0.12417940128745264,0.12417940128745264,0.225692199,0.2629029540501824,0.2629029540501824
2025-02-15 15:00:00+09:00,0.193026169,0.198965167,0.12626278151482773,0.12626278151482773,0.281373002,0.31756770647301863,0.31756770647301863
2025-02-15 16:00:00+09:00,0.053453037,0.193026169,0.11117508148941421,0.11117508148941421,0.122497356,0.0,0.0
2025-02-15 17:00:00+09:00,0.028211525,0.053453037,0.0,0.0,0.198965167,0.0,0.0
2025-02-15 18:00:00+09:00,0.004454505,0.028211525,0.0,0.0,0.193026169,0.0,0.0
2025-02-15 19:00:00+09:00,0.0,0.004454505,0.0,0.0,0.053453037,0.0,0.0
2025-02-15 20:00:00+09:00,0.0,0.0,0.0,0.0,0.028211525,0.0,0.0
2025-02-15 21:00:00+09:00,0.0,0.0,0.001444439752958715,0.001444439752958715,0.004454505,0.0,0.0
2025-02-15 22:00:00+09:00,0.0,0.0,0.001967452932149172,0.001967452932149172,0.0,0.0,0.0
2025-02-15 23:00:00+09:00,0.0,0.0,0.001967452932149172,0.001967452932149172,0.0,0.00564777385443449,0.00564777385443449
2025-02-16 00:00:00+09:00,0.0,0.0,0.00046919664600864053,0.00046919664600864053,0.0,0.0011268154485151172,0.0011268154485151172
2025-02-16 01:00:00+09:00,0.0,0.0,0.00046919664600864053,0.00046919664600864053,0.0,0.0011268154485151172,0.0011268154485151172
2025-02-16 02:00:00+09:00,0.0,0.0,0.00046919664600864053,0.00046919664600864053,0.0,0.0011268154485151172,0.0011268154485151172
2025-02-16 03:00:00+09:00,0.0,0.0,0.00046919664600864053,0.00046919664600864053,0.0,0.0011268154485151172,0.0011268154485151172
2025-02-16 04:00:00+09:00,0.0,0.0,0.00046919664600864053,0.00046919664600864053,0.0,0.0011268154485151172,0.0011268154485151172
2025-02-16 05:00:00+09:00,0.0,0.0,0.00046919664600864053,0.00046919664600864053,0.0,0.0011268154485151172,0.0011268154485151172
2025-02-16 06:00:00+09:00,0.0,0.0,0.0005116335232742131,0.0005116335232742131,0.0,0.0015473495004698634,0.0015473495004698634
2025-02-16 07:00:00+09:00,0.0,0.0,0.027198484167456627,0.027198484167456627,0.0,0.025518236681818962,0.025518236681818962
2025-02-16 08:00:00+09:00,0.018560268,0.0,0.08645724505186081,0.08645724505186081,0.0,0.11858674138784409,0.11858674138784409
2025-02-16 09:00:00+09:00,0.143284364,0.018560268,0.18105211110436248,0.18105211110436248,0.0,0.3143374025821686,0.3143374025821686
2025-02-16 10:00:00+09:00,0.310326773,0.143284364,0.306639118447937,0.306639118447937,0.0,0.3539223372936249,0.3539223372936249
2025-02-16 11:00:00+09:00,0.457323396,0.310326773,0.35811930827522087,0.35811930827522087,0.018560268,0.29460886867367553,0.29460886867367553
2025-02-16 12:00:00+09:00,0.558291499,0.457323396,0.5386422661868058,0.5386422661868058,0.143284364,0.44791333223883056,0.44791333223883056
2025-02-16 13:00:00+09:00,0.595412034,0.558291499,0.5620330345909615,0.5620330345909615,0.310326773,0.44514963336014557,0.44514963336014557
2025-02-16 14:00:00+09:00,0.544185736,0.595412034,0.5446073705504741,0.5446073705504741,0.457323396,0.49039390811595535,0.49039390811595535
2025-02-16 15:00:00+09:00,0.482565935,0.544185736,0.45570471209233854,0.45570471209233854,0.558291499,0.38965821681539914,0.38965821681539914
2025-02-16 16:00:00+09:00,0.348931802,0.482565935,0.3635982379756546,0.3635982379756546,0.595412034,0.3861061813484039,0.3861061813484039
2025-02-16 17:00:00+09:00,0.178920406,0.348931802,0.2724567256226082,0.2724567256226082,0.544185736,0.3326830796594009,0.3326830796594009
2025-02-16 18:00:00+09:00,0.044544027,0.178920406,0.07166233201442337,0.07166233201442337,0.482565935,0.2478673711858368,0.2478673711858368
2025-02-16 19:00:00+09:00,0.0,0.044544027,0.0,0.0,0.348931802,0.0,0.0
2025-02-16 20:00:00+09:00,0.0,0.0,0.0,0.0,0.178920406,0.0,0.0
2025-02-16 21:00:00+09:00,0.0,0.0,0.0,0.0,0.044544027,0.0,0.0
2025-02-16 22:00:00+09:00,0.0,0.0,0.0,0.0,0.0,0.0,0.0
2025-02-16 23:00:00+09:00,0.0,0.0,0.0,0.0,0.0,0.0,0.0
2025-02-17 00:00:00+09:00,0.0,0.0,0.00023431330919265747,0.00023431330919265747,0.0,0.00036047722096554935,0.00036047722096554935
2025-02-17 01:00:00+09:00,0.0,0.0,0.00023431330919265747,0.00023431330919265747,0.0,0.00036047722096554935,0.00036047722096554935
2025-02-17 02:00:00+09:00,0.0,0.0,0.00023431330919265747,0.00023431330919265747,0.0,0.00036047722096554935,0.00036047722096554935
2025-02-17 03:00:00+09:00,0.0,0.0,0.00023431330919265747,0.00023431330919265747,0.0,0.00036047722096554935,0.00036047722096554935
2025-02-17 04:00:00+09:00,0.0,0.0,0.00023431330919265747,0.00023431330919265747,0.0,0.00036047722096554935,0.00036047722096554935
2025-02-17 05:00:00+09:00,0.0,0.0,0.00023431330919265747,0.00023431330919265747,0.0,0.00036047722096554935,0.00036047722096554935
2025-02-17 06:00:00+09:00,0.0,0.0,0.0004553886246867478,0.0004553886246867478,0.0,0.0,0.0
2025-02-17 07:00:00+09:00,0.0,0.0,0.013320459052920341,0.013320459052920341,0.0,0.006033738609403372,0.006033738609403372
2025-02-17 08:00:00+09:00,0.024499266,0.0,0.07508637011051178,0.07508637011051178,0.0,0.08072267472743988,0.08072267472743988
2025-02-17 09:00:00+09:00,0.162587904,0.024499266,0.1690200851871643,0.1690200851871643,0.0,0.1885833889245987,0.1885833889245987
2025-02-17 10:00:00+09:00,0.356356319,0.162587904,0.3064421644446411,0.3064421644446411,0.0,0.2868141531944275,0.2868141531944275
2025-02-17 11:00:00+09:00,0.284341988,0.356356319,0.45511054616140745,0.45511054616140745,0.024499266,0.30074167117616274,0.30074167117616274
2025-02-17 12:00:00+09:00,0.362295318,0.284341988,0.31971074718507575,0.31971074718507575,0.162587904,0.42992299106092835,0.42992299106092835
2025-02-17 13:00:00+09:00,0.57610952,0.362295318,0.3302404392286949,0.3302404392286949,0.356356319,0.3893291055755558,0.3893291055755558
2025-02-17 14:00:00+09:00,0.60729003,0.57610952,0.5699079649788928,0.5699079649788928,0.284341988,0.28129232869009124,0.28129232869009124
2025-02-17 15:00:00+09:00,0.505580708,0.60729003,0.5957438354466248,0.5957438354466248,0.362295318,0.32305917849389837,0.32305917849389837
2025-02-17 16:00:00+09:00,0.378628846,0.505580708,0.4021341275303917,0.4021341275303917,0.57610952,0.330635956328888,0.330635956328888
2025-02-17 17:00:00+09:00,0.209359697,0.378628846,0.24937639732198336,0.24937639732198336,0.60729003,0.34375786828735355,0.34375786828735355
2025-02-17 18:00:00+09:00,0.057907543,0.209359697,0.11150555957934571,0.11150555957934571,0.505580708,0.23375900051289367,0.23375900051289367
2025-02-17 19:00:00+09:00,0.0,0.057907543,0.0,0.0,0.378628846,0.01958953935937502,0.01958953935937502
2025-02-17 20:00:00+09:00,0.0,0.0,0.0,0.0,0.209359697,0.0,0.0
2025-02-17 21:00:00+09:00,0.0,0.0,0.0,0.0,0.057907543,0.0,0.0
2025-02-17 22:00:00+09:00,0.0,0.0,0.0,0.0,0.0,0.0,0.0
2025-02-17 23:00:00+09:00,0.0,0.0,0.0,0.0,0.0,0.0,0.0
2025-02-18 00:00:00+09:00,0.0,0.0,0.0,0.0,0.0,0.0,0.0
2025-02-18 01:00:00+09:00,0.0,0.0,0.0,0.0,0.0,0.0,0.0
2025-02-18 02:00:00+09:00,0.0,0.0,0.0,0.0,0.0,0.0,0.0
2025-02-18 03:00:00+09:00,0.0,0.0,0.0,0.0,0.0,0.0,0.0
2025-02-18 04:00:00+09:00,0.0,0.0,0.0,0.0,0.0,0.0,0.0
2025-02-18 05:00:00+09:00,0.0,0.0,0.0,0.0,0.0,0.0,0.0
2025-02-18 06:00:00+09:00,0.0,0.0,0.0,0.0,0.0,0.0,0.0
2025-02-18 07:00:00+09:00,0.0,0.0,0.012111610732972622,0.012111610732972622,0.0,0.007639830466359854,0.007639830466359854
2025-02-18 08:00:00+09:00,0.025984785,0.0,0.049885157495737076,0.049885157495737076,0.0,0.05169479921460152,0.05169479921460152
2025-02-18 09:00:00+09:00,0.164072397,0.025984785,0.10880274925580978,0.10880274925580978,0.0,0.13365638256072998,0.13365638256072998
2025-02-18 10:00:00+09:00,0.346705062,0.164072397,0.23599986994902802,0.23599986994902802,0.0,0.14490340650081635,0.14490340650081635
2025-02-18 11:00:00+09:00,0.516716458,0.346705062,0.4308122151176567,0.4308122151176567,0.025984785,0.29362594191185,0.29362594191185
2025-02-18 12:00:00+09:00,0.614714548,0.516716458,0.49325687634175586,0.49325687634175586,0.164072397,0.2962679442230911,0.2962679442230911
2025-02-18 13:00:00+09:00,0.651091811,0.614714548,0.6319103501819592,0.6319103501819592,0.346705062,0.45105594923897935,0.45105594923897935
2025-02-18 14:00:00+09:00,0.624365805,0.651091811,0.5980919345604286,0.5980919345604286,0.516716458,0.5224641255137877,0.5224641255137877
2025-02-18 15:00:00+09:00,0.542700217,0.624365805,0.5697403236328888,0.5697403236328888,0.614714548,0.564558215447567,0.564558215447567
2025-02-18 16:00:00+09:00,0.392734608,0.542700217,0.46431845509146885,0.46431845509146885,0.651091811,0.4005842476474152,0.4005842476474152
2025-02-18 17:00:00+09:00,0.216783188,0.392734608,0.2737666427547531,0.2737666427547531,0.624365805,0.48747843345993047,0.48747843345993047
2025-02-18 18:00:00+09:00,0.063104294,0.216783188,0.1673417572822933,0.1673417572822933,0.542700217,0.3937350221786423,0.3937350221786423
2025-02-18 19:00:00+09:00,0.0,0.063104294,0.0464288738945427,0.0464288738945427,0.392734608,0.22031501526184843,0.22031501526184843
2025-02-18 20:00:00+09:00,0.0,0.0,0.0,0.0,0.216783188,0.1381129396107559,0.1381129396107559
2025-02-18 21:00:00+09:00,0.0,0.0,0.004079765174537897,0.004079765174537897,0.063104294,0.03516677556726361,0.03516677556726361
2025-02-18 22:00:00+09:00,0.0,0.0,0.004770586732774973,0.004770586732774973,0.0,0.0031557101756334305,0.0031557101756334305
2025-02-18 23:00:00+09:00,0.0,0.0,0.004770586732774973,0.004770586732774973,0.0,0.022660119459033012,0.022660119459033012
2025-02-19 00:00:00+09:00,0.0,0.0,0.0,0.0,0.0,0.0,0.0
2025-02-19 01:00:00+09:00,0.0,0.0,0.0,0.0,0.0,0.0,0.0
2025-02-19 02:00:00+09:00,0.0,0.0,0.0,0.0,0.0,0.0,0.0
2025-02-19 03:00:00+09:00,0.0,0.0,0.0,0.0,0.0,0.0,0.0
2025-02-19 04:00:00+09:00,0.0,0.0,0.0,0.0,0.0,0.0,0.0
2025-02-19 05:00:00+09:00,0.0,0.0,0.0,0.0,0.0,0.0,0.0
2025-02-19 06:00:00+09:00,0.0,0.0,0.0,0.0,0.0,0.0,0.0
2025-02-19 07:00:00+09:00,0.0,0.0,0.02248341776430607,0.02248341776430607,0.0,0.01750962994992733,0.01750962994992733
2025-02-19 08:00:00+09:00,0.028211525,0.0,0.0687483623623848,0.0687483623623848,0.0,0.07966425269842148,0.07966425269842148
2025-02-19 09:00:00+09:00,0.16555689,0.028211525,0.14088807097759248,0.14088807097759248,0.0,0.20330402255058289,0.20330402255058289
2025-02-19 10:00:00+09:00,0.361553071,0.16555689,0.28109463029016496,0.28109463029016496,0.0,0.23912377655506134,0.23912377655506134
2025-02-19 11:00:00+09:00,0.521170963,0.361553071,0.4154462087232075,0.4154462087232075,0.028211525,0.2116890757450104,0.2116890757450104
2025-02-19 12:00:00+09:00,0.620653546,0.521170963,0.5606007617222671,0.5606007617222671,0.16555689,0.4357895972620392,0.4357895972620392
2025-02-19 13:00:00+09:00,0.657031835,0.620653546,0.6305633686055503,0.6305633686055503,0.361553071,0.43428189859571076,0.43428189859571076
2025-02-19 14:00:00+09:00,0.628820311,0.657031835,0.6994547405643081,0.6994547405643081,0.521170963,0.7372664105402832,0.7372664105402832
2025-02-19 15:00:00+09:00,0.537503465,0.628820311,0.5652232428094254,0.5652232428094254,0.620653546,0.5728187882845364,0.5728187882845364
2025-02-19 16:00:00+09:00,0.390506842,0.537503465,0.43374340135177614,0.43374340135177614,0.657031835,0.4886322775287246,0.4886322775287246
2025-02-19 17:00:00+09:00,0.216040942,0.390506842,0.27033025102090075,0.27033025102090075,0.628820311,0.3742167462607727,0.3742167462607727
2025-02-19 18:00:00+09:00,0.063847567,0.216040942,0.10434668056830598,0.10434668056830598,0.537503465,0.19269828397354127,0.19269828397354127
2025-02-19 19:00:00+09:00,0.0,0.063847567,0.0,0.0,0.390506842,0.04926959500979616,0.04926959500979616
2025-02-19 20:00:00+09:00,0.0,0.0,0.0,0.0,0.216040942,0.0,0.0
2025-02-19 21:00:00+09:00,0.0,0.0,0.0,0.0,0.063847567,0.0,0.0
2025-02-19 22:00:00+09:00,0.0,0.0,0.0,0.0,0.0,0.0,0.0
2025-02-19 23:00:00+09:00,0.0,0.0,0.0,0.0,0.0,0.0,0.0
2025-02-20 00:00:00+09:00,0.0,0.0,0.0005077158566564322,0.0005077158566564322,0.0,0.001400443841703236,0.001400443841703236
2025-02-20 01:00:00+09:00,0.0,0.0,0.0005077158566564322,0.0005077158566564322,0.0,0.001400443841703236,0.001400443841703236
2025-02-20 02:00:00+09:00,0.0,0.0,0.0005077158566564322,0.0005077158566564322,0.0,0.001400443841703236,0.001400443841703236
2025-02-20 03:00:00+09:00,0.0,0.0,0.0005077158566564322,0.0005077158566564322,0.0,0.001400443841703236,0.001400443841703236
2025-02-20 04:00:00+09:00,0.0,0.0,0.0005077158566564322,0.0005077158566564322,0.0,0.001400443841703236,0.001400443841703236
2025-02-20 05:00:00+09:00,0.0,0.0,0.0005077158566564322,0.0005077158566564322,0.0,0.001400443841703236,0.001400443841703236
2025-02-20 06:00:00+09:00,0.0,0.0,0.00031330244382843375,0.00031330244382843375,0.0,7.431963604176417e-05,7.431963604176417e-05
2025-02-20 07:00:00+09:00,0.0,0.0,0.024175256490707397,0.024175256490707397,0.0,0.022600846365094185,0.022600846365094185
2025-02-20 08:00:00+09:00,0.031181537,0.0,0.08110136538743973,0.08110136538743973,0.0,0.13924013078212738,0.13924013078212738
2025-02-20 09:00:00+09:00,0.105421582,0.031181537,0.17487613150244904,0.17487613150244904,0.0,0.26509565114974976,0.26509565114974976
2025-02-20 10:00:00+09:00,0.281373002,0.105421582,0.2154381812975235,0.2154381812975235,0.0,0.288880854845047,0.288880854845047
2025-02-20 11:00:00+09:00,0.515231965,0.281373002,0.4204757440759201,0.4204757440759201,0.031181537,0.4181552756703491,0.4181552756703491
2025-02-20 12:00:00+09:00,0.614714548,0.515231965,0.5653216930871868,0.5653216930871868,0.105421582,0.496972331540329,0.496972331540329
2025-02-20 13:00:00+09:00,0.639956061,0.614714548,0.6321808882140141,0.6321808882140141,0.281373002,0.4710482139064331,0.4710482139064331
2025-02-20 14:00:00+09:00,0.614714548,0.639956061,0.640725209231484,0.640725209231484,0.515231965,0.6419098059481049,0.6419098059481049
2025-02-20 15:00:00+09:00,0.535276725,0.614714548,0.5454730913125496,0.5454730913125496,0.614714548,0.6311367601238709,0.6311367601238709
2025-02-20 16:00:00+09:00,0.391249089,0.535276725,0.39369933218345643,0.39369933218345643,0.639956061,0.44463667666352846,0.44463667666352846
2025-02-20 17:00:00+09:00,0.218267681,0.391249089,0.2412365064594879,0.2412365064594879,0.614714548,0.267051145442627,0.267051145442627
2025-02-20 18:00:00+09:00,0.063847567,0.218267681,0.06223154246545409,0.06223154246545409,0.535276725,0.10447554201469422,0.10447554201469422
2025-02-20 19:00:00+09:00,0.000742246,0.063847567,0.0,0.0,0.391249089,0.0,0.0
2025-02-20 20:00:00+09:00,0.0,0.000742246,0.0,0.0,0.218267681,0.0,0.0
2025-02-20 21:00:00+09:00,0.0,0.0,0.0,0.0,0.063847567,0.0,0.0
2025-02-20 22:00:00+09:00,0.0,0.0,0.0,0.0,0.000742246,0.0,0.0
2025-02-20 23:00:00+09:00,0.0,0.0,0.0,0.0,0.0,0.0,0.0
2025-02-21 00:00:00+09:00,0.0,0.0,0.00010028106044046581,0.00010028106044046581,0.0,0.0004019767511636019,0.0004019767511636019
2025-02-21 01:00:00+09:00,0.0,0.0,0.00010028106044046581,0.00010028106044046581,0.0,0.0004019767511636019,0.0004019767511636019
2025-02-21 02:00:00+09:00,0.0,0.0,0.00010028106044046581,0.00010028106044046581,0.0,0.0004019767511636019,0.0004019767511636019
2025-02-21 03:00:00+09:00,0.0,0.0,0.00010028106044046581,0.00010028106044046581,0.0,0.0004019767511636019,0.0004019767511636019
2025-02-21 04:00:00+09:00,0.0,0.0,0.00010028106044046581,0.00010028106044046581,0.0,0.0004019767511636019,0.0004019767511636019
2025-02-21 05:00:00+09:00,0.0,0.0,0.00010028106044046581,0.00010028106044046581,0.0,0.0004019767511636019,0.0004019767511636019
2025-02-21 06:00:00+09:00,0.0,0.0,4.917444312013686e-05,4.917444312013686e-05,0.0,0.0,0.0
2025-02-21 07:00:00+09:00,0.0,0.0,0.02320602536201477,0.02320602536201477,0.0,0.022499393671751022,0.022499393671751022
2025-02-21 08:00:00+09:00,0.026727032,0.0,0.07265286892652512,0.07265286892652512,0.0,0.11640536040067673,0.11640536040067673
2025-02-21 09:00:00+09:00,0.159617892,0.026727032,0.1673234962763138,0.1673234962763138,0.0,0.2946549355983734,0.2946549355983734
2025-02-21 10:00:00+09:00,0.35264406,0.159617892,0.3199314684598846,0.3199314684598846,0.0,0.39428791403770447,0.39428791403770447
2025-02-21 11:00:00+09:00,0.502610695,0.35264406,0.4563832545719719,0.4563832545719719,0.026727032,0.46328444414752196,0.46328444414752196
2025-02-21 12:00:00+09:00,0.355614073,0.502610695,0.536341693635292,0.536341693635292,0.159617892,0.4403230757444305,0.4403230757444305
2025-02-21 13:00:00+09:00,0.60729003,0.355614073,0.3982697980320911,0.3982697980320911,0.35264406,0.5127469042382813,0.5127469042382813
2025-02-21 14:00:00+09:00,0.574624,0.60729003,0.6229077582333374,0.6229077582333374,0.502610695,0.6032701846316528,0.6032701846316528
2025-02-21 15:00:00+09:00,0.544185736,0.574624,0.5322453024556637,0.5322453024556637,0.355614073,0.3994006508803825,0.3994006508803825
2025-02-21 16:00:00+09:00,0.4001581,0.544185736,0.41305977922624204,0.41305977922624204,0.60729003,0.42785193073490146,0.42785193073490146
2025-02-21 17:00:00+09:00,0.236085702,0.4001581,0.28872182982263567,0.28872182982263567,0.574624,0.32122513453865054,0.32122513453865054
2025-02-21 18:00:00+09:00,0.0675588,0.236085702,0.09557080668006135,0.09557080668006135,0.544185736,0.15523631197160337,0.15523631197160337
2025-02-21 19:00:00+09:00,0.000742246,0.0675588,0.023353674578714373,0.023353674578714373,0.4001581,0.17208369838294985,0.17208369838294985
2025-02-21 20:00:00+09:00,0.0,0.000742246,0.0,0.0,0.236085702,0.014300350365974435,0.014300350365974435
2025-02-21 21:00:00+09:00,0.0,0.0,0.0002893940545618534,0.0002893940545618534,0.0675588,0.0,0.0
2025-02-21 22:00:00+09:00,0.0,0.0,0.0008124064770527184,0.0008124064770527184,0.000742246,0.0,0.0
2025-02-21 23:00:00+09:00,0.0,0.0,0.0008124064770527184,0.0008124064770527184,0.0,0.0028157844208180904,0.0028157844208180904
2025-02-22 00:00:00+09:00,0.0,0.0,0.0,0.0,0.0,0.0,0.0
2025-02-22 01:00:00+09:00,0.0,0.0,0.0,0.0,0.0,0.0,0.0
2025-02-22 02:00:00+09:00,0.0,0.0,0.0,0.0,0.0,0.0,0.0
2025-02-22 03:00:00+09:00,0.0,0.0,0.0,0.0,0.0,0.0,0.0
2025-02-22 04:00:00+09:00,0.0,0.0,0.0,0.0,0.0,0.0,0.0
2025-02-22 05:00:00+09:00,0.0,0.0,0.0,0.0,0.0,0.0,0.0
2025-02-22 06:00:00+09:00,0.0,0.0,0.0,0.0,0.0,0.0,0.0
2025-02-22 07:00:00+09:00,0.0,0.0,0.021729690954089165,0.021729690954089165,0.0,0.021262746304273605,0.021262746304273605
2025-02-22 08:00:00+09:00,0.031181537,0.0,0.0789756253361702,0.0789756253361702,0.0,0.0932803675532341,0.0932803675532341
2025-02-22 09:00:00+09:00,0.151451128,0.031181537,0.09706294575101089,0.09706294575101089,0.0,0.1268683671951294,0.1268683671951294
2025-02-22 10:00:00+09:00,0.350417321,0.151451128,0.26919655727742003,0.26919655727742003,0.0,0.33031392097473145,0.33031392097473145
2025-02-22 11:00:00+09:00,0.529337727,0.350417321,0.424675775144001,0.424675775144001,0.031181537,0.36944472083216856,0.36944472083216856
2025-02-22 12:00:00+09:00,0.629562557,0.529337727,0.5539934025155325,0.5539934025155325,0.151451128,0.3542604916035919,0.3542604916035919
2025-02-22 13:00:00+09:00,0.662970834,0.629562557,0.6325655379568077,0.6325655379568077,0.350417321,0.5032316794728241,0.5032316794728241
2025-02-22 14:00:00+09:00,0.630304804,0.662970834,0.6673873905632284,0.6673873905632284,0.529337727,0.6210729037420769,0.6210729037420769
2025-02-22 15:00:00+09:00,0.539731231,0.630304804,0.5999946593520441,0.5999946593520441,0.629562557,0.6129909327954836,0.6129909327954836
2025-02-22 16:00:00+09:00,0.4001581,0.539731231,0.4176124599237976,0.4176124599237976,0.662970834,0.46799131534803773,0.46799131534803773
2025-02-22 17:00:00+09:00,0.226434445,0.4001581,0.2602469699293137,0.2602469699293137,0.630304804,0.3746992851820984,0.3746992851820984
2025-02-22 18:00:00+09:00,0.061619801,0.226434445,0.09038849732906343,0.09038849732906343,0.539731231,0.33451631334024046,0.33451631334024046
2025-02-22 19:00:00+09:00,0.0,0.061619801,0.024344993308425905,0.024344993308425905,0.4001581,0.22378139959869386,0.22378139959869386
2025-02-22 20:00:00+09:00,0.0,0.0,0.0,0.0,0.226434445,0.01704806647331239,0.01704806647331239
2025-02-22 21:00:00+09:00,0.0,0.0,0.001444439752958715,0.001444439752958715,0.061619801,0.0,0.0
2025-02-22 22:00:00+09:00,0.0,0.0,0.001967452932149172,0.001967452932149172,0.0,0.0,0.0
2025-02-22 23:00:00+09:00,0.0,0.0,0.001967452932149172,0.001967452932149172,0.0,0.00564777385443449,0.00564777385443449
2025-02-23 00:00:00+09:00,0.0,0.0,0.00046919664600864053,0.00046919664600864053,0.0,0.0011268154485151172,0.0011268154485151172
2025-02-23 01:00:00+09:00,0.0,0.0,0.00046919664600864053,0.00046919664600864053,0.0,0.0011268154485151172,0.0011268154485151172
2025-02-23 02:00:00+09:00,0.0,0.0,0.00046919664600864053,0.00046919664600864053,0.0,0.0011268154485151172,0.0011268154485151172
2025-02-23 03:00:00+09:00,0.0,0.0,0.00046919664600864053,0.00046919664600864053,0.0,0.0011268154485151172,0.0011268154485151172
2025-02-23 04:00:00+09:00,0.0,0.0,0.00046919664600864053,0.00046919664600864053,0.0,0.0011268154485151172,0.0011268154485151172
2025-02-23 05:00:00+09:00,0.0,0.0,0.00046919664600864053,0.00046919664600864053,0.0,0.0011268154485151172,0.0011268154485151172
2025-02-23 06:00:00+09:00,0.0,0.0,0.0005116335232742131,0.0005116335232742131,0.0,0.0015473495004698634,0.0015473495004698634
2025-02-23 07:00:00+09:00,0.0,0.0,0.027198484167456627,0.027198484167456627,0.0,0.025518236681818962,0.025518236681818962
2025-02-23 08:00:00+09:00,0.035636043,0.0,0.09984391182661057,0.09984391182661057,0.0,0.1360250562429428,0.1360250562429428
2025-02-23 09:00:00+09:00,0.181148172,0.035636043,0.14318785612561036,0.14318785612561036,0.0,0.18004077672958374,0.18004077672958374
2025-02-23 10:00:00+09:00,0.384567844,0.181148172,0.31624504981333923,0.31624504981333923,0.0,0.38321810960769653,0.38321810960769653
2025-02-23 11:00:00+09:00,0.544185736,0.384567844,0.5000197163487854,0.5000197163487854,0.035636043,0.3927674943683319,0.3927674943683319
2025-02-23 12:00:00+09:00,0.646638332,0.544185736,0.611420378803669,0.611420378803669,0.181148172,0.4969001716166229,0.4969001716166229
2025-02-23 13:00:00+09:00,0.677076596,0.646638332,0.6781998929288215,0.6781998929288215,0.384567844,0.5417888930703583,0.5417888930703583
2025-02-23 14:00:00+09:00,0.641440554,0.677076596,0.6482725843570671,0.6482725843570671,0.544185736,0.47300015461391065,0.47300015461391065
2025-02-23 15:00:00+09:00,0.553836993,0.641440554,0.506600676513771,0.506600676513771,0.646638332,0.5399513226654358,0.5399513226654358
2025-02-23 16:00:00+09:00,0.399415853,0.553836993,0.3733253395766907,0.3733253395766907,0.677076596,0.3374305248043976,0.3374305248043976
2025-02-23 17:00:00+09:00,0.233858963,0.399415853,0.26211488482983397,0.26211488482983397,0.641440554,0.2555860415469208,0.2555860415469208
2025-02-23 18:00:00+09:00,0.039347275,0.233858963,0.1045286110512619,0.1045286110512619,0.553836993,0.1891766703338318,0.1891766703338318
2025-02-23 19:00:00+09:00,0.000742246,0.039347275,0.0,0.0,0.399415853,0.047820034003570544,0.047820034003570544
2025-02-23 20:00:00+09:00,0.0,0.000742246,0.0,0.0,0.233858963,0.0,0.0
2025-02-23 21:00:00+09:00,0.0,0.0,0.0,0.0,0.039347275,0.0,0.0
2025-02-23 22:00:00+09:00,0.0,0.0,0.0,0.0,0.000742246,0.0,0.0
2025-02-23 23:00:00+09:00,0.0,0.0,0.0,0.0,0.0,0.0,0.0
2025-02-24 00:00:00+09:00,0.0,0.0,0.00023431330919265747,0.00023431330919265747,0.0,0.00036047722096554935,0.00036047722096554935
2025-02-24 01:00:00+09:00,0.0,0.0,0.00023431330919265747,0.00023431330919265747,0.0,0.00036047722096554935,0.00036047722096554935
2025-02-24 02:00:00+09:00,0.0,0.0,0.00023431330919265747,0.00023431330919265747,0.0,0.00036047722096554935,0.00036047722096554935
2025-02-24 03:00:00+09:00,0.0,0.0,0.00023431330919265747,0.00023431330919265747,0.0,0.00036047722096554935,0.00036047722096554935
2025-02-24 04:00:00+09:00,0.0,0.0,0.00023431330919265747,0.00023431330919265747,0.0,0.00036047722096554935,0.00036047722096554935
2025-02-24 05:00:00+09:00,0.0,0.0,0.00023431330919265747,0.00023431330919265747,0.0,0.00036047722096554935,0.00036047722096554935
2025-02-24 06:00:00+09:00,0.0,0.0,0.0004553886246867478,0.0004553886246867478,0.0,0.0,0.0
2025-02-24 07:00:00+09:00,0.0,0.0,0.013320459052920341,0.013320459052920341,0.0,0.006033738609403372,0.006033738609403372
2025-02-24 08:00:00+09:00,0.038605028,0.0,0.0602254755795002,0.0602254755795002,0.0,0.07043469697237015,0.07043469697237015
2025-02-24 09:00:00+09:00,0.192283922,0.038605028,0.14622338226092146,0.14622338226092146,0.0,0.1818719208240509,0.1818719208240509
2025-02-24 10:00:00+09:00,0.391991335,0.192283922,0.33261523501403045,0.33261523501403045,0.0,0.266576886177063,0.266576886177063
2025-02-24 11:00:00+09:00,0.545670229,0.391991335,0.5184012828721618,0.5184012828721618,0.038605028,0.47125359734547423,0.47125359734547423
2025-02-24 12:00:00+09:00,0.642926073,0.545670229,0.5715014459462442,0.5715014459462442,0.192283922,0.46025499062068176,0.46025499062068176
2025-02-24 13:00:00+09:00,0.674849857,0.642926073,0.6252998135240536,0.6252998135240536,0.391991335,0.4755400149478531,0.4755400149478531
2025-02-24 14:00:00+09:00,0.647380578,0.674849857,0.6979025717650719,0.6979025717650719,0.545670229,0.532642912109343,0.532642912109343
2025-02-24 15:00:00+09:00,0.559033745,0.647380578,0.5852383064514904,0.5852383064514904,0.642926073,0.5768361672015648,0.5768361672015648
2025-02-24 16:00:00+09:00,0.415006108,0.559033745,0.40349724240028384,0.40349724240028384,0.674849857,0.46076749673236084,0.46076749673236084
2025-02-24 17:00:00+09:00,0.236827949,0.415006108,0.2997353890678482,0.2997353890678482,0.647380578,0.38580586262409977,0.38580586262409977
2025-02-24 18:00:00+09:00,0.077210057,0.236827949,0.1208410728102913,0.1208410728102913,0.559033745,0.2570781046839905,0.2570781046839905
2025-02-24 19:00:00+09:00,0.001484493,0.077210057,0.018091733971912383,0.018091733971912383,0.415006108,0.14416897983761595,0.14416897983761595
2025-02-24 20:00:00+09:00,0.0,0.001484493,0.0,0.0,0.236827949,0.0,0.0
2025-02-24 21:00:00+09:00,0.0,0.0,0.0,0.0,0.077210057,0.0,0.0
2025-02-24 22:00:00+09:00,0.0,0.0,0.0,0.0,0.001484493,0.0,0.0
2025-02-24 23:00:00+09:00,0.0,0.0,0.0,0.0,0.0,0.0,0.0
2025-02-25 00:00:00+09:00,0.0,0.0,0.0,0.0,0.0,0.0,0.0
2025-02-25 01:00:00+09:00,0.0,0.0,0.0,0.0,0.0,0.0,0.0
2025-02-25 02:00:00+09:00,0.0,0.0,0.0,0.0,0.0,0.0,0.0
2025-02-25 03:00:00+09:00,0.0,0.0,0.0,0.0,0.0,0.0,0.0
2025-02-25 04:00:00+09:00,0.0,0.0,0.0,0.0,0.0,0.0,0.0
2025-02-25 05:00:00+09:00,0.0,0.0,0.0,0.0,0.0,0.0,0.0
2025-02-25 06:00:00+09:00,0.0,0.0,0.0,0.0,0.0,0.0,0.0
2025-02-25 07:00:00+09:00,0.0,0.0,0.012111610732972622,0.012111610732972622,0.0,0.007639830466359854,0.007639830466359854
2025-02-25 08:00:00+09:00,0.029696018,0.0,0.07188380509614944,0.07188380509614944,0.0,0.05588064342737198,0.05588064342737198
2025-02-25 09:00:00+09:00,0.159617892,0.029696018,0.17999960531746673,0.17999960531746673,0.0,0.14789900183677673,0.14789900183677673
2025-02-25 10:00:00+09:00,0.380113339,0.159617892,0.23475304851226045,0.23475304851226045,0.0,0.19943681359291077,0.19943681359291077
2025-02-25 11:00:00+09:00,0.534534479,0.380113339,0.4772052894761696,0.4772052894761696,0.029696018,0.3554393654063873,0.3554393654063873
2025-02-25 12:00:00+09:00,0.622138039,0.534534479,0.6148600228804626,0.6148600228804626,0.159617892,0.3962402851312561,0.3962402851312561
2025-02-25 13:00:00+09:00,0.642926073,0.622138039,0.598916583485569,0.598916583485569,0.380113339,0.4042038730760946,0.4042038730760946
2025-02-25 14:00:00+09:00,0.611002289,0.642926073,0.6151914022119503,0.6151914022119503,0.534534479,0.529721769944159,0.529721769944159
2025-02-25 15:00:00+09:00,0.303645529,0.611002289,0.5449081885246887,0.5449081885246887,0.622138039,0.47641328049417875,0.47641328049417875
2025-02-25 16:00:00+09:00,0.230146704,0.303645529,0.159832708684639,0.159832708684639,0.642926073,0.35421917431073,0.35421917431073
2025-02-25 17:00:00+09:00,0.167784656,0.230146704,0.13451763777113343,0.13451763777113343,0.611002289,0.3977155613331451,0.3977155613331451
2025-02-25 18:00:00+09:00,0.037862782,0.167784656,0.05708091945634461,0.05708091945634461,0.303645529,0.10156688853903201,0.10156688853903201
2025-02-25 19:00:00+09:00,0.0,0.037862782,0.016158590658003805,0.016158590658003805,0.230146704,0.15706284133768464,0.15706284133768464
2025-02-25 20:00:00+09:00,0.0,0.0,0.0,0.0,0.167784656,0.08911440761075592,0.08911440761075592
2025-02-25 21:00:00+09:00,0.0,0.0,0.004079765174537897,0.004079765174537897,0.037862782,0.0099252635672636,0.0099252635672636
2025-02-25 22:00:00+09:00,0.0,0.0,0.004770586732774973,0.004770586732774973,0.0,0.0031557101756334305,0.0031557101756334305
2025-02-25 23:00:00+09:00,0.0,0.0,0.004770586732774973,0.004770586732774973,0.0,0.022660119459033012,0.022660119459033012
2025-02-26 00:00:00+09:00,0.0,0.0,0.0,0.0,0.0,0.0,0.0
2025-02-26 01:00:00+09:00,0.0,0.0,0.0,0.0,0.0,0.0,0.0
2025-02-26 02:00:00+09:00,0.0,0.0,0.0,0.0,0.0,0.0,0.0
2025-02-26 03:00:00+09:00,0.0,0.0,0.0,0.0,0.0,0.0,0.0
2025-02-26 04:00:00+09:00,0.0,0.0,0.0,0.0,0.0,0.0,0.0
2025-02-26 05:00:00+09:00,0.0,0.0,0.0,0.0,0.0,0.0,0.0
2025-02-26 06:00:00+09:00,0.0,0.0,0.0,0.0,0.0,0.0,0.0
2025-02-26 07:00:00+09:00,0.0,0.0,0.02248341776430607,0.02248341776430607,0.0,0.01750962994992733,0.01750962994992733
2025-02-26 08:00:00+09:00,0.036378289,0.0,0.043988823890686035,0.043988823890686035,0.0,0.03829898685216904,0.03829898685216904
2025-02-26 09:00:00+09:00,0.169269149,0.036378289,0.12445194496294404,0.12445194496294404,0.0,0.17378658056259155,0.17378658056259155
2025-02-26 10:00:00+09:00,0.344477296,0.169269149,0.2818807035630455,0.2818807035630455,0.0,0.20128679275512695,0.20128679275512695
2025-02-26 11:00:00+09:00,0.490731672,0.344477296,0.4740381838135681,0.4740381838135681,0.036378289,0.453674191967453,0.453674191967453
2025-02-26 12:00:00+09:00,0.57610952,0.490731672,0.528791934799263,0.528791934799263,0.169269149,0.5058982714956513,0.5058982714956513
2025-02-26 13:00:00+09:00,0.623623559,0.57610952,0.6170680400250149,0.6170680400250149,0.344477296,0.4269898311548195,0.4269898311548195
2025-02-26 14:00:00+09:00,0.593184268,0.623623559,0.638003921816155,0.638003921816155,0.490731672,0.6069539567342491,0.6069539567342491
2025-02-26 15:00:00+09:00,0.518943197,0.593184268,0.5861614000894361,0.5861614000894361,0.57610952,0.6691344592986298,0.6691344592986298
2025-02-26 16:00:00+09:00,0.369719835,0.518943197,0.3976407338857384,0.3976407338857384,0.623623559,0.42934949112127685,0.42934949112127685
2025-02-26 17:00:00+09:00,0.215298695,0.369719835,0.29675703682180404,0.29675703682180404,0.593184268,0.37162826013790895,0.37162826013790895
2025-02-26 18:00:00+09:00,0.069044319,0.215298695,0.1390430531223488,0.1390430531223488,0.518943197,0.322282231318924,0.322282231318924
2025-02-26 19:00:00+09:00,0.001484493,0.069044319,0.00048444142555618963,0.00048444142555618963,0.369719835,0.02848258800979614,0.02848258800979614
2025-02-26 20:00:00+09:00,0.0,0.001484493,0.0,0.0,0.215298695,0.0,0.0
2025-02-26 21:00:00+09:00,0.0,0.0,0.0,0.0,0.069044319,0.0,0.0
2025-02-26 22:00:00+09:00,0.0,0.0,0.0,0.0,0.001484493,0.0,0.0
2025-02-26 23:00:00+09:00,0.0,0.0,0.0,0.0,0.0,0.0,0.0
2025-02-27 00:00:00+09:00,0.0,0.0,0.0005077158566564322,0.0005077158566564322,0.0,0.001400443841703236,0.001400443841703236
2025-02-27 01:00:00+09:00,0.0,0.0,0.0005077158566564322,0.0005077158566564322,0.0,0.001400443841703236,0.001400443841703236
2025-02-27 02:00:00+09:00,0.0,0.0,0.0005077158566564322,0.0005077158566564322,0.0,0.001400443841703236,0.001400443841703236
2025-02-27 03:00:00+09:00,0.0,0.0,0.0005077158566564322,0.0005077158566564322,0.0,0.001400443841703236,0.001400443841703236
2025-02-27 04:00:00+09:00,0.0,0.0,0.0005077158566564322,0.0005077158566564322,0.0,0.001400443841703236,0.001400443841703236
2025-02-27 05:00:00+09:00,0.0,0.0,0.0005077158566564322,0.0005077158566564322,0.0,0.001400443841703236,0.001400443841703236
2025-02-27 06:00:00+09:00,0.0,0.0,0.00031330244382843375,0.00031330244382843375,0.0,7.431963604176417e-05,7.431963604176417e-05
2025-02-27 07:00:00+09:00,0.0,0.0,0.024175256490707397,0.024175256490707397,0.0,0.022600846365094185,0.022600846365094185
2025-02-27 08:00:00+09:00,0.034150523,0.0,0.07482510805130005,0.07482510805130005,0.0,0.09927167743444443,0.09927167743444443
2025-02-27 09:00:00+09:00,0.15664788,0.034150523,0.1720686227610092,0.1720686227610092,0.0,0.25964096188545227,0.25964096188545227
2025-02-27 10:00:00+09:00,0.300675516,0.15664788,0.2858282666624832,0.2858282666624832,0.0,0.290623277425766,0.290623277425766
2025-02-27 11:00:00+09:00,0.467716899,0.300675516,0.38924079107305143,0.38924079107305143,0.034150523,0.4511501610805969,0.4511501610805969
2025-02-27 12:00:00+09:00,0.360810825,0.467716899,0.5308241734727135,0.5308241734727135,0.15664788,0.48028071634185787,0.48028071634185787
2025-02-27 13:00:00+09:00,0.455096656,0.360810825,0.38789431876916886,0.38789431876916886,0.300675516,0.6082417117263946,0.6082417117263946
2025-02-27 14:00:00+09:00,0.358583059,0.455096656,0.4445484080442605,0.4445484080442605,0.467716899,0.48664285265643503,0.48664285265643503
2025-02-27 15:00:00+09:00,0.34373505,0.358583059,0.24403269200228117,0.24403269200228117,0.360810825,0.2602851626970291,0.2602851626970291
2025-02-27 16:00:00+09:00,0.293250998,0.34373505,0.2037743586671829,0.2037743586671829,0.455096656,0.21764037898717498,0.21764037898717498
2025-02-27 17:00:00+09:00,0.193768415,0.293250998,0.1432384154594879,0.1432384154594879,0.358583059,0.010919656442626935,0.010919656442626935
2025-02-27 18:00:00+09:00,0.075725564,0.193768415,0.05157512738899231,0.05157512738899231,0.34373505,0.0,0.0
2025-02-27 19:00:00+09:00,0.002226739,0.075725564,0.0,0.0,0.293250998,0.0,0.0
2025-02-27 20:00:00+09:00,0.0,0.002226739,0.0,0.0,0.193768415,0.0,0.0
2025-02-27 21:00:00+09:00,0.0,0.0,0.0,0.0,0.075725564,0.0,0.0
2025-02-27 22:00:00+09:00,0.0,0.0,0.0,0.0,0.002226739,0.0,0.0
2025-02-27 23:00:00+09:00,0.0,0.0,0.0,0.0,0.0,0.0,0.0
2025-02-28 00:00:00+09:00,0.0,0.0,0.00010028106044046581,0.00010028106044046581,0.0,0.0004019767511636019,0.0004019767511636019
2025-02-28 01:00:00+09:00,0.0,0.0,0.00010028106044046581,0.00010028106044046581,0.0,0.0004019767511636019,0.0004019767511636019
2025-02-28 02:00:00+09:00,0.0,0.0,0.00010028106044046581,0.00010028106044046581,0.0,0.0004019767511636019,0.0004019767511636019
2025-02-28 03:00:00+09:00,0.0,0.0,0.00010028106044046581,0.00010028106044046581,0.0,0.0004019767511636019,0.0004019767511636019
2025-02-28 04:00:00+09:00,0.0,0.0,0.00010028106044046581,0.00010028106044046581,0.0,0.0004019767511636019,0.0004019767511636019
2025-02-28 05:00:00+09:00,0.0,0.0,0.00010028106044046581,0.00010028106044046581,0.0,0.0004019767511636019,0.0004019767511636019
2025-02-28 06:00:00+09:00,0.0,0.0,4.917444312013686e-05,4.917444312013686e-05,0.0,0.0,0.0
2025-02-28 07:00:00+09:00,0.0,0.0,0.02320602536201477,0.02320602536201477,0.0,0.022499393671751022,0.022499393671751022
2025-02-28 08:00:00+09:00,0.02375702,0.0,0.0642954409122467,0.0642954409122467,0.0,0.06004006788134575,0.06004006788134575
2025-02-28 09:00:00+09:00,0.089831326,0.02375702,0.11584268695451737,0.11584268695451737,0.0,0.15082533657550812,0.15082533657550812
2025-02-28 10:00:00+09:00,0.201192933,0.089831326,0.2648299819152603,0.2648299819152603,0.0,0.42509645223617554,0.42509645223617554
2025-02-28 11:00:00+09:00,0.491474945,0.201192933,0.3350419130691604,0.3350419130691604,0.02375702,0.45769725180007936,0.45769725180007936
2025-02-28 12:00:00+09:00,0.578336259,0.491474945,0.48464951374996423,0.48464951374996423,0.089831326,0.29633878528287505,0.29633878528287505
2025-02-28 13:00:00+09:00,0.613972302,0.578336259,0.5671223305389251,0.5671223305389251,0.201192933,0.35623704162922665,0.35623704162922665
2025-02-28 14:00:00+09:00,0.590957529,0.613972302,0.5756217869324226,0.5756217869324226,0.491474945,0.5342396571250629,0.5342396571250629
2025-02-28 15:00:00+09:00,0.507807447,0.590957529,0.5283197156106987,0.5283197156106987,0.578336259,0.462757316999134,0.462757316999134
2025-02-28 16:00:00+09:00,0.380855585,0.507807447,0.4495942130522461,0.4495942130522461,0.613972302,0.5392248588008423,0.5392248588008423
2025-02-28 17:00:00+09:00,0.214556449,0.380855585,0.28617345776268005,0.28617345776268005,0.590957529,0.2652935749804535,0.2652935749804535
2025-02-28 18:00:00+09:00,0.071271059,0.214556449,0.10100586051142121,0.10100586051142121,0.507807447,0.21258084325358584,0.21258084325358584
2025-02-28 19:00:00+09:00,0.002226739,0.071271059,0.009320133262380598,0.009320133262380598,0.380855585,0.16170726206012725,0.16170726206012725
2025-02-28 20:00:00+09:00,0.0,0.002226739,0.0,0.0,0.214556449,0.0,0.0
2025-02-28 21:00:00+09:00,0.0,0.0,0.0002893940545618534,0.0002893940545618534,0.071271059,0.0,0.0
2025-02-28 22:00:00+09:00,0.0,0.0,0.0008124064770527184,0.0008124064770527184,0.002226739,0.0,0.0
2025-02-28 23:00:00+09:00,0.0,0.0,0.0008124064770527184,0.0008124064770527184,0.0,0.0028157844208180904,0.0028157844208180904
2025-03-01 00:00:00+09:00,0.0,0.0,0.0,0.0,0.0,0.0,0.0
2025-03-01 01:00:00+09:00,0.0,0.0,0.0,0.0,0.0,0.0,0.0
2025-03-01 02:00:00+09:00,0.0,0.0,0.0,0.0,0.0,0.0,0.0
2025-03-01 03:00:00+09:00,0.0,0.0,0.0,0.0,0.0,0.0,0.0
2025-03-01 04:00:00+09:00,0.0,0.0,0.0,0.0,0.0,0.0,0.0
2025-03-01 05:00:00+09:00,0.0,0.0,0.0,0.0,0.0,0.0,0.0
2025-03-01 06:00:00+09:00,0.0,0.0,0.0,0.0,0.0,0.0,0.0
2025-03-01 07:00:00+09:00,0.0,0.0,0.021729690954089165,0.021729690954089165,0.0,0.021262746304273605,0.021262746304273605
2025-03-01 08:00:00+09:00,0.041575041,0.0,0.07379908114671707,0.07379908114671707,0.0,0.11781156063079834,0.11781156063079834
2025-03-01 09:00:00+09:00,0.181148172,0.041575041,0.1477587710658226,0.1477587710658226,0.0,0.19362281262874603,0.19362281262874603
2025-03-01 10:00:00+09:00,0.27617625,0.181148172,0.2665630137711258,0.2665630137711258,0.0,0.1942860186100006,0.1942860186100006
2025-03-01 11:00:00+09:00,0.225692199,0.27617625,0.34391210081100465,0.34391210081100465,0.041575041,0.40904724258576963,0.40904724258576963
2025-03-01 12:00:00+09:00,0.3548708,0.225692199,0.29959480596411137,0.29959480596411137,0.181148172,0.43713146505648803,0.43713146505648803
2025-03-01 13:00:00+09:00,0.258358229,0.3548708,0.36698346219615935,0.36698346219615935,0.27617625,0.44697702528953553,0.44697702528953553
2025-03-01 14:00:00+09:00,0.099482583,0.258358229,0.25681554868525797,0.25681554868525797,0.225692199,0.22459744514602328,0.22459744514602328
2025-03-01 15:00:00+09:00,0.11061936,0.099482583,0.04587814037376213,0.04587814037376213,0.3548708,0.36998856726692914,0.36998856726692914
2025-03-01 16:00:00+09:00,0.031923784,0.11061936,0.034937301069602966,0.034937301069602966,0.258358229,0.10473476727667236,0.10473476727667236
2025-03-01 17:00:00+09:00,0.025241512,0.031923784,0.0,0.0,0.099482583,0.0,0.0
2025-03-01 18:00:00+09:00,0.015590255,0.025241512,0.0,0.0,0.11061936,0.0,0.0
2025-03-01 19:00:00+09:00,0.0,0.015590255,0.0,0.0,0.031923784,0.0,0.0
2025-03-01 20:00:00+09:00,0.0,0.0,0.0,0.0,0.025241512,0.0,0.0
2025-03-01 21:00:00+09:00,0.0,0.0,0.001444439752958715,0.001444439752958715,0.015590255,0.0,0.0
2025-03-01 22:00:00+09:00,0.0,0.0,0.001967452932149172,0.001967452932149172,0.0,0.0,0.0
2025-03-01 23:00:00+09:00,0.0,0.0,0.001967452932149172,0.001967452932149172,0.0,0.00564777385443449,0.00564777385443449
2025-03-02 00:00:00+09:00,0.0,0.0,0.00046919664600864053,0.00046919664600864053,0.0,0.0011268154485151172,0.0011268154485151172
2025-03-02 01:00:00+09:00,0.0,0.0,0.00046919664600864053,0.00046919664600864053,0.0,0.0011268154485151172,0.0011268154485151172
2025-03-02 02:00:00+09:00,0.0,0.0,0.00046919664600864053,0.00046919664600864053,0.0,0.0011268154485151172,0.0011268154485151172
2025-03-02 03:00:00+09:00,0.0,0.0,0.00046919664600864053,0.00046919664600864053,0.0,0.0011268154485151172,0.0011268154485151172
2025-03-02 04:00:00+09:00,0.0,0.0,0.00046919664600864053,0.00046919664600864053,0.0,0.0011268154485151172,0.0011268154485151172
2025-03-02 05:00:00+09:00,0.0,0.0,0.00046919664600864053,0.00046919664600864053,0.0,0.0011268154485151172,0.0011268154485151172
2025-03-02 06:00:00+09:00,0.0,0.0,0.0005116335232742131,0.0005116335232742131,0.0,0.0015473495004698634,0.0015473495004698634
2025-03-02 07:00:00+09:00,0.0,0.0,0.027198484167456627,0.027198484167456627,0.0,0.025518236681818962,0.025518236681818962
2025-03-02 08:00:00+09:00,0.0,0.0,0.08865127712488174,0.08865127712488174,0.0,0.13337866961956024,0.13337866961956024
2025-03-02 09:00:00+09:00,0.020787007,0.0,0.13580818474292755,0.13580818474292755,0.0,0.19569896161556244,0.19569896161556244
2025-03-02 10:00:00+09:00,0.144027637,0.020787007,0.18750802316859436,0.18750802316859436,0.0,0.45909684896469116,0.45909684896469116
2025-03-02 11:00:00+09:00,0.235343456,0.144027637,0.19182017227522086,0.19182017227522086,0.0,0.27604860067367554,0.27604860067367554
2025-03-02 12:00:00+09:00,0.472171405,0.235343456,0.2654934336542187,0.2654934336542187,0.020787007,0.21365629770949554,0.21365629770949554
2025-03-02 13:00:00+09:00,0.339280545,0.472171405,0.4977720059876728,0.4977720059876728,0.144027637,0.3535070136736984,0.3535070136736984
2025-03-02 14:00:00+09:00,0.051226298,0.339280545,0.338436500738388,0.338436500738388,0.235343456,0.36594238850465394,0.36594238850465394
2025-03-02 15:00:00+09:00,0.146254376,0.051226298,0.0,0.0,0.472171405,0.3719709679906654,0.3719709679906654
2025-03-02 16:00:00+09:00,0.139573131,0.146254376,0.04411049974544143,0.04411049974544143,0.339280545,0.1352140896357727,0.1352140896357727
2025-03-02 17:00:00+09:00,0.022272527,0.139573131,0.030883137380081166,0.030883137380081166,0.051226298,0.0,0.0
2025-03-02 18:00:00+09:00,0.002226739,0.022272527,0.0,0.0,0.146254376,0.0,0.0
2025-03-02 19:00:00+09:00,0.0,0.002226739,0.0,0.0,0.139573131,0.0,0.0
2025-03-02 20:00:00+09:00,0.0,0.0,0.0,0.0,0.022272527,0.0,0.0
2025-03-02 21:00:00+09:00,0.0,0.0,0.0,0.0,0.002226739,0.0,0.0
2025-03-02 22:00:00+09:00,0.0,0.0,0.0,0.0,0.0,0.0,0.0
2025-03-02 23:00:00+09:00,0.0,0.0,0.0,0.0,0.0,0.0,0.0
2025-03-03 00:00:00+09:00,0.0,0.0,0.00023431330919265747,0.00023431330919265747,0.0,0.00036047722096554935,0.00036047722096554935
2025-03-03 01:00:00+09:00,0.0,0.0,0.00023431330919265747,0.00023431330919265747,0.0,0.00036047722096554935,0.00036047722096554935
2025-03-03 02:00:00+09:00,0.0,0.0,0.00023431330919265747,0.00023431330919265747,0.0,0.00036047722096554935,0.00036047722096554935
2025-03-03 03:00:00+09:00,0.0,0.0,0.00023431330919265747,0.00023431330919265747,0.0,0.00036047722096554935,0.00036047722096554935
2025-03-03 04:00:00+09:00,0.0,0.0,0.00023431330919265747,0.00023431330919265747,0.0,0.00036047722096554935,0.00036047722096554935
2025-03-03 05:00:00+09:00,0.0,0.0,0.00023431330919265747,0.00023431330919265747,0.0,0.00036047722096554935,0.00036047722096554935
2025-03-03 06:00:00+09:00,0.0,0.0,0.0004553886246867478,0.0004553886246867478,0.0,0.0,0.0
2025-03-03 07:00:00+09:00,0.0,0.0,0.013320459052920341,0.013320459052920341,0.0,0.006033738609403372,0.006033738609403372
2025-03-03 08:00:00+09:00,0.0,0.0,0.04945840314030647,0.04945840314030647,0.0,0.029330484569072723,0.029330484569072723
2025-03-03 09:00:00+09:00,0.007424518,0.0,0.09142931550741196,0.09142931550741196,0.0,0.18477529287338257,0.18477529287338257
2025-03-03 10:00:00+09:00,0.055680803,0.007424518,0.14880047691952514,0.14880047691952514,0.0,0.2622903287410736,0.2622903287410736
2025-03-03 11:00:00+09:00,0.106907101,0.055680803,0.1689167832722931,0.1689167832722931,0.0,0.30423787236213684,0.30423787236213684
2025-03-03 12:00:00+09:00,0.168526903,0.106907101,0.14093753474419213,0.14093753474419213,0.007424518,0.1849946524013214,0.1849946524013214
2025-03-03 13:00:00+09:00,0.203419672,0.168526903,0.16384023960706878,0.16384023960706878,0.055680803,0.15103164964821625,0.15103164964821625
2025-03-03 14:00:00+09:00,0.126951862,0.203419672,0.23384367455799293,0.23384367455799293,0.106907101,0.2483161553985367,0.2483161553985367
2025-03-03 15:00:00+09:00,0.086119067,0.126951862,0.07376852618910026,0.07376852618910026,0.168526903,0.11064092835438538,0.11064092835438538
2025-03-03 16:00:00+09:00,0.073498825,0.086119067,0.0,0.0,0.203419672,0.06505480562407684,0.06505480562407684
2025-03-03 17:00:00+09:00,0.039347275,0.073498825,0.0,0.0,0.126951862,0.0,0.0
2025-03-03 18:00:00+09:00,0.014848009,0.039347275,0.0,0.0,0.086119067,0.0,0.0
2025-03-03 19:00:00+09:00,0.0,0.014848009,0.0,0.0,0.073498825,0.0,0.0
2025-03-03 20:00:00+09:00,0.0,0.0,0.0,0.0,0.039347275,0.0,0.0
2025-03-03 21:00:00+09:00,0.0,0.0,0.0,0.0,0.014848009,0.0,0.0
2025-03-03 22:00:00+09:00,0.0,0.0,0.0,0.0,0.0,0.0,0.0
2025-03-03 23:00:00+09:00,0.0,0.0,0.0,0.0,0.0,0.0,0.0
2025-03-04 00:00:00+09:00,0.0,0.0,0.0,0.0,0.0,0.0,0.0
2025-03-04 01:00:00+09:00,0.0,0.0,0.0,0.0,0.0,0.0,0.0
2025-03-04 02:00:00+09:00,0.0,0.0,0.0,0.0,0.0,0.0,0.0
2025-03-04 03:00:00+09:00,0.0,0.0,0.0,0.0,0.0,0.0,0.0
2025-03-04 04:00:00+09:00,0.0,0.0,0.0,0.0,0.0,0.0,0.0
2025-03-04 05:00:00+09:00,0.0,0.0,0.0,0.0,0.0,0.0,0.0
2025-03-04 06:00:00+09:00,0.0,0.0,0.0,0.0,0.0,0.0,0.0
2025-03-04 07:00:00+09:00,0.0,0.0,0.012111610732972622,0.012111610732972622,0.0,0.007639830466359854,0.007639830466359854
2025-03-04 08:00:00+09:00,0.003712259,0.0,0.030971288681030273,0.030971288681030273,0.0,0.0,0.0
2025-03-04 09:00:00+09:00,0.031923784,0.003712259,0.12290249741619491,0.12290249741619491,0.0,0.23036842048168182,0.23036842048168182
2025-03-04 10:00:00+09:00,0.052710791,0.031923784,0.07913902221353912,0.07913902221353912,0.0,0.09708816558122635,0.09708816558122635
2025-03-04 11:00:00+09:00,0.10022483,0.052710791,0.12526141560899354,0.12526141560899354,0.003712259,0.3089202565605011,0.3089202565605011
2025-03-04 12:00:00+09:00,0.074983317,0.10022483,0.14197297373254775,0.14197297373254775,0.031923784,0.25459399638803865,0.25459399638803865
2025-03-04 13:00:00+09:00,0.121012864,0.074983317,0.09627273452016544,0.09627273452016544,0.052710791,0.2876433179460678,0.2876433179460678
2025-03-04 14:00:00+09:00,0.103937089,0.121012864,0.15046277206281566,0.15046277206281566,0.10022483,0.12125498407919884,0.12125498407919884
2025-03-04 15:00:00+09:00,0.195996181,0.103937089,0.1086758910902872,0.1086758910902872,0.074983317,0.05235497240456771,0.05235497240456771
2025-03-04 16:00:00+09:00,0.323690289,0.195996181,0.15203012980890845,0.15203012980890845,0.121012864,0.07689730945865059,0.07689730945865059
2025-03-04 17:00:00+09:00,0.164072397,0.323690289,0.24748032663198855,0.24748032663198855,0.103937089,0.00043195441748046515,0.00043195441748046515
2025-03-04 18:00:00+09:00,0.057907543,0.164072397,0.11613740289847566,0.11613740289847566,0.195996181,0.11605762027574157,0.11605762027574157
2025-03-04 19:00:00+09:00,0.000742246,0.057907543,0.04123212289454269,0.04123212289454269,0.323690289,0.15127069626184847,0.15127069626184847
2025-03-04 20:00:00+09:00,0.0,0.000742246,0.0,0.0,0.164072397,0.08540214861075593,0.08540214861075593
2025-03-04 21:00:00+09:00,0.0,0.0,0.004079765174537897,0.004079765174537897,0.057907543,0.029970024567263602,0.029970024567263602
2025-03-04 22:00:00+09:00,0.0,0.0,0.004770586732774973,0.004770586732774973,0.000742246,0.0038979561756334307,0.0038979561756334307
2025-03-04 23:00:00+09:00,0.0,0.0,0.004770586732774973,0.004770586732774973,0.0,0.022660119459033012,0.022660119459033012
2025-03-05 00:00:00+09:00,0.0,0.0,0.0,0.0,0.0,0.0,0.0
2025-03-05 01:00:00+09:00,0.0,0.0,0.0,0.0,0.0,0.0,0.0
2025-03-05 02:00:00+09:00,0.0,0.0,0.0,0.0,0.0,0.0,0.0
2025-03-05 03:00:00+09:00,0.0,0.0,0.0,0.0,0.0,0.0,0.0
2025-03-05 04:00:00+09:00,0.0,0.0,0.0,0.0,0.0,0.0,0.0
2025-03-05 05:00:00+09:00,0.0,0.0,0.0,0.0,0.0,0.0,0.0
2025-03-05 06:00:00+09:00,0.0,0.0,0.0,0.0,0.0,0.0,0.0
2025-03-05 07:00:00+09:00,0.0,0.0,0.02248341776430607,0.02248341776430607,0.0,0.01750962994992733,0.01750962994992733
2025-03-05 08:00:00+09:00,0.051968544,0.0,0.05858561769127846,0.05858561769127846,0.0,0.06534941494464874,0.06534941494464874
2025-03-05 09:00:00+09:00,0.191541676,0.051968544,0.16031038688978577,0.16031038688978577,0.0,0.20502348244190216,0.20502348244190216
2025-03-05 10:00:00+09:00,0.2420247,0.191541676,0.30940265633189773,0.30940265633189773,0.0,0.29955628514289856,0.29955628514289856
2025-03-05 11:00:00+09:00,0.340765037,0.2420247,0.31268553699464796,0.31268553699464796,0.051968544,0.37917134093603516,0.37917134093603516
2025-03-05 12:00:00+09:00,0.505580708,0.340765037,0.4290770891903038,0.4290770891903038,0.191541676,0.49029574222886657,0.49029574222886657
2025-03-05 13:00:00+09:00,0.647380578,0.505580708,0.5103485147348897,0.5103485147348897,0.2420247,0.33764890099973677,0.33764890099973677
2025-03-05 14:00:00+09:00,0.360068578,0.647380578,0.6681419002301007,0.6681419002301007,0.340765037,0.422374345719635,0.422374345719635
2025-03-05 15:00:00+09:00,0.123981849,0.360068578,0.32289284067862317,0.32289284067862317,0.505580708,0.4534346196680622,0.4534346196680622
2025-03-05 16:00:00+09:00,0.07795333,0.123981849,0.02947235916569138,0.02947235916569138,0.647380578,0.3900036389416962,0.3900036389416962
2025-03-05 17:00:00+09:00,0.031181537,0.07795333,0.0,0.0,0.360068578,0.1209397946547775,0.1209397946547775
2025-03-05 18:00:00+09:00,0.006681245,0.031181537,0.0,0.0,0.123981849,0.0,0.0
2025-03-05 19:00:00+09:00,0.0,0.006681245,0.0,0.0,0.07795333,0.0,0.0
2025-03-05 20:00:00+09:00,0.0,0.0,0.0,0.0,0.031181537,0.0,0.0
2025-03-05 21:00:00+09:00,0.0,0.0,0.0,0.0,0.006681245,0.0,0.0
2025-03-05 22:00:00+09:00,0.0,0.0,0.0,0.0,0.0,0.0,0.0
2025-03-05 23:00:00+09:00,0.0,0.0,0.0,0.0,0.0,0.0,0.0
2025-03-06 00:00:00+09:00,0.0,0.0,0.0005077158566564322,0.0005077158566564322,0.0,0.001400443841703236,0.001400443841703236
2025-03-06 01:00:00+09:00,0.0,0.0,0.0005077158566564322,0.0005077158566564322,0.0,0.001400443841703236,0.001400443841703236
2025-03-06 02:00:00+09:00,0.0,0.0,0.0005077158566564322,0.0005077158566564322,0.0,0.001400443841703236,0.001400443841703236
2025-03-06 03:00:00+09:00,0.0,0.0,0.0005077158566564322,0.0005077158566564322,0.0,0.001400443841703236,0.001400443841703236
2025-03-06 04:00:00+09:00,0.0,0.0,0.0005077158566564322,0.0005077158566564322,0.0,0.001400443841703236,0.001400443841703236
2025-03-06 05:00:00+09:00,0.0,0.0,0.0005077158566564322,0.0005077158566564322,0.0,0.001400443841703236,0.001400443841703236
2025-03-06 06:00:00+09:00,0.0,0.0,0.00031330244382843375,0.00031330244382843375,0.0,7.431963604176417e-05,7.431963604176417e-05
2025-03-06 07:00:00+09:00,0.0,0.0,0.024175256490707397,0.024175256490707397,0.0,0.022600846365094185,0.022600846365094185
2025-03-06 08:00:00+09:00,0.040090548,0.0,0.08312050253152847,0.08312050253152847,0.0,0.10675043612718582,0.10675043612718582
2025-03-06 09:00:00+09:00,0.162587904,0.040090548,0.1879354139181595,0.1879354139181595,0.0,0.20262305438518524,0.20262305438518524
2025-03-06 10:00:00+09:00,0.26726724,0.162587904,0.2825704222557106,0.2825704222557106,0.0,0.2859109044075012,0.2859109044075012
2025-03-06 11:00:00+09:00,0.53082222,0.26726724,0.34143674166225435,0.34143674166225435,0.040090548,0.3148054351421814,0.3148054351421814
2025-03-06 12:00:00+09:00,0.322948043,0.53082222,0.5972597326361847,0.5972597326361847,0.162587904,0.48540472295256043,0.48540472295256043
2025-03-06 13:00:00+09:00,0.322948043,0.322948043,0.3484362966828518,0.3484362966828518,0.26726724,0.45656357498191835,0.45656357498191835
2025-03-06 14:00:00+09:00,0.181890419,0.322948043,0.28047546441485216,0.28047546441485216,0.53082222,0.5798113967501831,0.5798113967501831
2025-03-06 15:00:00+09:00,0.170011395,0.181890419,0.1986590905722084,0.1986590905722084,0.322948043,0.3417355387919121,0.3417355387919121
2025-03-06 16:00:00+09:00,0.174465901,0.170011395,0.03574039914466859,0.03574039914466859,0.322948043,0.15021969820191194,0.15021969820191194
2025-03-06 17:00:00+09:00,0.125467369,0.174465901,0.03439370427796937,0.03439370427796937,0.181890419,0.0,0.0
2025-03-06 18:00:00+09:00,0.034150523,0.125467369,0.0,0.0,0.170011395,0.0,0.0
2025-03-06 19:00:00+09:00,0.000742246,0.034150523,0.0,0.0,0.174465901,0.0,0.0
2025-03-06 20:00:00+09:00,0.0,0.000742246,0.0,0.0,0.125467369,0.0,0.0
2025-03-06 21:00:00+09:00,0.0,0.0,0.0,0.0,0.034150523,0.0,0.0
2025-03-06 22:00:00+09:00,0.0,0.0,0.0,0.0,0.000742246,0.0,0.0
2025-03-06 23:00:00+09:00,0.0,0.0,0.0,0.0,0.0,0.0,0.0
2025-03-07 00:00:00+09:00,0.0,0.0,0.00010028106044046581,0.00010028106044046581,0.0,0.0004019767511636019,0.0004019767511636019
2025-03-07 01:00:00+09:00,0.0,0.0,0.00010028106044046581,0.00010028106044046581,0.0,0.0004019767511636019,0.0004019767511636019
2025-03-07 02:00:00+09:00,0.0,0.0,0.00010028106044046581,0.00010028106044046581,0.0,0.0004019767511636019,0.0004019767511636019
2025-03-07 03:00:00+09:00,0.0,0.0,0.00010028106044046581,0.00010028106044046581,0.0,0.0004019767511636019,0.0004019767511636019
2025-03-07 04:00:00+09:00,0.0,0.0,0.00010028106044046581,0.00010028106044046581,0.0,0.0004019767511636019,0.0004019767511636019
2025-03-07 05:00:00+09:00,0.0,0.0,0.00010028106044046581,0.00010028106044046581,0.0,0.0004019767511636019,0.0004019767511636019
2025-03-07 06:00:00+09:00,0.0,0.0,4.917444312013686e-05,4.917444312013686e-05,0.0,0.0,0.0
2025-03-07 07:00:00+09:00,0.000742246,0.0,0.02320602536201477,0.02320602536201477,0.0,0.022499393671751022,0.022499393671751022
2025-03-07 08:00:00+09:00,0.058649789,0.000742246,0.07080484607619858,0.07080484607619858,0.0,0.11283989995718002,0.11283989995718002
2025-03-07 09:00:00+09:00,0.22197994,0.058649789,0.15151714106842423,0.15151714106842423,0.0,0.1520126312971115,0.1520126312971115
2025-03-07 10:00:00+09:00,0.409809357,0.22197994,0.32091942584794997,0.32091942584794997,0.000742246,0.2669045222680054,0.2669045222680054
2025-03-07 11:00:00+09:00,0.552351474,0.409809357,0.5475900680548019,0.5475900680548019,0.058649789,0.5531813310627594,0.5531813310627594
2025-03-07 12:00:00+09:00,0.483308181,0.552351474,0.6125318437645664,0.6125318437645664,0.22197994,0.39800203746837615,0.39800203746837615
2025-03-07 13:00:00+09:00,0.346705062,0.483308181,0.5121219659420309,0.5121219659420309,0.409809357,0.5049300254112549,0.5049300254112549
2025-03-07 14:00:00+09:00,0.345219543,0.346705062,0.3192426056246395,0.3192426056246395,0.552351474,0.6135024905035724,0.6135024905035724
2025-03-07 15:00:00+09:00,0.50929194,0.345219543,0.3215295167465382,0.3215295167465382,0.483308181,0.49325118662888384,0.49325118662888384
2025-03-07 16:00:00+09:00,0.200450686,0.50929194,0.4057546934151077,0.4057546934151077,0.346705062,0.1622926571051712,0.1622926571051712
2025-03-07 17:00:00+09:00,0.093543585,0.200450686,0.0626603934985504,0.0626603934985504,0.345219543,0.1353107148606949,0.1353107148606949
2025-03-07 18:00:00+09:00,0.064589814,0.093543585,0.0,0.0,0.50929194,0.15038611796134949,0.15038611796134949
2025-03-07 19:00:00+09:00,0.002970012,0.064589814,0.020384688578714366,0.020384688578714366,0.200450686,0.0,0.0
2025-03-07 20:00:00+09:00,0.0,0.002970012,0.0,0.0,0.093543585,0.0,0.0
2025-03-07 21:00:00+09:00,0.0,0.0,0.0002893940545618534,0.0002893940545618534,0.064589814,0.0,0.0
2025-03-07 22:00:00+09:00,0.0,0.0,0.0008124064770527184,0.0008124064770527184,0.002970012,0.0,0.0
2025-03-07 23:00:00+09:00,0.0,0.0,0.0008124064770527184,0.0008124064770527184,0.0,0.0028157844208180904,0.0028157844208180904
2025-03-08 00:00:00+09:00,0.0,0.0,0.0,0.0,0.0,0.0,0.0
2025-03-08 01:00:00+09:00,0.0,0.0,0.0,0.0,0.0,0.0,0.0
2025-03-08 02:00:00+09:00,0.0,0.0,0.0,0.0,0.0,0.0,0.0
2025-03-08 03:00:00+09:00,0.0,0.0,0.0,0.0,0.0,0.0,0.0
2025-03-08 04:00:00+09:00,0.0,0.0,0.0,0.0,0.0,0.0,0.0
2025-03-08 05:00:00+09:00,0.0,0.0,0.0,0.0,0.0,0.0,0.0
2025-03-08 06:00:00+09:00,0.0,0.0,0.0,0.0,0.0,0.0,0.0
2025-03-08 07:00:00+09:00,0.0,0.0,0.023396162316203117,0.023396162316203117,0.0,0.028483716771006584,0.028483716771006584
2025-03-08 08:00:00+09:00,0.060135309,0.0,0.044217728078365326,0.044217728078365326,0.0,0.1035369411110878,0.1035369411110878
2025-03-08 09:00:00+09:00,0.181890419,0.060135309,0.12320995738027954,0.12320995738027954,0.0,0.14006228744983673,0.14006228744983673
2025-03-08 10:00:00+09:00,0.378628846,0.181890419,0.25486904966196444,0.25486904966196444,0.0,0.15136617422103882,0.15136617422103882
2025-03-08 11:00:00+09:00,0.451384397,0.378628846,0.5039370467169724,0.5039370467169724,0.060135309,0.44867623259542844,0.44867623259542844
2025-03-08 12:00:00+09:00,0.391249089,0.451384397,0.5207054035364838,0.5207054035364838,0.181890419,0.4487269430097046,0.4487269430097046
2025-03-08 13:00:00+09:00,0.544185736,0.391249089,0.41671304447688007,0.41671304447688007,0.378628846,0.5243747045500717,0.5243747045500717
2025-03-08 14:00:00+09:00,0.499640683,0.544185736,0.5444839589343615,0.5444839589343615,0.451384397,0.47085219599299144,0.47085219599299144
2025-03-08 15:00:00+09:00,0.438763128,0.499640683,0.4440984188663082,0.4440984188663082,0.391249089,0.3990054176758959,0.3990054176758959
2025-03-08 16:00:00+09:00,0.217525435,0.438763128,0.31982918210575867,0.31982918210575867,0.544185736,0.2998343638772354,0.2998343638772354
2025-03-08 17:00:00+09:00,0.239055715,0.217525435,0.17132259657913207,0.17132259657913207,0.499640683,0.34931936330071256,0.34931936330071256
2025-03-08 18:00:00+09:00,0.082407835,0.239055715,0.12222841331895828,0.12222841331895828,0.438763128,0.22736065216610718,0.22736065216610718
2025-03-08 19:00:00+09:00,0.003712259,0.082407835,0.007508683078727721,0.007508683078727721,0.217525435,0.0,0.0
2025-03-08 20:00:00+09:00,0.0,0.003712259,0.0,0.0,0.239055715,0.02966933647331238,0.02966933647331238
2025-03-08 21:00:00+09:00,0.0,0.0,0.001444439752958715,0.001444439752958715,0.082407835,0.0,0.0
2025-03-08 22:00:00+09:00,0.0,0.0,0.001967452932149172,0.001967452932149172,0.003712259,0.0,0.0
2025-03-08 23:00:00+09:00,0.0,0.0,0.001967452932149172,0.001967452932149172,0.0,0.00564777385443449,0.00564777385443449
2025-03-09 00:00:00+09:00,0.0,0.0,0.00046919664600864053,0.00046919664600864053,0.0,0.0011268154485151172,0.0011268154485151172
2025-03-09 01:00:00+09:00,0.0,0.0,0.00046919664600864053,0.00046919664600864053,0.0,0.0011268154485151172,0.0011268154485151172
2025-03-09 02:00:00+09:00,0.0,0.0,0.00046919664600864053,0.00046919664600864053,0.0,0.0011268154485151172,0.0011268154485151172
2025-03-09 03:00:00+09:00,0.0,0.0,0.00046919664600864053,0.00046919664600864053,0.0,0.0011268154485151172,0.0011268154485151172
2025-03-09 04:00:00+09:00,0.0,0.0,0.00046919664600864053,0.00046919664600864053,0.0,0.0011268154485151172,0.0011268154485151172
2025-03-09 05:00:00+09:00,0.0,0.0,0.00046919664600864053,0.00046919664600864053,0.0,0.0011268154485151172,0.0011268154485151172
2025-03-09 06:00:00+09:00,0.0,0.0,0.0005116335232742131,0.0005116335232742131,0.0,0.0015473495004698634,0.0015473495004698634
2025-03-09 07:00:00+09:00,0.000742246,0.0,0.027198484167456627,0.027198484167456627,0.0,0.025518236681818962,0.025518236681818962
2025-03-09 08:00:00+09:00,0.063104294,0.000742246,0.13368496724767304,0.13368496724767304,0.0,0.1963908076286316,0.1963908076286316
2025-03-09 09:00:00+09:00,0.230146704,0.063104294,0.17571378475222016,0.17571378475222016,0.0,0.1896396428346634,0.1896396428346634
2025-03-09 10:00:00+09:00,0.425399612,0.230146704,0.335123827439312,0.335123827439312,0.000742246,0.277338583556839,0.277338583556839
2025-03-09 11:00:00+09:00,0.559033745,0.425399612,0.51135221432687,0.51135221432687,0.063104294,0.4203602892735901,0.4203602892735901
2025-03-09 12:00:00+09:00,0.644410566,0.559033745,0.5699819820316983,0.5699819820316983,0.230146704,0.4753715225873032,0.4753715225873032
2025-03-09 13:00:00+09:00,0.669652078,0.644410566,0.6711871573158655,0.6711871573158655,0.425399612,0.6339226023459549,0.6339226023459549
2025-03-09 14:00:00+09:00,0.648122825,0.669652078,0.62847194418042,0.62847194418042,0.559033745,0.6347991014214707,0.6347991014214707
2025-03-09 15:00:00+09:00,0.550866981,0.648122825,0.5179207998249054,0.5179207998249054,0.644410566,0.46675244024182894,0.46675244024182894
2025-03-09 16:00:00+09:00,0.415748355,0.550866981,0.44778761729627226,0.44778761729627226,0.669652078,0.41062876924603275,0.41062876924603275
2025-03-09 17:00:00+09:00,0.247964725,0.415748355,0.2852898808407593,0.2852898808407593,0.648122825,0.2881092208358764,0.2881092208358764
2025-03-09 18:00:00+09:00,0.096513598,0.247964725,0.12421408305797577,0.12421408305797577,0.550866981,0.2435084180536804,0.2435084180536804
2025-03-09 19:00:00+09:00,0.005938998,0.096513598,0.0037304523934822142,0.0037304523934822142,0.415748355,0.08682471236465455,0.08682471236465455
2025-03-09 20:00:00+09:00,0.0,0.005938998,0.0,0.0,0.247964725,0.0,0.0
2025-03-09 21:00:00+09:00,0.0,0.0,0.0,0.0,0.096513598,0.0,0.0
2025-03-09 22:00:00+09:00,0.0,0.0,0.0,0.0,0.005938998,0.0,0.0
2025-03-09 23:00:00+09:00,0.0,0.0,0.0,0.0,0.0,0.0,0.0
2025-03-10 00:00:00+09:00,0.0,0.0,0.00023431330919265747,0.00023431330919265747,0.0,0.00036047722096554935,0.00036047722096554935
2025-03-10 01:00:00+09:00,0.0,0.0,0.00023431330919265747,0.00023431330919265747,0.0,0.00036047722096554935,0.00036047722096554935
2025-03-10 02:00:00+09:00,0.0,0.0,0.00023431330919265747,0.00023431330919265747,0.0,0.00036047722096554935,0.00036047722096554935
2025-03-10 03:00:00+09:00,0.0,0.0,0.00023431330919265747,0.00023431330919265747,0.0,0.00036047722096554935,0.00036047722096554935
2025-03-10 04:00:00+09:00,0.0,0.0,0.00023431330919265747,0.00023431330919265747,0.0,0.00036047722096554935,0.00036047722096554935
2025-03-10 05:00:00+09:00,0.0,0.0,0.00023431330919265747,0.00023431330919265747,0.0,0.00036047722096554935,0.00036047722096554935
2025-03-10 06:00:00+09:00,0.0,0.0,0.0004553886246867478,0.0004553886246867478,0.0,0.0,0.0
2025-03-10 07:00:00+09:00,0.000742246,0.0,0.01169898733496666,0.01169898733496666,0.0,0.0,0.0
2025-03-10 08:00:00+09:00,0.071271059,0.000742246,0.09610391834182358,0.09610391834182358,0.0,0.13085585832595825,0.13085585832595825
2025-03-10 09:00:00+09:00,0.230146704,0.071271059,0.22477633961389923,0.22477633961389923,0.0,0.25506651401519775,0.25506651401519775
2025-03-10 10:00:00+09:00,0.42020286,0.230146704,0.3709120878396073,0.3709120878396073,0.000742246,0.2683244539181671,0.2683244539181671
2025-03-10 11:00:00+09:00,0.521170963,0.42020286,0.5321567816160775,0.5321567816160775,0.071271059,0.4835468203658905,0.4835468203658905
2025-03-10 12:00:00+09:00,0.559775991,0.521170963,0.5787149895238285,0.5787149895238285,0.230146704,0.5380010285792389,0.5380010285792389
2025-03-10 13:00:00+09:00,0.507065201,0.559775991,0.5093852743578586,0.5093852743578586,0.42020286,0.47780207669960023,0.47780207669960023
2025-03-10 14:00:00+09:00,0.357098566,0.507065201,0.5052590232190365,0.5052590232190365,0.521170963,0.5620013032364254,0.5620013032364254
2025-03-10 15:00:00+09:00,0.292508752,0.357098566,0.29596930891706086,0.29596930891706086,0.559775991,0.4761771090400848,0.4761771090400848
2025-03-10 16:00:00+09:00,0.219010954,0.292508752,0.0,0.0,0.507065201,0.21971782465341183,0.21971782465341183
2025-03-10 17:00:00+09:00,0.086119067,0.219010954,0.09930018077040101,0.09930018077040101,0.357098566,0.16138948649598694,0.16138948649598694
2025-03-10 18:00:00+09:00,0.038605028,0.086119067,0.0,0.0,0.292508752,0.0,0.0
2025-03-10 19:00:00+09:00,0.004454505,0.038605028,0.0,0.0,0.219010954,0.0,0.0
2025-03-10 20:00:00+09:00,0.0,0.004454505,0.0,0.0,0.086119067,0.0,0.0
2025-03-10 21:00:00+09:00,0.0,0.0,0.0,0.0,0.038605028,0.0,0.0
2025-03-10 22:00:00+09:00,0.0,0.0,0.0,0.0,0.004454505,0.0,0.0
2025-03-10 23:00:00+09:00,0.0,0.0,0.0,0.0,0.0,0.0,0.0
2025-03-11 00:00:00+09:00,0.0,0.0,0.0,0.0,0.0,0.0,0.0
2025-03-11 01:00:00+09:00,0.0,0.0,0.0,0.0,0.0,0.0,0.0
2025-03-11 02:00:00+09:00,0.0,0.0,0.0,0.0,0.0,0.0,0.0
2025-03-11 03:00:00+09:00,0.0,0.0,0.0,0.0,0.0,0.0,0.0
2025-03-11 04:00:00+09:00,0.0,0.0,0.0,0.0,0.0,0.0,0.0
2025-03-11 05:00:00+09:00,0.0,0.0,0.0,0.0,0.0,0.0,0.0
2025-03-11 06:00:00+09:00,0.0,0.0,0.0,0.0,0.0,0.0,0.0
2025-03-11 07:00:00+09:00,0.000742246,0.0,0.010179187171161175,0.010179187171161175,0.0,0.0,0.0
2025-03-11 08:00:00+09:00,0.070528812,0.000742246,0.06392530032796478,0.06392530032796478,0.0,0.07928874343633652,0.07928874343633652
2025-03-11 09:00:00+09:00,0.2420247,0.070528812,0.20318499881907653,0.20318499881907653,0.0,0.19984161853790283,0.19984161853790283
2025-03-11 10:00:00+09:00,0.422430626,0.2420247,0.3144478898784637,0.3144478898784637,0.000742246,0.1362970066945038,0.1362970066945038
2025-03-11 11:00:00+09:00,0.551609227,0.422430626,0.5080554400335082,0.5080554400335082,0.070528812,0.33976609189196777,0.33976609189196777
2025-03-11 12:00:00+09:00,0.629562557,0.551609227,0.5585298403484841,0.5585298403484841,0.2420247,0.38474049682826994,0.38474049682826994
2025-03-11 13:00:00+09:00,0.671879844,0.629562557,0.6395662895173616,0.6395662895173616,0.422430626,0.5610877190480956,0.5610877190480956
2025-03-11 14:00:00+09:00,0.651835084,0.671879844,0.572507844497818,0.572507844497818,0.551609227,0.40611132377219394,0.40611132377219394
2025-03-11 15:00:00+09:00,0.577594013,0.651835084,0.603017892727026,0.603017892727026,0.629562557,0.6392961389154977,0.6392961389154977
2025-03-11 16:00:00+09:00,0.43282413,0.577594013,0.5148321995978241,0.5148321995978241,0.671879844,0.4781213115951004,0.4781213115951004
2025-03-11 17:00:00+09:00,0.257615982,0.43282413,0.38576999196541784,0.38576999196541784,0.651835084,0.5434468612459984,0.5434468612459984
2025-03-11 18:00:00+09:00,0.097255844,0.257615982,0.21603327468431666,0.21603327468431666,0.577594013,0.489318878436554,0.489318878436554
2025-03-11 19:00:00+09:00,0.005196752,0.097255844,0.053932871046680445,0.053932871046680445,0.43282413,0.3583275105966377,0.3583275105966377
2025-03-11 20:00:00+09:00,0.0,0.005196752,0.0,0.0,0.257615982,0.17894573361075594,0.17894573361075594
2025-03-11 21:00:00+09:00,0.0,0.0,0.004079765174537897,0.004079765174537897,0.097255844,0.0693183255672636,0.0693183255672636
2025-03-11 22:00:00+09:00,0.0,0.0,0.004770586732774973,0.004770586732774973,0.005196752,0.00835246217563343,0.00835246217563343
2025-03-11 23:00:00+09:00,0.0,0.0,0.004770586732774973,0.004770586732774973,0.0,0.022660119459033012,0.022660119459033012
2025-03-12 00:00:00+09:00,0.0,0.0,0.0,0.0,0.0,0.0,0.0
2025-03-12 01:00:00+09:00,0.0,0.0,0.0,0.0,0.0,0.0,0.0
2025-03-12 02:00:00+09:00,0.0,0.0,0.0,0.0,0.0,0.0,0.0
2025-03-12 03:00:00+09:00,0.0,0.0,0.0,0.0,0.0,0.0,0.0
2025-03-12 04:00:00+09:00,0.0,0.0,0.0,0.0,0.0,0.0,0.0
2025-03-12 05:00:00+09:00,0.0,0.0,0.0,0.0,0.0,0.0,0.0
2025-03-12 06:00:00+09:00,0.0,0.0,0.0,0.0,0.0,0.0,0.0
2025-03-12 07:00:00+09:00,0.002226739,0.0,0.02224263735115528,0.02224263735115528,0.0,0.015306691639125347,0.015306691639125347
2025-03-12 08:00:00+09:00,0.07795333,0.002226739,0.08912815786472703,0.08912815786472703,0.0,0.11249516159296036,0.11249516159296036
2025-03-12 09:00:00+09:00,0.193768415,0.07795333,0.18465983005340575,0.18465983005340575,0.0,0.21206721663475037,0.21206721663475037
2025-03-12 10:00:00+09:00,0.393476855,0.193768415,0.2842571394105339,0.2842571394105339,0.002226739,0.20911423749796296,0.20911423749796296
2025-03-12 11:00:00+09:00,0.535276725,0.393476855,0.5265813283524323,0.5265813283524323,0.07795333,0.39337482186134337,0.39337482186134337
2025-03-12 12:00:00+09:00,0.597638773,0.535276725,0.584619666492796,0.584619666492796,0.193768415,0.50612312867836,0.50612312867836
2025-03-12 13:00:00+09:00,0.65257733,0.597638773,0.5529729968068581,0.5529729968068581,0.393476855,0.4339839145443249,0.4339839145443249
2025-03-12 14:00:00+09:00,0.622138039,0.65257733,0.6601437028639483,0.6601437028639483,0.535276725,0.5624850681482315,0.5624850681482315
2025-03-12 15:00:00+09:00,0.406097098,0.622138039,0.591377219907607,0.591377219907607,0.597638773,0.6289349479732494,0.6289349479732494
2025-03-12 16:00:00+09:00,0.253903724,0.406097098,0.29521304250473784,0.29521304250473784,0.65257733,0.4114641441174316,0.4114641441174316
2025-03-12 17:00:00+09:00,0.160360138,0.253903724,0.12560801927759552,0.12560801927759552,0.622138039,0.36656694186445615,0.36656694186445615
2025-03-12 18:00:00+09:00,0.085376821,0.160360138,0.053589637459266676,0.053589637459266676,0.406097098,0.08701090396160888,0.08701090396160888
2025-03-12 19:00:00+09:00,0.006681245,0.085376821,0.0,0.0,0.253903724,0.013839937493347165,0.013839937493347165
2025-03-12 20:00:00+09:00,0.0,0.006681245,0.0,0.0,0.160360138,0.0,0.0
2025-03-12 21:00:00+09:00,0.0,0.0,0.0,0.0,0.085376821,0.0,0.0
2025-03-12 22:00:00+09:00,0.0,0.0,0.0,0.0,0.006681245,0.0,0.0
2025-03-12 23:00:00+09:00,0.0,0.0,0.0,0.0,0.0,0.0,0.0
2025-03-13 00:00:00+09:00,0.0,0.0,0.0005077158566564322,0.0005077158566564322,0.0,0.001400443841703236,0.001400443841703236
2025-03-13 01:00:00+09:00,0.0,0.0,0.0005077158566564322,0.0005077158566564322,0.0,0.001400443841703236,0.001400443841703236
2025-03-13 02:00:00+09:00,0.0,0.0,0.0005077158566564322,0.0005077158566564322,0.0,0.001400443841703236,0.001400443841703236
2025-03-13 03:00:00+09:00,0.0,0.0,0.0005077158566564322,0.0005077158566564322,0.0,0.001400443841703236,0.001400443841703236
2025-03-13 04:00:00+09:00,0.0,0.0,0.0005077158566564322,0.0005077158566564322,0.0,0.001400443841703236,0.001400443841703236
2025-03-13 05:00:00+09:00,0.0,0.0,0.0005077158566564322,0.0005077158566564322,0.0,0.001400443841703236,0.001400443841703236
2025-03-13 06:00:00+09:00,0.0,0.0,0.00031330244382843375,0.00031330244382843375,0.0,7.431963604176417e-05,7.431963604176417e-05
2025-03-13 07:00:00+09:00,0.0,0.0,0.025088991969823837,0.025088991969823837,0.0,0.06177007779479027,0.06177007779479027
2025-03-13 08:00:00+09:00,0.022272527,0.0,0.0756029486656189,0.0756029486656189,0.0,0.13007833063602448,0.13007833063602448
2025-03-13 09:00:00+09:00,0.126209615,0.022272527,0.17011739291815947,0.17011739291815947,0.0,0.20262305438518524,0.20262305438518524
2025-03-13 10:00:00+09:00,0.4001581,0.126209615,0.20500077886175155,0.20500077886175155,0.0,0.29328984022140503,0.29328984022140503
2025-03-13 11:00:00+09:00,0.396445841,0.4001581,0.5628927873283387,0.5628927873283387,0.022272527,0.5364460942950745,0.5364460942950745
2025-03-13 12:00:00+09:00,0.501126202,0.396445841,0.38515953480503895,0.38515953480503895,0.126209615,0.3998897357065582,0.3998897357065582
2025-03-13 13:00:00+09:00,0.425399612,0.501126202,0.5266144556828518,0.5266144556828518,0.4001581,0.5894544349819184,0.5894544349819184
2025-03-13 14:00:00+09:00,0.439505374,0.425399612,0.4425270718687887,0.4425270718687887,0.396445841,0.6190463010524903,0.6190463010524903
2025-03-13 15:00:00+09:00,0.492217192,0.439505374,0.3527521695350876,0.3527521695350876,0.501126202,0.4116896932848473,0.4116896932848473
2025-03-13 16:00:00+09:00,0.328144795,0.492217192,0.3686174317656441,0.3686174317656441,0.425399612,0.24887723784686278,0.24887723784686278
2025-03-13 17:00:00+09:00,0.245736959,0.328144795,0.18426255017463683,0.18426255017463683,0.439505374,0.11069626168959046,0.11069626168959046
2025-03-13 18:00:00+09:00,0.099482583,0.245736959,0.10914518179453278,0.10914518179453278,0.492217192,0.1018901556192322,0.1018901556192322
2025-03-13 19:00:00+09:00,0.006681245,0.099482583,0.0,0.0,0.328144795,0.0,0.0
2025-03-13 20:00:00+09:00,0.0,0.006681245,0.0,0.0,0.245736959,0.0,0.0
2025-03-13 21:00:00+09:00,0.0,0.0,0.0,0.0,0.099482583,0.0,0.0
2025-03-13 22:00:00+09:00,0.0,0.0,0.0,0.0,0.006681245,0.0,0.0
2025-03-13 23:00:00+09:00,0.0,0.0,0.0,0.0,0.0,0.0,0.0
2025-03-14 00:00:00+09:00,0.0,0.0,0.00010028106044046581,0.00010028106044046581,0.0,0.0004019767511636019,0.0004019767511636019
2025-03-14 01:00:00+09:00,0.0,0.0,0.00010028106044046581,0.00010028106044046581,0.0,0.0004019767511636019,0.0004019767511636019
2025-03-14 02:00:00+09:00,0.0,0.0,0.00010028106044046581,0.00010028106044046581,0.0,0.0004019767511636019,0.0004019767511636019
2025-03-14 03:00:00+09:00,0.0,0.0,0.00010028106044046581,0.00010028106044046581,0.0,0.0004019767511636019,0.0004019767511636019
2025-03-14 04:00:00+09:00,0.0,0.0,0.00010028106044046581,0.00010028106044046581,0.0,0.0004019767511636019,0.0004019767511636019
2025-03-14 05:00:00+09:00,0.0,0.0,0.00010028106044046581,0.00010028106044046581,0.0,0.0004019767511636019,0.0004019767511636019
2025-03-14 06:00:00+09:00,0.0,0.0,4.917444312013686e-05,4.917444312013686e-05,0.0,0.0,0.0
2025-03-14 07:00:00+09:00,0.003712259,0.0,0.02320602536201477,0.02320602536201477,0.0,0.022499393671751022,0.022499393671751022
2025-03-14 08:00:00+09:00,0.057907543,0.003712259,0.0789969188625183,0.0789969188625183,0.0,0.10712076723575592,0.10712076723575592
2025-03-14 09:00:00+09:00,0.221237693,0.057907543,0.13472482454420853,0.13472482454420853,0.0,0.18682590126991272,0.18682590126991272
2025-03-14 10:00:00+09:00,0.438763128,0.221237693,0.29037398474232484,0.29037398474232484,0.003712259,0.24515623575991058,0.24515623575991058
2025-03-14 11:00:00+09:00,0.590957529,0.438763128,0.47123027347276497,0.47123027347276497,0.057907543,0.2693689678275757,0.2693689678275757
2025-03-14 12:00:00+09:00,0.679303335,0.590957529,0.633248514584259,0.633248514584259,0.221237693,0.5081893839122467,0.5081893839122467
2025-03-14 13:00:00+09:00,0.70900038,0.679303335,0.6706561650821781,0.6706561650821781,0.438763128,0.5517936883146553,0.5517936883146553
2025-03-14 14:00:00+09:00,0.675592103,0.70900038,0.6926484566534805,0.6926484566534805,0.590957529,0.5794758955901422,0.5794758955901422
2025-03-14 15:00:00+09:00,0.59838102,0.675592103,0.6658166516155153,0.6658166516155153,0.679303335,0.7617494109758949,0.7617494109758949
2025-03-14 16:00:00+09:00,0.445445399,0.59838102,0.48237007098438267,0.48237007098438267,0.70900038,0.4786695998514938,0.4786695998514938
2025-03-14 17:00:00+09:00,0.279888509,0.445445399,0.29474567921335604,0.29474567921335604,0.675592103,0.3602156126454621,0.3602156126454621
2025-03-14 18:00:00+09:00,0.103194842,0.279888509,0.17921549656456376,0.17921549656456376,0.59838102,0.2749037517810059,0.2749037517810059
2025-03-14 19:00:00+09:00,0.007424518,0.103194842,0.0,0.0,0.445445399,0.10264230818922426,0.10264230818922426
2025-03-14 20:00:00+09:00,0.0,0.007424518,0.0,0.0,0.279888509,0.058103157365974434,0.058103157365974434
2025-03-14 21:00:00+09:00,0.0,0.0,0.0002893940545618534,0.0002893940545618534,0.103194842,0.0,0.0
2025-03-14 22:00:00+09:00,0.0,0.0,0.0008124064770527184,0.0008124064770527184,0.007424518,0.0,0.0
2025-03-14 23:00:00+09:00,0.0,0.0,0.0008124064770527184,0.0008124064770527184,0.0,0.0028157844208180904,0.0028157844208180904
2025-03-15 00:00:00+09:00,0.0,0.0,0.0,0.0,0.0,0.0,0.0
2025-03-15 01:00:00+09:00,0.0,0.0,0.0,0.0,0.0,0.0,0.0
2025-03-15 02:00:00+09:00,0.0,0.0,0.0,0.0,0.0,0.0,0.0
2025-03-15 03:00:00+09:00,0.0,0.0,0.0,0.0,0.0,0.0,0.0
2025-03-15 04:00:00+09:00,0.0,0.0,0.0,0.0,0.0,0.0,0.0
2025-03-15 05:00:00+09:00,0.0,0.0,0.0,0.0,0.0,0.0,0.0
2025-03-15 06:00:00+09:00,0.0,0.0,0.0,0.0,0.0,0.0,0.0
2025-03-15 07:00:00+09:00,0.0,0.0,0.020194215700030327,0.020194215700030327,0.0,0.014320635236799717,0.014320635236799717
2025-03-15 08:00:00+09:00,0.005938998,0.0,0.0525565966963768,0.0525565966963768,0.0,0.07107669860124588,0.07107669860124588
2025-03-15 09:00:00+09:00,0.026727032,0.005938998,0.10152812911686707,0.10152812911686707,0.0,0.16451261937618256,0.16451261937618256
2025-03-15 10:00:00+09:00,0.083150082,0.026727032,0.1845804118456192,0.1845804118456192,0.0,0.3071611821651459,0.3071611821651459
2025-03-15 11:00:00+09:00,0.127694108,0.083150082,0.19279996372054292,0.19279996372054292,0.005938998,0.30389916016278073,0.30389916016278073
2025-03-15 12:00:00+09:00,0.12175511,0.127694108,0.16243315156360436,0.16243315156360436,0.026727032,0.19497984283583833,0.19497984283583833
2025-03-15 13:00:00+09:00,0.083892328,0.12175511,0.13929138695143223,0.13929138695143223,0.083150082,0.14240997351000978,0.14240997351000978
2025-03-15 14:00:00+09:00,0.096513598,0.083892328,0.09333931774490166,0.09333931774490166,0.127694108,0.1842593964542942,0.1842593964542942
2025-03-15 15:00:00+09:00,0.162587904,0.096513598,0.03279777500529099,0.03279777500529099,0.12175511,0.09064035666428566,0.09064035666428566
2025-03-15 16:00:00+09:00,0.123239603,0.162587904,0.07553388979406739,0.07553388979406739,0.083892328,0.0,0.0
2025-03-15 17:00:00+09:00,0.048256285,0.123239603,0.05787317837984848,0.05787317837984848,0.096513598,0.0,0.0
2025-03-15 18:00:00+09:00,0.009651257,0.048256285,0.0,0.0,0.162587904,0.0,0.0
2025-03-15 19:00:00+09:00,0.0,0.009651257,0.0,0.0,0.123239603,0.0,0.0
2025-03-15 20:00:00+09:00,0.0,0.0,0.0,0.0,0.048256285,0.0,0.0
2025-03-15 21:00:00+09:00,0.0,0.0,0.001444439752958715,0.001444439752958715,0.009651257,0.0,0.0
2025-03-15 22:00:00+09:00,0.0,0.0,0.001967452932149172,0.001967452932149172,0.0,0.0,0.0
2025-03-15 23:00:00+09:00,0.0,0.0,0.001967452932149172,0.001967452932149172,0.0,0.00564777385443449,0.00564777385443449
2025-03-16 00:00:00+09:00,0.0,0.0,0.00046919664600864053,0.00046919664600864053,0.0,0.0011268154485151172,0.0011268154485151172
2025-03-16 01:00:00+09:00,0.0,0.0,0.00046919664600864053,0.00046919664600864053,0.0,0.0011268154485151172,0.0011268154485151172
2025-03-16 02:00:00+09:00,0.0,0.0,0.00046919664600864053,0.00046919664600864053,0.0,0.0011268154485151172,0.0011268154485151172
2025-03-16 03:00:00+09:00,0.0,0.0,0.00046919664600864053,0.00046919664600864053,0.0,0.0011268154485151172,0.0011268154485151172
2025-03-16 04:00:00+09:00,0.0,0.0,0.00046919664600864053,0.00046919664600864053,0.0,0.0011268154485151172,0.0011268154485151172
2025-03-16 05:00:00+09:00,0.0,0.0,0.00046919664600864053,0.00046919664600864053,0.0,0.0011268154485151172,0.0011268154485151172
2025-03-16 06:00:00+09:00,0.0,0.0,0.0005116335232742131,0.0005116335232742131,0.0,0.0015473495004698634,0.0015473495004698634
2025-03-16 07:00:00+09:00,0.0,0.0,0.027198484167456627,0.027198484167456627,0.0,0.025518236681818962,0.025518236681818962
2025-03-16 08:00:00+09:00,0.018560268,0.0,0.09337759763002396,0.09337759763002396,0.0,0.10797309130430222,0.10797309130430222
2025-03-16 09:00:00+09:00,0.116558358,0.018560268,0.18382740767323302,0.18382740767323302,0.0,0.2774536609649658,0.2774536609649658
2025-03-16 10:00:00+09:00,0.335568286,0.116558358,0.2770630269510346,0.2770630269510346,0.0,0.4204603135585785,0.4204603135585785
2025-03-16 11:00:00+09:00,0.321462523,0.335568286,0.3938185828609333,0.3938185828609333,0.018560268,0.32157257945858764,0.32157257945858764
2025-03-16 12:00:00+09:00,0.360068578,0.321462523,0.34216368551707077,0.34216368551707077,0.116558358,0.34863188855477145,0.34863188855477145
2025-03-16 13:00:00+09:00,0.177435913,0.360068578,0.3614104064943327,0.3614104064943327,0.335568286,0.5185139546973572,0.5185139546973572
2025-03-16 14:00:00+09:00,0.106907101,0.177435913,0.16777247178156424,0.16777247178156424,0.321462523,0.4872458537981491,0.4872458537981491
2025-03-16 15:00:00+09:00,0.068302073,0.106907101,0.0,0.0,0.360068578,0.21563908802979276,0.21563908802979276
2025-03-16 16:00:00+09:00,0.074241071,0.068302073,0.0,0.0,0.177435913,0.0,0.0
2025-03-16 17:00:00+09:00,0.069044319,0.074241071,0.0,0.0,0.106907101,0.0,0.0
2025-03-16 18:00:00+09:00,0.066074307,0.069044319,0.0,0.0,0.068302073,0.0,0.0
2025-03-16 19:00:00+09:00,0.005938998,0.066074307,0.0,0.0,0.074241071,0.0,0.0
2025-03-16 20:00:00+09:00,0.0,0.005938998,0.0,0.0,0.069044319,0.0,0.0
2025-03-16 21:00:00+09:00,0.0,0.0,0.0,0.0,0.066074307,0.0,0.0
2025-03-16 22:00:00+09:00,0.0,0.0,0.0,0.0,0.005938998,0.0,0.0
2025-03-16 23:00:00+09:00,0.0,0.0,0.0,0.0,0.0,0.0,0.0
2025-03-17 00:00:00+09:00,0.0,0.0,0.00023431330919265747,0.00023431330919265747,0.0,0.00036047722096554935,0.00036047722096554935
2025-03-17 01:00:00+09:00,0.0,0.0,0.00023431330919265747,0.00023431330919265747,0.0,0.00036047722096554935,0.00036047722096554935
2025-03-17 02:00:00+09:00,0.0,0.0,0.00023431330919265747,0.00023431330919265747,0.0,0.00036047722096554935,0.00036047722096554935
2025-03-17 03:00:00+09:00,0.0,0.0,0.00023431330919265747,0.00023431330919265747,0.0,0.00036047722096554935,0.00036047722096554935
2025-03-17 04:00:00+09:00,0.0,0.0,0.00023431330919265747,0.00023431330919265747,0.0,0.00036047722096554935,0.00036047722096554935
2025-03-17 05:00:00+09:00,0.0,0.0,0.00023431330919265747,0.00023431330919265747,0.0,0.00036047722096554935,0.00036047722096554935
2025-03-17 06:00:00+09:00,0.0,0.0,0.0004553886246867478,0.0004553886246867478,0.0,0.0,0.0
2025-03-17 07:00:00+09:00,0.002226739,0.0,0.013320459052920341,0.013320459052920341,0.0,0.006033738609403372,0.006033738609403372
2025-03-17 08:00:00+09:00,0.094285832,0.002226739,0.07731310911051179,0.07731310911051179,0.0,0.08072267472743988,0.08072267472743988
2025-03-17 09:00:00+09:00,0.277660743,0.094285832,0.20575386400244905,0.20575386400244905,0.0,0.18202611804008484,0.18202611804008484
2025-03-17 10:00:00+09:00,0.480338169,0.277660743,0.40370330274292754,0.40370330274292754,0.002226739,0.26083660013548277,0.26083660013548277
2025-03-17 11:00:00+09:00,0.628078064,0.480338169,0.6271641680215301,0.6271641680215301,0.094285832,0.29319107646964265,0.29319107646964265
2025-03-17 12:00:00+09:00,0.70751486,0.628078064,0.630195894561474,0.630195894561474,0.277660743,0.5087922072429352,0.5087922072429352
2025-03-17 13:00:00+09:00,0.736469658,0.70751486,0.7699827107447242,0.7699827107447242,0.480338169,0.6486656197522582,0.6486656197522582
2025-03-17 14:00:00+09:00,0.640698307,0.736469658,0.7235089427806215,0.7235089427806215,0.628078064,0.6714334544294968,0.6714334544294968
2025-03-17 15:00:00+09:00,0.630304804,0.640698307,0.6080710895284004,0.6080710895284004,0.70751486,0.7095683445534712,0.7095683445534712
2025-03-17 16:00:00+09:00,0.406840371,0.630304804,0.5349296908107796,0.5349296908107796,0.736469658,0.6265862378306465,0.6265862378306465
2025-03-17 17:00:00+09:00,0.132148614,0.406840371,0.2933442984096489,0.2933442984096489,0.640698307,0.3922680102213211,0.3922680102213211
2025-03-17 18:00:00+09:00,0.139573131,0.132148614,0.0,0.0,0.630304804,0.25202166095648193,0.25202166095648193
2025-03-17 19:00:00+09:00,0.009651257,0.139573131,0.03576343903442,0.03576343903442,0.406840371,0.13788132558984373,0.13788132558984373
2025-03-17 20:00:00+09:00,0.0,0.009651257,0.0,0.0,0.132148614,0.0,0.0
2025-03-17 21:00:00+09:00,0.0,0.0,0.0,0.0,0.139573131,0.0016054997791824233,0.0016054997791824233
2025-03-17 22:00:00+09:00,0.0,0.0,0.0,0.0,0.009651257,0.0,0.0
2025-03-17 23:00:00+09:00,0.0,0.0,0.0,0.0,0.0,0.0,0.0
2025-03-18 00:00:00+09:00,0.0,0.0,0.0,0.0,0.0,0.0,0.0
2025-03-18 01:00:00+09:00,0.0,0.0,0.0,0.0,0.0,0.0,0.0
2025-03-18 02:00:00+09:00,0.0,0.0,0.0,0.0,0.0,0.0,0.0
2025-03-18 03:00:00+09:00,0.0,0.0,0.0,0.0,0.0,0.0,0.0
2025-03-18 04:00:00+09:00,0.0,0.0,0.0,0.0,0.0,0.0,0.0
2025-03-18 05:00:00+09:00,0.0,0.0,0.0,0.0,0.0,0.0,0.0
2025-03-18 06:00:00+09:00,0.0,0.0,0.0,0.0,0.0,0.0,0.0
2025-03-18 07:00:00+09:00,0.001484493,0.0,0.012446898967027664,0.012446898967027664,0.0,0.03547702729701996,0.03547702729701996
2025-03-18 08:00:00+09:00,0.077210057,0.001484493,0.059699068052261356,0.059699068052261356,0.0,0.0780382752418518,0.0780382752418518
2025-03-18 09:00:00+09:00,0.192283922,0.077210057,0.22245033405192566,0.22245033405192566,0.0,0.34474101662635803,0.34474101662635803
2025-03-18 10:00:00+09:00,0.264297227,0.192283922,0.3095068271589966,0.3095068271589966,0.001484493,0.27350682972142026,0.27350682972142026
2025-03-18 11:00:00+09:00,0.294736518,0.264297227,0.3465375104892273,0.3465375104892273,0.077210057,0.4235071124828644,0.4235071124828644
2025-03-18 12:00:00+09:00,0.326659275,0.294736518,0.37549565586888123,0.37549565586888123,0.192283922,0.4871686633063049,0.4871686633063049
2025-03-18 13:00:00+09:00,0.611744536,0.326659275,0.3877611474739552,0.3877611474739552,0.264297227,0.48352062198996737,0.48352062198996737
2025-03-18 14:00:00+09:00,0.273206238,0.611744536,0.6069742533440456,0.6069742533440456,0.294736518,0.21300230774723816,0.21300230774723816
2025-03-18 15:00:00+09:00,0.251676984,0.273206238,0.18871219113310622,0.18871219113310622,0.326659275,0.0,0.0
2025-03-18 16:00:00+09:00,0.380113339,0.251676984,0.16949259476641082,0.16949259476641082,0.611744536,0.3370626400287018,0.3370626400287018
2025-03-18 17:00:00+09:00,0.202677426,0.380113339,0.31843932154084587,0.31843932154084587,0.273206238,0.18350725278099822,0.18350725278099822
2025-03-18 18:00:00+09:00,0.124725122,0.202677426,0.12007833745038604,0.12007833745038604,0.251676984,0.08376870291212463,0.08376870291212463
2025-03-18 19:00:00+09:00,0.014105762,0.124725122,0.09644844755055618,0.09644844755055618,0.380113339,0.3466469738116398,0.3466469738116398
2025-03-18 20:00:00+09:00,0.0,0.014105762,0.007114661036794902,0.007114661036794902,0.202677426,0.12400717761075591,0.12400717761075591
2025-03-18 21:00:00+09:00,0.0,0.0,0.004079765174537897,0.004079765174537897,0.124725122,0.0967876035672636,0.0967876035672636
2025-03-18 22:00:00+09:00,0.0,0.0,0.004770586732774973,0.004770586732774973,0.014105762,0.01726147217563343,0.01726147217563343
2025-03-18 23:00:00+09:00,0.0,0.0,0.004770586732774973,0.004770586732774973,0.0,0.022660119459033012,0.022660119459033012
2025-03-19 00:00:00+09:00,0.0,0.0,0.0,0.0,0.0,0.0,0.0
2025-03-19 01:00:00+09:00,0.0,0.0,0.0,0.0,0.0,0.0,0.0
2025-03-19 02:00:00+09:00,0.0,0.0,0.0,0.0,0.0,0.0,0.0
2025-03-19 03:00:00+09:00,0.0,0.0,0.0,0.0,0.0,0.0,0.0
2025-03-19 04:00:00+09:00,0.0,0.0,0.0,0.0,0.0,0.0,0.0
2025-03-19 05:00:00+09:00,0.0,0.0,0.0,0.0,0.0,0.0,0.0
2025-03-19 06:00:00+09:00,0.0,0.0,0.0,0.0,0.0,0.0,0.0
2025-03-19 07:00:00+09:00,0.004454505,0.0,0.02591073140501976,0.02591073140501976,0.0,0.027828475460410118,0.027828475460410118
2025-03-19 08:00:00+09:00,0.095770325,0.004454505,0.0642486031388092,0.0642486031388092,0.0,0.0917796790599823,0.0917796790599823
2025-03-19 09:00:00+09:00,0.277660743,0.095770325,0.22246019118518828,0.22246019118518828,0.0,0.16191621124744415,0.16191621124744415
2025-03-19 10:00:00+09:00,0.468460172,0.277660743,0.35719910323807524,0.35719910323807524,0.004454505,0.2420617307757187,0.2420617307757187
2025-03-19 11:00:00+09:00,0.618426807,0.468460172,0.6082461472178192,0.6082461472178192,0.095770325,0.4437663512775421,0.4437663512775421
2025-03-19 12:00:00+09:00,0.703803628,0.618426807,0.6453390491741485,0.6453390491741485,0.277660743,0.4596052622813873,0.4596052622813873
2025-03-19 13:00:00+09:00,0.599866539,0.703803628,0.7067960524154244,0.7067960524154244,0.468460172,0.6490750606680603,0.6490750606680603
2025-03-19 14:00:00+09:00,0.694894617,0.599866539,0.594648822436507,0.594648822436507,0.618426807,0.672319888843853,0.672319888843853
2025-03-19 15:00:00+09:00,0.593184268,0.694894617,0.6308037243274612,0.6308037243274612,0.703803628,0.7145192746692686,0.7145192746692686
2025-03-19 16:00:00+09:00,0.3548708,0.593184268,0.49758331281172563,0.49758331281172563,0.599866539,0.3754363802656784,0.3754363802656784
2025-03-19 17:00:00+09:00,0.296221011,0.3548708,0.23324641219930647,0.23324641219930647,0.694894617,0.49437730530776214,0.49437730530776214
2025-03-19 18:00:00+09:00,0.121012864,0.296221011,0.21351117702039335,0.21351117702039335,0.593184268,0.27168685746418764,0.27168685746418764
2025-03-19 19:00:00+09:00,0.01113575,0.121012864,0.026863945013679502,0.026863945013679502,0.3548708,0.04312739155845641,0.04312739155845641
2025-03-19 20:00:00+09:00,0.0,0.01113575,0.0,0.0,0.296221011,0.07008258314641569,0.07008258314641569
2025-03-19 21:00:00+09:00,0.0,0.0,0.0,0.0,0.121012864,0.0006055508915557839,0.0006055508915557839
2025-03-19 22:00:00+09:00,0.0,0.0,0.0,0.0,0.01113575,0.0,0.0
2025-03-19 23:00:00+09:00,0.0,0.0,0.0,0.0,0.0,0.0,0.0
2025-03-20 00:00:00+09:00,0.0,0.0,0.0005077158566564322,0.0005077158566564322,0.0,0.001400443841703236,0.001400443841703236
2025-03-20 01:00:00+09:00,0.0,0.0,0.0005077158566564322,0.0005077158566564322,0.0,0.001400443841703236,0.001400443841703236
2025-03-20 02:00:00+09:00,0.0,0.0,0.0005077158566564322,0.0005077158566564322,0.0,0.001400443841703236,0.001400443841703236
2025-03-20 03:00:00+09:00,0.0,0.0,0.0005077158566564322,0.0005077158566564322,0.0,0.001400443841703236,0.001400443841703236
2025-03-20 04:00:00+09:00,0.0,0.0,0.0005077158566564322,0.0005077158566564322,0.0,0.001400443841703236,0.001400443841703236
2025-03-20 05:00:00+09:00,0.0,0.0,0.0005077158566564322,0.0005077158566564322,0.0,0.001400443841703236,0.001400443841703236
2025-03-20 06:00:00+09:00,0.0,0.0,0.00031330244382843375,0.00031330244382843375,0.0,7.431963604176417e-05,7.431963604176417e-05
2025-03-20 07:00:00+09:00,0.005938998,0.0,0.018452275544404984,0.018452275544404984,0.0,0.03834711015224457,0.03834711015224457
2025-03-20 08:00:00+09:00,0.106164855,0.005938998,0.09494299306092072,0.09494299306092072,0.0,0.13837891817092896,0.13837891817092896
2025-03-20 09:00:00+09:00,0.286569754,0.106164855,0.2814059677090454,0.2814059677090454,0.0,0.4269234538078308,0.4269234538078308
2025-03-20 10:00:00+09:00,0.464005667,0.286569754,0.46230175566225434,0.46230175566225434,0.005938998,0.4531079442661743,0.4531079442661743
2025-03-20 11:00:00+09:00,0.595412034,0.464005667,0.5480074987103386,0.5480074987103386,0.106164855,0.5454277517761994,0.5454277517761994
2025-03-20 12:00:00+09:00,0.691182359,0.595412034,0.6863601984630432,0.6863601984630432,0.286569754,0.6073643661692658,0.6073643661692658
2025-03-20 13:00:00+09:00,0.727560648,0.691182359,0.6648742117632952,0.6648742117632952,0.464005667,0.6564201444675369,0.6564201444675369
2025-03-20 14:00:00+09:00,0.694894617,0.727560648,0.791657322323082,0.791657322323082,0.595412034,0.732514444197258,0.732514444197258
2025-03-20 15:00:00+09:00,0.606547784,0.694894617,0.6176372818139954,0.6176372818139954,0.691182359,0.6410441350837078,0.6410441350837078
2025-03-20 16:00:00+09:00,0.460293408,0.606547784,0.48419901350077055,0.48419901350077055,0.727560648,0.4631056871769409,0.4631056871769409
2025-03-20 17:00:00+09:00,0.279145236,0.460293408,0.34681998517466356,0.34681998517466356,0.694894617,0.4512051395563049,0.4512051395563049
2025-03-20 18:00:00+09:00,0.109876087,0.279145236,0.10051290212529757,0.10051290212529757,0.606547784,0.16626681008871458,0.16626681008871458
2025-03-20 19:00:00+09:00,0.008166764,0.109876087,0.011068319966423032,0.011068319966423032,0.460293408,0.05390482720089723,0.05390482720089723
2025-03-20 20:00:00+09:00,0.0,0.008166764,0.0,0.0,0.279145236,0.0,0.0
2025-03-20 21:00:00+09:00,0.0,0.0,0.0,0.0,0.109876087,0.0,0.0
2025-03-20 22:00:00+09:00,0.0,0.0,0.0,0.0,0.008166764,0.0,0.0
2025-03-20 23:00:00+09:00,0.0,0.0,0.0,0.0,0.0,0.0,0.0
2025-03-21 00:00:00+09:00,0.0,0.0,0.00010028106044046581,0.00010028106044046581,0.0,0.0004019767511636019,0.0004019767511636019
2025-03-21 01:00:00+09:00,0.0,0.0,0.00010028106044046581,0.00010028106044046581,0.0,0.0004019767511636019,0.0004019767511636019
2025-03-21 02:00:00+09:00,0.0,0.0,0.00010028106044046581,0.00010028106044046581,0.0,0.0004019767511636019,0.0004019767511636019
2025-03-21 03:00:00+09:00,0.0,0.0,0.00010028106044046581,0.00010028106044046581,0.0,0.0004019767511636019,0.0004019767511636019
2025-03-21 04:00:00+09:00,0.0,0.0,0.00010028106044046581,0.00010028106044046581,0.0,0.0004019767511636019,0.0004019767511636019
2025-03-21 05:00:00+09:00,0.0,0.0,0.00010028106044046581,0.00010028106044046581,0.0,0.0004019767511636019,0.0004019767511636019
2025-03-21 06:00:00+09:00,0.0,0.0,4.917444312013686e-05,4.917444312013686e-05,0.0,0.0,0.0
2025-03-21 07:00:00+09:00,0.005196752,0.0,0.016315246000885963,0.016315246000885963,0.0,0.02803470380604267,0.02803470380604267
2025-03-21 08:00:00+09:00,0.051226298,0.005196752,0.1377374995233078,0.1377374995233078,0.0,0.1657564491033554,0.1657564491033554
2025-03-21 09:00:00+09:00,0.264297227,0.051226298,0.19745294251599121,0.19745294251599121,0.0,0.2936848998069763,0.2936848998069763
2025-03-21 10:00:00+09:00,0.464005667,0.264297227,0.3731501499164124,0.3731501499164124,0.005196752,0.3664403576137085,0.3664403576137085
2025-03-21 11:00:00+09:00,0.601351032,0.464005667,0.4805330235798998,0.4805330235798998,0.051226298,0.2190824399248581,0.2190824399248581
2025-03-21 12:00:00+09:00,0.6874701,0.601351032,0.6402162704281158,0.6402162704281158,0.264297227,0.4331233749139328,0.4331233749139328
2025-03-21 13:00:00+09:00,0.713454885,0.6874701,0.6963067214185953,0.6963067214185953,0.464005667,0.6558369577218933,0.6558369577218933
2025-03-21 14:00:00+09:00,0.678561089,0.713454885,0.7472123704493141,0.7472123704493141,0.601351032,0.6829261723570175,0.6829261723570175
2025-03-21 15:00:00+09:00,0.582790765,0.678561089,0.6007997518389359,0.6007997518389359,0.6874701,0.6519093021000385,0.6519093021000385
2025-03-21 16:00:00+09:00,0.450642151,0.582790765,0.45421293659271245,0.45421293659271245,0.713454885,0.5512530482947922,0.5512530482947922
2025-03-21 17:00:00+09:00,0.270979498,0.450642151,0.38254981970975493,0.38254981970975493,0.678561089,0.5431448793022766,0.5431448793022766
2025-03-21 18:00:00+09:00,0.108391594,0.270979498,0.1985127967308502,0.1985127967308502,0.582790765,0.2742676465040589,0.2742676465040589
2025-03-21 19:00:00+09:00,0.010393504,0.108391594,0.01999542475475692,0.01999542475475692,0.450642151,0.19910056626985168,0.19910056626985168
2025-03-21 20:00:00+09:00,0.0,0.010393504,0.0,0.0,0.270979498,0.04919414636597441,0.04919414636597441
2025-03-21 21:00:00+09:00,0.0,0.0,0.0002893940545618534,0.0002893940545618534,0.108391594,0.0,0.0
2025-03-21 22:00:00+09:00,0.0,0.0,0.0008124064770527184,0.0008124064770527184,0.010393504,0.0,0.0
2025-03-21 23:00:00+09:00,0.0,0.0,0.0008124064770527184,0.0008124064770527184,0.0,0.0028157844208180904,0.0028157844208180904
2025-03-22 00:00:00+09:00,,,,,,,
2025-03-22 01:00:00+09:00,0.0,,,,0.0,0.0,0.0
2025-03-22 02:00:00+09:00,0.0,0.0,0.0,0.0,0.0,0.0,0.0
2025-03-22 03:00:00+09:00,0.0,0.0,0.0,0.0,,,
2025-03-22 04:00:00+09:00,0.0,0.0,0.0,0.0,0.0,0.0,0.0
2025-03-22 05:00:00+09:00,0.0,0.0,0.0,0.0,0.0,0.0,0.0
2025-03-22 06:00:00+09:00,0.0,0.0,0.0,0.0,0.0,0.0,0.0
2025-03-22 07:00:00+09:00,0.006681245,0.0,0.020890571177005768,0.020890571177005768,0.0,0.03158950433135033,0.03158950433135033
2025-03-22 08:00:00+09:00,0.103194842,0.006681245,0.06875128689491272,0.06875128689491272,0.0,0.08449283987283707,0.08449283987283707
2025-03-22 09:00:00+09:00,0.27617625,0.103194842,0.17571521725177003,0.17571521725177003,0.0,0.1441754847764969,0.1441754847764969
2025-03-22 10:00:00+09:00,0.455096656,0.27617625,0.39684340210676194,0.39684340210676194,0.006681245,0.34008417669021607,0.34008417669021607
2025-03-22 11:00:00+09:00,0.584275257,0.455096656,0.512738095139843,0.512738095139843,0.103194842,0.444546023268692,0.444546023268692
2025-03-22 12:00:00+09:00,0.661486341,0.584275257,0.6180847810294934,0.6180847810294934,0.27617625,0.4369365185689926,0.4369365185689926
2025-03-22 13:00:00+09:00,0.683015594,0.661486341,0.6790226179514323,0.6790226179514323,0.455096656,0.5143565475100098,0.5143565475100098
2025-03-22 14:00:00+09:00,0.653319577,0.683015594,0.7043178134802761,0.7043178134802761,0.584275257,0.6048367621090718,0.6048367621090718
2025-03-22 15:00:00+09:00,0.531564467,0.653319577,0.623823195940711,0.623823195940711,0.661486341,0.584441526174942,0.584441526174942
2025-03-22 16:00:00+09:00,0.429854117,0.531564467,0.4122327942123337,0.4122327942123337,0.683015594,0.44786540579237366,0.44786540579237366
2025-03-22 17:00:00+09:00,0.207874177,0.429854117,0.32299524512280653,0.32299524512280653,0.653319577,0.37694404484973143,0.37694404484973143
2025-03-22 18:00:00+09:00,0.103937089,0.207874177,0.13303509165950012,0.13303509165950012,0.531564467,0.221798055218689,0.221798055218689
2025-03-22 19:00:00+09:00,0.010393504,0.103937089,0.03237316713119888,0.03237316713119888,0.429854117,0.14173819836367796,0.14173819836367796
2025-03-22 20:00:00+09:00,0.0,0.010393504,0.0,0.0,0.207874177,0.0,0.0
2025-03-22 21:00:00+09:00,0.0,0.0,0.001444439752958715,0.001444439752958715,0.103937089,0.007244102213634487,0.007244102213634487
2025-03-22 22:00:00+09:00,0.0,0.0,0.001967452932149172,0.001967452932149172,0.010393504,0.0,0.0
2025-03-22 23:00:00+09:00,0.0,0.0,0.001967452932149172,0.001967452932149172,0.0,0.00564777385443449,0.00564777385443449
2025-03-23 00:00:00+09:00,0.0,,,,,,
2025-03-23 01:00:00+09:00,0.0,0.0,0.00046919664600864053,0.00046919664600864053,0.0,0.0011268154485151172,0.0011268154485151172
2025-03-23 02:00:00+09:00,0.0,0.0,0.00046919664600864053,0.00046919664600864053,0.0,0.0011268154485151172,0.0011268154485151172
2025-03-23 03:00:00+09:00,0.0,0.0,0.00046919664600864053,0.00046919664600864053,0.0,0.0011268154485151172,0.0011268154485151172
2025-03-23 04:00:00+09:00,0.0,0.0,0.00046919664600864053,0.00046919664600864053,0.0,0.0011268154485151172,0.0011268154485151172
2025-03-23 05:00:00+09:00,0.0,0.0,0.00046919664600864053,0.00046919664600864053,0.0,0.0011268154485151172,0.0011268154485151172
2025-03-23 06:00:00+09:00,0.0,0.0,0.0005116335232742131,0.0005116335232742131,0.0,0.0015473495004698634,0.0015473495004698634
2025-03-23 07:00:00+09:00,0.006681245,0.0,0.020854854956269264,0.020854854956269264,0.0,0.008183647878468037,0.008183647878468037
2025-03-23 08:00:00+09:00,0.101710349,0.006681245,0.15767709556304932,0.15767709556304932,0.0,0.1759088933467865,0.1759088933467865
2025-03-23 09:00:00+09:00,0.270979498,0.101710349,0.27314723995973966,0.27314723995973966,0.0,0.4062791168689728,0.4062791168689728
2025-03-23 10:00:00+09:00,0.445445399,0.270979498,0.41702191946015166,0.41702191946015166,0.006681245,0.3730990106173706,0.3730990106173706
2025-03-23 11:00:00+09:00,0.574624,0.445445399,0.5477510199087372,0.5477510199087372,0.101710349,0.46728917924215696,0.46728917924215696
2025-03-23 12:00:00+09:00,0.584275257,0.574624,0.6623431126346588,0.6623431126346588,0.270979498,0.5454260152290802,0.5454260152290802
2025-03-23 13:00:00+09:00,,,,,,,
2025-03-23 14:00:00+09:00,,,,,,,
2025-03-23 15:00:00+09:00,,,,,,,
2025-03-23 16:00:00+09:00,0.143284364,,,,,,
2025-03-23 17:00:00+09:00,0.24351022,0.143284364,5.218233171844222e-05,5.218233171844222e-05,,,
2025-03-23 18:00:00+09:00,0.112846099,0.24351022,0.16430560851976395,0.16430560851976395,,,
2025-03-23 19:00:00+09:00,0.008909011,0.112846099,0.022871032516979223,0.022871032516979223,0.143284364,0.0,0.0
2025-03-23 20:00:00+09:00,0.0,0.008909011,0.0,0.0,0.24351022,0.0,0.0
2025-03-23 21:00:00+09:00,0.0,0.0,0.0,0.0,0.112846099,0.0,0.0
2025-03-23 22:00:00+09:00,0.0,0.0,0.0,0.0,0.008909011,0.0,0.0
2025-03-23 23:00:00+09:00,0.0,0.0,0.0,0.0,0.0,0.0,0.0
2025-03-24 00:00:00+09:00,0.0,0.0,0.00023431330919265747,0.00023431330919265747,0.0,0.00036047722096554935,0.00036047722096554935
2025-03-24 01:00:00+09:00,0.0,0.0,0.00023431330919265747,0.00023431330919265747,0.0,0.00036047722096554935,0.00036047722096554935
2025-03-24 02:00:00+09:00,0.0,0.0,0.00023431330919265747,0.00023431330919265747,0.0,0.00036047722096554935,0.00036047722096554935
2025-03-24 03:00:00+09:00,0.0,0.0,0.00023431330919265747,0.00023431330919265747,0.0,0.00036047722096554935,0.00036047722096554935
2025-03-24 04:00:00+09:00,0.0,0.0,0.00023431330919265747,0.00023431330919265747,0.0,0.00036047722096554935,0.00036047722096554935
2025-03-24 05:00:00+09:00,0.0,0.0,0.00023431330919265747,0.00023431330919265747,0.0,0.00036047722096554935,0.00036047722096554935
2025-03-24 06:00:00+09:00,0.0,0.0,0.0004553886246867478,0.0004553886246867478,0.0,0.0,0.0
2025-03-24 07:00:00+09:00,0.001484493,0.0,0.00838665571063757,0.00838665571063757,0.0,0.00028090656269341707,0.00028090656269341707
2025-03-24 08:00:00+09:00,0.02375702,0.001484493,0.08654905317494202,0.08654905317494202,0.0,0.1217801496386528,0.1217801496386528
2025-03-24 09:00:00+09:00,0.01262127,0.02375702,0.15185456908084868,0.15185456908084868,0.0,0.20466342568397522,0.20466342568397522
2025-03-24 10:00:00+09:00,0.117300605,0.01262127,0.17941910165454864,0.17941910165454864,0.001484493,0.3790096437759094,0.3790096437759094
2025-03-24 11:00:00+09:00,0.501868449,0.117300605,0.25778432709072113,0.25778432709072113,0.02375702,0.41500250435211183,0.41500250435211183
2025-03-24 12:00:00+09:00,0.636243802,0.501868449,0.5542675515984288,0.5542675515984288,0.01262127,0.24583159524108886,0.24583159524108886
2025-03-24 13:00:00+09:00,0.671879844,,,,,,
2025-03-24 14:00:00+09:00,0.630304804,,,,,,
2025-03-24 15:00:00+09:00,0.542700217,,,,,,
2025-03-24 16:00:00+09:00,0.414263862,0.542700217,0.4608720400247498,0.4608720400247498,0.671879844,0.5011696975728455,0.5011696975728455
2025-03-24 17:00:00+09:00,0.256873736,0.414263862,0.28984858356524656,0.28984858356524656,0.630304804,0.3709819819060364,0.3709819819060364
2025-03-24 18:00:00+09:00,0.103937089,0.256873736,0.16095708481067278,0.16095708481067278,0.542700217,0.2215672590646668,0.2215672590646668
2025-03-24 19:00:00+09:00,0.009651257,0.103937089,0.008119426224483486,0.008119426224483486,0.414263862,0.17084136866141508,0.17084136866141508
2025-03-24 20:00:00+09:00,0.0,0.009651257,0.0,0.0,0.256873736,0.0,0.0
2025-03-24 21:00:00+09:00,0.0,0.0,0.0,0.0,0.103937089,0.0,0.0
2025-03-24 22:00:00+09:00,0.0,0.0,0.0,0.0,0.009651257,0.0,0.0
2025-03-24 23:00:00+09:00,0.0,0.0,0.0,0.0,0.0,0.0,0.0
2025-03-25 00:00:00+09:00,0.0,0.0,0.0,0.0,0.0,0.0,0.0
2025-03-25 01:00:00+09:00,0.0,0.0,0.0,0.0,0.0,0.0,0.0
2025-03-25 02:00:00+09:00,0.0,0.0,0.0,0.0,0.0,0.0,0.0
2025-03-25 03:00:00+09:00,0.0,0.0,0.0,0.0,0.0,0.0,0.0
2025-03-25 04:00:00+09:00,0.0,0.0,0.0,0.0,0.0,0.0,0.0
2025-03-25 05:00:00+09:00,0.0,0.0,0.0,0.0,0.0,0.0,0.0
2025-03-25 06:00:00+09:00,0.0,0.0,0.0,0.0,0.0,0.0,0.0
2025-03-25 07:00:00+09:00,0.007424518,0.0,0.013847287744283676,0.013847287744283676,0.0,0.009641341865062714,0.009641341865062714
2025-03-25 08:00:00+09:00,0.096513598,0.007424518,0.056854161899202345,0.056854161899202345,0.0,0.03848456218838692,0.03848456218838692
2025-03-25 09:00:00+09:00,0.260584968,0.096513598,0.19914792362351227,0.19914792362351227,0.0,0.19761481881141663,0.19761481881141663
2025-03-25 10:00:00+09:00,0.429111871,0.260584968,0.33994238343769834,0.33994238343769834,0.007424518,0.2296656067479782,0.2296656067479782
2025-03-25 11:00:00+09:00,0.57610952,0.429111871,0.5348050101358375,0.5348050101358375,0.096513598,0.4660660016884308,0.4660660016884308
2025-03-25 12:00:00+09:00,0.662970834,0.57610952,0.5998868949977351,0.5998868949977351,0.260584968,0.3130025294118576,0.3130025294118576
2025-03-25 13:00:00+09:00,0.698606876,0.662970834,0.6297487472723808,0.6297487472723808,0.429111871,0.41865738115049217,0.41865738115049217
2025-03-25 14:00:00+09:00,0.613229029,0.698606876,0.6597195652268658,0.6597195652268658,0.57610952,0.3888126526293946,0.3888126526293946
2025-03-25 15:00:00+09:00,0.50929194,0.613229029,0.5528692380787887,0.5528692380787887,0.662970834,0.5464418610166397,0.5464418610166397
2025-03-25 16:00:00+09:00,0.396445841,0.50929194,0.42093811240428924,0.42093811240428924,0.698606876,0.4403871272645722,0.4403871272645722
2025-03-25 17:00:00+09:00,0.250191465,0.396445841,0.30457331280461886,0.30457331280461886,0.613229029,0.44766198855657957,0.44766198855657957
2025-03-25 18:00:00+09:00,0.105421582,0.250191465,0.1921504176951313,0.1921504176951313,0.50929194,0.35245736744636535,0.35245736744636535
2025-03-25 19:00:00+09:00,0.010393504,0.105421582,0.07714490755055618,0.07714490755055618,0.396445841,0.3629794758116398,0.3629794758116398
2025-03-25 20:00:00+09:00,0.0,0.010393504,0.0034024030367949005,0.0034024030367949005,0.250191465,0.17152121661075592,0.17152121661075592
2025-03-25 21:00:00+09:00,0.0,0.0,0.004079765174537897,0.004079765174537897,0.105421582,0.0774840635672636,0.0774840635672636
2025-03-25 22:00:00+09:00,0.0,0.0,0.004770586732774973,0.004770586732774973,0.010393504,0.01354921417563343,0.01354921417563343
2025-03-25 23:00:00+09:00,0.0,0.0,0.004770586732774973,0.004770586732774973,0.0,0.022660119459033012,0.022660119459033012
2025-03-26 00:00:00+09:00,0.0,0.0,0.0,0.0,0.0,0.0,0.0
2025-03-26 01:00:00+09:00,0.0,0.0,0.0,0.0,0.0,0.0,0.0
2025-03-26 02:00:00+09:00,0.0,0.0,0.0,0.0,0.0,0.0,0.0
2025-03-26 03:00:00+09:00,0.0,0.0,0.0,0.0,0.0,0.0,0.0
2025-03-26 04:00:00+09:00,0.0,0.0,0.0,0.0,0.0,0.0,0.0
2025-03-26 05:00:00+09:00,0.0,0.0,0.0,0.0,0.0,0.0,0.0
2025-03-26 06:00:00+09:00,0.0,0.0,0.0,0.0,0.0,0.0,0.0
2025-03-26 07:00:00+09:00,0.01262127,0.0,0.02362925186753273,0.02362925186753273,0.0,0.048000454902648926,0.048000454902648926
2025-03-26 08:00:00+09:00,0.124725122,0.01262127,0.07854881274606705,0.07854881274606705,0.0,0.0724482461810112,0.0724482461810112
2025-03-26 09:00:00+09:00,0.281373002,0.124725122,0.22882575168730926,0.22882575168730926,0.0,0.2456972450017929,0.2456972450017929
2025-03-26 10:00:00+09:00,0.453611137,0.281373002,0.38204693830743025,0.38204693830743025,0.01262127,0.21732634442951201,0.21732634442951201
2025-03-26 11:00:00+09:00,0.591699775,0.453611137,0.5776090562614555,0.5776090562614555,0.124725122,0.49717642738940426,0.49717642738940426
2025-03-26 12:00:00+09:00,0.656289589,0.591699775,0.6268624585763455,0.6268624585763455,0.281373002,0.3916349414659996,0.3916349414659996
2025-03-26 13:00:00+09:00,0.677818843,0.656289589,0.6804477426829472,0.6804477426829472,0.453611137,0.5189485714110489,0.5189485714110489
2025-03-26 14:00:00+09:00,0.656289589,0.677818843,0.7137219205725841,0.7137219205725841,0.591699775,0.7309345413640976,0.7309345413640976
2025-03-26 15:00:00+09:00,0.582790765,0.656289589,0.566704009068264,0.566704009068264,0.656289589,0.6851006619306936,0.6851006619306936
2025-03-26 16:00:00+09:00,0.44395988,0.582790765,0.4770579366213227,0.4770579366213227,0.677818843,0.47464730667359156,0.47464730667359156
2025-03-26 17:00:00+09:00,0.2420247,0.44395988,0.3099161417540359,0.3099161417540359,0.656289589,0.40510798652197266,0.40510798652197266
2025-03-26 18:00:00+09:00,0.040832794,0.2420247,0.13935913409204484,0.13935913409204484,0.582790765,0.2740937499529267,0.2740937499529267
2025-03-26 19:00:00+09:00,0.002970012,0.040832794,0.0,0.0,0.44395988,0.10278790009582517,0.10278790009582517
2025-03-26 20:00:00+09:00,0.0,0.002970012,0.0,0.0,0.2420247,0.01588627214641572,0.01588627214641572
2025-03-26 21:00:00+09:00,0.0,0.0,0.0,0.0,0.040832794,0.0,0.0
2025-03-26 22:00:00+09:00,0.0,0.0,0.0,0.0,0.002970012,0.0,0.0
2025-03-26 23:00:00+09:00,0.0,0.0,0.0,0.0,0.0,0.0,0.0
2025-03-27 00:00:00+09:00,0.0,0.0,0.0005077158566564322,0.0005077158566564322,0.0,0.001400443841703236,0.001400443841703236
2025-03-27 01:00:00+09:00,0.0,0.0,0.0005077158566564322,0.0005077158566564322,0.0,0.001400443841703236,0.001400443841703236
2025-03-27 02:00:00+09:00,0.0,0.0,0.0005077158566564322,0.0005077158566564322,0.0,0.001400443841703236,0.001400443841703236
2025-03-27 03:00:00+09:00,0.0,0.0,0.0005077158566564322,0.0005077158566564322,0.0,0.001400443841703236,0.001400443841703236
2025-03-27 04:00:00+09:00,0.0,0.0,0.0005077158566564322,0.0005077158566564322,0.0,0.001400443841703236,0.001400443841703236
2025-03-27 05:00:00+09:00,0.0,0.0,0.0005077158566564322,0.0005077158566564322,0.0,0.001400443841703236,0.001400443841703236
2025-03-27 06:00:00+09:00,0.0,0.0,0.00031330244382843375,0.00031330244382843375,0.0,7.431963604176417e-05,7.431963604176417e-05
2025-03-27 07:00:00+09:00,0.0,0.0,0.015596535056829453,0.015596535056829453,0.0,0.023318149149417877,0.023318149149417877
2025-03-27 08:00:00+09:00,0.013363516,0.0,0.11802017688751221,0.11802017688751221,0.0,0.16497230529785156,0.16497230529785156
2025-03-27 09:00:00+09:00,0.016332502,0.013363516,0.1713060047895584,0.1713060047895584,0.0,0.35968536138534546,0.35968536138534546
2025-03-27 10:00:00+09:00,0.040832794,0.016332502,0.13289043539014053,0.13289043539014053,0.0,0.3699319064617157,0.3699319064617157
2025-03-27 11:00:00+09:00,0.125467369,0.040832794,0.135111278582901,0.135111278582901,0.013363516,0.4233388659031067,0.4233388659031067
2025-03-27 12:00:00+09:00,0.096513598,0.125467369,0.17882884074239158,0.17882884074239158,0.016332502,0.30871533834185794,0.30871533834185794
2025-03-27 13:00:00+09:00,0.141799871,0.096513598,0.10942527349788952,0.10942527349788952,0.040832794,0.17655742793211365,0.17655742793211365
2025-03-27 14:00:00+09:00,0.141057624,0.141799871,0.15564353496814584,0.15564353496814584,0.125467369,0.2501699716248932,0.2501699716248932
2025-03-27 15:00:00+09:00,0.052710791,0.141057624,0.09152936049072646,0.09152936049072646,0.096513598,0.0874947074403267,0.0874947074403267
2025-03-27 16:00:00+09:00,0.050484051,0.052710791,0.0,0.0,0.141799871,0.0,0.0
2025-03-27 17:00:00+09:00,0.042317287,0.050484051,0.0,0.0,0.141057624,0.0,0.0
2025-03-27 18:00:00+09:00,0.003712259,0.042317287,0.0,0.0,0.052710791,0.0,0.0
2025-03-27 19:00:00+09:00,0.0,0.003712259,0.0,0.0,0.050484051,0.0,0.0
2025-03-27 20:00:00+09:00,0.0,0.0,0.0,0.0,0.042317287,0.0,0.0
2025-03-27 21:00:00+09:00,0.0,0.0,0.0,0.0,0.003712259,0.0,0.0
2025-03-27 22:00:00+09:00,0.0,0.0,0.0,0.0,0.0,0.0,0.0
2025-03-27 23:00:00+09:00,0.0,0.0,0.0,0.0,0.0,0.0,0.0
2025-03-28 00:00:00+09:00,0.0,0.0,0.00010028106044046581,0.00010028106044046581,0.0,0.0004019767511636019,0.0004019767511636019
2025-03-28 01:00:00+09:00,0.0,0.0,0.00010028106044046581,0.00010028106044046581,0.0,0.0004019767511636019,0.0004019767511636019
2025-03-28 02:00:00+09:00,0.0,0.0,0.00010028106044046581,0.00010028106044046581,0.0,0.0004019767511636019,0.0004019767511636019
2025-03-28 03:00:00+09:00,0.0,0.0,0.00010028106044046581,0.00010028106044046581,0.0,0.0004019767511636019,0.0004019767511636019
2025-03-28 04:00:00+09:00,0.0,0.0,0.00010028106044046581,0.00010028106044046581,0.0,0.0004019767511636019,0.0004019767511636019
2025-03-28 05:00:00+09:00,0.0,0.0,0.00010028106044046581,0.00010028106044046581,0.0,0.0004019767511636019,0.0004019767511636019
2025-03-28 06:00:00+09:00,0.0,0.0,4.917444312013686e-05,4.917444312013686e-05,0.0,0.0,0.0
2025-03-28 07:00:00+09:00,0.004454505,0.0,0.02320602536201477,0.02320602536201477,0.0,0.022499393671751022,0.022499393671751022
2025-03-28 08:00:00+09:00,0.017818021,0.004454505,0.08705114975917816,0.08705114975917816,0.0,0.10608730465173721,0.10608730465173721
2025-03-28 09:00:00+09:00,0.129921874,0.017818021,0.13761338067111586,0.13761338067111586,0.0,0.23973722755908966,0.23973722755908966
2025-03-28 10:00:00+09:00,0.149224388,0.129921874,0.19997414012091064,0.19997414012091064,0.004454505,0.3397648747299957,0.3397648747299957
2025-03-28 11:00:00+09:00,0.408324864,0.149224388,0.19919457152150918,0.19919457152150918,0.017818021,0.25084194761571504,0.25084194761571504
2025-03-28 12:00:00+09:00,0.515974211,0.408324864,0.4527050184606686,0.4527050184606686,0.129921874,0.430569907618927,0.430569907618927
2025-03-28 13:00:00+09:00,0.63253257,0.515974211,0.49688086887458416,0.49688086887458416,0.149224388,0.2618675106730347,0.2618675106730347
2025-03-28 14:00:00+09:00,0.577594013,0.63253257,0.5935234906628799,0.5935234906628799,0.408324864,0.423668359644629,0.423668359644629
2025-03-28 15:00:00+09:00,0.489989426,0.577594013,0.5571337203030472,0.5571337203030472,0.515974211,0.48076858972767444,0.48076858972767444
2025-03-28 16:00:00+09:00,0.413521615,0.489989426,0.39768986032712556,0.39768986032712556,0.63253257,0.5308313699916076,0.5308313699916076
2025-03-28 17:00:00+09:00,0.24351022,0.413521615,0.29810572895549775,0.29810572895549775,0.577594013,0.41568605699585726,0.41568605699585726
2025-03-28 18:00:00+09:00,0.094285832,0.24351022,0.1469189038364601,0.1469189038364601,0.489989426,0.20332750306832886,0.20332750306832886
2025-03-28 19:00:00+09:00,0.010393504,0.094285832,0.03469074259422493,0.03469074259422493,0.413521615,0.08555873963378907,0.08555873963378907
2025-03-28 20:00:00+09:00,0.0,0.010393504,0.0,0.0,0.24351022,0.021724868365974426,0.021724868365974426
2025-03-28 21:00:00+09:00,0.0,0.0,0.0002893940545618534,0.0002893940545618534,0.094285832,0.0,0.0
2025-03-28 22:00:00+09:00,0.0,0.0,0.0008124064770527184,0.0008124064770527184,0.010393504,0.0,0.0
2025-03-28 23:00:00+09:00,0.0,0.0,0.0008124064770527184,0.0008124064770527184,0.0,0.0028157844208180904,0.0028157844208180904
2025-03-29 00:00:00+09:00,0.0,0.0,0.0,0.0,0.0,0.0,0.0
2025-03-29 01:00:00+09:00,0.0,0.0,0.0,0.0,0.0,0.0,0.0
2025-03-29 02:00:00+09:00,0.0,0.0,0.0,0.0,0.0,0.0,0.0
2025-03-29 03:00:00+09:00,0.0,0.0,0.0,0.0,0.0,0.0,0.0
2025-03-29 04:00:00+09:00,0.0,0.0,0.0,0.0,0.0,0.0,0.0
2025-03-29 05:00:00+09:00,0.0,0.0,0.0,0.0,0.0,0.0,0.0
2025-03-29 06:00:00+09:00,0.0,0.0,0.0,0.0,0.0,0.0,0.0
2025-03-29 07:00:00+09:00,0.016332502,0.0,0.01807863637804985,0.01807863637804985,0.0,0.03324282541871071,0.03324282541871071
2025-03-29 08:00:00+09:00,0.140315378,0.016332502,0.08296315603699875,0.08296315603699875,0.0,0.0855020210146904,0.0855020210146904
2025-03-29 09:00:00+09:00,0.340022791,0.140315378,0.19547963320181655,0.19547963320181655,0.0,0.14436255395412445,0.14436255395412445
2025-03-29 10:00:00+09:00,0.530079974,0.340022791,0.3858783280569229,0.3858783280569229,0.016332502,0.1513168462440033,0.1513168462440033
2025-03-29 11:00:00+09:00,0.625850298,0.530079974,0.578545546297573,0.578545546297573,0.140315378,0.3010317775504379,0.3010317775504379
2025-03-29 12:00:00+09:00,,,,,,,
2025-03-29 13:00:00+09:00,0.297705504,,,,0.530079974,0.5785638784511318,0.5785638784511318
2025-03-29 14:00:00+09:00,0.417233874,0.297705504,0.29938754928745265,0.29938754928745265,0.625850298,0.6630610530501824,0.6630610530501824
2025-03-29 15:00:00+09:00,0.361553071,0.417233874,0.4100533755527308,0.4100533755527308,,,
2025-03-29 16:00:00+09:00,0.251676984,0.361553071,0.24641988233508683,0.24641988233508683,0.297705504,0.1000228253005066,0.1000228253005066
2025-03-29 17:00:00+09:00,0.144769883,0.251676984,0.12026128904798888,0.12026128904798888,0.417233874,0.17873931387751008,0.17873931387751008
2025-03-29 18:00:00+09:00,0.098740337,0.144769883,0.04850057347927855,0.04850057347927855,0.361553071,0.06398501799287415,0.06398501799287415
2025-03-29 19:00:00+09:00,0.014848009,0.098740337,0.02717641513119888,0.02717641513119888,0.251676984,0.0,0.0
2025-03-29 20:00:00+09:00,0.0,0.014848009,0.0,0.0,0.144769883,0.0,0.0
2025-03-29 21:00:00+09:00,0.0,0.0,0.001444439752958715,0.001444439752958715,0.098740337,0.0020473502136344884,0.0020473502136344884
2025-03-29 22:00:00+09:00,0.0,0.0,0.001967452932149172,0.001967452932149172,0.014848009,0.0,0.0
2025-03-29 23:00:00+09:00,0.0,0.0,0.001967452932149172,0.001967452932149172,0.0,0.00564777385443449,0.00564777385443449
2025-03-30 00:00:00+09:00,0.0,0.0,0.00046919664600864053,0.00046919664600864053,0.0,0.0011268154485151172,0.0011268154485151172
2025-03-30 01:00:00+09:00,0.0,0.0,0.00046919664600864053,0.00046919664600864053,0.0,0.0011268154485151172,0.0011268154485151172
2025-03-30 02:00:00+09:00,0.0,0.0,0.00046919664600864053,0.00046919664600864053,0.0,0.0011268154485151172,0.0011268154485151172
2025-03-30 03:00:00+09:00,0.0,0.0,0.00046919664600864053,0.00046919664600864053,0.0,0.0011268154485151172,0.0011268154485151172
2025-03-30 04:00:00+09:00,0.0,0.0,0.00046919664600864053,0.00046919664600864053,0.0,0.0011268154485151172,0.0011268154485151172
2025-03-30 05:00:00+09:00,0.0,0.0,0.00046919664600864053,0.00046919664600864053,0.0,0.0011268154485151172,0.0011268154485151172
2025-03-30 06:00:00+09:00,0.0,0.0,0.0005116335232742131,0.0005116335232742131,0.0,0.0015473495004698634,0.0015473495004698634
2025-03-30 07:00:00+09:00,0.017075775,0.0,0.02382766269147396,0.02382766269147396,0.0,0.029779013246297836,0.029779013246297836
2025-03-30 08:00:00+09:00,0.131406367,0.017075775,0.0886917987789154,0.0886917987789154,0.0,0.11846677213907242,0.11846677213907242
2025-03-30 09:00:00+09:00,0.314781279,0.131406367,0.271619498904602,0.271619498904602,0.0,0.2963995635509491,0.2963995635509491
2025-03-30 10:00:00+09:00,0.489247179,0.314781279,0.3904142758571663,0.3904142758571663,0.017075775,0.31061869654312135,0.31061869654312135
2025-03-30 11:00:00+09:00,0.644410566,0.489247179,0.5396416060312785,0.5396416060312785,0.131406367,0.4952201248964233,0.4952201248964233
2025-03-30 12:00:00+09:00,0.740924164,,,,,,
2025-03-30 13:00:00+09:00,0.625108052,0.740924164,0.7916612097053185,0.7916612097053185,0.489247179,0.807530230252365,0.807530230252365
2025-03-30 14:00:00+09:00,0.709742626,0.625108052,0.5283823869671364,0.5283823869671364,0.644410566,0.5943146502056275,0.5943146502056275
2025-03-30 15:00:00+09:00,0.462520147,0.709742626,0.6018703485017548,0.6018703485017548,0.740924164,0.5651664578346863,0.5651664578346863
2025-03-30 16:00:00+09:00,0.36526533,0.462520147,0.32484524909083556,0.32484524909083556,0.625108052,0.38410810004134366,0.38410810004134366
2025-03-30 17:00:00+09:00,0.213813176,0.36526533,0.271278416438179,0.271278416438179,0.709742626,0.34183525090272526,0.34183525090272526
2025-03-30 18:00:00+09:00,0.097255844,0.213813176,0.1328664697645912,0.1328664697645912,0.462520147,0.11841186348025512,0.11841186348025512
2025-03-30 19:00:00+09:00,0.014105762,0.097255844,0.0,0.0,0.36526533,0.05470277897842407,0.05470277897842407
2025-03-30 20:00:00+09:00,0.0,0.014105762,0.0,0.0,0.213813176,0.0,0.0
2025-03-30 21:00:00+09:00,0.0,0.0,0.0,0.0,0.097255844,0.0,0.0
2025-03-30 22:00:00+09:00,0.0,0.0,0.0,0.0,0.014105762,0.0,0.0
2025-03-30 23:00:00+09:00,0.0,0.0,0.0,0.0,0.0,0.0,0.0
2025-03-31 00:00:00+09:00,0.0,0.0,0.00023431330919265747,0.00023431330919265747,0.0,0.00036047722096554935,0.00036047722096554935
2025-03-31 01:00:00+09:00,0.0,0.0,0.00023431330919265747,0.00023431330919265747,0.0,0.00036047722096554935,0.00036047722096554935
2025-03-31 02:00:00+09:00,0.0,0.0,0.00023431330919265747,0.00023431330919265747,0.0,0.00036047722096554935,0.00036047722096554935
2025-03-31 03:00:00+09:00,0.0,0.0,0.00023431330919265747,0.00023431330919265747,0.0,0.00036047722096554935,0.00036047722096554935
2025-03-31 04:00:00+09:00,0.0,0.0,0.00023431330919265747,0.00023431330919265747,0.0,0.00036047722096554935,0.00036047722096554935
2025-03-31 05:00:00+09:00,0.0,0.0,0.00023431330919265747,0.00023431330919265747,0.0,0.00036047722096554935,0.00036047722096554935
2025-03-31 06:00:00+09:00,0.0,0.0,0.0004553886246867478,0.0004553886246867478,0.0,0.0,0.0
2025-03-31 07:00:00+09:00,0.017075775,0.0,0.008825985714793205,0.008825985714793205,0.0,0.0023804805241525173,0.0023804805241525173
2025-03-31 08:00:00+09:00,0.142542117,0.017075775,0.11009450796499252,0.11009450796499252,0.0,0.1367429792881012,0.1367429792881012
2025-03-31 09:00:00+09:00,0.328887041,0.142542117,0.3066951415542526,0.3066951415542526,0.0,0.23836559057235718,0.23836559057235718
2025-03-31 10:00:00+09:00,0.506322954,0.328887041,0.4647367403780136,0.4647367403780136,0.017075775,0.44928279313697816,0.44928279313697816
2025-03-31 11:00:00+09:00,0.635501555,0.506322954,0.6491481998572388,0.6491481998572388,0.142542117,0.5524546436075134,0.5524546436075134
2025-03-31 12:00:00+09:00,0.706030367,0.635501555,0.7144407917005349,0.7144407917005349,0.328887041,0.7243486002956543,0.7243486002956543
2025-03-31 13:00:00+09:00,0.745378669,0.706030367,0.7329306603055162,0.7329306603055162,0.506322954,0.6685625800499955,0.6685625800499955
2025-03-31 14:00:00+09:00,0.714939378,0.745378669,0.7152054883751574,0.7152054883751574,0.635501555,0.6440789818954993,0.6440789818954993
2025-03-31 15:00:00+09:00,0.50929194,0.714939378,0.6213447971112518,0.6213447971112518,0.706030367,0.612881420237915,0.612881420237915
2025-03-31 16:00:00+09:00,0.406097098,0.50929194,0.36404483821624756,0.36404483821624756,0.745378669,0.526395897960991,0.526395897960991
2025-03-31 17:00:00+09:00,0.313296786,0.406097098,0.2917164179753761,0.2917164179753761,0.714939378,0.4193440897233276,0.4193440897233276
2025-03-31 18:00:00+09:00,0.136603119,0.313296786,0.18495768909619903,0.18495768909619903,0.50929194,0.17241489198440552,0.17241489198440552
2025-03-31 19:00:00+09:00,0.014848009,0.136603119,0.03954272173265838,0.03954272173265838,0.406097098,0.08073229969258117,0.08073229969258117
2025-03-31 20:00:00+09:00,0.0,0.014848009,0.0,0.0,0.313296786,0.028869292189346307,0.028869292189346307
2025-03-31 21:00:00+09:00,0.0,0.0,0.0,0.0,0.136603119,0.0,0.0
2025-03-31 22:00:00+09:00,0.0,0.0,0.0,0.0,0.014848009,0.0,0.0
2025-03-31 23:00:00+09:00,0.0,0.0,0.0,0.0,0.0,0.0,0.0
2025-04-01 00:00:00+09:00,0.0,0.0,0.0,0.0,0.0,0.0,0.0
